Doctor ID,Doctor Name,Education,Speciality,Experience,Adress,Location,,,,,,,,,,,,,,,,,,,,,
1,Asst. Prof. Dr. Nurun Nahar Mohua,"['MBBS', 'D-CARD', 'PHD']",CARDIOLOGIST,16,Aalok Healthcare Ltd. | Mirpur 10,Dhaka,,,,,,,,,,,,,,,,,,,,,
2,Dr. Rezaul Alam Khan,"['MBBS', 'CCD', 'MD']",MEDICINE SPECIALIST,23,Aalok Healthcare Ltd. | Mirpur 10,Dhaka,,,,,,,,,,,,,,,,,,,,,
3,Dr. Ummy Salma Munni,"['MS', 'MPH', 'PHD', 'INFS']",NUTRITIONIST,14,BRB Hospitals Limited,Dhaka,,,,,,,,,,,,,,,,,,,,,
4,Dr. Mostafa Kamal Rouf,"['MBBS', 'BCS', 'FCPS', 'PGT']",MEDICINE SPECIALIST,23,Aalok Healthcare Ltd. | Mirpur 10,Dhaka,,,,,,,,,,,,,,,,,,,,,
5,Asst. Prof. Dr. Akhlak Ahmed,"['MBBS', 'BCS', 'MACP']",MEDICINE SPECIALIST,19,Aalok Healthcare Ltd. | Mirpur 10,Dhaka,,,,,,,,,,,,,,,,,,,,,
6,Prof. Dr. AKM Fazlul Haque,"['MBBS', 'MPH', 'MD', 'FACP']",INTERNAL MEDICINE,27,Aalok Healthcare Ltd. | Mirpur 10,Dhaka,,,,,,,,,,,,,,,,,,,,,
7,Dr. Kazi Fouzia Afrin,"['MBBS', 'BCS', 'MD']",RESPIRATORY SPECIALIST,24,Islami Bank Hospital | Motijheel,Dhaka,,,,,,,,,,,,,,,,,,,,,
8,Asst. Prof. Dr. Md. Sirajul Haque,"['MBBS', 'MD']",CARDIOLOGIST,20,Islami Bank Hospital | Motijheel,Dhaka,,,,,,,,,,,,,,,,,,,,,
9,Asst. Prof. Dr. Rajib Dhar,"['MBBS', 'MD']",CARDIOLOGIST,15,Apollo Clinic Dhanmondi & JMI Specialized Hospital,Dhaka,,,,,,,,,,,,,,,,,,,,,
10,Prof. Dr. Munira Ferdousi,"['MBBS', 'MPH', 'MS']",GYNECOLOGISTS,25,Uttara Crescent Hospital & Diagnostic Center,Dhaka,,,,,,,,,,,,,,,,,,,,,
11,Assoc. Prof. Dr. Salma Anam,"['MBBS', 'FCPS', 'MS']",GENERAL SURGEON,23,BRAC Healthcare | Mirpur,Dhaka,,,,,,,,,,,,,,,,,,,,,
11,Assoc. Prof. Dr. Salma Anam,"['MBBS', 'FCPS', 'MS']",PLASTIC SURGEON,23,BRAC Healthcare | Mirpur,Dhaka,,,,,,,,,,,,,,,,,,,,,
12,Assoc. Prof. Dr. M. S. Arefin Patwary,"['MBBS', 'FCPS', 'MCPS', 'FELLOW IN RHEUMATOLOGY']",RHEUMATOLOGIST,15,Popular Diagnostic Centre Ltd. | Shantinagar (Unit 1),Dhaka,,,,,,,,,,,,,,,,,,,,,
12,Assoc. Prof. Dr. M. S. Arefin Patwary,"['MBBS', 'FCPS', 'MCPS', 'FELLOW IN RHEUMATOLOGY']",MEDICINE SPECIALIST,15,Popular Diagnostic Centre Ltd. | Shantinagar (Unit 1),Dhaka,,,,,,,,,,,,,,,,,,,,,
13,Prof. Dr. Syed Azizul Haque,"['MBBS', 'FCPS', 'MD', 'FRCP']",CARDIOLOGIST,21,Medinova Medical Services Ltd.| Dhanmondi,Dhaka,,,,,,,,,,,,,,,,,,,,,
14,Dr. Wahida Rahman,"['MBBS', 'BCS', 'FCPS']",GYNECOLOGIST & OBSTETRICIAN,15,Apollo Clinic Dhanmondi & JMI Specialized Hospital,Dhaka,,,,,,,,,,,,,,,,,,,,,
15,Prof. Dr. Neke Akhtar,"['MBBS', 'FCPS']",GYNECOLOGIST & OBSTETRICIAN,20,Apollo Clinic Dhanmondi & JMI Specialized Hospital,Dhaka,,,,,,,,,,,,,,,,,,,,,
16,Prof. Dr. Amiruzzaman Sumon,"['MBBS', 'FCPS']",MEDICINE SPECIALIST,20,Apollo Clinic Dhanmondi & JMI Specialized Hospital,Dhaka,,,,,,,,,,,,,,,,,,,,,
17,Prof. Dr. Md. Nurul Amin Miah,"['MBBS', 'MD', 'FACP', 'FRCP']",INTERNAL MEDICINE SPECIALIST,20,Apollo Clinic Dhanmondi & JMI Specialized Hospital,Dhaka,,,,,,,,,,,,,,,,,,,,,
18,Prof. Dr. Alamgir Kabir,"['MBBS', 'FCPS']",HEMATOLOGIST,35,Apollo Clinic Dhanmondi & JMI Specialized Hospital,Dhaka,,,,,,,,,,,,,,,,,,,,,
19,Dr. Sayem Hossain,"['MBBS', 'MS']",UROLOGIST,10,Apollo Clinic Dhanmondi & JMI Specialized Hospital,Dhaka,,,,,,,,,,,,,,,,,,,,,
20,Prof. Dr. Md. Fazlul Kadir,"['MBBS', 'FCPS']",INTERNAL MEDICINE SPECIALIST,35,Apollo Clinic Dhanmondi & JMI Specialized Hospital,Dhaka,,,,,,,,,,,,,,,,,,,,,
21,Dr. Fatema Jannatul Afrose Nimme,"['MBBS', 'MPH', 'MS']",DERMATOLOGIST,5,Apollo Clinic Dhanmondi & JMI Specialized Hospital,Dhaka,,,,,,,,,,,,,,,,,,,,,
22,Assoc. Prof. Dr. Tamjida Farhana,"['MBBS', 'FCPS', 'MCPS', 'DO']",OPHTHALMOLOGIST,12,Apollo Clinic Dhanmondi & JMI Specialized Hospital,Dhaka,,,,,,,,,,,,,,,,,,,,,
23,Prof. Dr. Amit Wajib,"['MBBS', 'FCPS', 'MD']",NEUROLOGIST,16,Apollo Clinic Dhanmondi & JMI Specialized Hospital,Dhaka,,,,,,,,,,,,,,,,,,,,,
24,Dr. Mausumi Iqbal,"['BDS', 'FCPS', 'FHN', 'FTMJ']",MAXILLOFACIAL AND DENTAL SURGEON,10,Apollo Clinic Dhanmondi & JMI Specialized Hospital,Dhaka,,,,,,,,,,,,,,,,,,,,,
25,Prof. Dr. Manzoor Hossain,"['MBBS', 'DCH', 'MRCP', 'FCPS', 'FRCP', 'FRCP']",PEDIATRICIAN,40,Apollo Clinic Dhanmondi & JMI Specialized Hospital,Dhaka,,,,,,,,,,,,,,,,,,,,,
25,Prof. Dr. Manzoor Hossain,"['MBBS', 'DCH', 'MRCP', 'FCPS', 'FRCP', 'FRCP']",PEDIATRIC CARDIOLOGIST,40,Apollo Clinic Dhanmondi & JMI Specialized Hospital,Dhaka,,,,,,,,,,,,,,,,,,,,,
26,Prof. Dr. Md. Lutful Kabir,"['MBBS', 'MRCP', 'FRCP']",MEDICINE SPECIALIST,26,Apollo Clinic Dhanmondi & JMI Specialized Hospital,Dhaka,,,,,,,,,,,,,,,,,,,,,
27,Asst. Prof. Dr. Md. Elias Bhuiyan,"['MBBS', 'FCPS']",MEDICINE SPECIALIST,10,Apollo Clinic Dhanmondi & JMI Specialized Hospital,Dhaka,,,,,,,,,,,,,,,,,,,,,
28,Asst. Prof. Dr. Nusrat Zarin,"['MBBS', 'MD']",ENDOCRINOLOGIST,8,Apollo Clinic Dhanmondi & JMI Specialized Hospital,Dhaka,,,,,,,,,,,,,,,,,,,,,
29,Asst. Prof. Dr. Lima Asrin Sayami,"['MBBS', 'FCPS', 'MRCP']",CARDIOLOGIST,15,Apollo Clinic Dhanmondi & JMI Specialized Hospital,Dhaka,,,,,,,,,,,,,,,,,,,,,
30,Assoc. Prof. Dr. Md. Salahuddin Farugue,"['MBBS', 'FCPS', 'MS']",UROLOGIST,16,Apollo Clinic Dhanmondi & JMI Specialized Hospital,Dhaka,,,,,,,,,,,,,,,,,,,,,
31,Asst. Prof. Dr. Adnan Yousuf Chowdhury,"['MBBS', 'MCPS', 'MD']",RESPIRATORY SPECIALIST,19,Apollo Clinic Dhanmondi & JMI Specialized Hospital,Dhaka,,,,,,,,,,,,,,,,,,,,,
32,Dr. Subrata Poddar Choyon,"['MBBS', 'BCS', 'FCPS', 'MD', 'MACP']",GASTROENTEROLOGIST,13,Apollo Clinic Dhanmondi & JMI Specialized Hospital,Dhaka,,,,,,,,,,,,,,,,,,,,,
33,Prof. Dr. Iffat Ara,"['MBBS', 'FCPS', 'M.MED']",GYNECOLOGIST & OBSTETRICIAN,25,Apollo Clinic Dhanmondi & JMI Specialized Hospital,Dhaka,,,,,,,,,,,,,,,,,,,,,
34,Asst. Prof. Dr. Md. Merazul Islam Sheikh Meraz,"['MBBS', 'BCS']",NEUROLOGIST,15,Apollo Clinic Dhanmondi & JMI Specialized Hospital,Dhaka,,,,,,,,,,,,,,,,,,,,,
35,Prof. Dr. Syed Shamsuddin Ahmed,"['MBBS', 'DTM', 'PHD', ' JAPAN)']",PLASTIC SURGEON,35,Apollo Clinic Dhanmondi & JMI Specialized Hospital,Dhaka,,,,,,,,,,,,,,,,,,,,,
36,Prof. Dr. Mushfiqur Rahman,"['MBBS', 'FCPS', 'FICS']",OTOLARYNGOLOGISTS (ENT),20,Apollo Clinic Dhanmondi & JMI Specialized Hospital,Dhaka,,,,,,,,,,,,,,,,,,,,,
37,Prof. Dr. Rowshan Ara Begum,"['MBBS', 'MPH', 'M.PHIL', 'FCPS']",ONCOLOGIST,16,Apollo Clinic Dhanmondi & JMI Specialized Hospital,Dhaka,,,,,,,,,,,,,,,,,,,,,
38,Asst. Prof. Dr. Shareen Khan,"['MBBS', 'FCPS']",PEDIATRICIAN,10,Apollo Clinic Dhanmondi & JMI Specialized Hospital,Dhaka,,,,,,,,,,,,,,,,,,,,,
39,Dr. Sanjoy Sinha,"['MBBS', 'BCS', 'MS', 'AO-BASIC']",ORTHOPEDIC SURGEON,10,Apollo Clinic Dhanmondi & JMI Specialized Hospital,Dhaka,,,,,,,,,,,,,,,,,,,,,
40,Dr. Nahid Parveen,"['MBBS', 'MS']",GYNECOLOGIST & OBSTETRICIAN,5,Apollo Clinic Dhanmondi & JMI Specialized Hospital,Dhaka,,,,,,,,,,,,,,,,,,,,,
41,Prof. Dr. Riaz Uddin Ahmad,"['MBBS', 'DDV', 'MCPS', 'FCPS']",DERMATOLOGIST,35,Apollo Clinic Dhanmondi & JMI Specialized Hospital,Dhaka,,,,,,,,,,,,,,,,,,,,,
42,Dr. Tamjeed Alam,"['MBBS', 'FCPS']",GENERAL SURGEON,17,Apollo Clinic Dhanmondi & JMI Specialized Hospital,Dhaka,,,,,,,,,,,,,,,,,,,,,
43,Dr. M. K Azad,"['MBBS', 'DEM', 'FCPS', 'MACE']",MEDICINE SPECIALIST,17,Islami Bank Central Hospital | Mirpur,Dhaka,,,,,,,,,,,,,,,,,,,,,
43,Dr. M. K Azad,"['MBBS', 'DEM', 'FCPS', 'MACE']",ENDOCRINOLOGIST,17,Islami Bank Central Hospital | Mirpur,Dhaka,,,,,,,,,,,,,,,,,,,,,
44,Prof. Dr. Md. Shamsul Alam,"['MBBS', 'MCPS', 'MS', 'ADVANCED VATS TRAINING (INDIA)']",GENERAL SURGEON,40,Farazy Hospital | Banasree,Dhaka,,,,,,,,,,,,,,,,,,,,,
44,Prof. Dr. Md. Shamsul Alam,"['MBBS', 'MCPS', 'MS', 'ADVANCED VATS TRAINING (INDIA)']",THORACIC SURGEON,40,Farazy Hospital | Banasree,Dhaka,,,,,,,,,,,,,,,,,,,,,
45,Asst. Prof. Dr. Md. Asif Ekram,"['MBBS', 'M.PHIL']",ONCOLOGIST,19,Apollo Clinic Dhanmondi & JMI Specialized Hospital,Dhaka,,,,,,,,,,,,,,,,,,,,,
46,Prof. Dr. A. H. M. Shamsul Alam,"['MBBS', 'FCPS']",GENERAL SURGEON,30,Apollo Clinic Dhanmondi & JMI Specialized Hospital,Dhaka,,,,,,,,,,,,,,,,,,,,,
47,Prof. Dr. Md. Khayrul Kabir,"['MBBS', 'MD']",NEUROMEDICINE SPECIALIST,20,Apollo Clinic Dhanmondi & JMI Specialized Hospital,Dhaka,,,,,,,,,,,,,,,,,,,,,
48,Prof. Dr. Nasima Arjumand Banu,"['MBBS', 'FCPS']",GYNECOLOGIST & OBSTETRICIAN,22,Apollo Clinic Dhanmondi & JMI Specialized Hospital,Dhaka,,,,,,,,,,,,,,,,,,,,,
49,Prof. Dr. Mahmood Hasan,"['MBBS', 'FCPS']",PSYCHIATRIST,26,Apollo Clinic Dhanmondi & JMI Specialized Hospital,Dhaka,,,,,,,,,,,,,,,,,,,,,
50,Asst. Prof. Dr. Shah Md. Zakir Hossain,"['MBBS', 'CCD', 'MD']",NEPHROLOGIST,24,Apollo Clinic Dhanmondi & JMI Specialized Hospital,Dhaka,,,,,,,,,,,,,,,,,,,,,
51,Dr. Ashraful Haque Chowdhury,"['MBBS', 'FCPS']",HEMATOLOGIST,16,Apollo Clinic Dhanmondi & JMI Specialized Hospital,Dhaka,,,,,,,,,,,,,,,,,,,,,
52,Dr. Rabeya Afroz Shoma,"['MBBS', 'DDV']",DERMATOLOGIST,15,Apollo Clinic Dhanmondi & JMI Specialized Hospital,Dhaka,,,,,,,,,,,,,,,,,,,,,
53,Dr. Md. Iqbal Hossain,"['MBBS', 'MD', 'MCPS', 'FRCP', 'FCPS']",GASTROENTEROLOGIST,11,Apollo Clinic Dhanmondi & JMI Specialized Hospital,Dhaka,,,,,,,,,,,,,,,,,,,,,
53,Dr. Md. Iqbal Hossain,"['MBBS', 'MD', 'MCPS', 'FRCP', 'FCPS']",MEDICINE SPECIALIST,11,Apollo Clinic Dhanmondi & JMI Specialized Hospital,Dhaka,,,,,,,,,,,,,,,,,,,,,
54,Dr. Ishrat Laila,"['MBBS', 'MRCP']",INTERNAL MEDICINE SPECIALIST,6,Apollo Clinic Dhanmondi & JMI Specialized Hospital,Dhaka,,,,,,,,,,,,,,,,,,,,,
54,Dr. Ishrat Laila,"['MBBS', 'MRCP']",RESPIRATORY SPECIALIST,6,Apollo Clinic Dhanmondi & JMI Specialized Hospital,Dhaka,,,,,,,,,,,,,,,,,,,,,
55,Asst. Prof. Dr. Serajus Salekin,"['MBBS', 'BCS', 'MS']",THORACIC SURGEON,15,Apollo Clinic Dhanmondi & JMI Specialized Hospital,Dhaka,,,,,,,,,,,,,,,,,,,,,
56,Asst. Prof. Dr. Mohammad Mizanur Rahman,"['MBBS', 'MD', 'FACC (USA)']",CARDIOLOGIST,25,Asgar Ali Hospital,Dhaka,,,,,,,,,,,,,,,,,,,,,
57,Asst. Prof. Dr. M. Akhter Hossain,"['MBBS', 'MS']",CARDIAC SURGEON,25,Asgar Ali Hospital,Dhaka,,,,,,,,,,,,,,,,,,,,,
58,Dr. Mohammad Johirul Islam,"['MBBS', 'DA (DMC)', 'FCPS']",ANESTHESIOLOGIST,18,Asgar Ali Hospital,Dhaka,,,,,,,,,,,,,,,,,,,,,
59,Dr. Md. Didarul Alam,"['MBBS', 'MCPS']",ANESTHESIOLOGIST,37,Asgar Ali Hospital,Dhaka,,,,,,,,,,,,,,,,,,,,,
60,Asst. Prof. Dr. Parven Akter Parul,"['MBBS', 'BCS', 'FCPS']",GYNECOLOGIST & OBSTETRICIAN,20,Asgar Ali Hospital,Dhaka,,,,,,,,,,,,,,,,,,,,,
61,Prof. Dr. Kazi Morjina Begum,"['MBBS', 'DGO', 'FCPS']",GYNECOLOGIST & OBSTETRICIAN,28,Asgar Ali Hospital,Dhaka,,,,,,,,,,,,,,,,,,,,,
62,Prof. Dr. Rafat Nawaz,"['MBBS', 'FRCOG (LONDON)']",GYNECOLOGIST & OBSTETRICIAN,25,Asgar Ali Hospital,Dhaka,,,,,,,,,,,,,,,,,,,,,
63,Dr. Shamsun Nahar Shapna,"['MBBS', 'BCS', 'MCPS', 'FCPS']",GYNECOLOGIST & OBSTETRICIAN,15,Asgar Ali Hospital,Dhaka,,,,,,,,,,,,,,,,,,,,,
64,Prof. Dr. Sakti Das,"['MBBS', 'DGO', 'FCPS', 'MS']",GYNECOLOGISTS,25,Asgar Ali Hospital,Dhaka,,,,,,,,,,,,,,,,,,,,,
65,Prof. Dr. Arzu Manth Ara Begum,"['MBBS', 'DGO', 'FCPS']",GYNECOLOGIST & OBSTETRICIAN,25,Asgar Ali Hospital,Dhaka,,,,,,,,,,,,,,,,,,,,,
66,Prof. Dr. Khodeza Tul Kobra,"['MBBS', 'MCPS', 'DGO', 'FCPS']",GYNECOLOGIST & OBSTETRICIAN,25,Asgar Ali Hospital,Dhaka,,,,,,,,,,,,,,,,,,,,,
67,Dr. Hasina Akter,"['MBBS', 'DGO', 'MRCOG']",GYNECOLOGIST & OBSTETRICIAN,19,Asgar Ali Hospital,Dhaka,,,,,,,,,,,,,,,,,,,,,
67,Dr. Hasina Akter,"['MBBS', 'DGO', 'MRCOG']",INFERTILITY SPECIALIST,19,Asgar Ali Hospital,Dhaka,,,,,,,,,,,,,,,,,,,,,
68,Dr. Natasha Tiluttoma Aleem,"['MBBS', 'FCPS']",GYNECOLOGIST & OBSTETRICIAN,20,Asgar Ali Hospital,Dhaka,,,,,,,,,,,,,,,,,,,,,
69,Dr. Ferdousi Chowdhury,"['MBBS', 'DGO', 'FCPS']",GYNECOLOGIST & OBSTETRICIAN,25,Asgar Ali Hospital,Dhaka,,,,,,,,,,,,,,,,,,,,,
70,Prof. Dr. Atika Begum,"['MBBS', 'FCPS']",GYNECOLOGIC ONCOLOGIST,26,Asgar Ali Hospital,Dhaka,,,,,,,,,,,,,,,,,,,,,
71,Dr. Mofazzal Sharif,"['MBBS', 'MCPS', 'MD', 'MPH']",RADIOLOGIST,12,Popular Diagnostic Centre Ltd. | Bogura,Bogra,,,,,,,,,,,,,,,,,,,,,
72,Dr. Md. Shafiul Azam,"['MBBS', 'BCS', 'CCD', 'MACP', 'MD']",HEMATOLOGIST,16,Popular Diagnostic Centre Ltd. | Bogura,Bogra,,,,,,,,,,,,,,,,,,,,,
73,Asst. Prof. Dr. Surozit Sarkar Titas,"['MBBS', 'MD']",HEMATOLOGIST,19,Popular Diagnostic Centre Ltd. | Bogura,Bogra,,,,,,,,,,,,,,,,,,,,,
74,Dr. Mukul Rayhan,"['MBBS', 'BCS', 'MD']",ENDOCRINOLOGIST,19,Popular Diagnostic Centre Ltd. | Bogura,Bogra,,,,,,,,,,,,,,,,,,,,,
75,Dr. Md. Abu Shehab,"['MBBS', 'MD']",ENDOCRINOLOGIST,18,Popular Diagnostic Centre Ltd. | Bogura,Bogra,,,,,,,,,,,,,,,,,,,,,
76,Asst. Prof. Dr. Md. Jahangir Alam,"['MBBS', 'BCS', 'MD']",ENDOCRINOLOGIST,24,Popular Diagnostic Centre Ltd. | Bogura,Bogra,,,,,,,,,,,,,,,,,,,,,
77,Assoc. Prof. Dr. Samir Kumar Talukder,"['MBBS', 'MD', 'FACE (AMERICA)']",ENDOCRINOLOGIST,24,Popular Diagnostic Centre Ltd. | Bogura,Bogra,,,,,,,,,,,,,,,,,,,,,
78,Dr. Md. Shariful Alam,"['MBBS', 'BCS', 'FCPS']",PHYSICAL MEDICINE,16,Popular Diagnostic Centre Ltd. | Bogura,Bogra,,,,,,,,,,,,,,,,,,,,,
79,Assoc. Prof. Dr. S. M. Atiqul Islam,"['MBBS', 'BCS', 'MD']",PHYSICAL MEDICINE,25,Popular Diagnostic Centre Ltd. | Bogura,Bogra,,,,,,,,,,,,,,,,,,,,,
80,Dr. Shakera Sultana,"['MBBS', 'M.PHIL', 'PGT']",ONCOLOGIST,24,Popular Diagnostic Centre Ltd. | Bogura,Bogra,,,,,,,,,,,,,,,,,,,,,
81,Assoc. Prof. Dr. Md. Mobasser ur Rahman,"['MBBS', 'BCS', 'M.PHIL']",ONCOLOGIST,28,Popular Diagnostic Centre Ltd. | Bogura,Bogra,,,,,,,,,,,,,,,,,,,,,
82,Prof. Dr. A.K.M. Ahsan Habib,"['MBBS', 'DM']",ONCOLOGIST,31,Popular Diagnostic Centre Ltd. | Bogura,Bogra,,,,,,,,,,,,,,,,,,,,,
83,Asst. Prof. Dr. Md. Maruful Haque,"['MBBS', 'BCS', 'MCPS', 'MD']",PSYCHIATRIST,23,Popular Diagnostic Centre Ltd. | Bogura,Bogra,,,,,,,,,,,,,,,,,,,,,
84,Assoc. Prof. Dr. Md. Anwar Parvez Bhuiyan,"['MBBS', 'FCPS', 'MPH']",PSYCHIATRIST,24,Popular Diagnostic Centre Ltd. | Bogura,Bogra,,,,,,,,,,,,,,,,,,,,,
85,Dr. Lt. Col. Sohel Hasan Chowdhury,"['MBBS', 'FCPS']",PSYCHIATRIST,17,Popular Diagnostic Centre Ltd. | Bogura,Bogra,,,,,,,,,,,,,,,,,,,,,
86,Prof. Dr. Md. Abu Taher,"['MBBS', 'DDV', 'MPH']",PSYCHIATRIST,30,Popular Diagnostic Centre Ltd. | Bogura,Bogra,,,,,,,,,,,,,,,,,,,,,
87,Dr. Sujon Sarker,"['MBBS', 'BCS', 'MACP', 'MD']",NEPHROLOGIST,15,Popular Diagnostic Centre Ltd. | Bogura,Bogra,,,,,,,,,,,,,,,,,,,,,
88,Dr. Tamim Aziz,"['MBBS', 'BCS', 'MCPS', 'MD', 'CCD']",NEPHROLOGIST,17,Popular Diagnostic Centre Ltd. | Bogura,Bogra,,,,,,,,,,,,,,,,,,,,,
89,Dr. A.H.M. Sanjedul Haque Sumon,"['MBBS', 'BCS', 'MD']",NEPHROLOGIST,17,Popular Diagnostic Centre Ltd. | Bogura,Bogra,,,,,,,,,,,,,,,,,,,,,
90,Assoc. Prof. Dr. Swapan Kumar Saha,"['MBBS', 'MD', 'MPH']",NEPHROLOGIST,24,Popular Diagnostic Centre Ltd. | Bogura,Bogra,,,,,,,,,,,,,,,,,,,,,
91,Assoc. Prof. Dr. A.N.M Ehsanul Karim,"['MBBS', 'FCPS', 'MD']",NEPHROLOGIST,27,Popular Diagnostic Centre Ltd. | Bogura,Bogra,,,,,,,,,,,,,,,,,,,,,
92,Assoc. Prof. Dr. Md. Zakirul Alam,"['MBBS', 'BCS', 'FCPS']",GENERAL SURGEON,27,Popular Diagnostic Centre Ltd. | Bogura,Bogra,,,,,,,,,,,,,,,,,,,,,
92,Assoc. Prof. Dr. Md. Zakirul Alam,"['MBBS', 'BCS', 'FCPS']",COLORECTAL & LAPAROSCOPIC SURGEON,27,Popular Diagnostic Centre Ltd. | Bogura,Bogra,,,,,,,,,,,,,,,,,,,,,
93,Asst. Prof. Dr. A.S.M Aminul Islam,"['MBBS', 'BCS', 'FCPS']",GENERAL SURGEON,22,Popular Diagnostic Centre Ltd. | Bogura,Bogra,,,,,,,,,,,,,,,,,,,,,
93,Asst. Prof. Dr. A.S.M Aminul Islam,"['MBBS', 'BCS', 'FCPS']",COLORECTAL & LAPAROSCOPIC SURGEON,22,Popular Diagnostic Centre Ltd. | Bogura,Bogra,,,,,,,,,,,,,,,,,,,,,
94,Assoc. Prof. Dr. Ganesh Kumar Agarwala,"['MBBS', 'BCS', 'MCPS', 'MS', 'FACS (USA)']",GENERAL SURGEON,27,Popular Diagnostic Centre Ltd. | Bogura,Bogra,,,,,,,,,,,,,,,,,,,,,
94,Assoc. Prof. Dr. Ganesh Kumar Agarwala,"['MBBS', 'BCS', 'MCPS', 'MS', 'FACS (USA)']",COLORECTAL & LAPAROSCOPIC SURGEON,27,Popular Diagnostic Centre Ltd. | Bogura,Bogra,,,,,,,,,,,,,,,,,,,,,
95,Assoc. Prof. Dr. Md. Abul Kalam Azad,"['MBBS', 'MPH', 'MS', 'CCD']",GENERAL SURGEON,26,Popular Diagnostic Centre Ltd. | Bogura,Bogra,,,,,,,,,,,,,,,,,,,,,
95,Assoc. Prof. Dr. Md. Abul Kalam Azad,"['MBBS', 'MPH', 'MS', 'CCD']",LAPAROSCOPIC SURGEON,26,Popular Diagnostic Centre Ltd. | Bogura,Bogra,,,,,,,,,,,,,,,,,,,,,
96,Asst. Prof. Dr. Milton Kumer Saha,"['MBBS', 'BCS', 'MS']",NEUROSURGEON,23,Popular Diagnostic Centre Ltd. | Bogura,Bogra,,,,,,,,,,,,,,,,,,,,,
97,Prof. Dr. Md. Shafiul Alam Chopol,"['MBBS', 'FCPS', 'MS']",NEUROSURGEON,28,Popular Diagnostic Centre Ltd. | Bogura,Bogra,,,,,,,,,,,,,,,,,,,,,
98,Assoc. Prof. Dr. Sushanta Kumar Sarkar,"['MBBS', 'MS']",NEUROSURGEON,26,Popular Diagnostic Centre Ltd. | Bogura,Bogra,,,,,,,,,,,,,,,,,,,,,
99,Dr. Abir Hasan Dip,"['MBBS', 'BCS', 'MD', 'MACP', 'FCPS']",RESPIRATORY SPECIALIST,20,Popular Diagnostic Centre Ltd. | Bogura,Bogra,,,,,,,,,,,,,,,,,,,,,
100,Dr. Alok Kumar Sarkar,"['MBBS', 'BCS', 'MD']",RESPIRATORY SPECIALIST,20,Popular Diagnostic Centre Ltd. | Bogura,Bogra,,,,,,,,,,,,,,,,,,,,,
101,Asst. Prof. Dr. K.M. Monjurul Alom,"['MBBS', 'DTCD', 'FCCP', 'MD']",RESPIRATORY SPECIALIST,23,Popular Diagnostic Centre Ltd. | Bogura,Bogra,,,,,,,,,,,,,,,,,,,,,
102,Dr. Md Mominul Islam Momin,"['MBBS', 'BCS', 'MS', 'MCPS', 'MRCS', 'CCD']",UROLOGIST,18,Popular Diagnostic Centre Ltd. | Bogura,Bogra,,,,,,,,,,,,,,,,,,,,,
103,Dr. Masud Rana Badol,"['MBBS', 'BCS', 'MS']",UROLOGIST,20,Popular Diagnostic Centre Ltd. | Bogura,Bogra,,,,,,,,,,,,,,,,,,,,,
104,Dr. Lt. Col. Muhammed Alam,"['MBBS', 'MS']",UROLOGIST,16,Popular Diagnostic Centre Ltd. | Bogura,Bogra,,,,,,,,,,,,,,,,,,,,,
104,Dr. Lt. Col. Muhammed Alam,"['MBBS', 'MS']",GENERAL SURGEON,16,Popular Diagnostic Centre Ltd. | Bogura,Bogra,,,,,,,,,,,,,,,,,,,,,
105,Dr. Md. Masud Parvez,"['MBBS', 'BCS']",UROLOGIST,17,Popular Diagnostic Centre Ltd. | Bogura,Bogra,,,,,,,,,,,,,,,,,,,,,
106,Dr. Md. Abed Billah,"['MBBS', 'BCS', 'MS']",UROLOGIST,18,Popular Diagnostic Centre Ltd. | Bogura,Bogra,,,,,,,,,,,,,,,,,,,,,
107,Asst. Prof. Dr. Md. Rezaul Karim,"['MBBS', 'FCPS', 'MS']",UROLOGIST,23,Popular Diagnostic Centre Ltd. | Bogura,Bogra,,,,,,,,,,,,,,,,,,,,,
108,Assoc. Prof. Dr. Md. Ahsan Habib,"['MBBS', 'BCS', 'MS']",UROLOGIST,25,Popular Diagnostic Centre Ltd. | Bogura,Bogra,,,,,,,,,,,,,,,,,,,,,
109,Dr. M. R. Siddiqui Mamun,"['MBBS', 'DDV', 'FCPS']",DERMATOLOGIST,17,Popular Diagnostic Centre Ltd. | Bogura,Bogra,,,,,,,,,,,,,,,,,,,,,
110,Dr. Shilpy Akter,"['MBBS', 'BCS', 'MCPS', 'FCPS']",DERMATOLOGIST,21,Popular Diagnostic Centre Ltd. | Bogura,Bogra,,,,,,,,,,,,,,,,,,,,,
111,Prof. Dr. M. H. Alamgir Pavel,"['MBBS', 'FCPS']",UROLOGIST,26,Popular Diagnostic Centre Ltd. | Bogura,Bogra,,,,,,,,,,,,,,,,,,,,,
112,Dr. Farah Safa Huq,"['MBBS', 'BCS', 'MD']",DERMATOLOGIST,19,Popular Diagnostic Centre Ltd. | Bogura,Bogra,,,,,,,,,,,,,,,,,,,,,
113,Asst. Prof. Dr. Rozina Afroz,"['MBBS', 'BCS', 'MCPS', 'FCPS']",DERMATOLOGIST,21,Popular Diagnostic Centre Ltd. | Bogura,Bogra,,,,,,,,,,,,,,,,,,,,,
114,Asst. Prof. Dr. M. A. Wahed,"['MBBS', 'BCS', 'DLO']",OTOLARYNGOLOGISTS (ENT),23,Popular Diagnostic Centre Ltd. | Bogura,Bogra,,,,,,,,,,,,,,,,,,,,,
115,Prof. Dr. Col. Md. Kamal Hossain,"['MBBS', 'DLO', 'MCPS', 'FCPS']",OTOLARYNGOLOGISTS (ENT),30,Popular Diagnostic Centre Ltd. | Bogura,Bogra,,,,,,,,,,,,,,,,,,,,,
116,Asst. Prof. Dr. Syed Sanaul Islam,"['MBBS', 'BCS', 'FCPS']",OTOLARYNGOLOGISTS (ENT),24,Popular Diagnostic Centre Ltd. | Bogura,Bogra,,,,,,,,,,,,,,,,,,,,,
117,Prof. Dr. Md. Abdul Gaffar Faruk,"['MBBS', 'DLO']",OTOLARYNGOLOGISTS (ENT),32,Popular Diagnostic Centre Ltd. | Bogura,Bogra,,,,,,,,,,,,,,,,,,,,,
118,Asst. Prof. Dr. Hasan Ali,"['MBBS', 'BCS', 'MS']",OTOLARYNGOLOGISTS (ENT),23,Popular Diagnostic Centre Ltd. | Bogura,Bogra,,,,,,,,,,,,,,,,,,,,,
119,Dr. Md. Noor-e-Azam,"['MBBS', 'BCS', 'MD', 'MCPS', 'MRCP']",GASTROENTEROLOGIST,20,Popular Diagnostic Centre Ltd. | Bogura,Bogra,,,,,,,,,,,,,,,,,,,,,
120,Asst. Prof. Dr. Md. Naymul Hasan,"['MBBS', 'MD', 'CCD', 'MACG (USA)']",GASTROENTEROLOGIST,23,Popular Diagnostic Centre Ltd. | Bogura,Bogra,,,,,,,,,,,,,,,,,,,,,
121,Prof. Dr. Md. Makhsudul Alam,"['MBBS', 'MD']",GASTROENTEROLOGIST,30,Popular Diagnostic Centre Ltd. | Bogura,Bogra,,,,,,,,,,,,,,,,,,,,,
122,Prof. Dr. Chowdhury Mohammad Ali,"['MBBS', 'DDV']",DERMATOLOGIST,28,Medinova Medical Services Ltd. | Malibagh,Dhaka,,,,,,,,,,,,,,,,,,,,,
123,Asst. Prof. Dr. Muhammad Mahmud Alam,"['MBBS', 'BCS', 'MS', 'FACS (USA)']",UROLOGIST,21,Medinova Medical Services Ltd. | Malibagh,Dhaka,,,,,,,,,,,,,,,,,,,,,
124,Prof. Dr. Nahid Mahjabin Morshed,"['MBBS', 'MS', 'MPH']",PSYCHIATRIST,27,Medinova Medical Services Ltd. | Malibagh,Dhaka,,,,,,,,,,,,,,,,,,,,,
125,Prof. Dr. Md. Doulotuzzaman,"['MBBS', 'MCPS', 'DLO', 'PHD']",OTOLARYNGOLOGISTS (ENT),27,Medinova Medical Services Ltd. | Malibagh,Dhaka,,,,,,,,,,,,,,,,,,,,,
126,Asst. Prof. Dr. Zakia Sultana,"['MBBS', 'BCS', 'FCPS']",GYNECOLOGIST & OBSTETRICIAN,20,Medinova Medical Services Ltd. | Malibagh,Dhaka,,,,,,,,,,,,,,,,,,,,,
127,Dr. Tania Ferdousi,"['MBBS', 'BCS', 'MCPS', 'MD']",PEDIATRICIAN & NEONATOLOGIST,19,Popular Diagnostic Centre Ltd. | Bogura,Bogra,,,,,,,,,,,,,,,,,,,,,
128,Dr. Md. Khalilur Rahman,"['MBBS', 'MD']",PEDIATRICIAN & NEONATOLOGIST,26,Popular Diagnostic Centre Ltd. | Bogura,Bogra,,,,,,,,,,,,,,,,,,,,,
129,Asst. Prof. Dr. Monzira Rahman Dita,"['MBBS', 'MD']",PEDIATRICIAN & NEONATOLOGIST,23,Popular Diagnostic Centre Ltd. | Bogura,Bogra,,,,,,,,,,,,,,,,,,,,,
130,Dr. Sharmin Afrozi Shilpy,"['MBBS', 'DCH', 'FCPS', 'PGPN']",PEDIATRICIAN,25,Popular Diagnostic Centre Ltd. | Bogura,Bogra,,,,,,,,,,,,,,,,,,,,,
131,Dr. Marzina Begum Sheuli,"['MBBS', 'DGO', 'FCPS']",GYNECOLOGIST & OBSTETRICIAN,21,Popular Diagnostic Centre Ltd. | Bogura,Bogra,,,,,,,,,,,,,,,,,,,,,
132,Dr. Umme Kulsum Sumi,"['MBBS', 'FCPS', 'BCS']",GYNECOLOGIST & OBSTETRICIAN,19,Popular Diagnostic Centre Ltd. | Bogura,Bogra,,,,,,,,,,,,,,,,,,,,,
133,Dr. Salma Sultana,"['MBBS', 'FCPS']",GYNECOLOGIST & OBSTETRICIAN,22,Popular Diagnostic Centre Ltd. | Bogura,Bogra,,,,,,,,,,,,,,,,,,,,,
134,Dr. Firoza Banu Shirin,"['MBBS', 'BCS', 'FCPS']",GYNECOLOGIST & OBSTETRICIAN,20,Popular Diagnostic Centre Ltd. | Bogura,Bogra,,,,,,,,,,,,,,,,,,,,,
135,Dr. Moni Shankar,"['MBBS', 'BCS', 'D-ORTHO', 'MS']",ORTHOPEDIC SURGEON,22,Dhaka Trauma Center And Specialised Orthopedic Hospital Ltd.,Dhaka,,,,,,,,,,,,,,,,,,,,,
136,Dr. Ahmad Hussein Siddiqui Titu,"['MBBS', 'D-ORTHO', 'BCS', 'FCPS']",ORTHOPEDIC SURGEON,20,Dhaka Trauma Center And Specialised Orthopedic Hospital Ltd.,Dhaka,,,,,,,,,,,,,,,,,,,,,
137,Dr. Md. Harunur Rashid Shimul,"['MBBS', 'BCS', 'D-ORTHO']",ORTHOPEDIST,18,Dhaka Trauma Center And Specialised Orthopedic Hospital Ltd.,Dhaka,,,,,,,,,,,,,,,,,,,,,
138,Dr. Md. Masum Billah,"['MBBS', 'MS']",ORTHOPEDIC SURGEON,17,Dhaka Trauma Center And Specialised Orthopedic Hospital Ltd.,Dhaka,,,,,,,,,,,,,,,,,,,,,
139,Prof. Dr. Syed Rezaul Huq,"['MBBS', 'BCS', 'MD', 'MCPS', 'DTCD (CHEST)', 'FCCP']",PULMONOLOGIST,40,Universal Medical College Hospital Limited,Dhaka,,,,,,,,,,,,,,,,,,,,,
139,Prof. Dr. Syed Rezaul Huq,"['MBBS', 'BCS', 'MD', 'MCPS', 'DTCD (CHEST)', 'FCCP']",MEDICINE SPECIALIST,40,Universal Medical College Hospital Limited,Dhaka,,,,,,,,,,,,,,,,,,,,,
140,Asst. Prof. Dr. Nashid Nawshin,"['MBBS', 'MD']",PHYSICAL MEDICINE,24,Universal Medical College Hospital Limited,Dhaka,,,,,,,,,,,,,,,,,,,,,
141,Dr. Nazia Ahmed,"['MBBS', 'FCPS', 'FACS (USA)', 'FELLOWSHIP IN IVA (DUBAI)', 'DIPLOMA IN CLINICAL RESEARCH (CANADA)']",GYNECOLOGIST & OBSTETRICIAN,14,Universal Medical College Hospital Limited,Dhaka,,,,,,,,,,,,,,,,,,,,,
142,Prof. Dr. Nadira Sultana,"['MBBS', 'DGO', 'FCPS']",GYNECOLOGIST & OBSTETRICIAN,22,Universal Medical College Hospital Limited,Dhaka,,,,,,,,,,,,,,,,,,,,,
143,Prof. Dr. Brig. Gen. Tanvirul Islam,"['MBBS', 'FCPS', 'FELLOW COLORECTAL SURGERY (NUH', ' SINGAPORE)']",GENERAL SURGEON,22,Universal Medical College Hospital Limited,Dhaka,,,,,,,,,,,,,,,,,,,,,
144,Dr. Ismat Rafeya,"['MBBS', 'MD']",ENDOCRINOLOGIST,19,Universal Medical College Hospital Limited,Dhaka,,,,,,,,,,,,,,,,,,,,,
145,Dr. Rumana Afrose,"['BDS', 'PGT']",MAXILLOFACIAL AND DENTAL SURGEON,25,Universal Medical College Hospital Limited,Dhaka,,,,,,,,,,,,,,,,,,,,,
146,Dr. Md. Shafiul Alam,"['BDS', 'MS']",MAXILLOFACIAL AND DENTAL SURGEON,24,Universal Medical College Hospital Limited,Dhaka,,,,,,,,,,,,,,,,,,,,,
147,Dr. Sanjir Howlader,"['BDS', 'PGT']",MAXILLOFACIAL AND DENTAL SURGEON,16,Universal Medical College Hospital Limited,Dhaka,,,,,,,,,,,,,,,,,,,,,
148,Prof. Dr. Md. Shahjahan Ali,"['MBBS', 'FCPS', 'FICO (LONDON)']",OPHTHALMOLOGIST,32,Universal Medical College Hospital Limited,Dhaka,,,,,,,,,,,,,,,,,,,,,
149,Dr. Lt Col Rajib Shahriar,"['MBBS', 'FCPS', 'FCPS']",NEUROSURGEON,24,Universal Medical College Hospital Limited,Dhaka,,,,,,,,,,,,,,,,,,,,,
150,Prof. Dr. Col. Md. Amir Ali,"['MBBS', 'FCPS']",NEUROSURGEON,29,Universal Medical College Hospital Limited,Dhaka,,,,,,,,,,,,,,,,,,,,,
151,Asst. Prof. Dr. Mahbub Mayukh Rishad,"['MBBS', 'FCPS']",MEDICINE SPECIALIST,12,Universal Medical College Hospital Limited,Dhaka,,,,,,,,,,,,,,,,,,,,,
152,Asst. Prof. Dr. Shajedul Karim,"['MBBS', 'FCPS', 'MCPS']",MEDICINE SPECIALIST,24,Universal Medical College Hospital Limited,Dhaka,,,,,,,,,,,,,,,,,,,,,
153,Asst. Prof. Dr. Moutushyi Rahman,"['MBBS', 'FCPS']",GENERAL SURGEON,15,Universal Medical College Hospital Limited,Dhaka,,,,,,,,,,,,,,,,,,,,,
154,Dr. Major Md. Noornavi Khondkar,"['MBBS', 'MD']",CARDIOLOGIST,19,Universal Medical College Hospital Limited,Dhaka,,,,,,,,,,,,,,,,,,,,,
155,Assoc. Prof. Dr. Md. Rabiul Karim Khan Papon,"['MBBS', 'FCPS', 'UK', 'SINGAPORE', 'THAILAND & INDIA']",PLASTIC SURGEON,15,United Hospital Limited,Dhaka,,,,,,,,,,,,,,,,,,,,,
156,Asst. Prof. Dr. Md. Nazmul Haque,"['MBBS', 'MCPS', 'D-CARD']",CARDIOLOGIST,18,Universal Medical College Hospital Limited,Dhaka,,,,,,,,,,,,,,,,,,,,,
157,Prof. Dr. Mohd. Yusuf Haider,"['MBBS', 'DLO', 'MS']",OTOLARYNGOLOGISTS (ENT),23,Universal Medical College Hospital Limited,Dhaka,,,,,,,,,,,,,,,,,,,,,
158,Dr. Nazmul Islam,"['MBBS', 'BCS', 'MS', 'CMU']",THORACIC SURGEON,17,Universal Medical College Hospital Limited,Dhaka,,,,,,,,,,,,,,,,,,,,,
159,Dr. Lt. Col. Jesmin Akhter,"['MBBS', 'MCPS', 'FCPS']",PSYCHIATRIST,24,Universal Medical College Hospital Limited,Dhaka,,,,,,,,,,,,,,,,,,,,,
160,Dr. Md. Ayub Ali,"['MBBS', 'BCS', 'FCPS', 'DCH', 'CCD']",PEDIATRICIAN,20,Universal Medical College Hospital Limited,Dhaka,,,,,,,,,,,,,,,,,,,,,
161,Dr. Fahmida Begum,"['MBBS', 'FCPS', 'MD']",PEDIATRIC GASTROENTEROLOGIST,22,Universal Medical College Hospital Limited,Dhaka,,,,,,,,,,,,,,,,,,,,,
162,Dr. Major A H M Nasif Iqbal,"['MBBS', 'FCPS', 'MCPS']",ONCOLOGIST,19,Universal Medical College Hospital Limited,Dhaka,,,,,,,,,,,,,,,,,,,,,
163,Prof. Brig. Gen. Dr. Humayun Kabir,"['MBBS', 'FCPS', 'FCPS', 'FCPS']",NEUROLOGIST,26,Universal Medical College Hospital Limited,Dhaka,,,,,,,,,,,,,,,,,,,,,
164,Dr. Md. Mazharul Islam,"['MBBS', 'BCS']",NEUROMEDICINE SPECIALIST,16,Universal Medical College Hospital Limited,Dhaka,,,,,,,,,,,,,,,,,,,,,
165,Prof. Dr. Sultana Razia,"['MBBS', 'DGO', 'MCPS', 'FCPS']",GYNECOLOGIST & OBSTETRICIAN,32,Popular Diagnostic Centre Ltd. | Bogura,Bogra,,,,,,,,,,,,,,,,,,,,,
166,Dr. Md. Shamim Jafor Sonet,"['MBBS', 'BCS', 'MD']",INTERNAL MEDICINE SPECIALIST,17,Popular Diagnostic Centre Ltd. | Bogura,Bogra,,,,,,,,,,,,,,,,,,,,,
167,Dr. Md. Najmus Saadat,"['MBBS', 'BCS', 'FCPS', 'MACP']",MEDICINE SPECIALIST,16,Popular Diagnostic Centre Ltd. | Bogura,Bogra,,,,,,,,,,,,,,,,,,,,,
168,Dr. Md. Nafis Areefin,"['MBBS', 'BCS', 'MCPS', 'MD']",INTERNAL MEDICINE SPECIALIST,18,Popular Diagnostic Centre Ltd. | Bogura,Bogra,,,,,,,,,,,,,,,,,,,,,
169,Dr. Md. Sarowar-E-Alam,"['MBBS', 'FCPS']",MEDICINE SPECIALIST,18,Popular Diagnostic Centre Ltd. | Bogura,Bogra,,,,,,,,,,,,,,,,,,,,,
170,Assoc. Prof. Dr. Md. Mamunur Rashid,"['MBBS', 'BCS', 'FCPS', 'MRCP']",MEDICINE SPECIALIST,25,Popular Diagnostic Centre Ltd. | Bogura,Bogra,,,,,,,,,,,,,,,,,,,,,
171,Dr. A.S.M.Shahabur Alom Sumon,"['MBBS', 'FCPS']",MEDICINE SPECIALIST,19,Popular Diagnostic Centre Ltd. | Bogura,Bogra,,,,,,,,,,,,,,,,,,,,,
172,Asst. Prof. Dr. Md. Shahidul Islam Shahin,"['MBBS', 'MD', 'FCPS']",MEDICINE SPECIALIST,22,Popular Diagnostic Centre Ltd. | Bogura,Bogra,,,,,,,,,,,,,,,,,,,,,
173,Dr. Syed Mahbub Hossain Rajib,"['MBBS', 'BCS', 'FCPS', 'CCD']",MEDICINE SPECIALIST,18,Popular Diagnostic Centre Ltd. | Bogura,Bogra,,,,,,,,,,,,,,,,,,,,,
174,Dr. Ripa Kundu,"['MBBS', 'FCPS', 'MACP']",MEDICINE SPECIALIST,18,Popular Diagnostic Centre Ltd. | Bogura,Bogra,,,,,,,,,,,,,,,,,,,,,
175,Dr. Md. Faruk Hossen,"['MBBS', 'BCS', 'MCPS', 'FCPS']",MEDICINE SPECIALIST,19,Popular Diagnostic Centre Ltd. | Bogura,Bogra,,,,,,,,,,,,,,,,,,,,,
176,Dr. Ajmirul Hoque Sarkar,"['MBBS', 'BCS', 'FCPS']",MEDICINE SPECIALIST,18,Popular Diagnostic Centre Ltd. | Bogura,Bogra,,,,,,,,,,,,,,,,,,,,,
177,Assoc. Prof. Dr. Md. Aminul Hasan,"['MBBS', 'BCS', 'MD']",INTERNAL MEDICINE SPECIALIST,28,Popular Diagnostic Centre Ltd. | Bogura,Bogra,,,,,,,,,,,,,,,,,,,,,
178,Assoc. Prof. Dr. Abu Bakar Siddique,"['MBBS', 'FCPS']",MEDICINE SPECIALIST,26,Popular Diagnostic Centre Ltd. | Bogura,Bogra,,,,,,,,,,,,,,,,,,,,,
179,Assoc. Prof. Dr. Md. Moniruzzaman Asraf Bipul,"['MBBS', 'BCS', 'FCPS']",MEDICINE SPECIALIST,25,Popular Diagnostic Centre Ltd. | Bogura,Bogra,,,,,,,,,,,,,,,,,,,,,
180,Assoc. Prof. Dr. Md. Kamal Hossain,"['MBBS', 'FCPS']",MEDICINE SPECIALIST,27,Popular Diagnostic Centre Ltd. | Bogura,Bogra,,,,,,,,,,,,,,,,,,,,,
181,Prof. Dr. Md. Abdus Salam,"['MBBS', 'BCS', 'MD']",MEDICINE SPECIALIST,33,Popular Diagnostic Centre Ltd. | Bogura,Bogra,,,,,,,,,,,,,,,,,,,,,
182,Prof. Dr. Md. Halimur Rashid,"['MBBS', 'FCPS']",MEDICINE SPECIALIST,28,Popular Diagnostic Centre Ltd. | Bogura,Bogra,,,,,,,,,,,,,,,,,,,,,
183,Prof. Dr. Md. Rafiqul Islam,"['MBBS', 'FCPS']",MEDICINE SPECIALIST,32,Popular Diagnostic Centre Ltd. | Bogura,Bogra,,,,,,,,,,,,,,,,,,,,,
184,Prof. Dr. Md. Zakir Hossain,"['MBBS', 'FCPS', 'MD', 'FACP', 'FRCP']",MEDICINE SPECIALIST,30,Popular Diagnostic Centre Ltd. | Bogura,Bogra,,,,,,,,,,,,,,,,,,,,,
185,Dr. S.M. Arafat Amin,"['MBBS', 'BCS', 'MD']",NEUROLOGIST,17,Parkview Hospital Ltd. | Chittagong,Chittagong,,,,,,,,,,,,,,,,,,,,,
186,Dr. Md. Shawkat Emran,"['MBBS', 'BCS', 'MD']",NEUROLOGIST,18,Parkview Hospital Ltd. | Chittagong,Chittagong,,,,,,,,,,,,,,,,,,,,,
187,Asst. Prof. Dr. Manjurul Kader Chowdhury,"['MBBS', 'BCS', 'MD']",NEUROLOGIST,24,Parkview Hospital Ltd. | Chittagong,Chittagong,,,,,,,,,,,,,,,,,,,,,
188,Asst. Prof. Dr. Zaman Ahmmed,"['MBBS', 'BCS', 'MD']",NEUROLOGIST,23,Parkview Hospital Ltd. | Chittagong,Chittagong,,,,,,,,,,,,,,,,,,,,,
189,Assoc. Prof. Dr. Muhammad Tayeb,"['MBBS', 'BCS', 'MD']",NEUROLOGIST,26,Parkview Hospital Ltd. | Chittagong,Chittagong,,,,,,,,,,,,,,,,,,,,,
190,Assoc. Prof. Dr. Rezaul Karim Mansur,"['MBBS', 'FCPS', 'MD']",NEUROMEDICINE SPECIALIST,27,Parkview Hospital Ltd. | Chittagong,Chittagong,,,,,,,,,,,,,,,,,,,,,
191,Assoc. Prof. Dr. Mohammad Mohitul Islam,"['MBBS', 'MD']",NEUROMEDICINE SPECIALIST,23,Parkview Hospital Ltd. | Chittagong,Chittagong,,,,,,,,,,,,,,,,,,,,,
192,Dr. Rama Sree Dhar,"['MBBS', 'BCS', 'FCPS', 'MACP']",MEDICINE SPECIALIST,18,Parkview Hospital Ltd. | Chittagong,Chittagong,,,,,,,,,,,,,,,,,,,,,
193,Dr. Mohammad Shah Solaiman,"['MBBS', 'BCS', 'MCPS', 'MACP', 'MD']",INTERNAL MEDICINE,23,Parkview Hospital Ltd. | Chittagong,Chittagong,,,,,,,,,,,,,,,,,,,,,
194,Dr. Mohammad Moharam Ali,"['MBBS', 'BCS', 'FCPS', 'MACP', 'FCCS (CCM-USA)']",MEDICINE SPECIALIST,21,Parkview Hospital Ltd. | Chittagong,Chittagong,,,,,,,,,,,,,,,,,,,,,
195,Dr. Naznin Fatema Eli,"['MBBS', 'FCPS']",MEDICINE SPECIALIST,26,Parkview Hospital Ltd. | Chittagong,Chittagong,,,,,,,,,,,,,,,,,,,,,
196,Asst. Prof. Dr. Minhazul Haq,"['MBBS', 'BCS', 'FCPS']",MEDICINE SPECIALIST,24,Parkview Hospital Ltd. | Chittagong,Chittagong,,,,,,,,,,,,,,,,,,,,,
197,Dr. Karimun Nahar,"['MBBS', 'BCS', 'MD']",INTERNAL MEDICINE SPECIALIST,24,Parkview Hospital Ltd. | Chittagong,Chittagong,,,,,,,,,,,,,,,,,,,,,
198,Asst. Prof. Dr. Umme Tahera,"['MBBS', 'FCPS']",MEDICINE SPECIALIST,19,Parkview Hospital Ltd. | Chittagong,Chittagong,,,,,,,,,,,,,,,,,,,,,
199,Dr. Istiak Ahmad,"['MBBS', 'BCS', 'MCPS', 'FCPS', 'MACP']",MEDICINE SPECIALIST,18,Parkview Hospital Ltd. | Chittagong,Chittagong,,,,,,,,,,,,,,,,,,,,,
200,Dr. Mohammad Farhad,"['MBBS', 'MRCP']",MEDICINE SPECIALIST,17,Parkview Hospital Ltd. | Chittagong,Chittagong,,,,,,,,,,,,,,,,,,,,,
201,Dr. Saifuddin Mahmud,"['MBBS', 'BCS', 'FCPS']",MEDICINE SPECIALIST,25,Parkview Hospital Ltd. | Chittagong,Chittagong,,,,,,,,,,,,,,,,,,,,,
202,Asst. Prof. Dr. M. Rezaul Karim,"['MBBS', 'BCS', 'MD']",MEDICINE SPECIALIST,21,Parkview Hospital Ltd. | Chittagong,Chittagong,,,,,,,,,,,,,,,,,,,,,
203,Assoc. Prof. Dr. A. S. M. Zahed,"['MBBS', 'FCPS']",MEDICINE SPECIALIST,17,Parkview Hospital Ltd. | Chittagong,Chittagong,,,,,,,,,,,,,,,,,,,,,
204,Dr. Tutul Chakma,"['MBBS', 'MS']",UROLOGIST,19,Evercare Hospital | Chattogram,Chittagong,,,,,,,,,,,,,,,,,,,,,
205,Prof. Dr. Md Saifuddin Ahmed Siddique Suza,"['MBBS', 'MS']",UROLOGIST,28,Evercare Hospital | Chattogram,Chittagong,,,,,,,,,,,,,,,,,,,,,
206,Dr. Md. Nazmul Hasnine Nawshad,"['MBBS', 'BCS', 'MD']",RESPIRATORY SPECIALIST,19,Evercare Hospital | Chattogram,Chittagong,,,,,,,,,,,,,,,,,,,,,
207,Dr. M.A. Mazed,"['MBBS', 'FCPS']",PHYSICAL MEDICINE,28,Evercare Hospital | Chattogram,Chittagong,,,,,,,,,,,,,,,,,,,,,
208,Dr. Mohammed Jahangir Kabir,"['MBBS', 'DCH', 'FCPS']",PEDIATRICIAN,25,Evercare Hospital | Chattogram,Chittagong,,,,,,,,,,,,,,,,,,,,,
209,Dr. Pranab Kanti Mallick,"['MBBS', 'FCPS', 'FRCP']",PEDIATRICIAN,26,Evercare Hospital | Chattogram,Chittagong,,,,,,,,,,,,,,,,,,,,,
210,Prof. Dr. Didarul Alam,"['MBBS', 'DCH', 'MD', 'FCPS']",PEDIATRICIAN,29,Evercare Hospital | Chattogram,Chittagong,,,,,,,,,,,,,,,,,,,,,
211,Dr. Dipika Dey,"['MBBS', 'DCH', 'FCPS']",PEDIATRICIAN,18,Evercare Hospital | Chattogram,Chittagong,,,,,,,,,,,,,,,,,,,,,
212,Dr. Shirin Fatema,"['MBBS', 'MCPS', 'DGO', 'FCPS']",GYNECOLOGIST & OBSTETRICIAN,28,Evercare Hospital | Chattogram,Chittagong,,,,,,,,,,,,,,,,,,,,,
213,Dr. Brig Gen Ismat Ara,"['MBBS', 'DGO', 'MCPS', 'FCPS']",GYNECOLOGIST & OBSTETRICIAN,29,Evercare Hospital | Chattogram,Chittagong,,,,,,,,,,,,,,,,,,,,,
214,Dr. Shanjida Kabir,"['MBBS', 'MCPS', 'FCPS']",GYNECOLOGIST & OBSTETRICIAN,16,Evercare Hospital | Chattogram,Chittagong,,,,,,,,,,,,,,,,,,,,,
215,Dr. Farzana Haseen Mukti,"['MBBS', 'DGO', 'FCPS', 'MCPS']",GYNECOLOGIST & OBSTETRICIAN,23,Evercare Hospital | Chattogram,Chittagong,,,,,,,,,,,,,,,,,,,,,
216,Dr. Naimul Alam,"['MBBS', 'MS']",ORTHOPEDIC SURGEON,21,Evercare Hospital | Chattogram,Chittagong,,,,,,,,,,,,,,,,,,,,,
217,Dr. Khaled Bin Islam,"['MBBS', 'MS']",ORTHOPEDIC SURGEON,24,Evercare Hospital | Chattogram,Chittagong,,,,,,,,,,,,,,,,,,,,,
218,Dr. Rahul Bhan,"['MBBS', 'MS']",ORTHOPEDIC SURGEON,28,Evercare Hospital | Chattogram,Chittagong,,,,,,,,,,,,,,,,,,,,,
219,Dr. Aminur Rahman Azad,"['MBBS', 'MS']",NEUROSURGEON,29,Evercare Hospital | Chattogram,Chittagong,,,,,,,,,,,,,,,,,,,,,
220,Dr. Md. Anisul Islam Khan,"['MBBS', 'MS']",NEUROSURGEON,28,Evercare Hospital | Chattogram,Chittagong,,,,,,,,,,,,,,,,,,,,,
221,Dr. Mohammad Najim Uddin,"['MBBS', 'MCPS', 'MD', 'MRCP']",NEUROLOGIST,23,Evercare Hospital | Chattogram,Chittagong,,,,,,,,,,,,,,,,,,,,,
222,Dr. Tipu Kumar Das,"['MBBS', 'MD']",NEPHROLOGIST,19,Evercare Hospital | Chattogram,Chittagong,,,,,,,,,,,,,,,,,,,,,
223,Asst. Prof. Dr. M.S. Haider Rushni,"['MBBS', 'MD']",NEPHROLOGIST,19,Evercare Hospital | Chattogram,Chittagong,,,,,,,,,,,,,,,,,,,,,
224,Dr. Md. Faizur Rahman,"['MBBS', 'MCPS', 'MD']",NEPHROLOGIST,24,Evercare Hospital | Chattogram,Chittagong,,,,,,,,,,,,,,,,,,,,,
225,Prof. Dr. A. A. Mohammed Ryhan Uddin,"['MBBS', 'FCPS', 'MCPS']",INTERNAL MEDICINE SPECIALIST,30,Evercare Hospital | Chattogram,Chittagong,,,,,,,,,,,,,,,,,,,,,
226,Dr. Razaul Karim,"['MBBS', 'FCPS']",INTERNAL MEDICINE SPECIALIST,23,Evercare Hospital | Chattogram,Chittagong,,,,,,,,,,,,,,,,,,,,,
227,Dr. Masba Uddin Chawdhury,"['MBBS', 'MD']",HEMATOLOGIST,16,Evercare Hospital | Chattogram,Chittagong,,,,,,,,,,,,,,,,,,,,,
228,Dr. Quazi Smita Haq,"['MBBS', 'MD']",HEMATOLOGIST,24,Evercare Hospital | Chattogram,Chittagong,,,,,,,,,,,,,,,,,,,,,
229,Dr. Abu Jafar Mohammed Saleh,"['MBBS', 'FCPS']",HEMATOLOGIST,29,Evercare Hospital | Chattogram,Chittagong,,,,,,,,,,,,,,,,,,,,,
230,Prof. Dr. Md. Saiful Hoque,"['MBBS', 'FCPS', 'FMAS (INDIA)', 'FRCS', ' UK)']",GENERAL SURGEON,32,Evercare Hospital | Chattogram,Chittagong,,,,,,,,,,,,,,,,,,,,,
230,Prof. Dr. Md. Saiful Hoque,"['MBBS', 'FCPS', 'FMAS (INDIA)', 'FRCS', ' UK)']",LAPAROSCOPIC SURGEON,32,Evercare Hospital | Chattogram,Chittagong,,,,,,,,,,,,,,,,,,,,,
231,Dr. Mohammad Khurshidul Alam,"['MBBS', 'FCPS', 'MRCS']",GENERAL SURGEON,27,Evercare Hospital | Chattogram,Chittagong,,,,,,,,,,,,,,,,,,,,,
231,Dr. Mohammad Khurshidul Alam,"['MBBS', 'FCPS', 'MRCS']",LAPAROSCOPIC SURGEON,27,Evercare Hospital | Chattogram,Chittagong,,,,,,,,,,,,,,,,,,,,,
232,Dr. Rivu Raj Chakraborty,"['MBBS', 'BCS', 'FCPS']",GENERAL SURGEON,23,Evercare Hospital | Chattogram,Chittagong,,,,,,,,,,,,,,,,,,,,,
233,Dr. Md. Surman Ali,"['MBBS', 'FCPS', 'MS']",GENERAL SURGEON,27,Evercare Hospital | Chattogram,Chittagong,,,,,,,,,,,,,,,,,,,,,
233,Dr. Md. Surman Ali,"['MBBS', 'FCPS', 'MS']",LAPAROSCOPIC SURGEON,27,Evercare Hospital | Chattogram,Chittagong,,,,,,,,,,,,,,,,,,,,,
234,Dr. S.M. Shohel Rana,"['MBBS', 'MD']",GASTROENTEROLOGIST,24,Evercare Hospital | Chattogram,Chittagong,,,,,,,,,,,,,,,,,,,,,
234,Dr. S.M. Shohel Rana,"['MBBS', 'MD']",HEPATOLOGIST,24,Evercare Hospital | Chattogram,Chittagong,,,,,,,,,,,,,,,,,,,,,
235,Dr. Sandeep Dhavan,"['MBBS', 'MD', 'DM']",GASTROENTEROLOGIST,27,Evercare Hospital | Chattogram,Chittagong,,,,,,,,,,,,,,,,,,,,,
236,Dr. Lt Col Md Iftekharul Alam,"['MBBS', 'DLO', 'MCPS', 'FCPS']",OTOLARYNGOLOGISTS (ENT),23,Evercare Hospital | Chattogram,Chittagong,,,,,,,,,,,,,,,,,,,,,
237,Dr. A.B.M. Tofazzal Hossain,"['MBBS', 'FRCS', 'MCPS', 'DLO']",OTOLARYNGOLOGISTS (ENT),23,Evercare Hospital | Chattogram,Chittagong,,,,,,,,,,,,,,,,,,,,,
238,Dr. Maleka Afroz,"['MBBS', 'FCPS']",OTOLARYNGOLOGISTS (ENT),21,Evercare Hospital | Chattogram,Chittagong,,,,,,,,,,,,,,,,,,,,,
239,Prof. Dr. Prof. Col. A T M Rezaul Karim,"['MBBS', 'MCPS', 'DDV', 'FCPS', 'FRCP', 'MACP']",DERMATOLOGIST,29,Evercare Hospital | Chattogram,Chittagong,,,,,,,,,,,,,,,,,,,,,
240,Dr. Mir Abeed Rahman,"['BDS', 'MS', 'FICD']",MAXILLOFACIAL AND DENTAL SURGEON,16,Evercare Hospital | Chattogram,Chittagong,,,,,,,,,,,,,,,,,,,,,
241,Dr. Riaz Mohammad Adham,"['BDS', 'MS', ' MALAYSIA)']",MAXILLOFACIAL AND DENTAL SURGEON,16,Evercare Hospital | Chattogram,Chittagong,,,,,,,,,,,,,,,,,,,,,
242,Assoc. Prof. Dr. Mohammad Ali Hossain,"['BDS', 'FCPS']",MAXILLOFACIAL AND DENTAL SURGEON,21,Evercare Hospital | Chattogram,Chittagong,,,,,,,,,,,,,,,,,,,,,
243,Prof. Dr. Dabashish Patowary,"['MBBS', 'M.PHIL']",ONCOLOGIST,30,Evercare Hospital | Chattogram,Chittagong,,,,,,,,,,,,,,,,,,,,,
244,Dr. Tanvir Ahmed,"['MBBS', 'MD']",ONCOLOGIST,20,Evercare Hospital | Chattogram,Chittagong,,,,,,,,,,,,,,,,,,,,,
245,Dr. Asif Ahmed Bin Moin,"['MBBS', 'MS']",CARDIOTHORACIC AND VASCULAR SURGEON,27,Evercare Hospital | Chattogram,Chittagong,,,,,,,,,,,,,,,,,,,,,
246,Dr. Md. Tarik Bin Abdur Rashid,"['MBBS', 'MD']",CARDIOLOGIST,26,Evercare Hospital | Chattogram,Chittagong,,,,,,,,,,,,,,,,,,,,,
247,Dr. Shaikh Mohammad Hasan Mamun,"['MBBS', 'FCPS', 'MD', 'MRCP', 'FRCP']",CARDIOLOGIST,22,Evercare Hospital | Chattogram,Chittagong,,,,,,,,,,,,,,,,,,,,,
248,Dr. Zahiruddin Mahmud Illius,"['MBBS', 'MCPS', 'DEM', 'MD']",CARDIOLOGIST,25,Evercare Hospital | Chattogram,Chittagong,,,,,,,,,,,,,,,,,,,,,
249,Dr. Anirban Ghose,"['MBBS', 'MS']",UROLOGIST,25,CSCR Hospital & Diagnostic Center | Chittagong,Chittagong,,,,,,,,,,,,,,,,,,,,,
250,Asst. Prof. Dr. Ujjal Barua Apu,"['MBBS', 'BCS', 'FCPS']",UROLOGIST,23,CSCR Hospital & Diagnostic Center | Chittagong,Chittagong,,,,,,,,,,,,,,,,,,,,,
251,Prof. Dr. Kazi Md. Monwarul Karim Babor,"['MBBS', 'MS']",UROLOGIST,30,CSCR Hospital & Diagnostic Center | Chittagong,Chittagong,,,,,,,,,,,,,,,,,,,,,
252,Dr. Abdullah-Al-Maruf,"['MBBS', 'BCS', 'FCPS']",GENERAL SURGEON,21,CSCR Hospital & Diagnostic Center | Chittagong,Chittagong,,,,,,,,,,,,,,,,,,,,,
252,Dr. Abdullah-Al-Maruf,"['MBBS', 'BCS', 'FCPS']",COLORECTAL & LAPAROSCOPIC SURGEON,21,CSCR Hospital & Diagnostic Center | Chittagong,Chittagong,,,,,,,,,,,,,,,,,,,,,
253,Dr. Md. Nurul Amin Bhuiyan,"['MBBS', 'BCS', 'FCPS']",GENERAL SURGEON,19,CSCR Hospital & Diagnostic Center | Chittagong,Chittagong,,,,,,,,,,,,,,,,,,,,,
253,Dr. Md. Nurul Amin Bhuiyan,"['MBBS', 'BCS', 'FCPS']",LAPAROSCOPIC SURGEON,19,CSCR Hospital & Diagnostic Center | Chittagong,Chittagong,,,,,,,,,,,,,,,,,,,,,
253,Dr. Md. Nurul Amin Bhuiyan,"['MBBS', 'BCS', 'FCPS']",COLORECTAL SURGEON,19,CSCR Hospital & Diagnostic Center | Chittagong,Chittagong,,,,,,,,,,,,,,,,,,,,,
254,Dr. Md. Sanaullah Shelly,"['MBBS', 'FCPS']",COLORECTAL SURGEON,16,CSCR Hospital & Diagnostic Center | Chittagong,Chittagong,,,,,,,,,,,,,,,,,,,,,
255,Dr. Tazdina Hoque Khan,"['MBBS', 'BCS', 'FCPS']",GENERAL SURGEON,14,CSCR Hospital & Diagnostic Center | Chittagong,Chittagong,,,,,,,,,,,,,,,,,,,,,
255,Dr. Tazdina Hoque Khan,"['MBBS', 'BCS', 'FCPS']",COLORECTAL & LAPAROSCOPIC SURGEON,14,CSCR Hospital & Diagnostic Center | Chittagong,Chittagong,,,,,,,,,,,,,,,,,,,,,
256,Prof. Dr. Khondker A.K. Azad,"['MBBS', 'BCS', 'FCPS', 'FRCS']",GENERAL SURGEON,21,CSCR Hospital & Diagnostic Center | Chittagong,Chittagong,,,,,,,,,,,,,,,,,,,,,
256,Prof. Dr. Khondker A.K. Azad,"['MBBS', 'BCS', 'FCPS', 'FRCS']",LAPAROSCOPIC SURGEON,21,CSCR Hospital & Diagnostic Center | Chittagong,Chittagong,,,,,,,,,,,,,,,,,,,,,
257,Dr. Shakir Ur Rashid,"['MBBS', 'FCPS']",PHYSICAL MEDICINE,16,CSCR Hospital & Diagnostic Center | Chittagong,Chittagong,,,,,,,,,,,,,,,,,,,,,
258,Dr. Tanvir Ahmed Siddique,"['MBBS', 'BCS', 'MD', 'FCGP (MEDICINE)']",DERMATOLOGIST,20,Mirpur General Hospital | Kalshi,Dhaka,,,,,,,,,,,,,,,,,,,,,
259,Dr. Mohammad Shakhawat Hossain,"['MBBS', 'BCS', 'FCPS', 'FCPS']",PULMONOLOGIST,24,Mirpur General Hospital | Kalshi,Dhaka,,,,,,,,,,,,,,,,,,,,,
260,Dr. Tania Sarkar Misti,"['MBBS', 'E.O.C. (GAINI & OBS)', 'DM']",GYNECOLOGIST & OBSTETRICIAN,22,Mirpur General Hospital | Kalshi,Dhaka,,,,,,,,,,,,,,,,,,,,,
261,Dr. Sadia Rasul,"['MBBS', 'MS']",GENERAL SURGEON,15,Mirpur General Hospital | Kalshi,Dhaka,,,,,,,,,,,,,,,,,,,,,
261,Dr. Sadia Rasul,"['MBBS', 'MS']",COLORECTAL & LAPAROSCOPIC SURGEON,15,Mirpur General Hospital | Kalshi,Dhaka,,,,,,,,,,,,,,,,,,,,,
262,Dr. Ariful Islam,"['MBBS', 'DLO', 'MCPS']",OTOLARYNGOLOGISTS (ENT),16,Mirpur General Hospital | Kalshi,Dhaka,,,,,,,,,,,,,,,,,,,,,
263,Prof. Dr. A.K.M. Jahangir Alam,"['MBBS', 'DCM', 'MS']",ORTHOPEDIC SURGEON,28,Mirpur General Hospital | Kalshi,Dhaka,,,,,,,,,,,,,,,,,,,,,
264,Prof. Dr. Col. Md. Mahbub Ali,"['MBBS', 'MS']",ORTHOPEDIC SURGEON,21,Mirpur General Hospital | Kalshi,Dhaka,,,,,,,,,,,,,,,,,,,,,
265,Professor Ruksana Parvin,['FCPS'],GENERAL SURGEON,11,Universal Medical College Hospital Limited,Dhaka,,,,,,,,,,,,,,,,,,,,,
265,Professor Ruksana Parvin,['FCPS'],COLORECTAL & LAPAROSCOPIC SURGEON,11,Universal Medical College Hospital Limited,Dhaka,,,,,,,,,,,,,,,,,,,,,
266,Prof. Dr. Md. Shafiul Alam,"['MBBS', 'FCPS', 'MS', 'FICS', 'FACS (AMERICA)', 'MRCP']",NEUROSURGEON,15,Mirpur General Hospital | Kalshi,Dhaka,,,,,,,,,,,,,,,,,,,,,
267,Dr. Mohammad Nazim Uddin,"['MBBS', 'FCPS']",PHYSICAL MEDICINE,19,CSCR Hospital & Diagnostic Center | Chittagong,Chittagong,,,,,,,,,,,,,,,,,,,,,
268,Assoc. Prof. Dr. Md. Sheikh Ahmed,"['MBBS', 'FCPS']",PHYSICAL MEDICINE,27,CSCR Hospital & Diagnostic Center | Chittagong,Chittagong,,,,,,,,,,,,,,,,,,,,,
269,Dr. Md. Ahsanul Hoque Chowdhury,"['MBBS', 'BCS', 'FCPS', 'CCD']",PHYSICAL MEDICINE,16,CSCR Hospital & Diagnostic Center | Chittagong,Chittagong,,,,,,,,,,,,,,,,,,,,,
270,Prof. Dr. Aminuddin A. Khan,"['MBBS', 'FCPS']",PHYSICAL MEDICINE,31,CSCR Hospital & Diagnostic Center | Chittagong,Chittagong,,,,,,,,,,,,,,,,,,,,,
271,Dr. A.H.M. Azgar Ali Chowdhury,"['MBBS', 'BCS', 'MS']",ORTHOPEDIC SURGEON,30,CSCR Hospital & Diagnostic Center | Chittagong,Chittagong,,,,,,,,,,,,,,,,,,,,,
272,Asst. Prof. Dr. Rakib Mohammad Monjur,"['MBBS', 'MS']",ORTHOPEDIC SURGEON,23,CSCR Hospital & Diagnostic Center | Chittagong,Chittagong,,,,,,,,,,,,,,,,,,,,,
273,Asst. Prof. Dr. A. M. Shahed,"['MBBS', 'BCS', 'FCPS']",MEDICINE SPECIALIST,32,CSCR Hospital & Diagnostic Center | Chittagong,Chittagong,,,,,,,,,,,,,,,,,,,,,
274,Dr. Syed Selim Sarwar,"['MBBS', 'FCPS']",MEDICINE SPECIALIST,25,CSCR Hospital & Diagnostic Center | Chittagong,Chittagong,,,,,,,,,,,,,,,,,,,,,
275,Dr. Muna Islam,"['MBBS', 'BCS', 'FCPS']",MEDICINE SPECIALIST,16,CSCR Hospital & Diagnostic Center | Chittagong,Chittagong,,,,,,,,,,,,,,,,,,,,,
276,Prof. Dr. Mahbub Kamal Chowdhury,"['MBBS', 'FCPS']",MEDICINE SPECIALIST,33,CSCR Hospital & Diagnostic Center | Chittagong,Chittagong,,,,,,,,,,,,,,,,,,,,,
277,Prof. Dr. Md. Gofranul Hoque,"['MBBS', 'FCPS']",MEDICINE SPECIALIST,33,CSCR Hospital & Diagnostic Center | Chittagong,Chittagong,,,,,,,,,,,,,,,,,,,,,
278,Prof. Dr. Faridul Islam,"['MBBS', 'FCPS']",MEDICINE SPECIALIST,32,CSCR Hospital & Diagnostic Center | Chittagong,Chittagong,,,,,,,,,,,,,,,,,,,,,
279,Dr. Tarek Shams,"['MBBS', 'BCS', 'FCPS']",MEDICINE SPECIALIST,16,CSCR Hospital & Diagnostic Center | Chittagong,Chittagong,,,,,,,,,,,,,,,,,,,,,
280,Dr. Mehrunnissa Khanom,"['MBBS', 'MRCP', 'FRCP', 'MACP']",MEDICINE SPECIALIST,15,CSCR Hospital & Diagnostic Center | Chittagong,Chittagong,,,,,,,,,,,,,,,,,,,,,
281,Dr. Jinnat Fatema Saira Safa,"['MBBS', 'MCPS', 'FCPS', 'MD']",MEDICINE SPECIALIST,16,CSCR Hospital & Diagnostic Center | Chittagong,Chittagong,,,,,,,,,,,,,,,,,,,,,
281,Dr. Jinnat Fatema Saira Safa,"['MBBS', 'MCPS', 'FCPS', 'MD']",CARDIOLOGIST,16,CSCR Hospital & Diagnostic Center | Chittagong,Chittagong,,,,,,,,,,,,,,,,,,,,,
282,Prof. Dr. Md. Amir Hossain,"['MBBS', 'FCPS']",MEDICINE SPECIALIST,32,CSCR Hospital & Diagnostic Center | Chittagong,Chittagong,,,,,,,,,,,,,,,,,,,,,
283,Prof. Dr. M. A. Faiz,"['MBBS', 'FCPS', 'PHD', 'FRCP']",MEDICINE SPECIALIST,33,CSCR Hospital & Diagnostic Center | Chittagong,Chittagong,,,,,,,,,,,,,,,,,,,,,
284,Prof. Dr. Emran Bin Yunus,"['MBBS', 'FCPS', 'FRCP']",NEPHROLOGIST,33,CSCR Hospital & Diagnostic Center | Chittagong,Chittagong,,,,,,,,,,,,,,,,,,,,,
285,Prof. Dr. M. A. Kashem,"['MBBS', 'MD', 'PHD']",NEPHROLOGIST,32,CSCR Hospital & Diagnostic Center | Chittagong,Chittagong,,,,,,,,,,,,,,,,,,,,,
286,Assoc. Prof. Dr. Abdullah Al Mahmood,"['MBBS', 'MD']",HEPATOLOGIST,27,CSCR Hospital & Diagnostic Center | Chittagong,Chittagong,,,,,,,,,,,,,,,,,,,,,
287,Dr. Sabrina Meher,"['MBBS', 'DGO', 'FCPS']",GYNECOLOGIST & OBSTETRICIAN,17,CSCR Hospital & Diagnostic Center | Chittagong,Chittagong,,,,,,,,,,,,,,,,,,,,,
288,Asst. Prof. Dr. Farzana Chowdhury,"['MBBS', 'FCPS', 'MCPS']",GYNECOLOGIST & OBSTETRICIAN,22,CSCR Hospital & Diagnostic Center | Chittagong,Chittagong,,,,,,,,,,,,,,,,,,,,,
289,Dr. Masuma Tabassum,"['MBBS', 'BCS', 'MS', 'CMU (ULTRA)']",GYNECOLOGIST & OBSTETRICIAN,18,CSCR Hospital & Diagnostic Center | Chittagong,Chittagong,,,,,,,,,,,,,,,,,,,,,
289,Dr. Masuma Tabassum,"['MBBS', 'BCS', 'MS', 'CMU (ULTRA)']",INFERTILITY SPECIALIST,18,CSCR Hospital & Diagnostic Center | Chittagong,Chittagong,,,,,,,,,,,,,,,,,,,,,
290,Prof. Dr. Rowsan Morshed,"['MBBS', 'DGO', 'FCPS']",GYNECOLOGIST & OBSTETRICIAN,31,CSCR Hospital & Diagnostic Center | Chittagong,Chittagong,,,,,,,,,,,,,,,,,,,,,
290,Prof. Dr. Rowsan Morshed,"['MBBS', 'DGO', 'FCPS']",LAPAROSCOPIC SURGEON,31,CSCR Hospital & Diagnostic Center | Chittagong,Chittagong,,,,,,,,,,,,,,,,,,,,,
291,Asst. Prof. Dr. Ayinur Nahar Hamid,"['MBBS', 'FCPS', 'MCPS']",GYNECOLOGIST & OBSTETRICIAN,22,CSCR Hospital & Diagnostic Center | Chittagong,Chittagong,,,,,,,,,,,,,,,,,,,,,
291,Asst. Prof. Dr. Ayinur Nahar Hamid,"['MBBS', 'FCPS', 'MCPS']",LAPAROSCOPIC SURGEON,22,CSCR Hospital & Diagnostic Center | Chittagong,Chittagong,,,,,,,,,,,,,,,,,,,,,
292,Asst. Prof. Dr. Fahmida Islam Chowdhury,"['MBBS', 'FCPS']",GYNECOLOGIST & OBSTETRICIAN,23,CSCR Hospital & Diagnostic Center | Chittagong,Chittagong,,,,,,,,,,,,,,,,,,,,,
293,Asst. Prof. Dr. Sheikh Khairul Kabir Tipu,"['MBBS', 'BCS', 'FCPS']",MEDICINE SPECIALIST,23,Max Hospital and Diagnostics Ltd. | Chittagong,Chittagong,,,,,,,,,,,,,,,,,,,,,
294,Assoc. Prof. Dr. Binoy Paul,"['MBBS', 'MD']",GASTROENTEROLOGIST,27,Max Hospital and Diagnostics Ltd. | Chittagong,Chittagong,,,,,,,,,,,,,,,,,,,,,
295,Dr. Sumon Talukder,"['MBBS', 'DLO']",OTOLARYNGOLOGISTS (ENT),21,Max Hospital and Diagnostics Ltd. | Chittagong,Chittagong,,,,,,,,,,,,,,,,,,,,,
296,Dr. Fahmida Alam,"['MBBS', 'BCS', 'FCPS']",ONCOLOGIST,19,Max Hospital and Diagnostics Ltd. | Chittagong,Chittagong,,,,,,,,,,,,,,,,,,,,,
297,Assoc. Prof. Dr. Ashish Dey,"['MBBS', 'FCPS', 'MD', 'FSCAI (USA)']",CARDIOLOGIST,17,Max Hospital and Diagnostics Ltd. | Chittagong,Chittagong,,,,,,,,,,,,,,,,,,,,,
298,Asst. Prof. Dr. Masud Rana,"['MBBS', 'MD']",GASTROENTEROLOGIST,23,Chattogram Metropolitan Hospital Limited,Chittagong,,,,,,,,,,,,,,,,,,,,,
299,Dr. Wazed Chowdhury Ovi,"['MBBS', 'BCS', 'FMD', 'CCD', 'DO', 'MPH', 'MS']",OPHTHALMOLOGIST,18,Chattogram Metropolitan Hospital Limited,Chittagong,,,,,,,,,,,,,,,,,,,,,
300,Assoc. Prof. Dr. M A Kamal,"['MBBS', 'MCPS', 'DLO', 'FCPS']",OTOLARYNGOLOGISTS (ENT),26,Chattogram Metropolitan Hospital Limited,Chittagong,,,,,,,,,,,,,,,,,,,,,
301,Asst. Prof. Dr. Mohammad Fazle Kibria Chowdhury,"['MBBS', 'MD', 'CCD', 'FCCP', 'FCCS (SG)']",RESPIRATORY SPECIALIST,23,Chattogram Metropolitan Hospital Limited,Chittagong,,,,,,,,,,,,,,,,,,,,,
302,Dr. Awan Kumar,"['MBBS', 'MD', 'DNB (CARDIOLOGY)']",CARDIOLOGIST,15,Chattogram Metropolitan Hospital Limited,Chittagong,,,,,,,,,,,,,,,,,,,,,
303,Prof. Dr. Mahmood Ahmed Chowdhury Arzu,"['MBBS', 'DCH', 'FCPS', 'FRCP']",PEDIATRICIAN,31,Chevron Clinical Laboratory (Pte.) Ltd. | Chittagong,Chittagong,,,,,,,,,,,,,,,,,,,,,
304,Dr. Sukanta Bhattacharyya,"['MBBS', 'DLO']",OTOLARYNGOLOGISTS (ENT),28,Chevron Clinical Laboratory (Pte.) Ltd. | Chittagong,Chittagong,,,,,,,,,,,,,,,,,,,,,
305,Prof. Dr. Md. Iqbal Hossain,"['MBBS', 'MS']",ORTHOPEDIC SURGEON,30,Chevron Clinical Laboratory (Pte.) Ltd. | Chittagong,Chittagong,,,,,,,,,,,,,,,,,,,,,
306,Prof. Dr. Uzzwal Kanti Das,"['MBBS', 'DTCD', 'FCPS', 'FCCP']",RESPIRATORY SPECIALIST,31,Chevron Clinical Laboratory (Pte.) Ltd. | Chittagong,Chittagong,,,,,,,,,,,,,,,,,,,,,
307,Assoc. Prof. Dr. M. A. Awal,"['MBBS', 'BCS']",ONCOLOGIST,27,Parkview Hospital Ltd. | Chittagong,Chittagong,,,,,,,,,,,,,,,,,,,,,
308,Dr. Nasir Uddin,"['MBBS', 'BCS', 'FCPS']",OTOLARYNGOLOGISTS (ENT),19,Parkview Hospital Ltd. | Chittagong,Chittagong,,,,,,,,,,,,,,,,,,,,,
309,Asst. Prof. Dr. Rajib Ghosh,"['MBBS', 'BCS', 'FCPS', 'MD']",CARDIOLOGIST,22,Parkview Hospital Ltd. | Chittagong,Chittagong,,,,,,,,,,,,,,,,,,,,,
310,Asst. Prof. Dr. Mohammad Moinuddin Chowdhury,"['MBBS', 'FCPS']",MEDICINE SPECIALIST,23,Parkview Hospital Ltd. | Chittagong,Chittagong,,,,,,,,,,,,,,,,,,,,,
311,Asst. Prof. Dr. Nazrul Quader Shikder,"['MBBS', 'DCH', 'MD']",PEDIATRICIAN,23,National Hospital Chattogram & Sigma Lab Ltd.,Chittagong,,,,,,,,,,,,,,,,,,,,,
312,Dr. Md. Amir Khasru,"['MBBS', 'CCD', 'DVD']",DERMATOLOGIST,18,National Hospital Chattogram & Sigma Lab Ltd.,Chittagong,,,,,,,,,,,,,,,,,,,,,
313,Dr. Mohammad Jashim Uddin,"['MBBS', 'FCPS', 'MD']",GASTROENTEROLOGIST,24,National Hospital Chattogram & Sigma Lab Ltd.,Chittagong,,,,,,,,,,,,,,,,,,,,,
314,Assoc. Prof. Dr. Md. Abdul Jalil,"['MBBS', 'BCS', 'D-CARD', 'CCD']",CARDIOLOGIST,25,National Hospital Chattogram & Sigma Lab Ltd.,Chittagong,,,,,,,,,,,,,,,,,,,,,
315,Asst. Prof. Dr. Tawhidur Rahman,"['MBBS', 'BCS', 'MD']",NEUROLOGIST,18,National Hospital Chattogram & Sigma Lab Ltd.,Chittagong,,,,,,,,,,,,,,,,,,,,,
316,Prof. Dr. Md. Amir Hossain,"['MBBS', 'FCPS']",MEDICINE SPECIALIST,31,Memon Maternity Hospital | Chittagong,Chittagong,,,,,,,,,,,,,,,,,,,,,
317,Asst. Prof. Dr. Mohammad Nur Uddin Tareq,"['MBBS', 'FCPS', 'MD', 'FSCAI (USA)']",CARDIOLOGIST,23,Memon Maternity Hospital | Chittagong,Chittagong,,,,,,,,,,,,,,,,,,,,,
318,Prof. Dr. Md Abdul Alim,"['MBBS', 'DLO']",OTOLARYNGOLOGISTS (ENT),30,Delta Health Care | Chattogram,Chittagong,,,,,,,,,,,,,,,,,,,,,
319,Prof. Dr. G. M. Zakir Hossain,"['MBBS', 'FCPS', 'FCPS', 'FRCS']",UROLOGIST,30,Delta Health Care | Chattogram,Chittagong,,,,,,,,,,,,,,,,,,,,,
320,Dr. Md. Kamrul Hasan,"['MBBS', 'BCS', 'MD', 'MACP', 'CCD']",NEPHROLOGIST,21,Delta Health Care | Chattogram,Chittagong,,,,,,,,,,,,,,,,,,,,,
321,Dr. Sojib Chowdhury,"['MBBS', 'FCPS']",MEDICINE SPECIALIST,19,Delta Health Care | Chattogram,Chittagong,,,,,,,,,,,,,,,,,,,,,
322,Dr. Kazi Shamim Al Mamun,"['MBBS', 'BCS', 'MD', 'FESC', 'MACP']",CARDIOLOGIST,22,Delta Health Care | Chattogram,Chittagong,,,,,,,,,,,,,,,,,,,,,
323,Dr. AFM Arifur Rahman,"['MBBC', 'D-CARD', 'MACP']",CARDIOLOGIST,18,Surgiscope Hospital Ltd. | Chittagong,Chittagong,,,,,,,,,,,,,,,,,,,,,
324,Dr. A.F.M. Mizanur Rahaman,"['MBBS', 'DDV']",DERMATOLOGIST,16,Surgiscope Hospital Ltd. | Chittagong,Chittagong,,,,,,,,,,,,,,,,,,,,,
325,Dr. Mohammad Emran,"['MBBS', 'BCS', 'DLO']",OTOLARYNGOLOGISTS (ENT),18,Surgiscope Hospital Ltd. | Chittagong,Chittagong,,,,,,,,,,,,,,,,,,,,,
326,Dr. Majed Sultan,"['MBBS', 'BCS', 'MS']",NEUROSURGEON,21,Surgiscope Hospital Ltd. | Chittagong,Chittagong,,,,,,,,,,,,,,,,,,,,,
327,Prof. Dr. Saleh Uddin Ahmad,"['MBBS', 'MS']",ORTHOPEDIC SURGEON,18,Surgiscope Hospital Ltd. | Chittagong,Chittagong,,,,,,,,,,,,,,,,,,,,,
328,Dr. Hasnina Akter,"['MBBS', 'MPH']",ONCOLOGIST,10,Evercare Hospital | Chattogram,Chittagong,,,,,,,,,,,,,,,,,,,,,
329,Prof. Dr. A.K.M. Shamsul Alam,"['MBBS', 'FCPS']",ANESTHESIOLOGIST,25,Evercare Hospital | Chattogram,Chittagong,,,,,,,,,,,,,,,,,,,,,
330,Dr. Mohammad Arifuzzaman,"['MBBS', 'BCS', 'DLO', 'FCPS']",OTOLARYNGOLOGISTS (ENT),18,Epic Health Care Ltd. | Chittagong,Chittagong,,,,,,,,,,,,,,,,,,,,,
331,Dr. Saiful Islam Badal,"['MBBS', 'BCS', 'MD']",PEDIATRICIAN,19,Epic Health Care Ltd. | Chittagong,Chittagong,,,,,,,,,,,,,,,,,,,,,
332,Prof. Dr. Prabir Kumar Das,"['MBBS', 'FCPS', 'MD', ' NICVD)', 'FACC (USA)']",CARDIOLOGIST,28,Epic Health Care Ltd. | Chittagong,Chittagong,,,,,,,,,,,,,,,,,,,,,
333,Dr. Abul Faisal Md. Nuruddin Chy,"['MBBS', 'BCS', 'FCPS']",MEDICINE SPECIALIST,21,Epic Health Care Ltd. | Chittagong,Chittagong,,,,,,,,,,,,,,,,,,,,,
334,Assoc. Prof. Dr. Fahad Goni,"['MBBS', 'MS']",ORTHOPEDIST,26,Epic Health Care Ltd. | Chittagong,Chittagong,,,,,,,,,,,,,,,,,,,,,
335,Prof. Dr. Sahena Akhtar,"['MBBS', 'DGO', 'FCPS']",GYNECOLOGIST & OBSTETRICIAN,30,CSCR Hospital & Diagnostic Center | Chittagong,Chittagong,,,,,,,,,,,,,,,,,,,,,
336,Dr. Shamim Boksha,"['MBBS', 'FCPS', 'MD']",GASTROENTEROLOGIST,31,CSCR Hospital & Diagnostic Center | Chittagong,Chittagong,,,,,,,,,,,,,,,,,,,,,
337,Prof. Dr. S. M. Tariq,"['MBBS', 'DO (DU)', 'MS']",OPHTHALMOLOGIST,32,CSCR Hospital & Diagnostic Center | Chittagong,Chittagong,,,,,,,,,,,,,,,,,,,,,
338,Prof. Dr. Nilakanta Bhattacharjee,"['MBBS', 'FCPS']",OTOLARYNGOLOGISTS (ENT),31,CSCR Hospital & Diagnostic Center | Chittagong,Chittagong,,,,,,,,,,,,,,,,,,,,,
339,Asst. Prof. Dr. Md. Iftekhar Hossain Khan,"['MBBS', 'FCPS']",OTOLARYNGOLOGISTS (ENT),21,CSCR Hospital & Diagnostic Center | Chittagong,Chittagong,,,,,,,,,,,,,,,,,,,,,
340,Dr. Md. Iftekhar Hossain Khan,"['MBBS', 'MD']",ENDOCRINOLOGIST,25,CSCR Hospital & Diagnostic Center | Chittagong,Chittagong,,,,,,,,,,,,,,,,,,,,,
341,Asst. Prof. Dr. Muhammad Jabed Bin Amin Chowdhury,"['MBBS', 'FCPS', 'BCS']",PEDIATRICIAN & NEONATOLOGIST,23,CSCR Hospital & Diagnostic Center | Chittagong,Chittagong,,,,,,,,,,,,,,,,,,,,,
342,Dr. Ekramul Haque,"['MBBS', 'DCH']",PEDIATRICIAN,18,CSCR Hospital & Diagnostic Center | Chittagong,Chittagong,,,,,,,,,,,,,,,,,,,,,
343,Prof. Dr. Wazir Ahmed,"['MBBS', 'DCH', 'FRCP']",PEDIATRICIAN & NEONATOLOGIST,29,CSCR Hospital & Diagnostic Center | Chittagong,Chittagong,,,,,,,,,,,,,,,,,,,,,
344,Dr. Md. Mujibul Haque,"['MBBS', 'BCS', 'D-CARD']",CARDIOLOGIST,19,CSCR Hospital & Diagnostic Center | Chittagong,Chittagong,,,,,,,,,,,,,,,,,,,,,
345,Dr. Mohammad Akram Hossain,"['MBBS', 'MPH', 'D-CARD', 'DIPLOMA IN ASTHMA (UK)']",CARDIOLOGIST,17,CSCR Hospital & Diagnostic Center | Chittagong,Chittagong,,,,,,,,,,,,,,,,,,,,,
346,Dr. Jamal Ahmed,"['MBBS', 'D-CARD']",CARDIOLOGIST,14,CSCR Hospital & Diagnostic Center | Chittagong,Chittagong,,,,,,,,,,,,,,,,,,,,,
347,Asst. Prof. Dr. Mohammad Nur Uddin Tareq,"['MBBS', 'BCS', 'FCPS', 'MD']",CARDIOLOGIST,21,CSCR Hospital & Diagnostic Center | Chittagong,Chittagong,,,,,,,,,,,,,,,,,,,,,
348,Assoc. Prof. Dr. Mohammad Ibrahim Chowdhury,"['MBBS', 'FCPS', 'D-CARD', 'MD']",CARDIOLOGIST,26,CSCR Hospital & Diagnostic Center | Chittagong,Chittagong,,,,,,,,,,,,,,,,,,,,,
349,Asst. Prof. Dr. Anisul Awal,"['MBBS', 'MCPS', 'FCPS', 'MD', 'FSCAI (USA)']",CARDIOLOGIST,23,CSCR Hospital & Diagnostic Center | Chittagong,Chittagong,,,,,,,,,,,,,,,,,,,,,
350,Dr. Mohammad Fazle Maruf,"['MBBS', 'MS']",CARDIOTHORACIC AND VASCULAR SURGEON,21,CSCR Hospital & Diagnostic Center | Chittagong,Chittagong,,,,,,,,,,,,,,,,,,,,,
350,Dr. Mohammad Fazle Maruf,"['MBBS', 'MS']",THORACIC SURGEON,21,CSCR Hospital & Diagnostic Center | Chittagong,Chittagong,,,,,,,,,,,,,,,,,,,,,
351,Dr. Shamima Anwar,"['MBBS', 'MCPS', 'IAIA (FELLOW)']",ONCOLOGIST,21,CSCR Hospital & Diagnostic Center | Chittagong,Chittagong,,,,,,,,,,,,,,,,,,,,,
352,Prof. Dr. Sajjad Mohammad Yusuff,"['MBBS', 'MCPS', 'FCPS']",ONCOLOGIST,26,CSCR Hospital & Diagnostic Center | Chittagong,Chittagong,,,,,,,,,,,,,,,,,,,,,
353,Dr. Mitu Debnath,"['MBBS', 'BCS', 'FCPS', 'MS']",GENERAL SURGEON,17,Popular Diagnostic Centre Ltd. | Barishal,Barisal,,,,,,,,,,,,,,,,,,,,,
353,Dr. Mitu Debnath,"['MBBS', 'BCS', 'FCPS', 'MS']",COLORECTAL & LAPAROSCOPIC SURGEON,17,Popular Diagnostic Centre Ltd. | Barishal,Barisal,,,,,,,,,,,,,,,,,,,,,
354,Dr. Sourav Sutar,"['MBBS', 'BCS', 'FCPS']",GENERAL SURGEON,21,Popular Diagnostic Centre Ltd. | Barishal,Barisal,,,,,,,,,,,,,,,,,,,,,
354,Dr. Sourav Sutar,"['MBBS', 'BCS', 'FCPS']",LAPAROSCOPIC SURGEON,21,Popular Diagnostic Centre Ltd. | Barishal,Barisal,,,,,,,,,,,,,,,,,,,,,
355,Prof. Dr. G.M. Nazimul Haque,"['MBBS', 'FCPS', 'FACS (USA)', 'FMAS (INDIA)']",GENERAL SURGEON,31,Popular Diagnostic Centre Ltd. | Barishal,Barisal,,,,,,,,,,,,,,,,,,,,,
355,Prof. Dr. G.M. Nazimul Haque,"['MBBS', 'FCPS', 'FACS (USA)', 'FMAS (INDIA)']",COLORECTAL SURGEON,31,Popular Diagnostic Centre Ltd. | Barishal,Barisal,,,,,,,,,,,,,,,,,,,,,
356,Assoc. Prof. Dr. Nasrin Haque,"['MBBS', 'DTCD', 'FCCP']",RESPIRATORY SPECIALIST,27,Popular Diagnostic Centre Ltd. | Barishal,Barisal,,,,,,,,,,,,,,,,,,,,,
357,Dr. Gopal Chandra Sarkar,"['MBBS', 'MD', 'FCPS']",RESPIRATORY SPECIALIST,19,Popular Diagnostic Centre Ltd. | Barishal,Barisal,,,,,,,,,,,,,,,,,,,,,
358,Dr. Mahmudul Hassan Banna,"['MBBS', 'BCS', 'DTCD', 'FCCP', 'CCD']",RESPIRATORY SPECIALIST,21,Popular Diagnostic Centre Ltd. | Barishal,Barisal,,,,,,,,,,,,,,,,,,,,,
359,Dr. Md. Jahangir Hossain,"['MBBS', 'BCS', 'MS']",UROLOGIST,20,Popular Diagnostic Centre Ltd. | Barishal,Barisal,,,,,,,,,,,,,,,,,,,,,
360,Dr. Dhananjoy Dey Biplab,"['MBBS', 'BCS', 'FCPS', 'MS']",UROLOGIST,18,Popular Diagnostic Centre Ltd. | Barishal,Barisal,,,,,,,,,,,,,,,,,,,,,
361,Dr. Arafat Hossain,"['MBBS', 'BCS', 'MS']",UROLOGIST,19,Popular Diagnostic Centre Ltd. | Barishal,Barisal,,,,,,,,,,,,,,,,,,,,,
362,Asst. Prof. Dr. Nazrul Islam Selim,"['MBBS', 'BCS', 'MS']",UROLOGIST,26,Popular Diagnostic Centre Ltd. | Barishal,Barisal,,,,,,,,,,,,,,,,,,,,,
363,Asst. Prof. Dr. Mohammad Shah Alam,"['MBBS', 'BCS', 'MS', 'CCD']",UROLOGIST,24,Popular Diagnostic Centre Ltd. | Barishal,Barisal,,,,,,,,,,,,,,,,,,,,,
364,Assoc. Prof. Dr. P. C. Biswas,"['MBBS', 'MPH', 'MS']",UROLOGIST,28,Popular Diagnostic Centre Ltd. | Barishal,Barisal,,,,,,,,,,,,,,,,,,,,,
365,Dr. Shirin Bakul Nipa,"['MBBS', 'BCS', 'DDV', 'FCPS']",DERMATOLOGIST,16,Popular Diagnostic Centre Ltd. | Barishal,Barisal,,,,,,,,,,,,,,,,,,,,,
366,Dr. Md. Rezwan Kaiser,"['MBBS', 'BCS', 'DD (THAILAND & JAPAN)', 'CCD']",DERMATOLOGIST,18,Popular Diagnostic Centre Ltd. | Barishal,Barisal,,,,,,,,,,,,,,,,,,,,,
367,Dr. Ayesha Siddika,"['MBBS', 'BCS', 'MCPS', 'MD']",DERMATOLOGIST,14,Popular Diagnostic Centre Ltd. | Barishal,Barisal,,,,,,,,,,,,,,,,,,,,,
368,Asst. Prof. Dr. Md. Kamruzzaman,"['MBBS', 'DDV', 'MCPS']",DERMATOLOGIST,23,Popular Diagnostic Centre Ltd. | Barishal,Barisal,,,,,,,,,,,,,,,,,,,,,
369,Dr. Md. Morshedur Rahman,"['MBBS', 'BCS', 'DDV']",DERMATOLOGIST,23,Popular Diagnostic Centre Ltd. | Barishal,Barisal,,,,,,,,,,,,,,,,,,,,,
370,Prof. Dr. Md. Asadur Rahman,"['MBBS', 'MS', 'FACS (USA)', 'MRCP']",OTOLARYNGOLOGISTS (ENT),31,Popular Diagnostic Centre Ltd. | Barishal,Barisal,,,,,,,,,,,,,,,,,,,,,
371,Dr. Mostafa Kamal,"['MBBS', 'BCS', 'DLO', 'CCD']",OTOLARYNGOLOGISTS (ENT),18,Popular Diagnostic Centre Ltd. | Barishal,Barisal,,,,,,,,,,,,,,,,,,,,,
372,Asst. Prof. Dr. Md. Mizanur Rahman,"['MBBS', 'BCS', 'MS']",OTOLARYNGOLOGISTS (ENT),23,Popular Diagnostic Centre Ltd. | Barishal,Barisal,,,,,,,,,,,,,,,,,,,,,
373,Dr. Md. Saiful Islam,"['MBBS', 'BCS', 'FCPS']",OTOLARYNGOLOGISTS (ENT),21,Popular Diagnostic Centre Ltd. | Barishal,Barisal,,,,,,,,,,,,,,,,,,,,,
374,Assoc. Prof. Dr. S.M. Mesbah Uddin Ahmed,"['MBBS', 'BCS', 'MCPS', 'FCPS']",OTOLARYNGOLOGISTS (ENT),26,Popular Diagnostic Centre Ltd. | Barishal,Barisal,,,,,,,,,,,,,,,,,,,,,
375,Dr. M. Shariful Islam Rumen,"['MBBS', 'BCS', 'FCPS']",OTOLARYNGOLOGISTS (ENT),18,Popular Diagnostic Centre Ltd. | Barishal,Barisal,,,,,,,,,,,,,,,,,,,,,
376,Dr. Md. Masud Khan,"['MBBS', 'BCS', 'FCPS', 'FCPS', 'MRCP']",GASTROENTEROLOGIST,18,Popular Diagnostic Centre Ltd. | Barishal,Barisal,,,,,,,,,,,,,,,,,,,,,
377,Dr. Subrata Prasad Sikder,"['MBBS', 'DCH', 'PGPN']",PEDIATRICIAN & NEONATOLOGIST,18,Popular Diagnostic Centre Ltd. | Barishal,Barisal,,,,,,,,,,,,,,,,,,,,,
378,Asst. Prof. Dr. Niaz Mahmud,"['MBBS', 'BCS', 'MD']",PEDIATRICIAN & NEONATOLOGIST,24,Popular Diagnostic Centre Ltd. | Barishal,Barisal,,,,,,,,,,,,,,,,,,,,,
379,Prof. Dr. M.R. Talukdar Mujib,"['MBBS', 'MD']",PEDIATRICIAN & NEONATOLOGIST,30,Popular Diagnostic Centre Ltd. | Barishal,Barisal,,,,,,,,,,,,,,,,,,,,,
380,Assoc. Prof. Dr. A K M Ariful Haque,"['MBBS', 'BCS', 'MD']",PEDIATRICIAN & NEONATOLOGIST,26,Popular Diagnostic Centre Ltd. | Barishal,Barisal,,,,,,,,,,,,,,,,,,,,,
381,Asst. Prof. Dr. Swapan Kumar Halder,"['MBBS', 'BCS', 'MCPS', 'MD', 'PGPN']",PEDIATRICIAN & NEONATOLOGIST,24,Popular Diagnostic Centre Ltd. | Barishal,Barisal,,,,,,,,,,,,,,,,,,,,,
382,Asst. Prof. Dr. Md. Mujibur Rahman,"['MBBS', 'BCS', 'FCPS', 'MD']",PEDIATRICIAN & NEONATOLOGIST,23,Popular Diagnostic Centre Ltd. | Barishal,Barisal,,,,,,,,,,,,,,,,,,,,,
383,Assoc. Prof. Dr. Uzzal Kumar Sadhu Khan,"['MBBS', 'BCS', 'MS']",NEUROSURGEON,26,Popular Diagnostic Centre Ltd. | Barishal,Barisal,,,,,,,,,,,,,,,,,,,,,
384,Dr. Kazi M. Monirul Islam,"['MBBS', 'BCS', 'MD']",NEUROMEDICINE SPECIALIST,23,Popular Diagnostic Centre Ltd. | Barishal,Barisal,,,,,,,,,,,,,,,,,,,,,
385,Dr. Uttam Roy,"['MBBS', 'BCS', 'FCPS', 'MD']",NEUROLOGIST,28,Popular Diagnostic Centre Ltd. | Barishal,Barisal,,,,,,,,,,,,,,,,,,,,,
386,Prof. Dr. Maliha Hakim,"['MBBS', 'MD']",NEUROLOGIST,28,Popular Diagnostic Centre Ltd. | Barishal,Barisal,,,,,,,,,,,,,,,,,,,,,
387,Assoc. Prof. Dr. Mohammad Masudur Rahman,"['MBBS', 'BCS', 'MD']",NEUROLOGIST,28,Popular Diagnostic Centre Ltd. | Barishal,Barisal,,,,,,,,,,,,,,,,,,,,,
388,Dr. Tanjina Tarannum Dipu,"['MBBS', 'MS', ' UK)']",NEUROLOGIST,18,Popular Diagnostic Centre Ltd. | Barishal,Barisal,,,,,,,,,,,,,,,,,,,,,
389,Dr. Sobuj Biswas,"['MBBS', 'BCS', 'FCPS', 'D-CARD', 'CCD']",CARDIOLOGIST,23,Popular Diagnostic Centre Ltd. | Barishal,Barisal,,,,,,,,,,,,,,,,,,,,,
390,Assoc. Prof. Dr. Sharafat Nurul Islam,"['MBBS', 'BCS', 'FCPS', 'MD']",CARDIOLOGIST,27,Popular Diagnostic Centre Ltd. | Barishal,Barisal,,,,,,,,,,,,,,,,,,,,,
391,Dr. Md. Afjal Hossain,"['MBBS', 'BCS', 'MD', 'MACP']",CARDIOLOGIST,21,Popular Diagnostic Centre Ltd. | Barishal,Barisal,,,,,,,,,,,,,,,,,,,,,
392,Dr. Rohan Khan,"['MBBS', 'PGT', 'D-CARD']",CARDIOLOGIST,19,Popular Diagnostic Centre Ltd. | Barishal,Barisal,,,,,,,,,,,,,,,,,,,,,
393,Dr. Md. Mushfiquzzaman,"['MBBS', 'BCS', 'D-CARD']",CARDIOLOGIST,19,Popular Diagnostic Centre Ltd. | Barishal,Barisal,,,,,,,,,,,,,,,,,,,,,
394,Dr. A.B.M. Imam Hossain Jewel,"['MBBS', 'BCS', 'MD', 'FCPS', 'CCD']",CARDIOLOGIST,21,Popular Diagnostic Centre Ltd. | Barishal,Barisal,,,,,,,,,,,,,,,,,,,,,
395,Prof. Dr. Aziz Rahim,"['MBBS', 'FICS', 'MS']",ORTHOPEDIC SURGEON,20,Popular Diagnostic Centre Ltd. | Barishal,Barisal,,,,,,,,,,,,,,,,,,,,,
396,Dr. Muhammad Osman Goni,['MBBS'],ORTHOPEDIC SURGEON,22,Popular Diagnostic Centre Ltd. | Barishal,Barisal,,,,,,,,,,,,,,,,,,,,,
397,Dr. Maruf Munsur,"['MBBS', 'BCS', 'MS']",ORTHOPEDIC SURGEON,16,Popular Diagnostic Centre Ltd. | Barishal,Barisal,,,,,,,,,,,,,,,,,,,,,
398,Dr. Md. Ziaul Hasan,"['MBBS', 'MS']",ORTHOPEDIC SURGEON,17,Popular Diagnostic Centre Ltd. | Barishal,Barisal,,,,,,,,,,,,,,,,,,,,,
399,Asst. Prof. Dr. M. Muniruzzaman Hira,"['MBBS', 'MS', 'FACS (USA)']",ORTHOPEDIC SURGEON,25,Popular Diagnostic Centre Ltd. | Barishal,Barisal,,,,,,,,,,,,,,,,,,,,,
400,Dr. Fazlay Rabby Khan,"['MBBS', 'BCS', 'MS']",ORTHOPEDIC SURGEON,17,Popular Diagnostic Centre Ltd. | Barishal,Barisal,,,,,,,,,,,,,,,,,,,,,
401,Dr. Mir Shahidul Hasan Shahin,"['MBBS', 'MS']",ORTHOPEDIC SURGEON,22,Popular Diagnostic Centre Ltd. | Barishal,Barisal,,,,,,,,,,,,,,,,,,,,,
402,Dr. Md. Amirul Islam,"['MBBS', 'BCS', 'MS']",ORTHOPEDIC SURGEON,21,Popular Diagnostic Centre Ltd. | Barishal,Barisal,,,,,,,,,,,,,,,,,,,,,
403,Asst. Prof. Dr. Md. Shihab Uddin,"['MBBS', 'D-ORTHO', 'MS', 'FWHO (THAILAND)']",ORTHOPEDIC SURGEON,24,Popular Diagnostic Centre Ltd. | Barishal,Barisal,,,,,,,,,,,,,,,,,,,,,
404,Dr. Mahmud Ullah Mahin,"['MBBS', 'BCS', 'MS']",ORTHOPEDIC SURGEON,23,Popular Diagnostic Centre Ltd. | Barishal,Barisal,,,,,,,,,,,,,,,,,,,,,
405,Dr. Md. Ferdous Rayhan,"['MBBS', 'BCS', 'D-ORTHO', 'MS']",ORTHOPEDIC SURGEON,19,Popular Diagnostic Centre Ltd. | Barishal,Barisal,,,,,,,,,,,,,,,,,,,,,
406,Dr. Sudip Kumar Halder,"['MBBS', 'MS']",ORTHOPEDIC SURGEON,20,Popular Diagnostic Centre Ltd. | Barishal,Barisal,,,,,,,,,,,,,,,,,,,,,
407,Assoc. Prof. Dr. Rebeka Khanam,"['MBBS', 'MCPS', 'FCPS']",GYNECOLOGIST & OBSTETRICIAN,25,Popular Diagnostic Centre Ltd. | Barishal,Barisal,,,,,,,,,,,,,,,,,,,,,
408,Dr. Moshiur Rahman,"['MBBS', 'BCS', 'FCPS']",GYNECOLOGIST & OBSTETRICIAN,20,Popular Diagnostic Centre Ltd. | Barishal,Barisal,,,,,,,,,,,,,,,,,,,,,
409,Dr. Israt Sharmin Barna,"['MBBS', 'BCS', 'DGO', 'FCPS']",GYNECOLOGIST & OBSTETRICIAN,17,Popular Diagnostic Centre Ltd. | Barishal,Barisal,,,,,,,,,,,,,,,,,,,,,
410,Dr. Sadia Amin,"['MBBS', 'BCS', 'FCPS']",GYNECOLOGIST & OBSTETRICIAN,15,Popular Diagnostic Centre Ltd. | Barishal,Barisal,,,,,,,,,,,,,,,,,,,,,
411,Asst. Prof. Dr. Uma Nag,"['MBBS', 'DGO', 'MCPS', 'FCPS']",GYNECOLOGIST & OBSTETRICIAN,23,Popular Diagnostic Centre Ltd. | Barishal,Barisal,,,,,,,,,,,,,,,,,,,,,
411,Asst. Prof. Dr. Uma Nag,"['MBBS', 'DGO', 'MCPS', 'FCPS']",GYNECOLOGIC ONCOLOGIST,23,Popular Diagnostic Centre Ltd. | Barishal,Barisal,,,,,,,,,,,,,,,,,,,,,
412,Dr. Tahura Akter,"['MBBS', 'BCS', 'MCPS', 'FCPS']",GYNECOLOGIST & OBSTETRICIAN,16,Popular Diagnostic Centre Ltd. | Barishal,Barisal,,,,,,,,,,,,,,,,,,,,,
413,Asst. Prof. Dr. Nasrin Sultana,"['MBBS', 'BCS', 'DGO', 'MCPS', 'FCPS']",GYNECOLOGIST & OBSTETRICIAN,24,Popular Diagnostic Centre Ltd. | Barishal,Barisal,,,,,,,,,,,,,,,,,,,,,
414,Asst. Prof. Dr. Farzana Ferdous Munmun,"['MBBS', 'BCS', 'DGO', 'FCPS']",GYNECOLOGIST & OBSTETRICIAN,23,Popular Diagnostic Centre Ltd. | Barishal,Barisal,,,,,,,,,,,,,,,,,,,,,
414,Asst. Prof. Dr. Farzana Ferdous Munmun,"['MBBS', 'BCS', 'DGO', 'FCPS']",LAPAROSCOPIC SURGEON,23,Popular Diagnostic Centre Ltd. | Barishal,Barisal,,,,,,,,,,,,,,,,,,,,,
415,Dr. Snigdha Chakraborty,"['MBBS', 'BCS', 'FCPS']",GYNECOLOGIST & OBSTETRICIAN,17,Popular Diagnostic Centre Ltd. | Barishal,Barisal,,,,,,,,,,,,,,,,,,,,,
415,Dr. Snigdha Chakraborty,"['MBBS', 'BCS', 'FCPS']",INFERTILITY SPECIALIST,17,Popular Diagnostic Centre Ltd. | Barishal,Barisal,,,,,,,,,,,,,,,,,,,,,
416,Dr. Solaiman Rupam,"['MBBS', 'FCPS', 'MACP']",MEDICINE SPECIALIST,23,Popular Diagnostic Centre Ltd. | Barishal,Barisal,,,,,,,,,,,,,,,,,,,,,
416,Dr. Solaiman Rupam,"['MBBS', 'FCPS', 'MACP']",GASTROENTEROLOGIST,23,Popular Diagnostic Centre Ltd. | Barishal,Barisal,,,,,,,,,,,,,,,,,,,,,
417,Dr. Tarikul Islam,"['MBBS', 'BCS', 'MCPS', 'FCPS']",MEDICINE SPECIALIST,17,Popular Diagnostic Centre Ltd. | Barishal,Barisal,,,,,,,,,,,,,,,,,,,,,
418,Dr. Tasmia Salsabil,"['MBBS', 'BCS', 'MD']",NEUROLOGIST,18,Popular Diagnostic Centre Ltd. | Barishal,Barisal,,,,,,,,,,,,,,,,,,,,,
419,Prof. Dr. Bhaskar Saha,"['MBBS', 'FCPS']",MEDICINE SPECIALIST,31,Popular Diagnostic Centre Ltd. | Barishal,Barisal,,,,,,,,,,,,,,,,,,,,,
420,Dr. Md. Mahadi Hasan,"['MBBS', 'BCS', 'FCPS']",MEDICINE SPECIALIST,17,Popular Diagnostic Centre Ltd. | Barishal,Barisal,,,,,,,,,,,,,,,,,,,,,
421,Prof. Dr. Saiyeedur Rahman,"['MBBS', 'FCPS', 'MD', 'FRCP', 'FACP', 'FWHO (THAILAND)']",MEDICINE SPECIALIST,30,Popular Diagnostic Centre Ltd. | Barishal,Barisal,,,,,,,,,,,,,,,,,,,,,
421,Prof. Dr. Saiyeedur Rahman,"['MBBS', 'FCPS', 'MD', 'FRCP', 'FACP', 'FWHO (THAILAND)']",HEPATOLOGIST,30,Popular Diagnostic Centre Ltd. | Barishal,Barisal,,,,,,,,,,,,,,,,,,,,,
422,Asst. Prof. Dr. Zahidul Islam Khan,"['MBBS', 'DTCD', 'MD', 'CMU', 'MACP', 'FRSPH']",RESPIRATORY SPECIALIST,22,Popular Diagnostic Centre Ltd. | Barishal,Barisal,,,,,,,,,,,,,,,,,,,,,
423,Dr. Shamim Ahmed,"['MBBS', 'BCS', 'FCPS', 'MD']",CARDIOLOGIST,18,Popular Diagnostic Centre Ltd. | Barishal,Barisal,,,,,,,,,,,,,,,,,,,,,
424,Assoc. Prof. Dr. A.J.M. Emrul Kayes,"['MBBS', 'BCS', 'MACP', 'MD']",MEDICINE SPECIALIST,26,Popular Diagnostic Centre Ltd. | Barishal,Barisal,,,,,,,,,,,,,,,,,,,,,
425,Dr. Kamal Hossain,"['MBBS', 'BCS', 'FCPS']",MEDICINE SPECIALIST,21,Popular Diagnostic Centre Ltd. | Barishal,Barisal,,,,,,,,,,,,,,,,,,,,,
426,Asst. Prof. Dr. Md. Rakibul Hasan,"['MBBS', 'BCS', 'MD']",ONCOLOGIST,16,Ibn Sina Diagnostic & Consultation Center | Chattogram,Chittagong,,,,,,,,,,,,,,,,,,,,,
427,Dr. Rezaul Haider Chowdhury,"['MBBS', 'MRCP', ' UK)']",ENDOCRINOLOGIST,22,Ibn Sina Diagnostic & Consultation Center | Chattogram,Chittagong,,,,,,,,,,,,,,,,,,,,,
428,Asst. Prof. Dr. Md. Saifullah Chowdhury,"['MBBS', 'BCS']",ENDOCRINOLOGIST,21,Ibn Sina Diagnostic & Consultation Center | Chattogram,Chittagong,,,,,,,,,,,,,,,,,,,,,
429,Dr. Khorshed Anowar,"['MBBS', 'DEM']",ENDOCRINOLOGIST,17,Ibn Sina Diagnostic & Consultation Center | Chattogram,Chittagong,,,,,,,,,,,,,,,,,,,,,
430,Dr. Mohammad Hasanuz Zaman,"['MBBS', 'MS']",ORTHOPEDIC SURGEON,26,Ibn Sina Diagnostic & Consultation Center | Chattogram,Chittagong,,,,,,,,,,,,,,,,,,,,,
431,Dr. Md. Mozaherul Islam,"['MBBS', 'BCS', 'MS']",ORTHOPEDIC SURGEON,18,Ibn Sina Diagnostic & Consultation Center | Chattogram,Chittagong,,,,,,,,,,,,,,,,,,,,,
432,Asst. Prof. Dr. Jabed Jahangir Tuhin,"['MBBS', 'BCS', 'MS']",ORTHOPEDIC SURGEON,22,Ibn Sina Diagnostic & Consultation Center | Chattogram,Chittagong,,,,,,,,,,,,,,,,,,,,,
433,Prof. Dr. Shahidul Huq,"['MBBS', 'FCPS']",SURGEON,29,Ibn Sina Diagnostic & Consultation Center | Chattogram,Chittagong,,,,,,,,,,,,,,,,,,,,,
434,Asst. Prof. Dr. Nazmoon Nahar Shampa,"['MBBS', 'FCPS']",SURGEON,22,Ibn Sina Diagnostic & Consultation Center | Chattogram,Chittagong,,,,,,,,,,,,,,,,,,,,,
435,Asst. Prof. Dr. Alia Aminul Hoque,"['MBBS', 'FCPS']",GYNECOLOGIST & OBSTETRICIAN,24,Ibn Sina Diagnostic & Consultation Center | Chattogram,Chittagong,,,,,,,,,,,,,,,,,,,,,
436,Dr. Taslima Begum,"['MBBS', 'MS']",GYNECOLOGIST & OBSTETRICIAN,25,Ibn Sina Diagnostic & Consultation Center | Chattogram,Chittagong,,,,,,,,,,,,,,,,,,,,,
437,Dr. Munthasir Yeashmin Munmun,"['MBBS', 'MCPS', 'FCPS']",GYNECOLOGIST & OBSTETRICIAN,19,Ibn Sina Diagnostic & Consultation Center | Chattogram,Chittagong,,,,,,,,,,,,,,,,,,,,,
438,Asst. Prof. Dr. Fatema Akter Shilpi,"['MBBS', 'MS']",GYNECOLOGIST & OBSTETRICIAN,23,Ibn Sina Diagnostic & Consultation Center | Chattogram,Chittagong,,,,,,,,,,,,,,,,,,,,,
439,Assoc. Prof. Dr. Fahmida Shirin Papri,"['MBBS', 'BCS', 'MS']",GYNECOLOGIST & OBSTETRICIAN,27,Ibn Sina Diagnostic & Consultation Center | Chattogram,Chittagong,,,,,,,,,,,,,,,,,,,,,
440,Dr. Sheikh Shawkat Kamal,"['MBBS', 'FCPS']",OTOLARYNGOLOGISTS (ENT),24,Ibn Sina Diagnostic & Consultation Center | Chattogram,Chittagong,,,,,,,,,,,,,,,,,,,,,
441,Asst. Prof. Dr. Nurul Karim Chowdhury,"['MBBS', 'BCS', 'FCPS']",OTOLARYNGOLOGISTS (ENT),23,Ibn Sina Diagnostic & Consultation Center | Chattogram,Chittagong,,,,,,,,,,,,,,,,,,,,,
442,Assoc. Prof. Dr. Samira Taufique Reshma,"['MBBS', 'FCPS']",HEMATOLOGIST,25,Ibn Sina Diagnostic & Consultation Center | Chattogram,Chittagong,,,,,,,,,,,,,,,,,,,,,
443,Dr. Lt. Col. Golam Rabbani,"['MBBS', 'MCPS', 'DCP', 'FCPS']",HEMATOLOGIST,27,Ibn Sina Diagnostic & Consultation Center | Chattogram,Chittagong,,,,,,,,,,,,,,,,,,,,,
444,Prof. Dr. Shahed Ahmad Chowdhury,"['MBBS', 'FCPS']",HEMATOLOGIST,31,Ibn Sina Diagnostic & Consultation Center | Chattogram,Chittagong,,,,,,,,,,,,,,,,,,,,,
445,Dr. Md. Jamal Uddin Tanin,"['MBBS', 'MD']",HEMATOLOGIST,19,Ibn Sina Diagnostic & Consultation Center | Chattogram,Chittagong,,,,,,,,,,,,,,,,,,,,,
446,Dr. Md. Ashiqur Rahman Papel,"['MBBS', 'BCS', 'MD', 'MCPS']",GASTROENTEROLOGIST,20,Ibn Sina Diagnostic & Consultation Center | Chattogram,Chittagong,,,,,,,,,,,,,,,,,,,,,
447,Dr. Farah Diba Sultana,"['MBBS', 'MCPS']",DERMATOLOGIST,15,Ibn Sina Diagnostic & Consultation Center | Chattogram,Chittagong,,,,,,,,,,,,,,,,,,,,,
448,Asst. Prof. Dr. Meherun Kabir,"['MBBS', 'DDV', 'MCPS']",DERMATOLOGIST,22,Ibn Sina Diagnostic & Consultation Center | Chattogram,Chittagong,,,,,,,,,,,,,,,,,,,,,
449,Dr. Deva Pratim Barua,"['MBBS', 'BCS', 'MD']",DERMATOLOGIST,23,Ibn Sina Diagnostic & Consultation Center | Chattogram,Chittagong,,,,,,,,,,,,,,,,,,,,,
450,Prof. Dr. Habibur Rahman,"['MBBS', 'BCS', 'DDV']",DERMATOLOGIST,30,Ibn Sina Diagnostic & Consultation Center | Chattogram,Chittagong,,,,,,,,,,,,,,,,,,,,,
451,Prof. Dr. Md. Monowar-Ul-Haque Shamim,"['MBBS', 'MS', 'FACS (USA)']",UROLOGIST,32,Ibn Sina Diagnostic & Consultation Center | Chattogram,Chittagong,,,,,,,,,,,,,,,,,,,,,
452,Prof. Dr. Mohammed Hasan Meah,"['MBBS', 'MS']",UROLOGIST,29,Ibn Sina Diagnostic & Consultation Center | Chattogram,Chittagong,,,,,,,,,,,,,,,,,,,,,
453,Asst. Prof. Dr. A K M Mohiuddin Manik,"['MBBS', 'BCS', 'DTCD']",RESPIRATORY SPECIALIST,18,Ibn Sina Diagnostic & Consultation Center | Chattogram,Chittagong,,,,,,,,,,,,,,,,,,,,,
454,Dr. Md. Nazmul Hasnine Nowsad,"['MBBS', 'BCS', 'MD']",RESPIRATORY SPECIALIST,21,Ibn Sina Diagnostic & Consultation Center | Chattogram,Chittagong,,,,,,,,,,,,,,,,,,,,,
455,Asst. Prof. Dr. Mostafa Noor Morshed,"['MBBS', 'DTCD (CHEST DISEASES)', 'FCCP']",RESPIRATORY SPECIALIST,23,Ibn Sina Diagnostic & Consultation Center | Chattogram,Chittagong,,,,,,,,,,,,,,,,,,,,,
456,Dr. M. Mahbub Alam,"['MBBS', 'PH.D (PHYSICAL MEDICINE)']",PHYSICAL MEDICINE,19,Ibn Sina Diagnostic & Consultation Center | Chattogram,Chittagong,,,,,,,,,,,,,,,,,,,,,
457,Asst. Prof. Dr. Md. Amanul Haque Bappy,"['MBBS', 'BCS', 'FCPS']",PHYSICAL MEDICINE,23,Ibn Sina Diagnostic & Consultation Center | Chattogram,Chittagong,,,,,,,,,,,,,,,,,,,,,
458,Dr. Md. Abirul Islam,"['MBBS', 'BCS', 'MPH', 'FCPS']",PHYSICAL MEDICINE,21,Ibn Sina Diagnostic & Consultation Center | Chattogram,Chittagong,,,,,,,,,,,,,,,,,,,,,
459,Asst. Prof. Dr. Mushfiqul Abrar,"['MBBS', 'MD']",HEPATOLOGIST,22,Ibn Sina Diagnostic & Consultation Center | Chattogram,Chittagong,,,,,,,,,,,,,,,,,,,,,
460,Prof. Dr. Md. Sheikh Ahmed,"['MBBS', 'FCPS']",PHYSICAL MEDICINE,22,Ibn Sina Diagnostic & Consultation Center | Chattogram,Chittagong,,,,,,,,,,,,,,,,,,,,,
461,Dr. Noor Uddin Zahed,"['MBBS', 'BCS', 'MD']",NEPHROLOGIST,23,Ibn Sina Diagnostic & Consultation Center | Chattogram,Chittagong,,,,,,,,,,,,,,,,,,,,,
462,Dr. Merina Arjumand,"['MBBS', 'BCS', 'MCPS', 'MD']",NEPHROLOGIST,21,Ibn Sina Diagnostic & Consultation Center | Chattogram,Chittagong,,,,,,,,,,,,,,,,,,,,,
463,Dr. Mohammad Abidur Shahedin Chowdhury,"['MBBS', 'D-CARD', 'CCD']",CARDIOLOGIST,15,Ibn Sina Diagnostic & Consultation Center | Chattogram,Chittagong,,,,,,,,,,,,,,,,,,,,,
464,Asst. Prof. Dr. Md. Mostafizur Rahman,"['MBBS', 'BCS']",CARDIOLOGIST,27,Ibn Sina Diagnostic & Consultation Center | Chattogram,Chittagong,,,,,,,,,,,,,,,,,,,,,
465,Asst. Prof. Dr. Md. Akhtarul Islam Chy,"['MBBS', 'D-CARD']",CARDIOLOGIST,27,Ibn Sina Diagnostic & Consultation Center | Chattogram,Chittagong,,,,,,,,,,,,,,,,,,,,,
466,Asst. Prof. Dr. S.M. Muizzul Akbar Chowdhury,"['MBBS', 'MD']",CARDIOLOGIST,24,Ibn Sina Diagnostic & Consultation Center | Chattogram,Chittagong,,,,,,,,,,,,,,,,,,,,,
467,Dr. A.H.M. Touhidur Reza,"['MBBS', 'BCS', 'MS']",NEUROSURGEON,20,Ibn Sina Diagnostic & Consultation Center | Chattogram,Chittagong,,,,,,,,,,,,,,,,,,,,,
468,Assoc. Prof. Dr. Mahfujul Quader,"['MBBS', 'BCS', 'MS']",NEUROSURGEON,28,Ibn Sina Diagnostic & Consultation Center | Chattogram,Chittagong,,,,,,,,,,,,,,,,,,,,,
469,Prof. Dr. S. M. Noman Khaled Chowdhury,"['MBBS', 'MS']",NEUROSURGEON,30,Ibn Sina Diagnostic & Consultation Center | Chattogram,Chittagong,,,,,,,,,,,,,,,,,,,,,
470,Prof. Dr. Syed M. Moinuddin,"['MBBS', 'MS', 'PHD', 'FUAMS (USA)', 'POST DOC (USA)']",NEUROSURGEON,17,Ibn Sina Diagnostic & Consultation Center | Chattogram,Chittagong,,,,,,,,,,,,,,,,,,,,,
471,Dr. Muhammad Rubel,"['MBBS', 'BCS']",NEUROMEDICINE SPECIALIST,17,Ibn Sina Diagnostic & Consultation Center | Chattogram,Chittagong,,,,,,,,,,,,,,,,,,,,,
472,Asst. Prof. Dr. Mohammad Salahuddin,"['MBBS', 'MD']",NEUROMEDICINE SPECIALIST,25,Ibn Sina Diagnostic & Consultation Center | Chattogram,Chittagong,,,,,,,,,,,,,,,,,,,,,
473,Asst. Prof. Dr. Rizwan Ahmad,"['MBBS', 'MD']",NEUROMEDICINE SPECIALIST,26,Ibn Sina Diagnostic & Consultation Center | Chattogram,Chittagong,,,,,,,,,,,,,,,,,,,,,
474,Dr. Md. Abu Bakar Siddique,"['MBBS', 'BCS', 'FCPS']",MEDICINE SPECIALIST,19,Ibn Sina Diagnostic & Consultation Center | Chattogram,Chittagong,,,,,,,,,,,,,,,,,,,,,
475,Asst. Prof. Dr. Prasenjit Barua,"['MBBS', 'FCPS', 'MACP']",MEDICINE SPECIALIST,23,Ibn Sina Diagnostic & Consultation Center | Chattogram,Chittagong,,,,,,,,,,,,,,,,,,,,,
476,Asst. Prof. Dr. Hiranmoy Dutta,"['MBBS', 'BCS', 'MCPS', 'FCPS', 'MRCP', 'MACP']",MEDICINE SPECIALIST,23,Ibn Sina Diagnostic & Consultation Center | Chattogram,Chittagong,,,,,,,,,,,,,,,,,,,,,
477,Dr. Romana Afaz Ireen,"['MBBS', 'BCS', 'FCPS']",MEDICINE SPECIALIST,18,Ibn Sina Diagnostic & Consultation Center | Chattogram,Chittagong,,,,,,,,,,,,,,,,,,,,,
478,Dr. Aparna Deb,"['MBBS', 'BCS', 'MRCP', 'MACP']",MEDICINE SPECIALIST,15,Ibn Sina Diagnostic & Consultation Center | Chattogram,Chittagong,,,,,,,,,,,,,,,,,,,,,
479,Asst. Prof. Dr. Mokter Hossain,"['MBBS', 'BCS', 'FCPS', 'MACP']",MEDICINE SPECIALIST,22,Ibn Sina Diagnostic & Consultation Center | Chattogram,Chittagong,,,,,,,,,,,,,,,,,,,,,
480,Prof. Dr. Md. Atiquel Islam Chowdhury,"['MBBS', 'MCPS', 'FCPS', 'MRCP']",MEDICINE SPECIALIST,28,Ibn Sina Diagnostic & Consultation Center | Chattogram,Chittagong,,,,,,,,,,,,,,,,,,,,,
481,Dr. Md. S. M Noor-E-Shadid,"['MBBS', 'BCS', 'MS']",PEDIATRIC SURGEON,25,Ibn Sina Diagnostic & Consultation Center | Bogura,Bogra,,,,,,,,,,,,,,,,,,,,,
482,Asst. Prof. Dr. K.M Zafrul Hossain Ripon,"['MBBS', 'MS']",PEDIATRIC SURGEON,27,Ibn Sina Diagnostic & Consultation Center | Bogura,Bogra,,,,,,,,,,,,,,,,,,,,,
483,Dr. Md. Masrurul Haque,"['MBBS', 'BCS', 'MD']",RHEUMATOLOGIST,24,Ibn Sina Diagnostic & Consultation Center | Bogura,Bogra,,,,,,,,,,,,,,,,,,,,,
484,Asst. Prof. Dr. Shahriar Faruque,"['MBBS', 'BCS', 'MCPS', 'MD']",PSYCHIATRIST,23,Ibn Sina Diagnostic & Consultation Center | Bogura,Bogra,,,,,,,,,,,,,,,,,,,,,
485,Dr. Khaja Amirul Islam,"['MBBS', 'BCS', 'MD']",HEMATOLOGIST,19,Ibn Sina Diagnostic & Consultation Center | Bogura,Bogra,,,,,,,,,,,,,,,,,,,,,
486,Dr. Md. Asif Rabbani,"['MBBS', 'BCS', 'MD']",PHYSICAL MEDICINE,21,Ibn Sina Diagnostic & Consultation Center | Bogura,Bogra,,,,,,,,,,,,,,,,,,,,,
487,Dr. Debashis Kumar Gupta,"['MBBS', 'MCPS', 'BCS', 'MD']",RESPIRATORY SPECIALIST,26,Ibn Sina Diagnostic & Consultation Center | Bogura,Bogra,,,,,,,,,,,,,,,,,,,,,
488,Dr. Md. Shohidul Islam,"['MBBS', 'BCS', 'MD']",RESPIRATORY SPECIALIST,25,Ibn Sina Diagnostic & Consultation Center | Bogura,Bogra,,,,,,,,,,,,,,,,,,,,,
489,Dr. Md. Nur - E- Azam,"['MBBS', 'BCS', 'MCPS', 'MRCP', 'MD']",GASTROENTEROLOGIST,18,Ibn Sina Diagnostic & Consultation Center | Bogura,Bogra,,,,,,,,,,,,,,,,,,,,,
490,Dr. Md. Nazmul Hasan,"['MBBS', 'BCS', 'MD']",PEDIATRIC GASTROENTEROLOGIST,23,Ibn Sina Diagnostic & Consultation Center | Bogura,Bogra,,,,,,,,,,,,,,,,,,,,,
491,Asst. Prof. Dr. Md. Fazlul Haque,"['MBBS', 'MS']",NEUROSURGEON,22,Ibn Sina Diagnostic & Consultation Center | Bogura,Bogra,,,,,,,,,,,,,,,,,,,,,
492,Dr. Md. Shahdul Islam Shahdat,"['BDS', 'BCS', 'FCPS']",MAXILLOFACIAL AND DENTAL SURGEON,25,Ibn Sina Diagnostic & Consultation Center | Bogura,Bogra,,,,,,,,,,,,,,,,,,,,,
493,Asst. Prof. Dr. Md. Wahiduzzaman,"['BDS', 'MCPS', 'FCPS']",MAXILLOFACIAL AND DENTAL SURGEON,25,Ibn Sina Diagnostic & Consultation Center | Bogura,Bogra,,,,,,,,,,,,,,,,,,,,,
494,Assoc. Prof. Dr. Ekramul Hasan Liton,"['BDS', 'MS']",MAXILLOFACIAL AND DENTAL SURGEON,26,Ibn Sina Diagnostic & Consultation Center | Bogura,Bogra,,,,,,,,,,,,,,,,,,,,,
495,Dr. Md. Nur Islam Talukder Lemon,"['BDS', 'PGT']",MAXILLOFACIAL AND DENTAL SURGEON,19,Ibn Sina Diagnostic & Consultation Center | Bogura,Bogra,,,,,,,,,,,,,,,,,,,,,
496,Dr. Shilpy Akter,"['MBBS', 'BCS', 'MD', 'MCPS']",DERMATOLOGIST,17,Ibn Sina Diagnostic & Consultation Center | Bogura,Bogra,,,,,,,,,,,,,,,,,,,,,
497,Asst. Prof. Dr. Mst. Tazmeri Sultana,"['MBBS', 'BCS', 'DDV', 'MCPS']",DERMATOLOGIST,23,Ibn Sina Diagnostic & Consultation Center | Bogura,Bogra,,,,,,,,,,,,,,,,,,,,,
498,Dr. Md. Khorshed Alam Mondal,"['MBBS', 'BCS', 'DDV', 'FMD (DHAKA)', 'DDOC (AUSTRIA)']",DERMATOLOGIST,22,Ibn Sina Diagnostic & Consultation Center | Bogura,Bogra,,,,,,,,,,,,,,,,,,,,,
499,Dr. Fatematuz Zahra,"['MBBS', 'BCS', 'DDV']",DERMATOLOGIST,18,Ibn Sina Diagnostic & Consultation Center | Bogura,Bogra,,,,,,,,,,,,,,,,,,,,,
500,Dr. Md. Abul Kalam Azad,"['MBBS', 'DO', 'FCPS']",OPHTHALMOLOGIST,20,Ibn Sina Diagnostic & Consultation Center | Bogura,Bogra,,,,,,,,,,,,,,,,,,,,,
501,Dr. Muhammad Faruk Hossain,"['MBBS', 'BCS', 'MS', 'FCPS']",UROLOGIST,19,Ibn Sina Diagnostic & Consultation Center | Bogura,Bogra,,,,,,,,,,,,,,,,,,,,,
502,Dr. Sonia Sheherin Toma,"['MBBS', 'BCS', 'M.PHIL']",ONCOLOGIST,21,Ibn Sina Diagnostic & Consultation Center | Bogura,Bogra,,,,,,,,,,,,,,,,,,,,,
503,Asst. Prof. Dr. Md. Tousifur Rahman,"['MBBS', 'MD']",ONCOLOGIST,19,Ibn Sina Diagnostic & Consultation Center | Bogura,Bogra,,,,,,,,,,,,,,,,,,,,,
504,Asst. Prof. Dr. Md. Ahamedul Kabir Jhinuk,"['MBBS', 'BCS', 'MD', 'MACE']",ENDOCRINOLOGIST,22,Ibn Sina Diagnostic & Consultation Center | Bogura,Bogra,,,,,,,,,,,,,,,,,,,,,
505,Dr. Sujon Sarkar,"['MBBS', 'BCS', 'MD']",NEPHROLOGIST,16,Ibn Sina Diagnostic & Consultation Center | Bogura,Bogra,,,,,,,,,,,,,,,,,,,,,
506,Asst. Prof. Dr. Md. Anisur Rahman,"['MBBS', 'BCS', 'MS']",OTOLARYNGOLOGISTS (ENT),18,Ibn Sina Diagnostic & Consultation Center | Bogura,Bogra,,,,,,,,,,,,,,,,,,,,,
507,Assoc. Prof. Dr. A.Q.M Mahmudul Haque Mamun,"['MBBS', 'BCS', 'DLO']",OTOLARYNGOLOGISTS (ENT),23,Ibn Sina Diagnostic & Consultation Center | Bogura,Bogra,,,,,,,,,,,,,,,,,,,,,
508,Dr. Md. Khorshed Alam,"['MBBS', 'BCS', 'FCPS']",OTOLARYNGOLOGISTS (ENT),26,Ibn Sina Diagnostic & Consultation Center | Bogura,Bogra,,,,,,,,,,,,,,,,,,,,,
509,Assoc. Prof. Dr. Samia Chharra,"['MBBS', 'MCPS', 'FCPS']",PEDIATRICIAN & NEONATOLOGIST,25,Ibn Sina Diagnostic & Consultation Center | Bogura,Bogra,,,,,,,,,,,,,,,,,,,,,
510,Dr. Hur-E-Jannat Afroza Haque Reema,"['MBBS', 'BCS', 'DCH', 'FCPS']",PEDIATRICIAN & NEONATOLOGIST,19,Ibn Sina Diagnostic & Consultation Center | Bogura,Bogra,,,,,,,,,,,,,,,,,,,,,
511,Prof. Dr. A.K. Boshak,"['MBBS', 'BCS', 'DCH', 'FCPS', 'MD']",PEDIATRICIAN & NEONATOLOGIST,28,Ibn Sina Diagnostic & Consultation Center | Bogura,Bogra,,,,,,,,,,,,,,,,,,,,,
512,Asst. Prof. Dr. A.K.M. Shaharul Islam,"['MBBS', 'D-ORTHO']",ORTHOPEDIC SURGEON,24,Ibn Sina Diagnostic & Consultation Center | Bogura,Bogra,,,,,,,,,,,,,,,,,,,,,
513,Dr. Md. Arifur Rahman Talukdar,"['MBBS', 'BCS', 'D-ORTHO', 'AO TRAUMA (INDIA)']",ORTHOPEDIC SURGEON,23,Ibn Sina Diagnostic & Consultation Center | Bogura,Bogra,,,,,,,,,,,,,,,,,,,,,
514,Dr. Md. Mahmudul Hasan,"['MBBS', 'BCS', 'MS']",ORTHOPEDIC SURGEON,22,Ibn Sina Diagnostic & Consultation Center | Bogura,Bogra,,,,,,,,,,,,,,,,,,,,,
515,Assoc. Prof. Dr. M.A.K. Shams Uddin Mintu,"['MBBS', 'D-ORTHO']",ORTHOPEDIC SURGEON,25,Ibn Sina Diagnostic & Consultation Center | Bogura,Bogra,,,,,,,,,,,,,,,,,,,,,
516,Dr. Md. Nazrul Islam Nahid,"['MBBS', 'BCS', 'MS']",ORTHOPEDIC SURGEON,24,Ibn Sina Diagnostic & Consultation Center | Bogura,Bogra,,,,,,,,,,,,,,,,,,,,,
517,Assoc. Prof. Dr. Md. Nazibullah,"['MBBS', 'D-ORTHO']",ORTHOPEDIC SURGEON,21,Ibn Sina Diagnostic & Consultation Center | Bogura,Bogra,,,,,,,,,,,,,,,,,,,,,
518,Asst. Prof. Dr. Shohela Parvin Jolly,"['MBBS', 'FCPS', 'MCPS']",GYNECOLOGIST & OBSTETRICIAN,26,Ibn Sina Diagnostic & Consultation Center | Bogura,Bogra,,,,,,,,,,,,,,,,,,,,,
519,Dr. Abida Sultana Rupa,"['MBBS', 'BCS', 'FCPS']",GYNECOLOGIST & OBSTETRICIAN,18,Ibn Sina Diagnostic & Consultation Center | Bogura,Bogra,,,,,,,,,,,,,,,,,,,,,
520,Dr. Niva Rani Das,"['MBBS', 'BCS', 'FCPS']",GYNECOLOGIST & OBSTETRICIAN,21,Ibn Sina Diagnostic & Consultation Center | Bogura,Bogra,,,,,,,,,,,,,,,,,,,,,
521,Dr. Aeysha Begum,"['MBBS', 'FCPS', 'MCPS']",GYNECOLOGIST & OBSTETRICIAN,20,Ibn Sina Diagnostic & Consultation Center | Bogura,Bogra,,,,,,,,,,,,,,,,,,,,,
522,Dr. Nadia Islam,"['MBBS', 'BCS', 'FCPS']",GYNECOLOGIST & OBSTETRICIAN,18,Ibn Sina Diagnostic & Consultation Center | Bogura,Bogra,,,,,,,,,,,,,,,,,,,,,
523,Asst. Prof. Dr. Syeda Begum,"['MBBS', 'MS', 'PHD']",GYNECOLOGIST & OBSTETRICIAN,26,Ibn Sina Diagnostic & Consultation Center | Bogura,Bogra,,,,,,,,,,,,,,,,,,,,,
524,Asst. Prof. Dr. Hasina Akhter Rekha,"['MBBS', 'BCS', 'MS', 'FCPS']",GYNECOLOGIST & OBSTETRICIAN,23,Ibn Sina Diagnostic & Consultation Center | Bogura,Bogra,,,,,,,,,,,,,,,,,,,,,
524,Asst. Prof. Dr. Hasina Akhter Rekha,"['MBBS', 'BCS', 'MS', 'FCPS']",INFERTILITY SPECIALIST,23,Ibn Sina Diagnostic & Consultation Center | Bogura,Bogra,,,,,,,,,,,,,,,,,,,,,
524,Asst. Prof. Dr. Hasina Akhter Rekha,"['MBBS', 'BCS', 'MS', 'FCPS']",LAPAROSCOPIC SURGEON,23,Ibn Sina Diagnostic & Consultation Center | Bogura,Bogra,,,,,,,,,,,,,,,,,,,,,
525,Dr. Rafiat Jobira Mithila,"['MBBS', 'BCS', 'DGO']",GYNECOLOGIST & OBSTETRICIAN,19,Ibn Sina Diagnostic & Consultation Center | Bogura,Bogra,,,,,,,,,,,,,,,,,,,,,
526,Dr. Taslima Abid Shapla,"['MBBS', 'BCS', 'MCPS', 'FCPS']",GYNECOLOGIST & OBSTETRICIAN,21,Ibn Sina Diagnostic & Consultation Center | Bogura,Bogra,,,,,,,,,,,,,,,,,,,,,
526,Dr. Taslima Abid Shapla,"['MBBS', 'BCS', 'MCPS', 'FCPS']",INFERTILITY SPECIALIST,21,Ibn Sina Diagnostic & Consultation Center | Bogura,Bogra,,,,,,,,,,,,,,,,,,,,,
527,Dr. Md. Fysal Faruk,"['MBBS', 'BCS', 'MD']",CARDIOLOGIST,20,Ibn Sina Diagnostic & Consultation Center | Bogura,Bogra,,,,,,,,,,,,,,,,,,,,,
528,Asst. Prof. Dr. Shahadat Hossain,"['MBBS', 'BCS', 'MD']",CARDIOLOGIST,24,Ibn Sina Diagnostic & Consultation Center | Bogura,Bogra,,,,,,,,,,,,,,,,,,,,,
529,Dr. Mohammad Ruhul Amin,"['MBBS', 'BCS', 'MD']",CARDIOLOGIST,19,Ibn Sina Diagnostic & Consultation Center | Bogura,Bogra,,,,,,,,,,,,,,,,,,,,,
530,Dr. Mir Rasekh Alam Ovi,"['MBBS', 'BCS', 'FCPS', 'FMAS', 'FACS']",GENERAL SURGEON,13,Popular Diagnostic Centre Ltd. | Dhanmondi,Dhaka,,,,,,,,,,,,,,,,,,,,,
530,Dr. Mir Rasekh Alam Ovi,"['MBBS', 'BCS', 'FCPS', 'FMAS', 'FACS']",COLORECTAL SURGEON,13,Popular Diagnostic Centre Ltd. | Dhanmondi,Dhaka,,,,,,,,,,,,,,,,,,,,,
531,Dr. Shek Mosiur Rahman Dipu,"['MBBS', 'BCS', 'MD', 'BSMMU']",PEDIATRICIAN,16,Probin Hospital,Dhaka,,,,,,,,,,,,,,,,,,,,,
532,Dr. Md. Mizanur Rahman Mizan,"['MBBS', 'D-CARD', 'FCPS', 'MD', ' COURSE)']",MEDICINE SPECIALIST,20,Fair Lab Diagnostic & Consultation Center,Dhaka,,,,,,,,,,,,,,,,,,,,,
532,Dr. Md. Mizanur Rahman Mizan,"['MBBS', 'D-CARD', 'FCPS', 'MD', ' COURSE)']",NEPHROLOGIST,20,Fair Lab Diagnostic & Consultation Center,Dhaka,,,,,,,,,,,,,,,,,,,,,
532,Dr. Md. Mizanur Rahman Mizan,"['MBBS', 'D-CARD', 'FCPS', 'MD', ' COURSE)']",CARDIOLOGIST,20,Fair Lab Diagnostic & Consultation Center,Dhaka,,,,,,,,,,,,,,,,,,,,,
533,Asst. Prof. Dr. Shakila Ishrat Jahan,"['MBBS', 'MS', 'MRCS (UK)', 'FACS (AMERICA)']",PEDIATRIC CARDIOLOGIST,16,Fair Lab Diagnostic & Consultation Center,Dhaka,,,,,,,,,,,,,,,,,,,,,
534,Asst. Prof. Dr. Dewan Khairul Alam,"['MBBS', 'PGT', 'MD']",MEDICINE SPECIALIST,24,Fair Lab Diagnostic & Consultation Center,Dhaka,,,,,,,,,,,,,,,,,,,,,
534,Asst. Prof. Dr. Dewan Khairul Alam,"['MBBS', 'PGT', 'MD']",RHEUMATOLOGIST,24,Fair Lab Diagnostic & Consultation Center,Dhaka,,,,,,,,,,,,,,,,,,,,,
535,Asst. Prof. Dr. Sajedul Bari Amin,"['MBBS', 'BCS', 'FCPS', 'MS']",CARDIOTHORACIC AND VASCULAR SURGEON,22,Fair Lab Diagnostic & Consultation Center,Dhaka,,,,,,,,,,,,,,,,,,,,,
536,Assoc. Prof. Dr. Md. Rezaul Karim,"['MBBS', 'BCS', 'MS', 'FCPS', 'FACS (USA)', 'FEBCTS (EUROPE)']",THORACIC SURGEON,24,Fair Lab Diagnostic & Consultation Center,Dhaka,,,,,,,,,,,,,,,,,,,,,
536,Assoc. Prof. Dr. Md. Rezaul Karim,"['MBBS', 'BCS', 'MS', 'FCPS', 'FACS (USA)', 'FEBCTS (EUROPE)']",CARDIOTHORACIC SURGEON,24,Fair Lab Diagnostic & Consultation Center,Dhaka,,,,,,,,,,,,,,,,,,,,,
537,Asst. Prof. Dr. Md. Younus Ali,"['MBBS', 'CCD', 'D-CARD']",CARDIOLOGIST,23,Ibn Sina Diagnostic & Consultation Center | Bogura,Bogra,,,,,,,,,,,,,,,,,,,,,
538,Dr. Afsana Rahman,"['MBBS', 'BCS', 'D-CARD']",CARDIOLOGIST,12,Ibn Sina Diagnostic & Consultation Center | Rajshahi,Rajshahi,,,,,,,,,,,,,,,,,,,,,
539,Dr. A.K.M. Rezwanul Islam,"['MBBS', 'BCS', 'MD']",CARDIOLOGIST,15,Ibn Sina Diagnostic & Consultation Center | Rajshahi,Rajshahi,,,,,,,,,,,,,,,,,,,,,
540,Prof. Dr. Nurul Islam,"['MBBS', 'M.PHIL']",ONCOLOGIST,23,Ibn Sina Diagnostic & Consultation Center | Rajshahi,Rajshahi,,,,,,,,,,,,,,,,,,,,,
541,Dr. A S M Aminul Islam,"['MBBS', 'BCS', 'FCPS']",GENERAL SURGEON,17,Ibn Sina Diagnostic & Consultation Center | Bogura,Bogra,,,,,,,,,,,,,,,,,,,,,
541,Dr. A S M Aminul Islam,"['MBBS', 'BCS', 'FCPS']",COLORECTAL & LAPAROSCOPIC SURGEON,17,Ibn Sina Diagnostic & Consultation Center | Bogura,Bogra,,,,,,,,,,,,,,,,,,,,,
542,Dr. Lokman Hossain Juwel,"['MBBS', 'FCPS']",GENERAL SURGEON,18,Ibn Sina Diagnostic & Consultation Center | Bogura,Bogra,,,,,,,,,,,,,,,,,,,,,
542,Dr. Lokman Hossain Juwel,"['MBBS', 'FCPS']",COLORECTAL & LAPAROSCOPIC SURGEON,18,Ibn Sina Diagnostic & Consultation Center | Bogura,Bogra,,,,,,,,,,,,,,,,,,,,,
543,Dr. Md. Salimullah Akando,"['MBBS', 'BCS', 'MS']",GENERAL SURGEON,23,Ibn Sina Diagnostic & Consultation Center | Bogura,Bogra,,,,,,,,,,,,,,,,,,,,,
543,Dr. Md. Salimullah Akando,"['MBBS', 'BCS', 'MS']",LAPAROSCOPIC SURGEON,23,Ibn Sina Diagnostic & Consultation Center | Bogura,Bogra,,,,,,,,,,,,,,,,,,,,,
544,Dr. Md. Arif Anam,"['MBBS', 'BCS', 'FCPS']",GENERAL SURGEON,21,Ibn Sina Diagnostic & Consultation Center | Bogura,Bogra,,,,,,,,,,,,,,,,,,,,,
545,Dr. Md. Abdul Halim,"['MBBS', 'BCS', 'FCPS']",GENERAL SURGEON,21,Ibn Sina Diagnostic & Consultation Center | Bogura,Bogra,,,,,,,,,,,,,,,,,,,,,
545,Dr. Md. Abdul Halim,"['MBBS', 'BCS', 'FCPS']",COLORECTAL & LAPAROSCOPIC SURGEON,21,Ibn Sina Diagnostic & Consultation Center | Bogura,Bogra,,,,,,,,,,,,,,,,,,,,,
546,Asst. Prof. Dr. Md. Shaharul Alam Mondol,"['MBBS', 'BCS', 'MS', 'FACS (USA)']",GENERAL SURGEON,25,Ibn Sina Diagnostic & Consultation Center | Bogura,Bogra,,,,,,,,,,,,,,,,,,,,,
546,Asst. Prof. Dr. Md. Shaharul Alam Mondol,"['MBBS', 'BCS', 'MS', 'FACS (USA)']",LAPAROSCOPIC SURGEON,25,Ibn Sina Diagnostic & Consultation Center | Bogura,Bogra,,,,,,,,,,,,,,,,,,,,,
547,Dr. Md. Nazmul Haque,"['MBBS', 'BCS', 'MD']",NEUROMEDICINE SPECIALIST,21,Ibn Sina Diagnostic & Consultation Center | Bogura,Bogra,,,,,,,,,,,,,,,,,,,,,
548,Dr. Md. Jafrul Kawsar,"['MBBS', 'BCS', 'MD']",NEUROMEDICINE SPECIALIST,24,Ibn Sina Diagnostic & Consultation Center | Bogura,Bogra,,,,,,,,,,,,,,,,,,,,,
549,Dr. Md. Rafiqul Islam,"['MBBS', 'FCPS']",MEDICINE SPECIALIST,23,Ibn Sina Diagnostic & Consultation Center | Bogura,Bogra,,,,,,,,,,,,,,,,,,,,,
550,Asst. Prof. Dr. Md. Rashedul Kabir,"['MBBS', 'BCS', 'MD']",MEDICINE SPECIALIST,21,Ibn Sina Diagnostic & Consultation Center | Bogura,Bogra,,,,,,,,,,,,,,,,,,,,,
551,Dr. Jobayer Ahmed Khan,"['MBBS', 'BCS', 'FCPS']",MEDICINE SPECIALIST,19,Ibn Sina Diagnostic & Consultation Center | Bogura,Bogra,,,,,,,,,,,,,,,,,,,,,
552,Asst. Prof. Dr. Md. Ahsan Habib,"['MBBS', 'BCS', 'FCPS', 'MACP']",MEDICINE SPECIALIST,25,Ibn Sina Diagnostic & Consultation Center | Bogura,Bogra,,,,,,,,,,,,,,,,,,,,,
553,Dr. Mst. Nilufa Yeasmin,"['MBBS', 'BCS', 'FCPS']",MEDICINE SPECIALIST,19,Ibn Sina Diagnostic & Consultation Center | Bogura,Bogra,,,,,,,,,,,,,,,,,,,,,
554,Dr. Abu Hena Mahmud Runu,"['MBBS', 'CCD', 'FCPS']",MEDICINE SPECIALIST,22,Ibn Sina Diagnostic & Consultation Center | Bogura,Bogra,,,,,,,,,,,,,,,,,,,,,
555,Dr. Md. Mahmudur Rahman,"['MBBS', 'MCPS', 'FCPS']",OPHTHALMOLOGIST,22,Ibn Sina Hospital & Diagnostic Center | Jessore,Jessore,,,,,,,,,,,,,,,,,,,,,
556,Dr. A. S. M. Abdullah,"['MBBS', 'BCS', 'D-ORTHO']",ORTHOPEDIC SURGEON,14,Ibn Sina Diagnostic & Consultation Center | Rajshahi,Rajshahi,,,,,,,,,,,,,,,,,,,,,
557,Assoc. Prof. Dr. Md. Mohammad Alamgir Hossain,"['MBBS', 'BCS', 'MS']",ORTHOPEDIST,18,Ibn Sina Diagnostic & Consultation Center | Rajshahi,Rajshahi,,,,,,,,,,,,,,,,,,,,,
558,Asst. Prof. Dr. M. Morsed Zaman Miah,"['MBBS', 'FCPS', 'MCPS']",HEMATOLOGIST,16,Ibn Sina Diagnostic & Consultation Center | Rajshahi,Rajshahi,,,,,,,,,,,,,,,,,,,,,
559,Asst. Prof. Dr. Nazrul Islam,"['MBBS', 'BCS', 'MD']",HEMATOLOGIST,17,Ibn Sina Diagnostic & Consultation Center | Rajshahi,Rajshahi,,,,,,,,,,,,,,,,,,,,,
560,Asst. Prof. Dr. Md. Mahmudul Hasan Pannu,"['MBBS', 'BCS', 'FCPS', 'MS', ' BSMMU)']",COLORECTAL & LAPAROSCOPIC SURGEON,24,Ibn Sina Hospital & Diagnostic Center | Jessore,Jessore,,,,,,,,,,,,,,,,,,,,,
561,Dr. Md. Joynal Abeden Mukul,['MBBS'],GENERAL SURGEON,24,Ibn Sina Hospital & Diagnostic Center | Jessore,Jessore,,,,,,,,,,,,,,,,,,,,,
562,Assoc. Prof. Dr. Nurul Islam,"['MBBS', 'BCS', 'MD', 'MACP']",MEDICINE SPECIALIST,20,Ibn Sina Diagnostic & Consultation Center | Rajshahi,Rajshahi,,,,,,,,,,,,,,,,,,,,,
563,Asst. Prof. Dr. Md. Safiul Alam,"['MBBS', 'FCPS']",COLORECTAL & LAPAROSCOPIC SURGEON,23,Ibn Sina Hospital & Diagnostic Center | Jessore,Jessore,,,,,,,,,,,,,,,,,,,,,
564,Prof. Dr. N K Alam,"['MBBS', 'BCS', 'FCPS']",GENERAL SURGEON,28,Ibn Sina Hospital & Diagnostic Center | Jessore,Jessore,,,,,,,,,,,,,,,,,,,,,
564,Prof. Dr. N K Alam,"['MBBS', 'BCS', 'FCPS']",COLORECTAL & LAPAROSCOPIC SURGEON,28,Ibn Sina Hospital & Diagnostic Center | Jessore,Jessore,,,,,,,,,,,,,,,,,,,,,
565,Dr. Mahbubur Rahman,"['MBBS', 'BCS', 'CCD', 'BIRDEM)', 'PGT', 'NEPHROLOGY', ' NEURO MEDICINE', 'CARDIOLOGY)', 'MRCP']",DIABETOLOGIST,23,Ibn Sina Hospital & Diagnostic Center | Jessore,Jessore,,,,,,,,,,,,,,,,,,,,,
565,Dr. Mahbubur Rahman,"['MBBS', 'BCS', 'CCD', 'BIRDEM)', 'PGT', 'NEPHROLOGY', ' NEURO MEDICINE', 'CARDIOLOGY)', 'MRCP']",MEDICINE SPECIALIST,23,Ibn Sina Hospital & Diagnostic Center | Jessore,Jessore,,,,,,,,,,,,,,,,,,,,,
566,Dr. Syeda Momena Hossain Nishi,"['MBBS', 'BCS', 'MS']",GENERAL SURGEON,14,Ibn Sina Diagnostic & Consultation Center | Rajshahi,Rajshahi,,,,,,,,,,,,,,,,,,,,,
567,Dr. Md. Israfil Islam,"['MBBS', 'BCS', 'MS', 'MCPS']",GENERAL SURGEON,16,Ibn Sina Diagnostic & Consultation Center | Rajshahi,Rajshahi,,,,,,,,,,,,,,,,,,,,,
568,Dr. Tamanna Tasnim,"['MBBS', 'BCS', 'MS']",GENERAL SURGEON,15,Ibn Sina Diagnostic & Consultation Center | Rajshahi,Rajshahi,,,,,,,,,,,,,,,,,,,,,
569,Dr. Md. Golam Mortuza,"['MBBS', 'FCPS', 'MS']",GENERAL SURGEON,16,Ibn Sina Diagnostic & Consultation Center | Rajshahi,Rajshahi,,,,,,,,,,,,,,,,,,,,,
570,Asst. Prof. Dr. Md. Shahidul Islam,"['MBBS', 'FCPS', 'FMAS (INDIA)']",GENERAL SURGEON,16,Ibn Sina Diagnostic & Consultation Center | Rajshahi,Rajshahi,,,,,,,,,,,,,,,,,,,,,
571,Dr. M. M. Rana,"['MBBS', 'BCS', 'MD', 'MCPS']",PSYCHIATRIST,16,Ibn Sina Diagnostic & Consultation Center | Rajshahi,Rajshahi,,,,,,,,,,,,,,,,,,,,,
572,Dr. S M Shahabul Karim,['MBBS'],ORTHOPEDIC SURGEON,23,Ibn Sina Hospital & Diagnostic Center | Jessore,Jessore,,,,,,,,,,,,,,,,,,,,,
573,Dr. Md. Mosharraf Hossain,"['MBBS', 'D.ORTHO', 'MS']",ORTHOPEDIC SURGEON,20,Ibn Sina Hospital & Diagnostic Center | Jessore,Jessore,,,,,,,,,,,,,,,,,,,,,
574,Asst. Prof. Dr. Chitta Ranjan Roy,"['MBBS', 'MS', 'FCPS']",ORTHOPEDIC SURGEON,24,Ibn Sina Hospital & Diagnostic Center | Jessore,Jessore,,,,,,,,,,,,,,,,,,,,,
575,Dr. Md. Abdur Rashid,['MBBS'],ORTHOPEDIC SURGEON,19,Ibn Sina Hospital & Diagnostic Center | Jessore,Jessore,,,,,,,,,,,,,,,,,,,,,
576,Prof. Dr. Hadiuzzaman,"['MBBS', 'FCPS']",DERMATOLOGIST,29,Ibn Sina Hospital & Diagnostic Center | Jessore,Jessore,,,,,,,,,,,,,,,,,,,,,
577,Dr. Romena Akter,"['MBBS', 'DCH', 'FAMS', 'DDV', 'FCPS']",DERMATOLOGIST,23,Ibn Sina Hospital & Diagnostic Center | Jessore,Jessore,,,,,,,,,,,,,,,,,,,,,
578,Dr. Afsana Ferdous,"['BDS', 'CRP (DMC)', 'PGT']",MAXILLOFACIAL AND DENTAL SURGEON,14,Ibn Sina Hospital & Diagnostic Center | Jessore,Jessore,,,,,,,,,,,,,,,,,,,,,
579,Dr. Md. Mahmudul Hasan Kanon,"['BDS', 'PGT']",MAXILLOFACIAL AND DENTAL SURGEON,13,Ibn Sina Hospital & Diagnostic Center | Jessore,Jessore,,,,,,,,,,,,,,,,,,,,,
580,Assoc. Prof. Dr. S. M. Salahuddin Al Azad Shohag,['BDS'],MAXILLOFACIAL AND DENTAL SURGEON,24,Ibn Sina Hospital & Diagnostic Center | Jessore,Jessore,,,,,,,,,,,,,,,,,,,,,
581,Dr. Md. Shoriful Islam Shorif,"['MBBS', 'MD', 'MACP']",NEPHROLOGIST,24,Ibn Sina Hospital & Diagnostic Center | Jessore,Jessore,,,,,,,,,,,,,,,,,,,,,
582,Dr. Md. Nazmul Arefin,"['MBBS', 'MCPS', 'FCPS', 'FCPS']",UROLOGIST,19,Ibn Sina Hospital & Diagnostic Center | Jessore,Jessore,,,,,,,,,,,,,,,,,,,,,
583,Asst. Prof. Dr. Masud Zaman Shvon,"['MBBS', 'BCS', 'MS']",UROLOGIST,18,Ibn Sina Hospital & Diagnostic Center | Jessore,Jessore,,,,,,,,,,,,,,,,,,,,,
584,Dr. Md. Noor Kutubul Alam,"['MBBS', 'BCS', 'FCPS']",OTOLARYNGOLOGISTS (ENT),23,Ibn Sina Hospital & Diagnostic Center | Jessore,Jessore,,,,,,,,,,,,,,,,,,,,,
585,Dr. Hasinatul Zannat Sumi,"['MBBS', 'BCS', 'FCPS', 'MD']",NEPHROLOGIST,13,Ibn Sina Diagnostic & Consultation Center | Rajshahi,Rajshahi,,,,,,,,,,,,,,,,,,,,,
586,Dr. Anamul Kabir,"['MBBS', 'MD']",PEDIATRICIAN,20,Ibn Sina Hospital & Diagnostic Center | Jessore,Jessore,,,,,,,,,,,,,,,,,,,,,
587,Dr. Samira Khatun,"['MBBS', 'BCS', 'MD']",NEPHROLOGIST,14,Ibn Sina Diagnostic & Consultation Center | Rajshahi,Rajshahi,,,,,,,,,,,,,,,,,,,,,
588,Dr. Md. Sharifuzzaman Runju,"['MBBS', 'MCPS', 'MS']",PEDIATRICIAN,20,Ibn Sina Hospital & Diagnostic Center | Jessore,Jessore,,,,,,,,,,,,,,,,,,,,,
589,Dr. Ibrahim Mohammad Sorof,"['MBBS', 'BCS', 'MCPS', 'DDV']",DERMATOLOGIST,15,Ibn Sina Diagnostic & Consultation Center | Rajshahi,Rajshahi,,,,,,,,,,,,,,,,,,,,,
590,Dr. Md. Jasim Uddin,"['MBBS', 'MD']",PEDIATRIC NEPHROLOGIST,19,Ibn Sina Hospital & Diagnostic Center | Jessore,Jessore,,,,,,,,,,,,,,,,,,,,,
591,Dr. Mst. Zakia Sultana Runa,"['MBBS', 'BCS', 'DDV', 'FCPS']",DERMATOLOGIST,14,Ibn Sina Diagnostic & Consultation Center | Rajshahi,Rajshahi,,,,,,,,,,,,,,,,,,,,,
592,Dr. Md. Idris Ali,"['MBBS', 'CCD', 'PGT', 'DCH']",PEDIATRICIAN & NEONATOLOGIST,22,Ibn Sina Hospital & Diagnostic Center | Jessore,Jessore,,,,,,,,,,,,,,,,,,,,,
593,Assoc. Prof. Dr. Mahboob Jahan Ahmed,"['MBBS', 'MCPS', 'MS']",OPHTHALMOLOGIST,19,Ibn Sina Diagnostic & Consultation Center | Rajshahi,Rajshahi,,,,,,,,,,,,,,,,,,,,,
594,Dr. Md. Tauhid Al Mahmud,"['MBBS', 'BCS', 'MD']",GASTROENTEROLOGIST,15,Ibn Sina Diagnostic & Consultation Center | Rajshahi,Rajshahi,,,,,,,,,,,,,,,,,,,,,
595,Dr. Habibul Hoque Habib,"['MBBS', 'FCPS', 'CCD', 'MD']",GASTROENTEROLOGIST,15,Ibn Sina Diagnostic & Consultation Center | Rajshahi,Rajshahi,,,,,,,,,,,,,,,,,,,,,
596,Dr. Ferdoushi Begum,"['MBBS', 'BCS', 'MCPS', 'FCPS', 'MD']",PEDIATRICIAN,12,Ibn Sina Diagnostic & Consultation Center | Rajshahi,Rajshahi,,,,,,,,,,,,,,,,,,,,,
597,Asst. Prof. Dr. Md. Fazlul Kader,"['MBBS', 'BCS', 'MD']",PEDIATRICIAN,17,Ibn Sina Diagnostic & Consultation Center | Rajshahi,Rajshahi,,,,,,,,,,,,,,,,,,,,,
598,Asst. Prof. Dr. Mohtarama Mostari Monika,"['MBBS', 'BCS', 'MCPS', 'MD']",PEDIATRICIAN,16,Ibn Sina Diagnostic & Consultation Center | Rajshahi,Rajshahi,,,,,,,,,,,,,,,,,,,,,
599,Asst. Prof. Dr. Md. Rejaul Karim,"['MBBS', 'BCS', 'DCH', 'MD']",PEDIATRICIAN,16,Ibn Sina Diagnostic & Consultation Center | Rajshahi,Rajshahi,,,,,,,,,,,,,,,,,,,,,
600,Assoc. Prof. Dr. Sirazi Nazmul Hasnain,"['MBBS', 'DCH']",PEDIATRICIAN,19,Ibn Sina Diagnostic & Consultation Center | Rajshahi,Rajshahi,,,,,,,,,,,,,,,,,,,,,
601,Dr. SM Nazmul Hasan Sagar,"['MBBS', 'MCPS', 'FCPS']",ONCOLOGIST,18,Ibn Sina Hospital & Diagnostic Center | Jessore,Jessore,,,,,,,,,,,,,,,,,,,,,
602,Dr. M Shariful Alam,"['MBBS', 'BCS', 'MD', 'FCPS', 'PGT', 'CCD']",CARDIOLOGIST,25,Ibn Sina Hospital & Diagnostic Center | Jessore,Jessore,,,,,,,,,,,,,,,,,,,,,
603,Asst. Prof. Dr. Md. Isahaque Ali Khan,"['MBBS', 'D-CARD', 'CCD']",CARDIOLOGIST,25,Ibn Sina Hospital & Diagnostic Center | Jessore,Jessore,,,,,,,,,,,,,,,,,,,,,
604,Asst. Prof. Dr. Md. Khondker Rafiquzzaman,['MBBS'],CARDIOLOGIST,27,Ibn Sina Hospital & Diagnostic Center | Jessore,Jessore,,,,,,,,,,,,,,,,,,,,,
605,Dr. Habiba Siddiqua Foara,"['MBBS', 'BCS', 'FCPS', 'FCPS']",GYNECOLOGIST & OBSTETRICIAN,19,Ibn Sina Hospital & Diagnostic Center | Jessore,Jessore,,,,,,,,,,,,,,,,,,,,,
606,Dr. Ayesha Akter,"['FCPS', 'MCPS', 'DGO']",GYNECOLOGIST & OBSTETRICIAN,22,Ibn Sina Hospital & Diagnostic Center | Jessore,Jessore,,,,,,,,,,,,,,,,,,,,,
607,Dr. Nurjahan Khatun,"['MBBS', 'FCPS']",GYNECOLOGIST & OBSTETRICIAN,26,Ibn Sina Hospital & Diagnostic Center | Jessore,Jessore,,,,,,,,,,,,,,,,,,,,,
608,Dr. Farhana Shabnam,"['MBBS', 'FCPS']",GYNECOLOGIST & OBSTETRICIAN,19,Ibn Sina Hospital & Diagnostic Center | Jessore,Jessore,,,,,,,,,,,,,,,,,,,,,
609,Asst. Prof. Dr. Rebeka Sultana Dipa,"['MBBS', 'FCPS', 'DGO']",GYNECOLOGIST & OBSTETRICIAN,25,Ibn Sina Hospital & Diagnostic Center | Jessore,Jessore,,,,,,,,,,,,,,,,,,,,,
610,Prof. Dr. Shahida Yeasmin,"['MBBS', 'BCS', 'MD']",PEDIATRICIAN,22,Ibn Sina Diagnostic & Consultation Center | Rajshahi,Rajshahi,,,,,,,,,,,,,,,,,,,,,
611,Dr. Tahsina Shamim Tasu,"['MBBS', 'DGO', 'MS']",GYNECOLOGIST & OBSTETRICIAN,15,Ibn Sina Diagnostic & Consultation Center | Rajshahi,Rajshahi,,,,,,,,,,,,,,,,,,,,,
612,Dr. Hamida Parvin,"['MBBS', 'BCS', 'MCPS', 'MS']",GYNECOLOGIST & OBSTETRICIAN,15,Ibn Sina Diagnostic & Consultation Center | Rajshahi,Rajshahi,,,,,,,,,,,,,,,,,,,,,
613,Dr. Sadia Tamanna,"['MBBS', 'BCS', 'MCPS', 'FCPS']",GYNECOLOGIST & OBSTETRICIAN,15,Ibn Sina Diagnostic & Consultation Center | Rajshahi,Rajshahi,,,,,,,,,,,,,,,,,,,,,
614,Dr. Sharifa Begum,"['MBBS', 'BCS', 'FCPS']",GYNECOLOGIST & OBSTETRICIAN,15,Ibn Sina Diagnostic & Consultation Center | Rajshahi,Rajshahi,,,,,,,,,,,,,,,,,,,,,
615,Dr. Monira Naznin,"['MBBS', 'BCS', 'FCPS']",GYNECOLOGIST & OBSTETRICIAN,15,Ibn Sina Diagnostic & Consultation Center | Rajshahi,Rajshahi,,,,,,,,,,,,,,,,,,,,,
616,Assoc. Prof. Dr. Abeda khatun,"['MBBS', 'DGO', 'FCPS']",GYNECOLOGIST & OBSTETRICIAN,19,Ibn Sina Diagnostic & Consultation Center | Rajshahi,Rajshahi,,,,,,,,,,,,,,,,,,,,,
617,Prof. Dr. Rokeya Khatun,"['MBBS', 'BCS', 'MS']",GYNECOLOGIST & OBSTETRICIAN,23,Ibn Sina Diagnostic & Consultation Center | Rajshahi,Rajshahi,,,,,,,,,,,,,,,,,,,,,
618,Dr. Abu Haider Mohammed Moniruzzaman,"['MBBS', 'MD']",NEUROLOGIST,22,Ibn Sina Hospital & Diagnostic Center | Jessore,Jessore,,,,,,,,,,,,,,,,,,,,,
619,Dr. Lt. Col. Rehnuma Karim,"['MBBS', 'FCPS']",GYNECOLOGIC ONCOLOGIST,27,Ibn Sina Hospital & Diagnostic Center | Jessore,Jessore,,,,,,,,,,,,,,,,,,,,,
620,Dr. Md. Tosdikur Rahman Khan Kafi,"['MBBS', 'BCS', 'FCPS', 'MACP']",MEDICINE SPECIALIST,19,Ibn Sina Hospital & Diagnostic Center | Jessore,Jessore,,,,,,,,,,,,,,,,,,,,,
621,Dr. Major Abu Nasser,"['MBBS', 'FCPS']",INTERNAL MEDICINE,25,Ibn Sina Hospital & Diagnostic Center | Jessore,Jessore,,,,,,,,,,,,,,,,,,,,,
622,Dr. Debashish Kumar Ghosh,"['MBBS', 'FCPS', 'MRCP', 'MD']",MEDICINE SPECIALIST,24,Ibn Sina Hospital & Diagnostic Center | Jessore,Jessore,,,,,,,,,,,,,,,,,,,,,
622,Dr. Debashish Kumar Ghosh,"['MBBS', 'FCPS', 'MRCP', 'MD']",ENDOCRINOLOGIST,24,Ibn Sina Hospital & Diagnostic Center | Jessore,Jessore,,,,,,,,,,,,,,,,,,,,,
623,Dr. Md. Jahangir Hossain,"['MBBS', 'BCS', 'FCPS']",MEDICINE SPECIALIST,17,Ibn Sina Hospital & Diagnostic Center | Jessore,Jessore,,,,,,,,,,,,,,,,,,,,,
624,Dr. Md. Munzur Rahman Shimul,"['MBBS', 'BCS', 'MS', 'FACS']",ORTHOPEDIST,14,Ibn Sina Diagnostic & Consultation Center | Rajshahi,Rajshahi,,,,,,,,,,,,,,,,,,,,,
625,Prof. Dr. Md. Abdus Sobhan,"['MBBS', 'BCS', 'D.ORTHO (NITOR', 'DHAKA)', 'AO TRAUMA(FELLOW)']",ORTHOPEDIST,24,Ibn Sina Diagnostic & Consultation Center | Rajshahi,Rajshahi,,,,,,,,,,,,,,,,,,,,,
626,Assoc. Prof. Dr. Md. Zahidus Sayeed,"['MBBS', 'BCS', 'MD']",CARDIOLOGIST,19,Ibn Sina Diagnostic & Consultation Center | Rajshahi,Rajshahi,,,,,,,,,,,,,,,,,,,,,
627,Dr. Md. Sohel Rana,"['BDS', 'PGT']",MAXILLOFACIAL AND DENTAL SURGEON,14,Ibn Sina Diagnostic & Consultation Center | Rajshahi,Rajshahi,,,,,,,,,,,,,,,,,,,,,
628,Dr. Isratunnahar Shimu,"['BDS', 'DDS (BSMMU)', 'BCS']",DENTIST,10,Ibn Sina Diagnostic & Consultation Center | Rajshahi,Rajshahi,,,,,,,,,,,,,,,,,,,,,
629,Dr. Md. Iftekhar Ali Himel,"['MBBS', 'BCS', 'FCPS', 'CCD']",MEDICINE SPECIALIST,16,Ibn Sina Diagnostic & Consultation Center | Rajshahi,Rajshahi,,,,,,,,,,,,,,,,,,,,,
630,Dr. Umme Habiba Jyoti,"['MBBS', 'BCS', 'FCPS']",MEDICINE SPECIALIST,15,Ibn Sina Diagnostic & Consultation Center | Rajshahi,Rajshahi,,,,,,,,,,,,,,,,,,,,,
631,Dr. Md. Mamun kabir,"['MBBS', 'BCS', 'FCPS']",MEDICINE SPECIALIST,15,Ibn Sina Diagnostic & Consultation Center | Rajshahi,Rajshahi,,,,,,,,,,,,,,,,,,,,,
632,Assoc. Prof. Dr. Shahnaj Pervin,"['MBBS', 'BCS', 'FCPS', 'MS', 'FACS']",ONCOLOGIST,21,Popular Diagnostic Centre Ltd. | Dhanmondi,Dhaka,,,,,,,,,,,,,,,,,,,,,
633,Assoc. Prof. Dr. Mdi Shahid-Ul-Alam,"['MBBS', 'BCS', 'MS']",ORTHOPEDIST,19,Popular Diagnostic Centre Ltd. | Dhanmondi,Dhaka,,,,,,,,,,,,,,,,,,,,,
634,Assoc. Prof. Dr. Lt. Col. Nasir Uddin Mahmud,"['MBBS', 'FCPS', 'FACS (USA)', 'FMAS ( INDIA)']",ONCOLOGIST,24,Popular Diagnostic Centre Ltd. | Dhanmondi,Dhaka,,,,,,,,,,,,,,,,,,,,,
635,Assoc. Prof. Dr. M. A. Rahim,"['MBBS', 'MD']",HEPATOLOGIST,16,Popular Diagnostic Centre Ltd. | Dhanmondi,Dhaka,,,,,,,,,,,,,,,,,,,,,
636,Dr. Md. Asifuzzaman Jamee,"['MBBS', 'BCS', 'FCPS']",MEDICINE SPECIALIST,16,Ibn Sina Diagnostic & Consultation Center | Rajshahi,Rajshahi,,,,,,,,,,,,,,,,,,,,,
637,Dr. Tanbin Rahman,"['MBBS', 'MD', 'MRCP']",HEMATOLOGIST,15,Popular Diagnostic Centre Ltd. | Dhanmondi,Dhaka,,,,,,,,,,,,,,,,,,,,,
638,Prof. Dr. Shamsun Nahar Lucky,"['MBBS', 'FCPS', 'MS']",GYNECOLOGIST & OBSTETRICIAN,15,Popular Diagnostic Centre Ltd. | Dhanmondi,Dhaka,,,,,,,,,,,,,,,,,,,,,
638,Prof. Dr. Shamsun Nahar Lucky,"['MBBS', 'FCPS', 'MS']",INFERTILITY SPECIALIST,15,Popular Diagnostic Centre Ltd. | Dhanmondi,Dhaka,,,,,,,,,,,,,,,,,,,,,
639,Dr. Iqbal Ahmed,"['MBBS', 'CCD', 'PGT']",DIABETOLOGIST,18,Popular Diagnostic Centre Ltd. | Dhanmondi,Dhaka,,,,,,,,,,,,,,,,,,,,,
640,Prof. Dr. Md. Dayem Uddin,"['MBBS', 'MCPS', 'FCPS', 'FRCP', 'PHD']",ONCOLOGIST,28,Popular Diagnostic Centre Ltd. | Dhanmondi,Dhaka,,,,,,,,,,,,,,,,,,,,,
641,Prof. Dr. Zillur Rahman Bhuiyan,"['MBBS', 'MPH', 'MPH']",ONCOLOGIST,28,Popular Diagnostic Centre Ltd. | Dhanmondi,Dhaka,,,,,,,,,,,,,,,,,,,,,
642,Asst. Prof. Dr. A. T. M. Mizanur Rahman,"['MBBS', 'BCS', 'MD']",MEDICINE SPECIALIST,16,Ibn Sina Diagnostic & Consultation Center | Rajshahi,Rajshahi,,,,,,,,,,,,,,,,,,,,,
643,Prof. Dr. Md. Motiur Rahman,"['MBBS', 'BCS', 'FCPS', 'MRCP']",MEDICINE SPECIALIST,22,Ibn Sina Diagnostic & Consultation Center | Rajshahi,Rajshahi,,,,,,,,,,,,,,,,,,,,,
644,Prof. Dr. Zeenat Jabin,"['MBBS', 'M.PHIL', 'FANMB', 'PHD']",ENDOCRINOLOGIST,24,Popular Diagnostic Centre Ltd. | Mirpur (Unit 1),Dhaka,,,,,,,,,,,,,,,,,,,,,
645,Prof. Dr. Muhammad Mahbub Hussain,"['MBBS', 'FCPS', 'MD', 'FACP', 'FRCP']",HEPATOLOGIST,25,Popular Diagnostic Centre Ltd. | Mirpur (Unit 1),Dhaka,,,,,,,,,,,,,,,,,,,,,
646,Akhi Akter,"['BSC', 'MS', 'DU)', 'M.PHIL', 'INFS', 'DU)']",NUTRITIONIST,8,Popular Diagnostic Centre Ltd. | Mirpur (Unit 1),Dhaka,,,,,,,,,,,,,,,,,,,,,
647,Raisa Arman,['BSC'],NUTRITIONIST,10,Popular Diagnostic Centre Ltd. | Mirpur (Unit 1),Dhaka,,,,,,,,,,,,,,,,,,,,,
648,Dr. A. Hossain Sumon,"['MBBS', 'BCS', 'D-ORTHO']",ORTHOPEDIC SURGEON,17,Digital Hospital Coxsbazar Pvt Ltd.| Cox's Bazar,Cox's Bazar,,,,,,,,,,,,,,,,,,,,,
649,Prof. Dr. Md. Nasir Uddin,"['MBBS', 'FCPS', 'PHD']",GENERAL SURGEON,28,Popular Diagnostic Centre Ltd. | Dhanmondi,Dhaka,,,,,,,,,,,,,,,,,,,,,
649,Prof. Dr. Md. Nasir Uddin,"['MBBS', 'FCPS', 'PHD']",LAPAROSCOPIC SURGEON,28,Popular Diagnostic Centre Ltd. | Dhanmondi,Dhaka,,,,,,,,,,,,,,,,,,,,,
650,Dr. Kazi Irfan Subhan,"['MBBS', 'BCS', 'MS']",NEUROSURGEON,15,Popular Diagnostic Centre Ltd. | Dhanmondi,Dhaka,,,,,,,,,,,,,,,,,,,,,
651,Asst. Prof. Dr. Rezaul Haque,"['MBBS', 'BCS', 'MD', 'FCCP']",PULMONOLOGIST,24,Popular Diagnostic Centre Ltd. | Dhanmondi,Dhaka,,,,,,,,,,,,,,,,,,,,,
652,Prof. Dr. Aiyub Ali,"['MBBS', 'MS']",ORTHOPEDIC SURGEON,23,Digital Hospital Coxsbazar Pvt Ltd.| Cox's Bazar,Cox's Bazar,,,,,,,,,,,,,,,,,,,,,
653,Asst. Prof. Dr. M. Farhad,"['MBBS', 'BCS', 'MCPS', 'MD']",NEUROLOGIST,17,Digital Hospital Coxsbazar Pvt Ltd.| Cox's Bazar,Cox's Bazar,,,,,,,,,,,,,,,,,,,,,
654,Dr. Iffat Saniya,"['MBBS', 'FCPS', 'BCS']",GYNECOLOGIST & OBSTETRICIAN,12,Digital Hospital Coxsbazar Pvt Ltd.| Cox's Bazar,Cox's Bazar,,,,,,,,,,,,,,,,,,,,,
655,Prof. Dr. Rezaul Karim,"['MBBS', 'FCPS', 'FRCP', 'MACP']",MEDICINE SPECIALIST,28,Popular Diagnostic Centre Ltd. | Dhanmondi,Dhaka,,,,,,,,,,,,,,,,,,,,,
656,Assoc. Prof. Dr. Binoy Krishna Tarafder,"['MBBS', 'FCPS']",MEDICINE SPECIALIST,22,Popular Diagnostic Centre Ltd. | Dhanmondi,Dhaka,,,,,,,,,,,,,,,,,,,,,
657,Dr. Farhana Faruque,"['MBBS', 'BCS', 'FCPS', 'MACP', 'CCD']",MEDICINE SPECIALIST,16,Popular Diagnostic Centre Ltd. | Mirpur (Unit 1),Dhaka,,,,,,,,,,,,,,,,,,,,,
658,Antara rani pal,"['BSC', 'MS']",NUTRITIONIST,10,Popular Diagnostic Centre Ltd. | Badda,Dhaka,,,,,,,,,,,,,,,,,,,,,
659,Asst. Prof. Dr. Sadia Afrin Tani,"['MBBS', 'BCS', 'MS', 'FACS']",GENERAL SURGEON,17,Popular Diagnostic Centre Ltd. | Badda,Dhaka,,,,,,,,,,,,,,,,,,,,,
660,Asst. Prof. Dr. Reaz Morshed,"['MBBS', 'FCPS', 'MS']",GENERAL SURGEON,18,Popular Diagnostic Centre Ltd. | Badda,Dhaka,,,,,,,,,,,,,,,,,,,,,
661,Prof. Dr. Istiyak Ahmed Shamim,"['MBBS', 'PH.D. (JAPAN)']",UROLOGIST,25,Popular Diagnostic Centre Ltd. | Badda,Dhaka,,,,,,,,,,,,,,,,,,,,,
662,Prof. Dr. A. Z. M. Mosiul Azam,"['MBBS', 'DCH', 'M.PHIL']",PEDIATRICIAN,23,Popular Diagnostic Centre Ltd. | Badda,Dhaka,,,,,,,,,,,,,,,,,,,,,
662,Prof. Dr. A. Z. M. Mosiul Azam,"['MBBS', 'DCH', 'M.PHIL']",PEDIATRIC NEUROLOGIST,23,Popular Diagnostic Centre Ltd. | Badda,Dhaka,,,,,,,,,,,,,,,,,,,,,
663,Asst. Prof. Dr. Md. Saqif Shahriar,"['MBBS', 'MD', 'FESC', 'FSCAI (USA)']",CARDIOLOGIST,17,Popular Diagnostic Centre Ltd. | Badda,Dhaka,,,,,,,,,,,,,,,,,,,,,
664,Assoc. Prof. Dr. Fakhrul Islam Khaled,"['MBBS', 'CCD', 'MD']",CARDIOLOGIST,18,Popular Diagnostic Centre Ltd. | Badda,Dhaka,,,,,,,,,,,,,,,,,,,,,
665,Dr. Indrani Nag,"['MBBS', 'BCS', 'FCPS', 'MCPS']",GYNECOLOGIST & OBSTETRICIAN,17,Popular Diagnostic Centre Ltd. | Badda,Dhaka,,,,,,,,,,,,,,,,,,,,,
666,Dr. Mamunur Rashid,"['MBBS', 'BCS', 'FCPS', 'MD']",GASTROENTEROLOGIST,16,Popular Diagnostic Centre Ltd. | Badda,Dhaka,,,,,,,,,,,,,,,,,,,,,
667,Asst. Prof. Dr. Mohammad AL- Mamun,"['MBBS', 'MD', 'D-CARD', 'FCPS', ' THESIS)']",CARDIOLOGIST,16,Popular Diagnostic Centre Ltd. | Badda,Dhaka,,,,,,,,,,,,,,,,,,,,,
667,Asst. Prof. Dr. Mohammad AL- Mamun,"['MBBS', 'MD', 'D-CARD', 'FCPS', ' THESIS)']",MEDICINE SPECIALIST,16,Popular Diagnostic Centre Ltd. | Badda,Dhaka,,,,,,,,,,,,,,,,,,,,,
668,Dr. Sayeef Hossain Khan Mark,"['MBBS', 'BCS', 'FCPS', 'MRCP', 'MACP']",MEDICINE SPECIALIST,20,Popular Diagnostic Centre Ltd. | Dhanmondi,Dhaka,,,,,,,,,,,,,,,,,,,,,
669,Prof. Dr. Brig. Gen. AFM Shamsul Haque,"['MBBS', 'FCPS', 'MCPS', 'FCPS', 'FESC', 'FACC (USA)', 'FRCP']",CARDIOLOGIST,26,Popular Diagnostic Centre Ltd. | Uttara (Unit 1),Dhaka,,,,,,,,,,,,,,,,,,,,,
670,Farjana Islam Shompa,"['BSC', 'MS']",NUTRITIONIST,14,Popular Diagnostic Centre Ltd. | Uttara (Unit 1),Dhaka,,,,,,,,,,,,,,,,,,,,,
671,Dr. Farjana Nasrin,"['MBBS', 'MD']",RADIOLOGIST,17,Popular Diagnostic Centre Ltd. | Uttara (Unit 1),Dhaka,,,,,,,,,,,,,,,,,,,,,
672,Assoc. Prof. Dr. Hasina Begum,"['MBBS', 'M.PHIL']",RADIOLOGIST,24,Popular Diagnostic Centre Ltd. | Uttara (Unit 1),Dhaka,,,,,,,,,,,,,,,,,,,,,
673,Asst. Prof. Dr. Rozi Parvin,"['MBBS', 'FCPS']",RADIOLOGIST,22,Popular Diagnostic Centre Ltd. | Uttara (Unit 1),Dhaka,,,,,,,,,,,,,,,,,,,,,
674,Dr. Jahan Ara,"['MBBS', 'M.PHIL']",RADIOLOGIST,22,Popular Diagnostic Centre Ltd. | Uttara (Unit 1),Dhaka,,,,,,,,,,,,,,,,,,,,,
675,Asst. Prof. Dr. F. R. Al-Mahmud,"['MBBS', 'FCPS']",PHYSICAL MEDICINE,19,Popular Diagnostic Centre Ltd. | Uttara (Unit 1),Dhaka,,,,,,,,,,,,,,,,,,,,,
676,Asst. Prof. Dr. H. M. Mejbah Uddin,"['MBBS', 'MS']",PEDIATRIC SURGEON,17,Popular Diagnostic Centre Ltd. | Shyamoli,Dhaka,,,,,,,,,,,,,,,,,,,,,
677,Assoc. Prof. Dr. Ipsita Biswas,"['MBBS', 'MS']",PEDIATRIC SURGEON,19,Popular Diagnostic Centre Ltd. | Shyamoli,Dhaka,,,,,,,,,,,,,,,,,,,,,
678,Asst. Prof. Dr. Nitish Krishna Das,"['BDS', 'MCPS', 'FCPS', 'BCS']",DENTIST,17,Popular Diagnostic Centre Ltd. | Shyamoli,Dhaka,,,,,,,,,,,,,,,,,,,,,
679,Asst. Prof. Dr. Mohammad Abdul Wahab,"['MBBS', 'MD', 'FCPS', 'FCPS']",PEDIATRIC HEMATOLOGIST & ONCOLOGIST,17,Popular Diagnostic Centre Ltd. | Shyamoli,Dhaka,,,,,,,,,,,,,,,,,,,,,
680,Asst. Prof. Dr. Khandaker Shamim Shahariar Ziban Rushel,"['MBBS', 'MS']",CARDIAC SURGEON,19,Popular Diagnostic Centre Ltd. | Shyamoli,Dhaka,,,,,,,,,,,,,,,,,,,,,
681,Mahmuda Afrin,"['B.S.C', 'MS', 'INTERNSHIP IN CLINICAL NUTRITION (BIRDEM)', 'C.N.D (MIRDEM)']",NUTRITIONIST,10,Popular Diagnostic Centre Ltd. | Shyamoli,Dhaka,,,,,,,,,,,,,,,,,,,,,
682,Dr. Md. Abdullah Al Mahmud Shobon,"['MBBS', 'BCS', 'MS', 'CCD', 'CMU (ULTRA)']",GENERAL SURGEON,16,Popular Diagnostic Centre Ltd. | Uttara (Unit 1),Dhaka,,,,,,,,,,,,,,,,,,,,,
683,Prof. Dr. Md. Hasanur Rashid,"['MBBS', 'BCS', 'MD']",PULMONOLOGIST,28,Popular Diagnostic Centre Ltd. | Uttara (Unit 1),Dhaka,,,,,,,,,,,,,,,,,,,,,
684,Prof. Dr. S M Mostafizur Rahman,"['MBBS', 'DDV']",DERMATOLOGIST,28,Popular Diagnostic Centre Ltd. | Uttara (Unit 1),Dhaka,,,,,,,,,,,,,,,,,,,,,
685,Prof. Dr. Faruque Ahmed,"['MBBS', 'FCPS', 'MD', 'FRCP']",GASTROENTEROLOGIST,27,Popular Diagnostic Centre Ltd. | Uttara (Unit 1),Dhaka,,,,,,,,,,,,,,,,,,,,,
686,Dr. Muhammad Amjad Hossain,['MBBS'],PEDIATRICIAN,18,Popular Diagnostic Centre Ltd. | Uttara (Unit 1),Dhaka,,,,,,,,,,,,,,,,,,,,,
687,Asst. Prof. Dr. Nazma Parveen Shammy,"['MBBS', 'FCPS']",PEDIATRICIAN,22,Popular Diagnostic Centre Ltd. | Uttara (Unit 1),Dhaka,,,,,,,,,,,,,,,,,,,,,
688,Assoc. Prof. Dr. Ferdousi Hasnat,"['MBBS', 'MD']",PEDIATRICIAN,25,Popular Diagnostic Centre Ltd. | Uttara (Unit 1),Dhaka,,,,,,,,,,,,,,,,,,,,,
689,Asst. Prof. Dr. Md. Shahadat Hossain Tuhin,"['MBBS', 'BCS', 'DCARD (BSMMU)', 'FCPS', 'MACP']",CARDIOLOGIST,23,Popular Diagnostic Centre Ltd. | Uttara (Unit 1),Dhaka,,,,,,,,,,,,,,,,,,,,,
690,Assoc. Prof. Dr. Md. Ashfaque Arif,"['MBBS', 'BCS', 'MS']",VASCULAR SURGEON,19,Popular Diagnostic Centre Ltd. | Shyamoli,Dhaka,,,,,,,,,,,,,,,,,,,,,
691,Dr. Md. Moynul Islam,"['MBBS', 'BCS', 'FCPS']",VASCULAR SURGEON,17,Popular Diagnostic Centre Ltd. | Shyamoli,Dhaka,,,,,,,,,,,,,,,,,,,,,
692,Dr. Nusrat Shams,"['MBBS', 'FCPS', 'MD', 'BCS']",PEDIATRIC NEUROLOGIST,12,Popular Diagnostic Centre Ltd. | Shyamoli,Dhaka,,,,,,,,,,,,,,,,,,,,,
693,Dr. Muhammad Razaul Karim,"['MBBS', 'BCS', 'FCPS', 'MACP', 'MD']",HEPATOLOGIST,16,Popular Diagnostic Centre Ltd. | Shyamoli,Dhaka,,,,,,,,,,,,,,,,,,,,,
694,Dr. Najifa Tabassum,"['MBBS', 'DDV']",DERMATOLOGIST,7,Royal Aid Hospital Ltd.,Dhaka,,,,,,,,,,,,,,,,,,,,,
695,Dr. S. M. SHAMSUZZAMAN,"['MBBS', 'FCPS', 'BCS', 'MD', 'CCD']",NEPHROLOGIST,13,Royal Aid Hospital Ltd.,Dhaka,,,,,,,,,,,,,,,,,,,,,
696,Dr. MD. Sayedur Rahman (Sayed),"['MBBS', 'FCPS', 'BCS', 'CCD', 'PGT', ' GASTROLIVER)']",MEDICINE SPECIALIST,12,Royal Aid Hospital Ltd.,Dhaka,,,,,,,,,,,,,,,,,,,,,
696,Dr. MD. Sayedur Rahman (Sayed),"['MBBS', 'FCPS', 'BCS', 'CCD', 'PGT', ' GASTROLIVER)']",GASTROENTEROLOGIST,12,Royal Aid Hospital Ltd.,Dhaka,,,,,,,,,,,,,,,,,,,,,
696,Dr. MD. Sayedur Rahman (Sayed),"['MBBS', 'FCPS', 'BCS', 'CCD', 'PGT', ' GASTROLIVER)']",DIABETOLOGIST,12,Royal Aid Hospital Ltd.,Dhaka,,,,,,,,,,,,,,,,,,,,,
697,Dr. Pinky Rani Das,"['MBBS', 'DM']",MEDICINE SPECIALIST,10,Royal Aid Hospital Ltd.,Dhaka,,,,,,,,,,,,,,,,,,,,,
698,Dr. Fahmida Elahi,"['MBBS', 'BCS', 'MS']",GYNECOLOGIST & OBSTETRICIAN,10,Royal Aid Hospital Ltd.,Dhaka,,,,,,,,,,,,,,,,,,,,,
699,Dr. Pranta Mondol,"['MBBS', 'BCS', 'DA', 'FIPM']",ANESTHESIOLOGIST,10,Royal Aid Hospital Ltd.,Dhaka,,,,,,,,,,,,,,,,,,,,,
700,Asst. Prof. Dr. Masudul Hasan,"['MBBS', 'MD', 'FCPS', 'FCPS']",RHEUMATOLOGIST,22,Popular Diagnostic Centre Ltd. | Shantinagar (Unit 1),Dhaka,,,,,,,,,,,,,,,,,,,,,
701,Dr. Farhana Meher Hossain,"['MBBS', 'CCD', 'DM']",DIABETOLOGIST,15,Popular Diagnostic Centre Ltd. | Shantinagar (Unit 1),Dhaka,,,,,,,,,,,,,,,,,,,,,
702,Dr. Md. Rafiqul Islam,"['MBBS', 'DEM', 'MACE']",ENDOCRINOLOGIST,17,Popular Diagnostic Centre Ltd. | Shantinagar (Unit 1),Dhaka,,,,,,,,,,,,,,,,,,,,,
703,Assoc. Prof. Dr. Md. Tariqul Islam,"['MBBS', 'FCPS']",PHYSICAL MEDICINE,19,Popular Diagnostic Centre Ltd. | Shantinagar (Unit 1),Dhaka,,,,,,,,,,,,,,,,,,,,,
704,Dr. Nur-A-Al-Amin,"['MBBS', 'MS']",VASCULAR SURGEON,15,Ibn Sina Diagnostic & Imaging Center | Dhanmondi,Dhaka,,,,,,,,,,,,,,,,,,,,,
705,Prof. Dr. Muhammod Noazesh Khan,"['MBBS', 'FCPS', 'MS']",PLASTIC SURGEON,27,Ibn Sina Diagnostic & Imaging Center | Dhanmondi,Dhaka,,,,,,,,,,,,,,,,,,,,,
706,Dr. Mostafizur Rahman,"['MBBS', 'FCPS', 'MD', 'BCS', 'MRCP']",GASTROENTEROLOGIST,17,Popular Diagnostic Centre Ltd. | Shyamoli,Dhaka,,,,,,,,,,,,,,,,,,,,,
707,Prof. Dr. Md. shaheen Chowdhury,"['MBBS', 'FCPS']",MEDICINE SPECIALIST,26,Ibn Sina Diagnostic & Imaging Center | Dhanmondi,Dhaka,,,,,,,,,,,,,,,,,,,,,
708,Dr. Mohammad Haroon Or-Rashid,"['MBBS', 'BCS', 'FCPS', 'MS', 'MRCS ED', 'FACS (AMERICA)']",COLORECTAL & LAPAROSCOPIC SURGEON,15,Ibn Sina Diagnostic & Imaging Center | Dhanmondi,Dhaka,,,,,,,,,,,,,,,,,,,,,
709,Asst. Prof. Dr. Nikhil Chandra Roy,"['MBBS', 'MD']",GASTROENTEROLOGIST,17,Popular Diagnostic Centre Ltd. | Shyamoli,Dhaka,,,,,,,,,,,,,,,,,,,,,
710,Prof. Dr. Md. Belalul Islam,"['MBBS', 'FCPS', 'MD']",HEPATOLOGIST,21,Ibn Sina Diagnostic & Imaging Center | Dhanmondi,Dhaka,,,,,,,,,,,,,,,,,,,,,
711,Dr. Shah Alam Miah,"['MBBS', 'BCS', 'MD', 'BSMMU']",GASTROENTEROLOGIST,18,Popular Diagnostic Centre Ltd. | Shyamoli,Dhaka,,,,,,,,,,,,,,,,,,,,,
712,Assoc. Prof. Dr. Farhana Tasneem,"['MBBS', 'CCD', 'MD']",PEDIATRICIAN,19,Popular Diagnostic Centre Ltd. | Shyamoli,Dhaka,,,,,,,,,,,,,,,,,,,,,
713,Dr. Md. Nasir Uddin,"['MBBS', 'BCS', 'FCPS']",PEDIATRICIAN,16,Popular Diagnostic Centre Ltd. | Shyamoli,Dhaka,,,,,,,,,,,,,,,,,,,,,
714,Dr. Sushmita Roy,"['MBBS', 'DCH']",PEDIATRICIAN,14,Popular Diagnostic Centre Ltd. | Shyamoli,Dhaka,,,,,,,,,,,,,,,,,,,,,
715,Prof. Dr. M. A. Rahman,"['MBBS', '.DCN (ITALY)', 'DCH', 'MS']",PEDIATRICIAN,25,Popular Diagnostic Centre Ltd. | Shyamoli,Dhaka,,,,,,,,,,,,,,,,,,,,,
716,Assoc. Prof. Dr. Salahuddin Mahmud,"['MBBS', 'MD', 'FELLOW', 'CHILD NUTRITON (BOSTON', ' USA)']",PEDIATRICIAN,21,Popular Diagnostic Centre Ltd. | Shyamoli,Dhaka,,,,,,,,,,,,,,,,,,,,,
717,Assoc. Prof. Dr. Md.Zakirul Islam Jewel,"['MBBS', 'FCPS', 'MD']",NEUROLOGIST,18,Popular Diagnostic Centre Ltd. | Shyamoli,Dhaka,,,,,,,,,,,,,,,,,,,,,
718,Asst. Prof. Dr. Muhammad Nazmul Alam,"['MBBS', 'BCS', 'FCPS', 'MD']",NEUROLOGIST,16,Popular Diagnostic Centre Ltd. | Shyamoli,Dhaka,,,,,,,,,,,,,,,,,,,,,
719,Assoc. Prof. Dr. Md. Arifur Rahman,"['MBBS', 'D-CARD', 'FCCP', 'FACC (USA)', 'FRCP', 'PHD']",CARDIOLOGIST,18,Popular Diagnostic Centre Ltd. | Shyamoli,Dhaka,,,,,,,,,,,,,,,,,,,,,
720,Asst. Prof. Dr. Md. Sadaqul Islam Sikder Shamol,"['MBBS', 'D-CARD', 'FCPS', 'FSCAI (AMERICA)']",CARDIOLOGIST,19,Popular Diagnostic Centre Ltd. | Shyamoli,Dhaka,,,,,,,,,,,,,,,,,,,,,
721,Asst. Prof. Dr. Muhammed Akhtaruzzaman,"['MBBS', 'BCS', 'FCPS', 'MD', 'FRCP']",CARDIOLOGIST,17,Popular Diagnostic Centre Ltd. | Shyamoli,Dhaka,,,,,,,,,,,,,,,,,,,,,
722,Prof. Dr. Md. Mahabubur Rahman Babu,"['MBBS', 'D-CARD', 'PHD']",CARDIOLOGIST,25,Popular Diagnostic Centre Ltd. | Shyamoli,Dhaka,,,,,,,,,,,,,,,,,,,,,
723,Dr. Ripon Gosh,"['MBBS', 'BCS', 'MS']",ORTHOPEDIC SURGEON,15,Popular Diagnostic Centre Ltd. | Shyamoli,Dhaka,,,,,,,,,,,,,,,,,,,,,
724,Asst. Prof. Dr. Zahid Hossain,"['MBBS', 'FCPS']",PHYSICAL MEDICINE,21,Ibn Sina Diagnostic & Imaging Center | Dhanmondi,Dhaka,,,,,,,,,,,,,,,,,,,,,
725,Assoc. Prof. Dr. Moinuddin Hossain Khan,"['MBBS', 'FCPS']",PHYSICAL MEDICINE,25,Ibn Sina Diagnostic & Imaging Center | Dhanmondi,Dhaka,,,,,,,,,,,,,,,,,,,,,
726,Sumaiya Shahnaz,"['BSC (HONS)', 'MS']",NUTRITIONIST,13,Ibn Sina Diagnostic & Imaging Center | Dhanmondi,Dhaka,,,,,,,,,,,,,,,,,,,,,
727,Dr. M. A. Azad,"['MBBS', 'CCD', 'CCU (B.S.U)']",DIABETOLOGIST,24,Ibn Sina Diagnostic & Imaging Center | Dhanmondi,Dhaka,,,,,,,,,,,,,,,,,,,,,
728,Dr. Fatema Khatun Rumi,['BDS'],MAXILLOFACIAL AND DENTAL SURGEON,12,Ibn Sina Diagnostic & Imaging Center | Dhanmondi,Dhaka,,,,,,,,,,,,,,,,,,,,,
729,Dr. Sharmin Sultana,['BDS'],MAXILLOFACIAL AND DENTAL SURGEON,10,Ibn Sina Diagnostic & Imaging Center | Dhanmondi,Dhaka,,,,,,,,,,,,,,,,,,,,,
730,Prof. Dr. Md. Abdul Hye,"['MBBS', 'FCPS']",OPHTHALMOLOGIST,26,Ibn Sina Diagnostic & Imaging Center | Dhanmondi,Dhaka,,,,,,,,,,,,,,,,,,,,,
731,Dr. Nadia Ferdous,"['MBBS', 'BCS', 'MD', 'CCD', 'MACP']",NEPHROLOGIST,18,Ibn Sina Diagnostic & Imaging Center | Dhanmondi,Dhaka,,,,,,,,,,,,,,,,,,,,,
732,Prof. Dr. Md. Abu Kaiser,"['MBBS', 'MS', 'EAORL-HNS (DIPLOMA)']",OTOLARYNGOLOGISTS (ENT),25,Ibn Sina Diagnostic & Imaging Center | Dhanmondi,Dhaka,,,,,,,,,,,,,,,,,,,,,
733,Dr. Ummey Hani Munmun,"['MBBS', 'MD']",DERMATOLOGIST,18,Ibn Sina Diagnostic & Imaging Center | Dhanmondi,Dhaka,,,,,,,,,,,,,,,,,,,,,
734,Prof. Dr. Md. Golam Sarwar,"['MBBS', 'MS', 'AO FELLOW (INDIA)', 'WHO FELLOW ( INDONESIA)']",ORTHOPEDIC SURGEON,24,Popular Diagnostic Centre Ltd. | Shyamoli,Dhaka,,,,,,,,,,,,,,,,,,,,,
735,Dr. Faisal Amin Ahmed,"['MBBS', 'BCS']",ORTHOPEDIC SURGEON,16,Popular Diagnostic Centre Ltd. | Shyamoli,Dhaka,,,,,,,,,,,,,,,,,,,,,
736,Prof. Dr. Md. M Sajjad Hussain,"['MBBS', 'MS', 'FICS(ORTHO)']",ORTHOPEDIC SURGEON,26,Popular Diagnostic Centre Ltd. | Shyamoli,Dhaka,,,,,,,,,,,,,,,,,,,,,
737,Prof. Dr. Seraj Uddin Ahammed,"['MBBS', 'MS']",ORTHOPEDIC SURGEON,25,Popular Diagnostic Centre Ltd. | Shyamoli,Dhaka,,,,,,,,,,,,,,,,,,,,,
738,Dr. Kaniz Farhana,"['MBBS', 'BCS', 'FCPS', 'FCPS']",GYNECOLOGIST & OBSTETRICIAN,15,Popular Diagnostic Centre Ltd. | Shyamoli,Dhaka,,,,,,,,,,,,,,,,,,,,,
739,Assoc. Prof. Dr. Md. Zakaria Al Aziz,"['MBBS', 'MD', 'BCS', 'MACP']",MEDICINE SPECIALIST,18,Popular Diagnostic Centre Ltd. | Shyamoli,Dhaka,,,,,,,,,,,,,,,,,,,,,
740,Assoc. Prof. Dr. Md. Delwar Hossain,"['MBBS', 'BCS', 'FCPS', 'MACP', 'FACP']",MEDICINE SPECIALIST,19,Popular Diagnostic Centre Ltd. | Shyamoli,Dhaka,,,,,,,,,,,,,,,,,,,,,
741,Dr. Abdur Rahim,"['MBBS', 'BCS', 'FCPS']",MEDICINE SPECIALIST,15,Popular Diagnostic Centre Ltd. | Shyamoli,Dhaka,,,,,,,,,,,,,,,,,,,,,
742,Asst. Prof. Dr. Walida Afrin,"['MBBS', 'DGO', 'FCPS']",GYNECOLOGIST & OBSTETRICIAN,22,Ibn Sina Diagnostic & Imaging Center | Dhanmondi,Dhaka,,,,,,,,,,,,,,,,,,,,,
743,Prof. Dr. Jinnatun Nur Agnes,"['MBBS', 'DGO', 'FCPS']",GYNECOLOGIST & OBSTETRICIAN,19,Ibn Sina Diagnostic & Imaging Center | Dhanmondi,Dhaka,,,,,,,,,,,,,,,,,,,,,
744,Prof. Dr. Fahmida Zabin,"['MBBS', 'FCPS', 'MMED']",GYNECOLOGIST & OBSTETRICIAN,27,Ibn Sina Diagnostic & Imaging Center | Dhanmondi,Dhaka,,,,,,,,,,,,,,,,,,,,,
745,Prof. Dr. Md. Rashidul Hasan,"['MBBS', 'MS']",ORTHOPEDIC SURGEON,27,Ibn Sina Diagnostic & Imaging Center | Dhanmondi,Dhaka,,,,,,,,,,,,,,,,,,,,,
746,Prof. Dr. Mir Hamidur Rahman,"['MBBS', 'MS']",ORTHOPEDIC SURGEON,27,Ibn Sina Diagnostic & Imaging Center | Dhanmondi,Dhaka,,,,,,,,,,,,,,,,,,,,,
747,Prof. Dr. Jhunu Shamsun Nahar,"['MBBS', 'FCPS', 'IFAPA (USA)']",PSYCHIATRIST,26,Ibn Sina Diagnostic & Imaging Center | Dhanmondi,Dhaka,,,,,,,,,,,,,,,,,,,,,
748,Assoc. Prof. Dr. Lt Col Md. Nizamul Hossain Sowdagar,"['MBBS', 'D-CARD', 'FCPS']",CARDIOLOGIST,22,Ibn Sina Diagnostic & Imaging Center | Dhanmondi,Dhaka,,,,,,,,,,,,,,,,,,,,,
749,Dr. Principal (Retd) Md. Atiqul Sarwar,"['MBBS', 'FMD']",PSYCHIATRIST,26,Popular Diagnostic Centre Ltd. | Shantinagar (Unit 1),Dhaka,,,,,,,,,,,,,,,,,,,,,
750,Asst. Prof. Dr. Md. Rafiqul Islam,"['MBBS', 'MS']",UROLOGIST,22,Popular Diagnostic Centre Ltd. | Shantinagar (Unit 1),Dhaka,,,,,,,,,,,,,,,,,,,,,
751,Prof. Dr. A. Masud Chowdhury,"['MBBS', 'DDV', 'DD', 'MS']",DERMATOLOGIST,27,Popular Diagnostic Centre Ltd. | Shantinagar (Unit 1),Dhaka,,,,,,,,,,,,,,,,,,,,,
752,Asst. Prof. Dr. H M Mustafizur Rahaman Mirzon,"['MBBS', 'DLO', 'MS']",OTOLARYNGOLOGISTS (ENT),28,Popular Diagnostic Centre Ltd. | Shantinagar (Unit 1),Dhaka,,,,,,,,,,,,,,,,,,,,,
753,Dr. Muhammad Al Amin,"['MBBS', 'FCPS', 'BCS', 'CCD', 'MACP']",MEDICINE SPECIALIST,16,Popular Diagnostic Centre Ltd. | Shyamoli,Dhaka,,,,,,,,,,,,,,,,,,,,,
754,Assoc. Prof. Dr. Md. Ashikur Rahman Khan,"['MBBS', 'BCS', 'MD']",CARDIOLOGIST,19,Popular Diagnostic Centre Ltd. | Shyamoli,Dhaka,,,,,,,,,,,,,,,,,,,,,
754,Assoc. Prof. Dr. Md. Ashikur Rahman Khan,"['MBBS', 'BCS', 'MD']",MEDICINE SPECIALIST,19,Popular Diagnostic Centre Ltd. | Shyamoli,Dhaka,,,,,,,,,,,,,,,,,,,,,
755,Assoc. Prof. Dr. H. M. Nazmul Ahsan,"['MBBS', 'BCS', 'FCPS']",MEDICINE SPECIALIST,19,Savar Prime Hospital,Dhaka,,,,,,,,,,,,,,,,,,,,,
756,Dr. Md. Rashidul Hasan,"['MBBS', 'BCS', 'FCPS', 'MRCP']",MEDICINE SPECIALIST,18,Popular Diagnostic Centre Ltd. | Shyamoli,Dhaka,,,,,,,,,,,,,,,,,,,,,
757,Asst. Prof. Dr. Chaity Barua,"['MBBS', 'FCPS']",PEDIATRICIAN,20,Popular Diagnostic Centre Ltd. | Shantinagar (Unit 1),Dhaka,,,,,,,,,,,,,,,,,,,,,
758,Assoc. Prof. Dr. M. Mamun,"['MBBS', 'DCH', 'MCPS', 'FCPS', 'FRCP']",PEDIATRICIAN,26,Popular Diagnostic Centre Ltd. | Shantinagar (Unit 1),Dhaka,,,,,,,,,,,,,,,,,,,,,
759,Prof. Dr. M.R. Talukdar Mujib,"['MBBS', 'MD']",PEDIATRICIAN,29,Popular Diagnostic Centre Ltd. | Shantinagar (Unit 1),Dhaka,,,,,,,,,,,,,,,,,,,,,
760,Asst. Prof. Dr. Amirunnaher,"['MBBS', 'FCPS', 'CCD']",MEDICINE SPECIALIST,16,BRAC Healthcare | Uttara,Dhaka,,,,,,,,,,,,,,,,,,,,,
761,Asst. Prof. Dr. Md. Abdullah Al Muzahid,"['MBBS', 'MD']",NEUROLOGIST,23,Popular Diagnostic Centre Ltd. | Shantinagar (Unit 1),Dhaka,,,,,,,,,,,,,,,,,,,,,
762,Asst. Prof. Dr. Md. Ehteshamul Choudhury Romu,"['MBBS', 'MS', 'NITOR)']",ORTHOPEDIC SURGEON,23,Popular Diagnostic Centre Ltd. | Shantinagar (Unit 1),Dhaka,,,,,,,,,,,,,,,,,,,,,
763,Asst. Prof. Dr. Md. Mahbubur Rahman Khan,"['MBBS', 'MS']",ORTHOPEDIC SURGEON,19,Popular Diagnostic Centre Ltd. | Shantinagar (Unit 1),Dhaka,,,,,,,,,,,,,,,,,,,,,
764,Asst. Prof. Dr. Ruma Sen Gupta,"['MBBS', 'DGO', 'MCPS', 'FCPS']",GYNECOLOGIST & OBSTETRICIAN,25,Popular Diagnostic Centre Ltd. | Shantinagar (Unit 1),Dhaka,,,,,,,,,,,,,,,,,,,,,
765,Assoc. Prof. Dr. Parul Akhtar,"['MBBS', 'FCPS']",GYNECOLOGIST & OBSTETRICIAN,26,Popular Diagnostic Centre Ltd. | Shantinagar (Unit 1),Dhaka,,,,,,,,,,,,,,,,,,,,,
766,Asst. Prof. Dr. Ishrat Jahan,"['MBBS', 'FCPS', 'MS']",GYNECOLOGIST & OBSTETRICIAN,23,Popular Diagnostic Centre Ltd. | Shantinagar (Unit 1),Dhaka,,,,,,,,,,,,,,,,,,,,,
767,Dr. M.K Sarkar,['MBBS'],MEDICINE SPECIALIST,23,Popular Diagnostic Centre Ltd. | Shantinagar (Unit 1),Dhaka,,,,,,,,,,,,,,,,,,,,,
768,Prof. Dr. Md. Zaid Hossain,"['MBBS', 'BCS', 'MRCP']",MEDICINE SPECIALIST,24,Popular Diagnostic Centre Ltd. | Shantinagar (Unit 1),Dhaka,,,,,,,,,,,,,,,,,,,,,
769,Dr. Asma Akter Soniya,"['MBBS', 'BCS', 'FCPS']",GYNECOLOGIST & OBSTETRICIAN,23,Bangladesh Multicare Hospital Ltd.,Dhaka,,,,,,,,,,,,,,,,,,,,,
770,Dr. Afroza Haque,"['MBBS', 'BCS', 'FCPS']",GYNECOLOGIST & OBSTETRICIAN,25,Bangladesh Multicare Hospital Ltd.,Dhaka,,,,,,,,,,,,,,,,,,,,,
771,Dr. Kazi Tanjiba Nasrin,"['MBBS', 'BSC (HEALTH)', 'FCPS']",GENERAL SURGEON,19,Bangladesh Multicare Hospital Ltd.,Dhaka,,,,,,,,,,,,,,,,,,,,,
771,Dr. Kazi Tanjiba Nasrin,"['MBBS', 'BSC (HEALTH)', 'FCPS']",LAPAROSCOPIC SURGEON,19,Bangladesh Multicare Hospital Ltd.,Dhaka,,,,,,,,,,,,,,,,,,,,,
772,Dr. Ibrahim Kabir,"['MBBS', 'CCD']",GENERAL PHYSICIAN,12,BRAC Healthcare | Uttara,Dhaka,,,,,,,,,,,,,,,,,,,,,
772,Dr. Ibrahim Kabir,"['MBBS', 'CCD']",FAMILY MEDICINE SPECIALIST,12,BRAC Healthcare | Uttara,Dhaka,,,,,,,,,,,,,,,,,,,,,
773,Dr. Samir Mohammad Tasrif,"['MBBS', 'FCPS']",OTOLARYNGOLOGISTS (ENT),9,BRAC Healthcare | Uttara,Dhaka,,,,,,,,,,,,,,,,,,,,,
774,Prof. Dr. Anwar Yousuf,"['BDS', 'MS', 'PHD']",DENTIST,23,BRAC Healthcare | Uttara,Dhaka,,,,,,,,,,,,,,,,,,,,,
775,Prof. Dr. Nayeem Al Imam,"['MBBS', 'FCPS']",GENERAL SURGEON,22,BRAC Healthcare | Uttara,Dhaka,,,,,,,,,,,,,,,,,,,,,
776,Dr. Md. Masuqur Rahman,"['BDS', 'MS']",DENTIST,12,BRAC Healthcare | Uttara,Dhaka,,,,,,,,,,,,,,,,,,,,,
777,Asst. Prof. Dr. Shovana Talukder,"['MBBS', 'FCPS']",GYNECOLOGIST & OBSTETRICIAN,17,BRAC Healthcare | Uttara,Dhaka,,,,,,,,,,,,,,,,,,,,,
778,Asst. Prof. Dr. Fancy Khatun,"['MBBS', 'FCPS']",GYNECOLOGIST & OBSTETRICIAN,17,BRAC Healthcare | Uttara,Dhaka,,,,,,,,,,,,,,,,,,,,,
779,Dr. Col A K M Faizul Huq,"['MBBS', 'DTCD']",PULMONOLOGIST,21,BRAC Healthcare | Uttara,Dhaka,,,,,,,,,,,,,,,,,,,,,
780,Asst. Prof. Dr. A.B.M Nizam Uddin Mojumder,"['MBBS', 'BCS', 'DLO', 'MCPS', 'FCPS']",OTOLARYNGOLOGISTS (ENT),24,Bangladesh Multicare Hospital Ltd.,Dhaka,,,,,,,,,,,,,,,,,,,,,
781,Dr. Md. Fazlur Rahman,"['MBBS', 'DO (U-R)', 'MS']",OPHTHALMOLOGIST,22,Bangladesh Multicare Hospital Ltd.,Dhaka,,,,,,,,,,,,,,,,,,,,,
782,Dr. Munia Islam Chowdhury,"['MBBS', 'DDV']",DERMATOLOGIST,19,Bangladesh Multicare Hospital Ltd.,Dhaka,,,,,,,,,,,,,,,,,,,,,
783,Prof. Dr. Brig Gen Rtd Abdul Latif Khan,"['MBBS', 'DDV', 'FCPS']",DERMATOLOGIST,26,BRAC Healthcare | Uttara,Dhaka,,,,,,,,,,,,,,,,,,,,,
784,Dr. Sayem Ahmed,"['MBBS', 'BCS', 'FCPS', 'MCPS', 'DDV']",DERMATOLOGIST,18,Bangladesh Multicare Hospital Ltd.,Dhaka,,,,,,,,,,,,,,,,,,,,,
785,Dr. Chowdhury Rifat Nigar,"['MBBS', 'MRCP', 'FCPS']",MEDICINE SPECIALIST,22,Bangladesh Multicare Hospital Ltd.,Dhaka,,,,,,,,,,,,,,,,,,,,,
785,Dr. Chowdhury Rifat Nigar,"['MBBS', 'MRCP', 'FCPS']",GASTROENTEROLOGIST,22,Bangladesh Multicare Hospital Ltd.,Dhaka,,,,,,,,,,,,,,,,,,,,,
786,Dr. Mohammad Emdadul Haque Mridha,"['MBBS', 'DTM&H (THAILAND)', 'MS']",DIABETOLOGIST,19,Bangladesh Multicare Hospital Ltd.,Dhaka,,,,,,,,,,,,,,,,,,,,,
786,Dr. Mohammad Emdadul Haque Mridha,"['MBBS', 'DTM&H (THAILAND)', 'MS']",ENDOCRINOLOGIST,19,Bangladesh Multicare Hospital Ltd.,Dhaka,,,,,,,,,,,,,,,,,,,,,
787,Asst. Prof. Dr. Rahnuma Parvin,"['MBBS', 'FCPS']",MEDICINE SPECIALIST,25,Bangladesh Multicare Hospital Ltd.,Dhaka,,,,,,,,,,,,,,,,,,,,,
788,Dr. Md. Shahidul Islam,"['MBBS', 'MRCP', 'FCPS']",MEDICINE SPECIALIST,21,Bangladesh Multicare Hospital Ltd.,Dhaka,,,,,,,,,,,,,,,,,,,,,
789,Dr. Md. Siddiqur Rahman,"['MBBS', 'MS', 'MRCS (UK)']",UROLOGIST,24,Bangladesh Multicare Hospital Ltd.,Dhaka,,,,,,,,,,,,,,,,,,,,,
790,Dr. S.M. Rasel Faruk,"['MBBS', 'MPH', 'MS', 'DDV']",DERMATOLOGIST,18,Bangladesh Multicare Hospital Ltd.,Dhaka,,,,,,,,,,,,,,,,,,,,,
791,Dr. Mohammad Murad Hossain,"['MBBS', 'BCS', 'MD']",HEMATOLOGIST,24,Bangladesh Multicare Hospital Ltd.,Dhaka,,,,,,,,,,,,,,,,,,,,,
792,Dr. Tasnuva Sharmin,"['MBBS', 'BCS', 'FCPS']",PEDIATRICIAN & NEONATOLOGIST,18,Bangladesh Multicare Hospital Ltd.,Dhaka,,,,,,,,,,,,,,,,,,,,,
793,Dr. A. B. M. Habibullah Habib,"['MBBS', 'BCS', 'MS']",UROLOGIST,22,Bangladesh Multicare Hospital Ltd.,Dhaka,,,,,,,,,,,,,,,,,,,,,
794,Asst. Prof. Dr. Md. Moklesur Rahman Sajal,"['MBBS', 'BCS', 'FCPS', 'MS']",UROLOGIST,21,Bangladesh Multicare Hospital Ltd.,Dhaka,,,,,,,,,,,,,,,,,,,,,
795,Dr. Sanjida Hossain,"['MBBS', 'BCS', 'FCPS']",GYNECOLOGIST & OBSTETRICIAN,15,Bangladesh Multicare Hospital Ltd.,Dhaka,,,,,,,,,,,,,,,,,,,,,
796,Asst. Prof. Dr. Mousumi Sanyal,"['MBBS', 'MRCP', 'FCPS']",MEDICINE SPECIALIST,15,Bangladesh Multicare Hospital Ltd.,Dhaka,,,,,,,,,,,,,,,,,,,,,
797,Dr. Bilkis Ferdous,"['MBBS', 'DGO', 'FCPS']",GYNECOLOGIST & OBSTETRICIAN,15,Bangladesh Multicare Hospital Ltd.,Dhaka,,,,,,,,,,,,,,,,,,,,,
798,Dr. Shams Uz Zaman Rana,"['MBBS', 'MPH', 'DCH']",PEDIATRICIAN,15,Bangladesh Multicare Hospital Ltd.,Dhaka,,,,,,,,,,,,,,,,,,,,,
799,Asst. Prof. Dr. Shakhawat Hossain Shayento,"['BDS', 'MS']",MAXILLOFACIAL AND DENTAL SURGEON,16,Bangladesh Multicare Hospital Ltd.,Dhaka,,,,,,,,,,,,,,,,,,,,,
800,Assoc. Prof. Dr. Mohammad Younus Ali,"['MBBS', 'BCS', 'MCPS', 'DA', 'FCPS']",ANESTHESIOLOGIST,25,Bangladesh Multicare Hospital Ltd.,Dhaka,,,,,,,,,,,,,,,,,,,,,
801,Dr. Mohammad Mahsin,"['MBBS', 'MS', 'AO(TRAUMA)']",ORTHOPEDIC SURGEON,17,BRAC Healthcare | Uttara,Dhaka,,,,,,,,,,,,,,,,,,,,,
802,Asst. Prof. Dr. Md. Mahbubur Rahman,"['MBBS', 'FCPS']",CARDIOLOGIST,22,BRAC Healthcare | Uttara,Dhaka,,,,,,,,,,,,,,,,,,,,,
803,Dr. Nusrat Afrin,['MBBS'],FAMILY MEDICINE SPECIALIST,7,BRAC Healthcare | Uttara,Dhaka,,,,,,,,,,,,,,,,,,,,,
804,Dr. Mohammed Maqbul Hasan,"['MBBS', 'MD', 'MACP']",MEDICINE SPECIALIST,16,BRAC Healthcare | Uttara,Dhaka,,,,,,,,,,,,,,,,,,,,,
805,Dr. Tahmida Sharmin,"['MBBS', 'BCS', 'DDV']",DERMATOLOGIST,12,BRAC Healthcare | Uttara,Dhaka,,,,,,,,,,,,,,,,,,,,,
806,Dr. Minhazur Rahman Tushar,"['MBBS', 'MACP', 'FCPS', 'IPPN (CHILD NUTRITION-AUSTRALIA)', 'DCH']",PEDIATRICIAN,14,BRAC Healthcare | Uttara,Dhaka,,,,,,,,,,,,,,,,,,,,,
807,Dr. Hasnat Mohaiminul Islam,"['MBBS', 'CCD', 'CCCD']",FAMILY MEDICINE SPECIALIST,10,BRAC Healthcare | Uttara,Dhaka,,,,,,,,,,,,,,,,,,,,,
808,Dr. Ferdousi Akter,"['MBBS', 'FCPS', 'FCPS', 'DM']",GYNECOLOGIST & OBSTETRICIAN,15,BRAC Healthcare | Siddheswari,Dhaka,,,,,,,,,,,,,,,,,,,,,
809,Dr. Md. Rezaul Karim,"['MD', 'FCPGS', 'PHD']",DERMATOLOGIST,21,K.Ali Hospital | Comilla,Comilla,,,,,,,,,,,,,,,,,,,,,
810,Dr. Shah Mohammad Inthakab,"['MBBS', 'BCS']",DIABETES SPECIALIST,15,K.Ali Hospital | Comilla,Comilla,,,,,,,,,,,,,,,,,,,,,
810,Dr. Shah Mohammad Inthakab,"['MBBS', 'BCS']",MEDICINE SPECIALIST,15,K.Ali Hospital | Comilla,Comilla,,,,,,,,,,,,,,,,,,,,,
810,Dr. Shah Mohammad Inthakab,"['MBBS', 'BCS']",ENDOCRINOLOGIST,15,K.Ali Hospital | Comilla,Comilla,,,,,,,,,,,,,,,,,,,,,
811,Asst. Prof. Dr. Md. Ashikur Rahman,"['MBBS', 'BCS', 'DTCD (CHEST MEDICINE-CC)', 'FCPS', 'CCD']",CARDIOLOGIST,16,K.Ali Hospital | Comilla,Comilla,,,,,,,,,,,,,,,,,,,,,
811,Asst. Prof. Dr. Md. Ashikur Rahman,"['MBBS', 'BCS', 'DTCD (CHEST MEDICINE-CC)', 'FCPS', 'CCD']",MEDICINE SPECIALIST,16,K.Ali Hospital | Comilla,Comilla,,,,,,,,,,,,,,,,,,,,,
811,Asst. Prof. Dr. Md. Ashikur Rahman,"['MBBS', 'BCS', 'DTCD (CHEST MEDICINE-CC)', 'FCPS', 'CCD']",RESPIRATORY SPECIALIST,16,K.Ali Hospital | Comilla,Comilla,,,,,,,,,,,,,,,,,,,,,
811,Asst. Prof. Dr. Md. Ashikur Rahman,"['MBBS', 'BCS', 'DTCD (CHEST MEDICINE-CC)', 'FCPS', 'CCD']",DIABETES SPECIALIST,16,K.Ali Hospital | Comilla,Comilla,,,,,,,,,,,,,,,,,,,,,
812,Assoc. Prof. Dr. Kabir Hossain,"['MBBS', 'MCPS', 'BCPS', 'CCD', 'D-CARD']",CARDIOLOGIST,19,BRAC Healthcare | Siddheswari,Dhaka,,,,,,,,,,,,,,,,,,,,,
812,Assoc. Prof. Dr. Kabir Hossain,"['MBBS', 'MCPS', 'BCPS', 'CCD', 'D-CARD']",DIABETES SPECIALIST,19,BRAC Healthcare | Siddheswari,Dhaka,,,,,,,,,,,,,,,,,,,,,
812,Assoc. Prof. Dr. Kabir Hossain,"['MBBS', 'MCPS', 'BCPS', 'CCD', 'D-CARD']",MEDICINE SPECIALIST,19,BRAC Healthcare | Siddheswari,Dhaka,,,,,,,,,,,,,,,,,,,,,
813,Asst. Prof. Dr. A.K.M. Gaiul Hoque,"['MBBS', 'MD', 'CCD']",OTOLARYNGOLOGISTS (ENT),22,K.Ali Hospital | Comilla,Comilla,,,,,,,,,,,,,,,,,,,,,
814,Dr. Md. Jayedul Islam,"['MBBS', 'MCPS', 'MS']",GENERAL SURGEON,14,BRAC Healthcare | Siddheswari,Dhaka,,,,,,,,,,,,,,,,,,,,,
815,Dr. Md. Aliur Rahman Faisal,"['MBBS', 'CCD', 'D-ORTHO']",ORTHOPEDIC SURGEON,19,K.Ali Hospital | Comilla,Comilla,,,,,,,,,,,,,,,,,,,,,
816,Dr. Md. Atikur Rahman Sojib,"['MBBS', 'D-ORTHO']",ORTHOPEDIC SURGEON,19,K.Ali Hospital | Comilla,Comilla,,,,,,,,,,,,,,,,,,,,,
817,Prof. Dr. Makhan Lal Paul,"['MBBS', 'FCPS', 'MACP', 'D-CARD', 'CCD']",CARDIOLOGIST,28,K.Ali Hospital | Comilla,Comilla,,,,,,,,,,,,,,,,,,,,,
818,Dr. Fahmida Islam,"['MBBS', 'DGO', 'MS']",GYNECOLOGIST & OBSTETRICIAN,26,K.Ali Hospital | Comilla,Comilla,,,,,,,,,,,,,,,,,,,,,
819,Dr. Md. Habibur Rahman Habib,"['MBBS', 'MS']",GENERAL PHYSICIAN,21,K.Ali Hospital | Comilla,Comilla,,,,,,,,,,,,,,,,,,,,,
820,Dr. Md. Sazzad Haidar,"['MBBS', 'PGPN', ' USA) CCD (BIRDEM)']",GENERAL PHYSICIAN,23,K.Ali Hospital | Comilla,Comilla,,,,,,,,,,,,,,,,,,,,,
821,Dr. Khaleda Akhter Ruma,"['MBBS', 'BCS']",GYNECOLOGIST & OBSTETRICIAN,28,K.Ali Hospital | Comilla,Comilla,,,,,,,,,,,,,,,,,,,,,
822,Asst. Prof. Dr. Mohammad Mahbubul Alam,"['MBBS', 'BCS', 'MS', 'BSMMU)']",PEDIATRIC SURGEON,23,K.Ali Hospital | Comilla,Comilla,,,,,,,,,,,,,,,,,,,,,
823,Dr. Nafiz Imtiaz Uddin Ahmed Shiplu,"['MBBS', 'MS', 'BCS']",GENERAL SURGEON,22,K.Ali Hospital | Comilla,Comilla,,,,,,,,,,,,,,,,,,,,,
823,Dr. Nafiz Imtiaz Uddin Ahmed Shiplu,"['MBBS', 'MS', 'BCS']",LAPAROSCOPIC SURGEON,22,K.Ali Hospital | Comilla,Comilla,,,,,,,,,,,,,,,,,,,,,
824,Dr. Rahad-Bin-Kashem,"['MBBS', 'BCS', 'MRCS (ENGLAND)', 'MRCS (EDIN)', 'FCPS']",SURGEON,17,K.Ali Hospital | Comilla,Comilla,,,,,,,,,,,,,,,,,,,,,
825,Dr. Mamunur Rashid Bhuiyan,"['MBBS', 'BCS', 'CCD', 'FCPS']",MEDICINE SPECIALIST,24,K.Ali Hospital | Comilla,Comilla,,,,,,,,,,,,,,,,,,,,,
826,Prof. Dr. Shamima Akter Rekha,"['MBBS', 'MCPS', 'MS']",GYNECOLOGIST & OBSTETRICIAN,27,K.Ali Hospital | Comilla,Comilla,,,,,,,,,,,,,,,,,,,,,
827,Dr. Afrina islam,"['MBBS', 'DM']",SONOLOGIST,22,K.Ali Hospital | Comilla,Comilla,,,,,,,,,,,,,,,,,,,,,
828,Dr. Nurul Alam,"['MBBS', 'BCS', 'PGT', 'MD', 'DM']",GASTROENTEROLOGIST,23,Doctors Lab & Hospital,Dhaka,,,,,,,,,,,,,,,,,,,,,
829,Dr. Marmarin Hamid Rawli,"['MBBS', 'FCPS']",GYNECOLOGIST & OBSTETRICIAN,2,F.A Memorial Hospital,Dhaka,,,,,,,,,,,,,,,,,,,,,
830,Dr. Md. Yousuf Ali,"['MBBS', 'BCS', 'DLO', 'MS', ' BSMMU)', 'FCPS', ' EAR AND THROAT', ' FP)']",OTOLARYNGOLOGISTS (ENT),20,Tropical Hospital & Diagnostic Centre Pvt. Ltd.,Dhaka,,,,,,,,,,,,,,,,,,,,,
831,Dr. Partha Banik,"['MBBS', 'PGT']",DERMATOLOGIST,19,Tropical Hospital & Diagnostic Centre Pvt. Ltd.,Dhaka,,,,,,,,,,,,,,,,,,,,,
832,Dr. Rubaiyat Islam Rohan,"['MBBS', 'DVD (JAPAN', ' THAILAND)']",DERMATOLOGIST,22,Tropical Hospital & Diagnostic Centre Pvt. Ltd.,Dhaka,,,,,,,,,,,,,,,,,,,,,
833,Dr. Rabiya Basri,"['MBBS', 'BCS', 'DGO', 'FCPS', 'PGT', 'DM']",GYNECOLOGIST & OBSTETRICIAN,18,Tropical Hospital & Diagnostic Centre Pvt. Ltd.,Dhaka,,,,,,,,,,,,,,,,,,,,,
833,Dr. Rabiya Basri,"['MBBS', 'BCS', 'DGO', 'FCPS', 'PGT', 'DM']",INFERTILITY SPECIALIST,18,Tropical Hospital & Diagnostic Centre Pvt. Ltd.,Dhaka,,,,,,,,,,,,,,,,,,,,,
834,Dr. Ayesha Siddiqa,"['MBBS', 'BCS', 'MS']",GYNECOLOGIST & OBSTETRICIAN,23,Tropical Hospital & Diagnostic Centre Pvt. Ltd.,Dhaka,,,,,,,,,,,,,,,,,,,,,
835,Dr. Md. Nazmul Arefin,"['MBBS', 'PGT']",ORTHOPEDIST,23,Tropical Hospital & Diagnostic Centre Pvt. Ltd.,Dhaka,,,,,,,,,,,,,,,,,,,,,
836,Dr. Tanay Roy,"['MBBS', 'FCGP', 'CCD', 'MRCP']",MEDICINE SPECIALIST,23,Tropical Hospital & Diagnostic Centre Pvt. Ltd.,Dhaka,,,,,,,,,,,,,,,,,,,,,
837,Dr. SK Pal,"['MBBS', 'BCS', 'CCD', 'MD']",GASTROENTEROLOGIST,19,Samakal Diagnostic Complex and Consultation Center,Dhaka,,,,,,,,,,,,,,,,,,,,,
838,Dr. S Islam,"['MBBS', 'DTCD (CHEST)', 'MS']",RESPIRATORY SPECIALIST,17,Samakal Diagnostic Complex and Consultation Center,Dhaka,,,,,,,,,,,,,,,,,,,,,
839,Dr. A B S M Sirajul Haque,"['MBBS', 'FCPS']",NEUROLOGIST,18,Samakal Diagnostic Complex and Consultation Center,Dhaka,,,,,,,,,,,,,,,,,,,,,
840,Asst. Prof. Dr. Md. Fakhrul Alam,"['MBBS', 'DLO', 'CCD']",OTOLARYNGOLOGISTS (ENT),25,Doctors Zone Diagnostic and Consultation Centre,Dhaka,,,,,,,,,,,,,,,,,,,,,
841,Dr. Pijush Pal,"['MBBS', 'FCPS']",DERMATOLOGIST,18,Doctors Zone Diagnostic and Consultation Centre,Dhaka,,,,,,,,,,,,,,,,,,,,,
842,Dr. Md. Sayad Ullah,"['MBBS', 'BCS', 'CCD', 'FCPS']",MEDICINE SPECIALIST,22,Doctors Zone Diagnostic and Consultation Centre,Dhaka,,,,,,,,,,,,,,,,,,,,,
842,Dr. Md. Sayad Ullah,"['MBBS', 'BCS', 'CCD', 'FCPS']",DIABETES SPECIALIST,22,Doctors Zone Diagnostic and Consultation Centre,Dhaka,,,,,,,,,,,,,,,,,,,,,
843,Asst. Prof. Dr. Farial Akshan,"['MBBS', 'DVD (BSMMU)']",DERMATOLOGIST,17,Lake City Medical Limited,Dhaka,,,,,,,,,,,,,,,,,,,,,
844,Dr. Nazmul Hasan,"['MBBS', 'MD']",PEDIATRICIAN & NEONATOLOGIST,20,Lake City Medical Limited,Dhaka,,,,,,,,,,,,,,,,,,,,,
845,Dr. Mohmmad sayem,"['MBBS', 'MS']",ORTHOPEDIC SURGEON,17,Lake City Medical Limited,Dhaka,,,,,,,,,,,,,,,,,,,,,
846,Asst. Prof. Dr. Major Md. Ajfar Sazid Khan,"['MBBS', 'MD', ' BSMMU)']",NEPHROLOGIST,26,Lake City Medical Limited,Dhaka,,,,,,,,,,,,,,,,,,,,,
847,Prof. Dr. Murshida Mosharref,"['MBBS', 'FCPS']",PEDIATRICIAN,22,BRAC Healthcare | Mirpur,Dhaka,,,,,,,,,,,,,,,,,,,,,
848,Dr. Ms. Anika Tahsin,"['B. SC', 'MS']",NUTRITIONIST,7,BRAC Healthcare | Mirpur,Dhaka,,,,,,,,,,,,,,,,,,,,,
849,Dr. Syed Ahmad Refaie,"['MBBS', 'MD']",PHYSICAL MEDICINE,14,BRAC Healthcare | Mirpur,Dhaka,,,,,,,,,,,,,,,,,,,,,
850,Dr. Md. Mustafizur Rahman,"['MBBS', 'FCPS', 'MD']",NEPHROLOGIST,14,BRAC Healthcare | Mirpur,Dhaka,,,,,,,,,,,,,,,,,,,,,
851,Dr. Major Sk M Edi Ameen,"['MBBS', 'MPH', 'DDV', 'MCPS', 'GRADING COURSE( AFMI)']",DERMATOLOGIST,29,BRAC Healthcare | Mirpur,Dhaka,,,,,,,,,,,,,,,,,,,,,
852,Dr. Munira Zebin Kuasha,"['BDS', 'POSTGRADUATE DIPLOMA (UK)']",MAXILLOFACIAL AND DENTAL SURGEON,8,BRAC Healthcare | Mirpur,Dhaka,,,,,,,,,,,,,,,,,,,,,
853,Asst. Prof. Dr. Kazi Mansura Zesmin,"['MBBS', 'FCPS']",PEDIATRICIAN,19,Universal Medical College Hospital Limited,Dhaka,,,,,,,,,,,,,,,,,,,,,
854,Dr. Farhana Hyder Chowdhury,"['MBBS', 'FCPS']",GYNECOLOGIST & OBSTETRICIAN,12,BRAC Healthcare | Mirpur,Dhaka,,,,,,,,,,,,,,,,,,,,,
855,Dr. Faiza Zulfiker,"['BDS', 'MPH']",MAXILLOFACIAL AND DENTAL SURGEON,8,BRAC Healthcare | Mirpur,Dhaka,,,,,,,,,,,,,,,,,,,,,
856,Dr. S. M Nafeez Imtiaz,"['MBBS', 'DLO', 'FCPS']",OTOLARYNGOLOGISTS (ENT),12,BRAC Healthcare | Mirpur,Dhaka,,,,,,,,,,,,,,,,,,,,,
857,Dr. Muhammad Ali Kasem,"['MBBS', 'FCPS', 'MD', 'CCD']",CARDIOLOGIST,12,BRAC Healthcare | Mirpur,Dhaka,,,,,,,,,,,,,,,,,,,,,
858,Dr. Saiful Islam Khan,"['MBBS', 'MS', 'BCS']",ORTHOPEDIC SURGEON,19,Lake City Medical Limited,Dhaka,,,,,,,,,,,,,,,,,,,,,
859,Dr. Md. Abdul Malek,"['MBBS', 'BCS', 'MD', 'FCPS', ' FP)']",CARDIOLOGIST,21,Lake City Medical Limited,Dhaka,,,,,,,,,,,,,,,,,,,,,
860,Dr. Rifat Hasan,"['MBBS', 'CCD', 'FCPS']",OTOLARYNGOLOGISTS (ENT),23,Lake City Medical Limited,Dhaka,,,,,,,,,,,,,,,,,,,,,
861,Dr. Hasina Kabir Hasna,"['MBBS', 'BCS', 'MCPS', 'FCPS']",GYNECOLOGIST & OBSTETRICIAN,16,BRAC Healthcare | Mirpur,Dhaka,,,,,,,,,,,,,,,,,,,,,
862,Dr. Rubaiya Mehbin,"['MBBS', 'BCS', 'FCPS']",GYNECOLOGIST & OBSTETRICIAN,18,Lake City Medical Limited,Dhaka,,,,,,,,,,,,,,,,,,,,,
863,Dr. K.M. Rownak Jahan,"['BDS', 'PGT']",DENTIST,20,BRAC Healthcare | Mirpur,Dhaka,,,,,,,,,,,,,,,,,,,,,
864,Dr. S M Sadiqur Rahman,"['MBBS', 'BCS', 'FCPS', ' FP)']",MEDICINE SPECIALIST,19,Purbachal Diagnostics,Dhaka,,,,,,,,,,,,,,,,,,,,,
865,Dr. Md. Lokman Hossain,"['MBBS', 'BCS', 'FCPS']",MEDICINE SPECIALIST,22,Purbachal Diagnostics,Dhaka,,,,,,,,,,,,,,,,,,,,,
865,Dr. Md. Lokman Hossain,"['MBBS', 'BCS', 'FCPS']",HEPATOLOGIST,22,Purbachal Diagnostics,Dhaka,,,,,,,,,,,,,,,,,,,,,
866,Dr. Zebunnesa Mahmud Tasnuva,"['MBBS', 'BCS', 'FCPS']",GYNECOLOGIST & OBSTETRICIAN,19,Purbachal Diagnostics,Dhaka,,,,,,,,,,,,,,,,,,,,,
866,Dr. Zebunnesa Mahmud Tasnuva,"['MBBS', 'BCS', 'FCPS']",INFERTILITY SPECIALIST,19,Purbachal Diagnostics,Dhaka,,,,,,,,,,,,,,,,,,,,,
867,Asst. Prof. Dr. M. Moniruzzaman Khan,"['MBBS', 'DVD (DU)', 'MS', 'DCP']",DERMATOLOGIST,24,Ahmed Specialized Hospital Ltd.,Dhaka,,,,,,,,,,,,,,,,,,,,,
868,Dr. Md. Saiful Islam,"['MBBS', 'BCS', 'MPH', 'MD']",PEDIATRICIAN,18,Ahmed Specialized Hospital Ltd.,Dhaka,,,,,,,,,,,,,,,,,,,,,
869,Dr. Imtiaz Habib,"['MBBS', 'MPH', 'PGT', 'PGT', 'POST GRADUATE DIPLOMA IN CLINICAL COSMETOLOGY (INDIA)']",DERMATOLOGIST,17,Ahmed Specialized Hospital Ltd.,Dhaka,,,,,,,,,,,,,,,,,,,,,
870,Asst. Prof. Dr. A. F. M. Ariful Islam Nabin,"['MBBS', 'FCPS', 'BCS', 'FCPS']",PLASTIC SURGEON,19,Comfort Diagnostic Center (Pvt.) Ltd | Dhanmondi,Dhaka,,,,,,,,,,,,,,,,,,,,,
871,Prof. Dr. Prof. Dr. Abdullah Al-Mamun,"['MBBS', 'FCPS']",PSYCHIATRIST,25,Comfort Diagnostic Center (Pvt.) Ltd | Dhanmondi,Dhaka,,,,,,,,,,,,,,,,,,,,,
872,Dr. Md. Shaidur Rahman,"['MBBS', 'BCS', 'MD', 'FCPC (ENGLAND)', 'CCP (CANADA)']",PEDIATRICIAN,14,Comfort Diagnostic Center (Pvt.) Ltd | Dhanmondi,Dhaka,,,,,,,,,,,,,,,,,,,,,
873,Dr. Mashura Musharraf,"['MBBS', 'FCPS', 'MD', 'MCPS', 'BCS']",PEDIATRICIAN,15,Comfort Diagnostic Center (Pvt.) Ltd | Dhanmondi,Dhaka,,,,,,,,,,,,,,,,,,,,,
874,Dr. Md. Tariqul Haque,"['MBBS', 'CCD', 'DOC (SKIN', ' SEX', ' ALLERGY)', 'SMO (MEDICINE)']",DERMATOLOGIST,17,Ahmed Specialized Hospital Ltd.,Dhaka,,,,,,,,,,,,,,,,,,,,,
875,Assoc. Prof. Dr. Mohammed Rashedul Islam,"['MBBS', 'FCPS']",PLASTIC SURGEON,27,Ahmed Specialized Hospital Ltd.,Dhaka,,,,,,,,,,,,,,,,,,,,,
876,Dr. Mansura Chowdhury,"['MBBS', 'MPH', 'DDCM &V']",DERMATOLOGIST,16,Ahmed Specialized Hospital Ltd.,Dhaka,,,,,,,,,,,,,,,,,,,,,
877,Dr. Fabiha Tanzim,"['MBBS', 'PGT']",DERMATOLOGIST,15,Ahmed Specialized Hospital Ltd.,Dhaka,,,,,,,,,,,,,,,,,,,,,
878,Dr. Sara Khan,"['MBBS', 'MPH', 'PGT', 'POST GRADUATE DIPLOMA IN CLINICAL COSMETOLOGY (INDIA)']",DERMATOLOGIST,18,Ahmed Specialized Hospital Ltd.,Dhaka,,,,,,,,,,,,,,,,,,,,,
879,Dr. Mostafa Al Tariq Ronee,"['MBBS', 'MS']",INFERTILITY SPECIALIST,18,Comfort Diagnostic Center (Pvt.) Ltd | Dhanmondi,Dhaka,,,,,,,,,,,,,,,,,,,,,
880,Asst. Prof. Dr. Bikush Chandra Paul,"['MBBS', 'DCH', 'PGPN', 'MD', ' NEUROLOGY)']",PEDIATRIC NEUROLOGIST,16,Comfort Diagnostic Center (Pvt.) Ltd | Dhanmondi,Dhaka,,,,,,,,,,,,,,,,,,,,,
881,Dr. Sajuti Humaira,"['MBBS', 'MD']",HEMATOLOGIST,13,Comfort Diagnostic Center (Pvt.) Ltd | Dhanmondi,Dhaka,,,,,,,,,,,,,,,,,,,,,
882,Asst. Prof. Dr. A.T.M. Asaduzzaman,"['MBBS', 'FCPS']",GENERAL SURGEON,18,Comfort Diagnostic Center (Pvt.) Ltd | Dhanmondi,Dhaka,,,,,,,,,,,,,,,,,,,,,
883,Assoc. Prof. Dr. Dr. Chitta Ranjan Das,"['MBBS', 'MS']",GENERAL SURGEON,21,Comfort Diagnostic Center (Pvt.) Ltd | Dhanmondi,Dhaka,,,,,,,,,,,,,,,,,,,,,
884,Prof. Dr. A. Z. M. Mahfuzur Rahman,"['MBBS', 'MS']",GENERAL SURGEON,23,Comfort Diagnostic Center (Pvt.) Ltd | Dhanmondi,Dhaka,,,,,,,,,,,,,,,,,,,,,
885,Prof. Dr. Anwarul Azim,"['MBBS', 'FCPS', 'FICS']",GENERAL SURGEON,24,Comfort Diagnostic Center (Pvt.) Ltd | Dhanmondi,Dhaka,,,,,,,,,,,,,,,,,,,,,
886,Prof. Dr. Md. Zahidul Islam Rois,"['MBBS', 'BCS', 'FCPS']",OTOLARYNGOLOGISTS (ENT),24,Comfort Diagnostic Center (Pvt.) Ltd | Dhanmondi,Dhaka,,,,,,,,,,,,,,,,,,,,,
887,Prof. Dr. Manash Ranjan Chakraborty,"['MBBS', 'DLO']",OTOLARYNGOLOGISTS (ENT),26,Comfort Diagnostic Center (Pvt.) Ltd | Dhanmondi,Dhaka,,,,,,,,,,,,,,,,,,,,,
888,Assoc. Prof. Dr. Samaresh Hazra,"['MBBS', 'BCS', 'MD']",DERMATOLOGIST,19,Comfort Diagnostic Center (Pvt.) Ltd | Dhanmondi,Dhaka,,,,,,,,,,,,,,,,,,,,,
889,Dr. Kallol Dey,"['FCPS', 'MS', 'BCS']",SURGEON,20,"Delta Hospital Ltd, Mirpur 1, Dhaka",Dhaka,,,,,,,,,,,,,,,,,,,,,
889,Dr. Kallol Dey,"['FCPS', 'MS', 'BCS']",COLORECTAL SURGEON,20,"Delta Hospital Ltd, Mirpur 1, Dhaka",Dhaka,,,,,,,,,,,,,,,,,,,,,
889,Dr. Kallol Dey,"['FCPS', 'MS', 'BCS']",GENERAL SURGEON,20,"Delta Hospital Ltd, Mirpur 1, Dhaka",Dhaka,,,,,,,,,,,,,,,,,,,,,
889,Dr. Kallol Dey,"['FCPS', 'MS', 'BCS']",ONCOLOGIST,20,"Delta Hospital Ltd, Mirpur 1, Dhaka",Dhaka,,,,,,,,,,,,,,,,,,,,,
889,Dr. Kallol Dey,"['FCPS', 'MS', 'BCS']",LAPAROSCOPIC SURGEON,20,"Delta Hospital Ltd, Mirpur 1, Dhaka",Dhaka,,,,,,,,,,,,,,,,,,,,,
890,Assoc. Prof. Dr. M. M. Insan,"['MBBS', 'DD (JAPAN)', 'DD (THAILAND)']",DERMATOLOGIST,20,Comfort Diagnostic Center (Pvt.) Ltd | Dhanmondi,Dhaka,,,,,,,,,,,,,,,,,,,,,
891,Assoc. Prof. Dr. Md. Mostafizur Rahman,"['MBBS', 'MS']",UROLOGIST,21,Comfort Diagnostic Center (Pvt.) Ltd | Dhanmondi,Dhaka,,,,,,,,,,,,,,,,,,,,,
892,Prof. Dr. Pranashish Saha,"['MBBS', 'MS']",UROLOGIST,24,Comfort Diagnostic Center (Pvt.) Ltd | Dhanmondi,Dhaka,,,,,,,,,,,,,,,,,,,,,
893,Asst. Prof. Dr. Md. Hasan Tareq,"['BSC', 'PHYSIOTHERAPY', 'MPH']",PHYSIOTHERAPIST,19,Comfort Diagnostic Center (Pvt.) Ltd | Dhanmondi,Dhaka,,,,,,,,,,,,,,,,,,,,,
894,Asst. Prof. Dr. Md. Mamunur Rashid,"['MBBS', 'MD']",ONCOLOGIST,17,Comfort Diagnostic Center (Pvt.) Ltd | Dhanmondi,Dhaka,,,,,,,,,,,,,,,,,,,,,
895,Asst. Prof. Dr. Rokaya Sultana Ruma,"['MBBS', 'MD']",ONCOLOGIST,17,Comfort Diagnostic Center (Pvt.) Ltd | Dhanmondi,Dhaka,,,,,,,,,,,,,,,,,,,,,
896,Asst. Prof. Dr. Sayeda Binte Rahman,"['MBBS', 'FCPS']",PEDIATRICIAN & NEONATOLOGIST,22,Lakecity Diagnostic and Consultation Center,Dhaka,,,,,,,,,,,,,,,,,,,,,
897,Assoc. Prof. Dr. Mostashirul Haque,"['MBBS', 'MD']",CARDIOLOGIST,25,Lakecity Diagnostic and Consultation Center,Dhaka,,,,,,,,,,,,,,,,,,,,,
898,Dr. S.M. Azizur Rahman,"['MBBS', 'BCS', 'MS']",OTOLARYNGOLOGISTS (ENT),19,Lakecity Diagnostic and Consultation Center,Dhaka,,,,,,,,,,,,,,,,,,,,,
899,Assoc. Prof. Dr. Jannatul Ferdous,"['MBBS', 'FCPS']",GYNECOLOGIST & OBSTETRICIAN,27,Lakecity Diagnostic and Consultation Center,Dhaka,,,,,,,,,,,,,,,,,,,,,
899,Assoc. Prof. Dr. Jannatul Ferdous,"['MBBS', 'FCPS']",INFERTILITY SPECIALIST,27,Lakecity Diagnostic and Consultation Center,Dhaka,,,,,,,,,,,,,,,,,,,,,
900,Dr. Jasmine Sultana,"['MBBS', 'BCS', 'FCPS']",GYNECOLOGIST & OBSTETRICIAN,24,Lakecity Diagnostic and Consultation Center,Dhaka,,,,,,,,,,,,,,,,,,,,,
900,Dr. Jasmine Sultana,"['MBBS', 'BCS', 'FCPS']",INFERTILITY SPECIALIST,24,Lakecity Diagnostic and Consultation Center,Dhaka,,,,,,,,,,,,,,,,,,,,,
901,Prof. Dr. Rumana Salim,"['MBBS', 'FCPS']",PEDIATRICIAN,31,Lakecity Diagnostic and Consultation Center,Dhaka,,,,,,,,,,,,,,,,,,,,,
902,Dr. Sheikh Nazmul Islam,"['MBBS', 'BCS', 'MCPS', 'MD', 'CCD', 'MACP']",MEDICINE SPECIALIST,19,Lakecity Diagnostic and Consultation Center,Dhaka,,,,,,,,,,,,,,,,,,,,,
902,Dr. Sheikh Nazmul Islam,"['MBBS', 'BCS', 'MCPS', 'MD', 'CCD', 'MACP']",DIABETOLOGIST,19,Lakecity Diagnostic and Consultation Center,Dhaka,,,,,,,,,,,,,,,,,,,,,
903,Dr. Mizanur Rahman,"['MBBS', 'BCS', 'FCPS']",NEUROSURGEON,22,Lakecity Diagnostic and Consultation Center,Dhaka,,,,,,,,,,,,,,,,,,,,,
904,Dr. Akman Hossain,"['MBBS', 'BCS', 'D-ORTHO', 'PGT']",ORTHOPEDIC SURGEON,18,Lakecity Diagnostic and Consultation Center,Dhaka,,,,,,,,,,,,,,,,,,,,,
905,Assoc. Prof. Dr. Md. Naimur Rahman,"['MBBS', 'MS']",ORTHOPEDIC SURGEON,25,Lakecity Diagnostic and Consultation Center,Dhaka,,,,,,,,,,,,,,,,,,,,,
906,Dr. Md. Rakib Morshed,"['MBBS', 'BCS', 'MD']",NEPHROLOGIST,18,Lakecity Diagnostic and Consultation Center,Dhaka,,,,,,,,,,,,,,,,,,,,,
907,Dr. Mst. Zeenat Ara,"['MBBS', 'BCS', 'FCPS']",GYNECOLOGIST & OBSTETRICIAN,24,Lakecity Diagnostic and Consultation Center,Dhaka,,,,,,,,,,,,,,,,,,,,,
907,Dr. Mst. Zeenat Ara,"['MBBS', 'BCS', 'FCPS']",INFERTILITY SPECIALIST,24,Lakecity Diagnostic and Consultation Center,Dhaka,,,,,,,,,,,,,,,,,,,,,
908,Dr. Ahmed Babu,"['MBBS', 'CCD', 'DVD (SKIN & DERMATOLOGY)']",DERMATOLOGIST,17,MMM Hospital and Diagnostic Center,Dhaka,,,,,,,,,,,,,,,,,,,,,
909,Dr. GM Rayhanul Islam Prince,"['MBBS', 'PGT', 'CCD', 'MPH']",MEDICINE SPECIALIST,18,MMM Hospital and Diagnostic Center,Dhaka,,,,,,,,,,,,,,,,,,,,,
910,Dr. Pimple Barua,"['MBBS', 'FCPS', 'CCD', 'ACLS (BIRDEM)', 'BCS', 'PGT', 'PGT']",MEDICINE SPECIALIST,21,MMM Hospital and Diagnostic Center,Dhaka,,,,,,,,,,,,,,,,,,,,,
910,Dr. Pimple Barua,"['MBBS', 'FCPS', 'CCD', 'ACLS (BIRDEM)', 'BCS', 'PGT', 'PGT']",NEUROMEDICINE SPECIALIST,21,MMM Hospital and Diagnostic Center,Dhaka,,,,,,,,,,,,,,,,,,,,,
910,Dr. Pimple Barua,"['MBBS', 'FCPS', 'CCD', 'ACLS (BIRDEM)', 'BCS', 'PGT', 'PGT']",DIABETES SPECIALIST,21,MMM Hospital and Diagnostic Center,Dhaka,,,,,,,,,,,,,,,,,,,,,
911,Assoc. Prof. Dr. Md. Naimur Rahman,"['MBBS', 'MS', ' BSMMU)']",ORTHOPEDIC SURGEON,26,MMM Hospital and Diagnostic Center,Dhaka,,,,,,,,,,,,,,,,,,,,,
912,Prof. Dr. Jannatul Ferdous,"['MBBS', 'FCPS']",GYNECOLOGIST & OBSTETRICIAN,29,MMM Hospital and Diagnostic Center,Dhaka,,,,,,,,,,,,,,,,,,,,,
912,Prof. Dr. Jannatul Ferdous,"['MBBS', 'FCPS']",INFERTILITY SPECIALIST,29,MMM Hospital and Diagnostic Center,Dhaka,,,,,,,,,,,,,,,,,,,,,
913,Asst. Prof. Dr. Shahida Alam Lima,"['MBBS', 'FCPS']",ONCOLOGIST,17,Comfort Diagnostic Center (Pvt.) Ltd | Dhanmondi,Dhaka,,,,,,,,,,,,,,,,,,,,,
914,Assoc. Prof. Dr. Jasmine Jahan,"['MBBS', 'FCPS', 'DIPLOMA IN MEDICAL ULTRASOUND (DMU)']",GYNECOLOGIST & OBSTETRICIAN,23,MMM Hospital and Diagnostic Center,Dhaka,,,,,,,,,,,,,,,,,,,,,
914,Assoc. Prof. Dr. Jasmine Jahan,"['MBBS', 'FCPS', 'DIPLOMA IN MEDICAL ULTRASOUND (DMU)']",INFERTILITY SPECIALIST,23,MMM Hospital and Diagnostic Center,Dhaka,,,,,,,,,,,,,,,,,,,,,
915,Dr. Md. Zayeed Ahsan,"['MBBS', 'BCS', 'FCPS']",NEPHROLOGIST,14,Comfort Diagnostic Center (Pvt.) Ltd | Dhanmondi,Dhaka,,,,,,,,,,,,,,,,,,,,,
916,Dr. Samshad Begum,"['MBBS', 'MCPS', 'DGO']",GYNECOLOGIST & OBSTETRICIAN,17,Comfort Diagnostic Center (Pvt.) Ltd | Dhanmondi,Dhaka,,,,,,,,,,,,,,,,,,,,,
917,Dr. Fahmida Naz,"['MBBS', 'FCPS', 'MS']",GYNECOLOGIST & OBSTETRICIAN,16,Comfort Diagnostic Center (Pvt.) Ltd | Dhanmondi,Dhaka,,,,,,,,,,,,,,,,,,,,,
918,Dr. Farah Ahsan,['MBBS'],MEDICINE SPECIALIST,10,Comfort Diagnostic Center (Pvt.) Ltd | Dhanmondi,Dhaka,,,,,,,,,,,,,,,,,,,,,
918,Dr. Farah Ahsan,['MBBS'],GENERAL PHYSICIAN,10,Comfort Diagnostic Center (Pvt.) Ltd | Dhanmondi,Dhaka,,,,,,,,,,,,,,,,,,,,,
919,Dr. Md. Ziaur Rahman,"['MBBS', 'BCS', 'PGT', 'FCPS', 'MD', ' NEPHROLOGY)']",NEPHROLOGIST,17,Comfort Diagnostic Center (Pvt.) Ltd | Dhanmondi,Dhaka,,,,,,,,,,,,,,,,,,,,,
920,Assoc. Prof. Dr. Md. Mahfoozur Rahman,"['MBBS', 'D-ORTHO']",ORTHOPEDIC SURGEON,20,Comfort Diagnostic Center (Pvt.) Ltd | Dhanmondi,Dhaka,,,,,,,,,,,,,,,,,,,,,
921,Dr. Md. Hamidul Islam,"['MBBS', 'BCS', 'MS']",ORTHOPEDIC SURGEON,18,Comfort Diagnostic Center (Pvt.) Ltd | Dhanmondi,Dhaka,,,,,,,,,,,,,,,,,,,,,
922,Dr. Nirmol Kanti Sarkar,"['MBBS', 'FCPS', 'MD', 'FCCP']",CHEST SPECIALIST,16,Comfort Diagnostic Center (Pvt.) Ltd | Dhanmondi,Dhaka,,,,,,,,,,,,,,,,,,,,,
923,Dr. A. K. M. Khairul Basher,"['MBBS', 'BCS', 'MS']",PEDIATRIC SURGEON,16,Comfort Diagnostic Center (Pvt.) Ltd | Dhanmondi,Dhaka,,,,,,,,,,,,,,,,,,,,,
924,Asst. Prof. Dr. Tareq hassan,"['BDS', 'MS', ' BSMMU)', 'DDS']",MAXILLOFACIAL AND DENTAL SURGEON,14,Prescription Point Ltd. | Banani,Dhaka,,,,,,,,,,,,,,,,,,,,,
925,Assoc. Prof. Dr. Md. Rafiqur Rahman Chandan,"['BDS', 'DDS']",MAXILLOFACIAL AND DENTAL SURGEON,18,Prescription Point Ltd. | Banani,Dhaka,,,,,,,,,,,,,,,,,,,,,
926,Dr. Hasan Shahriar Kallol,"['MBBS', 'FCPS']",SURGEON,19,Prescription Point Ltd. | Banani,Dhaka,,,,,,,,,,,,,,,,,,,,,
927,Asst. Prof. Dr. Md. Mahmuduzzaman,"['MBBS', 'BCS', 'MD']",GASTROENTEROLOGIST,18,Prescription Point Ltd. | Banani,Dhaka,,,,,,,,,,,,,,,,,,,,,
928,Prof. Dr. Shakil Ahmed,"['MBBS', 'FCPS', 'MD']",PEDIATRICIAN,28,Prescription Point Ltd. | Banani,Dhaka,,,,,,,,,,,,,,,,,,,,,
929,Prof. Dr. Md. Saiful Kabir,"['MBBS', 'DDV']",DERMATOLOGIST,28,Prescription Point Ltd. | Banani,Dhaka,,,,,,,,,,,,,,,,,,,,,
930,Dr. Enamul Haque,"['MBBS', 'FIN (NEPHROLOGY) INDIA', 'FCGP', 'CCD']",NEPHROLOGIST,19,Prescription Point Ltd. | Banani,Dhaka,,,,,,,,,,,,,,,,,,,,,
931,Dr. Md. Nadim Mahmud,"['MBBS', 'FCPS']",MEDICINE SPECIALIST,19,Prescription Point Ltd. | Banani,Dhaka,,,,,,,,,,,,,,,,,,,,,
932,Dr. Rashedul Hasan,"['MBBS', 'MS']",OTOLARYNGOLOGISTS (ENT),16,Prescription Point Ltd. | Banani,Dhaka,,,,,,,,,,,,,,,,,,,,,
933,Dr. Masuk Al Marzan Maruf,"['MBBS', 'BCS', 'FCPS', 'MCPS', 'D-CARD']",MEDICINE SPECIALIST,15,Comfort Diagnostic Center (Pvt.) Ltd | Dhanmondi,Dhaka,,,,,,,,,,,,,,,,,,,,,
933,Dr. Masuk Al Marzan Maruf,"['MBBS', 'BCS', 'FCPS', 'MCPS', 'D-CARD']",CARDIOLOGIST,15,Comfort Diagnostic Center (Pvt.) Ltd | Dhanmondi,Dhaka,,,,,,,,,,,,,,,,,,,,,
934,Prof. Dr. Md. Motahar Hossain,"['MBBS', 'FCPS']",MEDICINE SPECIALIST,27,Comfort Diagnostic Center (Pvt.) Ltd | Dhanmondi,Dhaka,,,,,,,,,,,,,,,,,,,,,
934,Prof. Dr. Md. Motahar Hossain,"['MBBS', 'FCPS']",DIABETOLOGIST,27,Comfort Diagnostic Center (Pvt.) Ltd | Dhanmondi,Dhaka,,,,,,,,,,,,,,,,,,,,,
935,Dr. Shakhawat Hossain Khan,"['MBBS', 'FCPS', 'MRCP']",MEDICINE SPECIALIST,17,Comfort Diagnostic Center (Pvt.) Ltd | Dhanmondi,Dhaka,,,,,,,,,,,,,,,,,,,,,
935,Dr. Shakhawat Hossain Khan,"['MBBS', 'FCPS', 'MRCP']",DIABETOLOGIST,17,Comfort Diagnostic Center (Pvt.) Ltd | Dhanmondi,Dhaka,,,,,,,,,,,,,,,,,,,,,
936,Prof. Dr. Hafezur Rahman Chowdhury,"['MBBS', 'DLO', 'FICS']",OTOLARYNGOLOGISTS (ENT),29,Prescription Point Ltd. | Banani,Dhaka,,,,,,,,,,,,,,,,,,,,,
937,Asst. Prof. Dr. Afroza Khanom,"['MBBS', 'MS']",OTOLARYNGOLOGISTS (ENT),22,Prescription Point Ltd. | Banani,Dhaka,,,,,,,,,,,,,,,,,,,,,
938,Asst. Prof. Dr. Husne Qumer Osmany,"['MBBS', 'FCPS']",OTOLARYNGOLOGISTS (ENT),23,Prescription Point Ltd. | Banani,Dhaka,,,,,,,,,,,,,,,,,,,,,
939,Prof. Dr. Md. Zilan Miah Sarker,"['MBBS', 'FCPS']",MEDICINE SPECIALIST,21,Comfort Diagnostic Center (Pvt.) Ltd | Dhanmondi,Dhaka,,,,,,,,,,,,,,,,,,,,,
940,Prof. Dr. A. K. Khan,"['MBBS', 'DOMS', 'MPH']",OPHTHALMOLOGIST,26,Prescription Point Ltd. | Banani,Dhaka,,,,,,,,,,,,,,,,,,,,,
941,Dr. Rabbi Mahmud,"['MBBS', 'D-ORTHO']",ORTHOPEDIST,16,Prescription Point Ltd. | Banani,Dhaka,,,,,,,,,,,,,,,,,,,,,
942,Dr. Enamul Haque Tito,"['MBBS', 'FCGP', 'CCD']",MEDICINE SPECIALIST,25,Prescription Point Ltd. | Banani,Dhaka,,,,,,,,,,,,,,,,,,,,,
942,Dr. Enamul Haque Tito,"['MBBS', 'FCGP', 'CCD']",DIABETOLOGIST,25,Prescription Point Ltd. | Banani,Dhaka,,,,,,,,,,,,,,,,,,,,,
943,Dr. Moinuddin Ahmed,"['MBBS', 'DTM&H (BANGKOK)', 'DIP-IN-SAF & MGM.(GENEVA)', 'GAMC (UK)', 'FRSH (UK)']",FAMILY MEDICINE SPECIALIST,26,Prescription Point Ltd. | Banani,Dhaka,,,,,,,,,,,,,,,,,,,,,
944,Dr. Col. Huque Mahfuz,"['MBBS', 'DCP', 'FCPS']",HEMATOLOGIST,27,Prescription Point Ltd. | Banani,Dhaka,,,,,,,,,,,,,,,,,,,,,
945,Dr. Muhammad Masudul Hasan Arup,"['MBBS', 'BCS', 'FCPS', 'MD']",ONCOLOGIST,19,Prescription Point Ltd. | Banani,Dhaka,,,,,,,,,,,,,,,,,,,,,
946,Dr. Col. A F M Shamsul Haque,"['MBBS', 'MCPS', 'FCPS', 'FCPS']",CARDIOLOGIST,26,Prescription Point Ltd. | Banani,Dhaka,,,,,,,,,,,,,,,,,,,,,
947,Dr. Jamil Tawfiq Imam,"['MBBS', 'BCS', 'MD', 'MACP']",CARDIOLOGIST,18,Holy Aid Hospital Ltd.,Dhaka,,,,,,,,,,,,,,,,,,,,,
947,Dr. Jamil Tawfiq Imam,"['MBBS', 'BCS', 'MD', 'MACP']",MEDICINE SPECIALIST,18,Holy Aid Hospital Ltd.,Dhaka,,,,,,,,,,,,,,,,,,,,,
948,Dr. Md. Nuruzzaman,"['MBBS', 'BCS', 'FCPS']",OTOLARYNGOLOGISTS (ENT),23,Holy Aid Hospital Ltd.,Dhaka,,,,,,,,,,,,,,,,,,,,,
949,Asst. Prof. Dr. SK Sarkar,"['MBBS', 'BCS', 'MS']",ORTHOPEDIC SURGEON,18,Holy Aid Hospital Ltd.,Dhaka,,,,,,,,,,,,,,,,,,,,,
950,Asst. Prof. Dr. Md. Tariqul Islam,"['MBBS', 'BCS', 'FCPS', ' FP)', 'MD']",PEDIATRICIAN & NEONATOLOGIST,19,Holy Aid Hospital Ltd.,Dhaka,,,,,,,,,,,,,,,,,,,,,
951,Dr. Morsheda Moslem,"['MBBS', 'BCS', 'DGO']",GYNECOLOGIST & OBSTETRICIAN,19,Health Point Diagnostic Services,Dhaka,,,,,,,,,,,,,,,,,,,,,
952,Dr. Shanjidah Haque,"['MBBS', 'FCPS', 'CCD']",GENERAL SURGEON,19,Health Point Diagnostic Services,Dhaka,,,,,,,,,,,,,,,,,,,,,
952,Dr. Shanjidah Haque,"['MBBS', 'FCPS', 'CCD']",COLORECTAL & LAPAROSCOPIC SURGEON,19,Health Point Diagnostic Services,Dhaka,,,,,,,,,,,,,,,,,,,,,
953,Prof. Dr. Brig. Sabina Yesmin,"['MBBS', 'DCH', 'FCPS', 'MD']",PEDIATRICIAN & NEONATOLOGIST,28,Health Point Diagnostic Services,Dhaka,,,,,,,,,,,,,,,,,,,,,
954,Dr. Md. Abu Abdullah Hossain Majumder,"['MBBS', 'BCS', 'MS', 'CCD']",ORTHOPEDIC SURGEON,24,Health Point Diagnostic Services,Dhaka,,,,,,,,,,,,,,,,,,,,,
955,Dr. Nahida Islam,"['MBBS', 'BCS', 'MS']",GYNECOLOGIST & OBSTETRICIAN,20,Health Point Diagnostic Services,Dhaka,,,,,,,,,,,,,,,,,,,,,
955,Dr. Nahida Islam,"['MBBS', 'BCS', 'MS']",SURGEON,20,Health Point Diagnostic Services,Dhaka,,,,,,,,,,,,,,,,,,,,,
956,Dr. Mazharul Islam Shohel,"['MBBS', 'BCS', 'FCPS', 'MACP']",DIABETES SPECIALIST,24,Health Point Diagnostic Services,Dhaka,,,,,,,,,,,,,,,,,,,,,
956,Dr. Mazharul Islam Shohel,"['MBBS', 'BCS', 'FCPS', 'MACP']",MEDICINE SPECIALIST,24,Health Point Diagnostic Services,Dhaka,,,,,,,,,,,,,,,,,,,,,
956,Dr. Mazharul Islam Shohel,"['MBBS', 'BCS', 'FCPS', 'MACP']",ENDOCRINOLOGIST,24,Health Point Diagnostic Services,Dhaka,,,,,,,,,,,,,,,,,,,,,
957,Dr. Dilruba Alam,"['MBBS', 'FCPS']",MEDICINE SPECIALIST,18,Health Point Diagnostic Services,Dhaka,,,,,,,,,,,,,,,,,,,,,
958,Dr. Md. Alauddin,"['MBBS', 'BCS', 'MD']",PULMONOLOGIST,19,Health Point Diagnostic Services,Dhaka,,,,,,,,,,,,,,,,,,,,,
959,Prof. Dr. Brig. Gen. Khaleda Akhter,"['MBBS', 'DCH', 'FCPS']",PEDIATRICIAN,27,Health Point Diagnostic Services,Dhaka,,,,,,,,,,,,,,,,,,,,,
960,Asst. Prof. Dr. Farhana Haque,"['MBBS', 'BCS', 'FCPS', 'M.MED']",GYNECOLOGIC ONCOLOGIST,17,Comfort Diagnostic Center (Pvt.) Ltd | Dhanmondi,Dhaka,,,,,,,,,,,,,,,,,,,,,
960,Asst. Prof. Dr. Farhana Haque,"['MBBS', 'BCS', 'FCPS', 'M.MED']",GYNECOLOGIST & OBSTETRICIAN,17,Comfort Diagnostic Center (Pvt.) Ltd | Dhanmondi,Dhaka,,,,,,,,,,,,,,,,,,,,,
961,Dr. Rahat Hassan Baig,['MBBS'],HEPATOLOGIST,17,Comfort Diagnostic Center (Pvt.) Ltd | Dhanmondi,Dhaka,,,,,,,,,,,,,,,,,,,,,
962,Prof. Dr. Md. Belayet Hossain Khan,"['MBBS', 'MCPS', 'MPH', 'FRSH (LONDON)']",GASTROENTEROLOGIST,22,Comfort Diagnostic Center (Pvt.) Ltd | Dhanmondi,Dhaka,,,,,,,,,,,,,,,,,,,,,
963,Dr. Md. Mahid Khan,"['MBBS', 'D-CARD', 'MRCP']",ENDOCRINOLOGIST,20,Comfort Diagnostic Center (Pvt.) Ltd | Dhanmondi,Dhaka,,,,,,,,,,,,,,,,,,,,,
963,Dr. Md. Mahid Khan,"['MBBS', 'D-CARD', 'MRCP']",MEDICINE SPECIALIST,20,Comfort Diagnostic Center (Pvt.) Ltd | Dhanmondi,Dhaka,,,,,,,,,,,,,,,,,,,,,
964,Dr. Ranjan Talukder,"['MBBS', 'D - CARD (CARDIOLOGY)']",CARDIOLOGIST,13,Moon Hospital Ltd. | Comilla,Comilla,,,,,,,,,,,,,,,,,,,,,
965,Dr. Md Tafeur Rahman,"['MBBS', 'BCS', 'MD']",CARDIOLOGIST,15,Moon Hospital Ltd. | Comilla,Comilla,,,,,,,,,,,,,,,,,,,,,
966,Dr. Mia Monjur Ahmed,"['MBBS', 'BCS', 'DCH', ' PG HOSPITAL)']",PEDIATRICIAN,13,Moon Hospital Ltd. | Comilla,Comilla,,,,,,,,,,,,,,,,,,,,,
967,Asst. Prof. Dr. Mohd Jashim Uddin,"['MD', 'PH.D (PAED) (MOSCOW)']",PEDIATRICIAN,17,Moon Hospital Ltd. | Comilla,Comilla,,,,,,,,,,,,,,,,,,,,,
968,Dr. Wares Ali Babu,"['MBBS', 'D-ORTHO', 'BCS']",ORTHOPEDIC SURGEON,19,Holy Aid Hospital Ltd.,Dhaka,,,,,,,,,,,,,,,,,,,,,
969,Dr. Md. Shahadat Hossain,"['MBBS', 'BCS', 'PHIL (CLINICAL PATHOLOGY)']",PATHOLOGIST,25,Holy Aid Hospital Ltd.,Dhaka,,,,,,,,,,,,,,,,,,,,,
970,Dr. Md. Ashraf Rahman Jisan,"['MBBS', 'BCS']",UROLOGIST,25,Holy Aid Hospital Ltd.,Dhaka,,,,,,,,,,,,,,,,,,,,,
971,Dr. A S M Saiful Morshed,"['MBBS', 'BCS', 'DVD']",DERMATOLOGIST,22,The Dhaka Islamia General Hospital and Diagnostic Centre,Dhaka,,,,,,,,,,,,,,,,,,,,,
972,Dr. Mohammad Khaleduzzaman Khan,"['MBBS', 'BCS', 'FCPS', 'D-ORTHO']",ORTHOPEDIC SURGEON,22,The Dhaka Islamia General Hospital and Diagnostic Centre,Dhaka,,,,,,,,,,,,,,,,,,,,,
973,Dr. Md. Walidur Rahman,"['MBBS', 'BCS', 'MD', 'MACP']",CARDIOLOGIST,17,The Dhaka Islamia General Hospital and Diagnostic Centre,Dhaka,,,,,,,,,,,,,,,,,,,,,
974,Dr. Ahmed Imran Kabir Dipu,"['MBBS', 'BCS', 'FCPS', 'MACP', 'MD', ' BSMMU)']",PULMONOLOGIST,21,The Dhaka Islamia General Hospital and Diagnostic Centre,Dhaka,,,,,,,,,,,,,,,,,,,,,
975,Asst. Prof. Dr. Lutfa Begum Lipi,"['MBBS', 'BCS', 'MCPS', 'FCPS', 'FCPS']",GYNECOLOGIC ONCOLOGIST,26,The Dhaka Islamia General Hospital and Diagnostic Centre,Dhaka,,,,,,,,,,,,,,,,,,,,,
976,Dr. Mohd Jamal Salah Uddin Arzu,"['MBBS', 'MS']",PEDIATRIC SURGEON,17,Moon Hospital Ltd. | Comilla,Comilla,,,,,,,,,,,,,,,,,,,,,
977,Dr. Mst. Hasnahena Nargis,"['MBBS', 'BCS', 'MD']",MEDICINE SPECIALIST,24,The Dhaka Islamia General Hospital and Diagnostic Centre,Dhaka,,,,,,,,,,,,,,,,,,,,,
977,Dr. Mst. Hasnahena Nargis,"['MBBS', 'BCS', 'MD']",GASTROENTEROLOGIST,24,The Dhaka Islamia General Hospital and Diagnostic Centre,Dhaka,,,,,,,,,,,,,,,,,,,,,
978,Dr. Lipi Pal,"['MBBS', 'BCS', 'MCPS', 'FCPS']",GYNECOLOGIST & OBSTETRICIAN,15,Moon Hospital Ltd. | Comilla,Comilla,,,,,,,,,,,,,,,,,,,,,
979,Dr. Korban Ali Roni,"['MBBS', 'PGT', 'DVD (BSMMU)', 'BCS', 'FCPS', ' FP)']",DERMATOLOGIST,23,New Medi Fair Diagnostic and Consultation Center,Dhaka,,,,,,,,,,,,,,,,,,,,,
980,Asst. Prof. Dr. Md. Hasan Alamgir,"['MBBS', 'MD']",CARDIOLOGIST,24,New Medi Fair Diagnostic and Consultation Center,Dhaka,,,,,,,,,,,,,,,,,,,,,
981,Dr. Lt. Col. Mst. Ralifa Akhtar Shikha,"['MBBS', 'DGO', 'FCPS']",GYNECOLOGIST & OBSTETRICIAN,22,Marks Consultation Centre,Dhaka,,,,,,,,,,,,,,,,,,,,,
981,Dr. Lt. Col. Mst. Ralifa Akhtar Shikha,"['MBBS', 'DGO', 'FCPS']",INFERTILITY SPECIALIST,22,Marks Consultation Centre,Dhaka,,,,,,,,,,,,,,,,,,,,,
982,Dr. Sumana Afroz,"['MBBS', 'BCS', 'FCPS']",COLORECTAL & LAPAROSCOPIC SURGEON,18,Marks Consultation Centre,Dhaka,,,,,,,,,,,,,,,,,,,,,
983,Asst. Prof. Dr. Selina Akhtar,"['MBBS', 'DGO', 'MCPS', 'FCPS']",GYNECOLOGIST & OBSTETRICIAN,24,Marks Consultation Centre,Dhaka,,,,,,,,,,,,,,,,,,,,,
984,Dr. Md. Israfil Sarkar,"['MBBS', 'BCS', 'MS']",UROLOGIST,16,Moon Hospital Ltd. | Comilla,Comilla,,,,,,,,,,,,,,,,,,,,,
985,Dr. Md. Foysal Hossain Arman,"['MBBS', 'CCD', 'PGT']",INTERNAL MEDICINE SPECIALIST,18,Long Life Hospital Ltd.,Dhaka,,,,,,,,,,,,,,,,,,,,,
986,Prof. Dr. Mohiuddin Ahmad,"['MBBS', 'FCPS', 'MD']",INTERNAL MEDICINE SPECIALIST,28,Long Life Hospital Ltd.,Dhaka,,,,,,,,,,,,,,,,,,,,,
987,Dr. Rafia Sultana,"['MBBS', 'MCPS', 'BCS']",GYNECOLOGIST & OBSTETRICIAN,18,Long Life Hospital Ltd.,Dhaka,,,,,,,,,,,,,,,,,,,,,
988,Dr. Nusrat Afrin,"['MBBS', 'CMU', 'DGO', 'CCD']",GYNECOLOGIST & OBSTETRICIAN,16,Long Life Hospital Ltd.,Dhaka,,,,,,,,,,,,,,,,,,,,,
989,Asst. Prof. Dr. Farhana Haque,"['MBBS', 'FCPS', 'BCS']",GYNECOLOGIST & OBSTETRICIAN,25,Long Life Hospital Ltd.,Dhaka,,,,,,,,,,,,,,,,,,,,,
990,Asst. Prof. Dr. A. T. M Asaduzzaman,"['MBBS', 'FCPS']",GENERAL SURGEON,23,Long Life Hospital Ltd.,Dhaka,,,,,,,,,,,,,,,,,,,,,
991,Dr. Mahmudul Hasan Pannu,"['MBBS', 'FCPS', 'BCS']",COLORECTAL SURGEON,21,Long Life Hospital Ltd.,Dhaka,,,,,,,,,,,,,,,,,,,,,
992,Dr. Md. Sayeed Khan,"['MBBS', 'FCPS']",SURGEON,19,Long Life Hospital Ltd.,Dhaka,,,,,,,,,,,,,,,,,,,,,
993,Dr. Shahidul Islam,"['MBBS', 'DCH', 'FCPS']",PEDIATRICIAN & NEONATOLOGIST,19,Omega Hospital,Dhaka,,,,,,,,,,,,,,,,,,,,,
994,Dr. Sanjida Khan,"['MBBS', 'FCPS']",GYNECOLOGIST & OBSTETRICIAN,23,Omega Hospital,Dhaka,,,,,,,,,,,,,,,,,,,,,
995,Dr. Mowsumi Akter Saathi,"['MBBS', 'DDV', 'FCPS']",DERMATOLOGIST,15,Omega Hospital,Dhaka,,,,,,,,,,,,,,,,,,,,,
996,Dr. Nilufa Yasmin Mili,"['MBBS', 'DCH', 'FCP (PART-1)']",PEDIATRICIAN,16,Omega Hospital,Dhaka,,,,,,,,,,,,,,,,,,,,,
997,Dr. Manabi Binte Ashraf,"['MBBS', 'BCS', 'MCPS', 'MRCOG (PART-1)']",GYNECOLOGIST & OBSTETRICIAN,18,Omega Hospital,Dhaka,,,,,,,,,,,,,,,,,,,,,
998,Prof. Dr. Md. Kamrul Islam,"['MBBS', 'D.CARD (DU)', 'FRSH (LONDON)']",CARDIOLOGIST,29,Omega Hospital,Dhaka,,,,,,,,,,,,,,,,,,,,,
999,Dr. Md. Meshke Alam Johnny,"['MBBS', 'BCS', 'MS', 'FACS (USA)']",ORTHOPEDIC SURGEON,16,Omega Hospital,Dhaka,,,,,,,,,,,,,,,,,,,,,
1000,Dr. Ayesha Chowdhury,"['MBBS', 'DM', 'PGT', 'TVS']",SONOLOGIST,14,Omega Hospital,Dhaka,,,,,,,,,,,,,,,,,,,,,
1001,Dr. Md. Abul Hossain Abir,"['MBBS', 'BCS', 'D.ORTHO (NITOR)']",ORTHOPEDIC SURGEON,17,Omega Hospital,Dhaka,,,,,,,,,,,,,,,,,,,,,
1002,Dr. Ganiul Aziz Ibne Hussain,"['MBBS', 'MRCP']",MEDICINE SPECIALIST,24,Omega Hospital,Dhaka,,,,,,,,,,,,,,,,,,,,,
1003,Dr. H. M. Kaiser,"['MBBS', 'BCS', 'FCPS', 'MACP']",MEDICINE SPECIALIST,17,Moon Hospital Ltd. | Comilla,Comilla,,,,,,,,,,,,,,,,,,,,,
1004,Assoc. Prof. Dr. Ganesh Chandra Saurav,"['MBBS', 'D-CARD', 'FCCP', 'FCPS', 'MACP', 'MS']",MEDICINE SPECIALIST,20,Moon Hospital Ltd. | Comilla,Comilla,,,,,,,,,,,,,,,,,,,,,
1004,Assoc. Prof. Dr. Ganesh Chandra Saurav,"['MBBS', 'D-CARD', 'FCCP', 'FCPS', 'MACP', 'MS']",CARDIOLOGIST,20,Moon Hospital Ltd. | Comilla,Comilla,,,,,,,,,,,,,,,,,,,,,
1005,Dr. Taslima Akter,"['MBBS', 'BCS', 'MCPS', 'FCPS']",MEDICINE SPECIALIST,14,Moon Hospital Ltd. | Comilla,Comilla,,,,,,,,,,,,,,,,,,,,,
1006,Assoc. Prof. Dr. Ripon Chandra Mazumder,"['MBBS', 'MD', 'MACP']",NEPHROLOGIST,21,Moon Hospital Ltd. | Comilla,Comilla,,,,,,,,,,,,,,,,,,,,,
1007,Assoc. Prof. Dr. Bablu Kumar Paul,"['MBBS', 'BCS', 'MD']",NEPHROLOGIST,18,Moon Hospital Ltd. | Comilla,Comilla,,,,,,,,,,,,,,,,,,,,,
1008,Asst. Prof. Dr. Md. Forhad Abedin,"['MBBS', 'FCPS', 'MD']",HEPATOLOGIST,17,Moon Hospital Ltd. | Comilla,Comilla,,,,,,,,,,,,,,,,,,,,,
1009,Assoc. Prof. Dr. Mohammad Izazul Hoque,"['MBBS', 'BCS', 'FCPS', 'MD']",HEPATOLOGIST,19,Moon Hospital Ltd. | Comilla,Comilla,,,,,,,,,,,,,,,,,,,,,
1010,Dr. Mohshina Abedin,"['MBBS', 'BCS', 'FCPS']",GYNECOLOGIST & OBSTETRICIAN,15,Moon Hospital Ltd. | Comilla,Comilla,,,,,,,,,,,,,,,,,,,,,
1011,Dr. Lipi Paul,"['MBBS', 'BCS', 'MCPS', 'FCPS']",GYNECOLOGIST & OBSTETRICIAN,13,Moon Hospital Ltd. | Comilla,Comilla,,,,,,,,,,,,,,,,,,,,,
1012,Dr. Nazma Majumder Lira,"['MBBS', 'BCS', 'MCPS', 'FCPS']",GYNECOLOGIST & OBSTETRICIAN,15,Moon Hospital Ltd. | Comilla,Comilla,,,,,,,,,,,,,,,,,,,,,
1013,Prof. Dr. Md. Nazmus Saadat,"['MBBS', 'DO (DU)', 'FCPS']",OPHTHALMOLOGIST,24,Moon Hospital Ltd. | Comilla,Comilla,,,,,,,,,,,,,,,,,,,,,
1014,Assoc. Prof. Dr. Md. Rafiqul Islam Sarkar,"['MBBS', 'BCS', 'MCPS', 'DLO']",OTOLARYNGOLOGISTS (ENT),19,Moon Hospital Ltd. | Comilla,Comilla,,,,,,,,,,,,,,,,,,,,,
1015,Dr. Md. Ataur Rahman Jashim,"['MBBS', 'CCD']",DIABETES SPECIALIST,16,Moon Hospital Ltd. | Comilla,Comilla,,,,,,,,,,,,,,,,,,,,,
1015,Dr. Md. Ataur Rahman Jashim,"['MBBS', 'CCD']",ENDOCRINOLOGIST,16,Moon Hospital Ltd. | Comilla,Comilla,,,,,,,,,,,,,,,,,,,,,
1016,Dr. Ummay Salma,"['BDS', 'BCS', 'MS']",DENTIST,10,Moon Hospital Ltd. | Comilla,Comilla,,,,,,,,,,,,,,,,,,,,,
1017,Asst. Prof. Dr. Ariful Rahman,"['BDS', 'BCS', 'PGT', 'DDS (DENTAL SURGERY)']",DENTIST,19,Moon Hospital Ltd. | Comilla,Comilla,,,,,,,,,,,,,,,,,,,,,
1018,Dr. Shamal Chandra Debnath,"['MBBS', 'FCPS']",PEDIATRICIAN,17,Moon Hospital Ltd. | Comilla,Comilla,,,,,,,,,,,,,,,,,,,,,
1019,Dr. Sadia Sultana Sifat,"['MBBS', 'DCH', 'DM']",PEDIATRICIAN,15,Moon Hospital Ltd. | Comilla,Comilla,,,,,,,,,,,,,,,,,,,,,
1020,Asst. Prof. Dr. Meah Monjur Ahmed,"['MBBS', 'BCS', 'MD']",PEDIATRICIAN,19,Moon Hospital Ltd. | Comilla,Comilla,,,,,,,,,,,,,,,,,,,,,
1021,Asst. Prof. Dr. Najnin Akhter,"['MBBS', 'BCS', 'FCPS']",PEDIATRICIAN,17,Moon Hospital Ltd. | Comilla,Comilla,,,,,,,,,,,,,,,,,,,,,
1022,Dr. Md. Nazmus Sihan,"['MBBS', 'BCS', 'MD']",PEDIATRICIAN,19,Moon Hospital Ltd. | Comilla,Comilla,,,,,,,,,,,,,,,,,,,,,
1023,Dr. Sadia Ahmed,"['MBBS', 'BCS', 'DDV']",DERMATOLOGIST,18,Bangladesh City Hospital Ltd.,Dhaka,,,,,,,,,,,,,,,,,,,,,
1024,Dr. Morshedul Islam Sajib,"['MBBS', 'BCS', 'MD']",DERMATOLOGIST,20,Bangladesh City Hospital Ltd.,Dhaka,,,,,,,,,,,,,,,,,,,,,
1025,Dr. Md. Shah Jamal,"['BDS', 'PGT', 'MS']",MAXILLOFACIAL AND DENTAL SURGEON,19,Bangladesh City Hospital Ltd.,Dhaka,,,,,,,,,,,,,,,,,,,,,
1026,Dr. Subarna Taslima,"['BDS', 'PGT']",MAXILLOFACIAL AND DENTAL SURGEON,14,Bangladesh City Hospital Ltd.,Dhaka,,,,,,,,,,,,,,,,,,,,,
1027,Dr. Mahmuda Akhtar,"['BDS', 'BCS', 'MS']",MAXILLOFACIAL AND DENTAL SURGEON,17,Bangladesh City Hospital Ltd.,Dhaka,,,,,,,,,,,,,,,,,,,,,
1028,Dr. Naima Siddiqa,"['BDS', 'BCS']",MAXILLOFACIAL AND DENTAL SURGEON,12,Bangladesh City Hospital Ltd.,Dhaka,,,,,,,,,,,,,,,,,,,,,
1029,Dr. Khandaker Al Munsoor Helal,"['MBBS', 'D.CARD', 'MPH']",CARDIOLOGIST,18,Bangladesh City Hospital Ltd.,Dhaka,,,,,,,,,,,,,,,,,,,,,
1030,Dr. Faisal Hasan,"['MBBS', 'BCS', 'D-CARD', 'CCD', 'FCPS']",CARDIOLOGIST,19,Bangladesh City Hospital Ltd.,Dhaka,,,,,,,,,,,,,,,,,,,,,
1031,Dr. Ghulam Mahmood Suhas,"['MBBS', 'BCS', 'D-ORTHO']",ORTHOPEDIST,18,Bangladesh City Hospital Ltd.,Dhaka,,,,,,,,,,,,,,,,,,,,,
1032,Dr. Mehdi Feroz Hasan Raju,"['MBBS', 'BCS', 'MS']",ORTHOPEDIC SURGEON,20,Bangladesh City Hospital Ltd.,Dhaka,,,,,,,,,,,,,,,,,,,,,
1033,Asst. Prof. Dr. Tajuddin Molla,"['MBBS', 'D-ORTHO', 'MS']",ORTHOPEDIST,26,Bangladesh City Hospital Ltd.,Dhaka,,,,,,,,,,,,,,,,,,,,,
1034,Dr. Sanjida Parveen Milli,"['MBBS', 'BCS', 'FCPS']",GYNECOLOGIST & OBSTETRICIAN,18,Bangladesh City Hospital Ltd.,Dhaka,,,,,,,,,,,,,,,,,,,,,
1035,Dr. Asma Begum,"['MBBS', 'BCS', 'FCPS']",GYNECOLOGIST & OBSTETRICIAN,19,Bangladesh City Hospital Ltd.,Dhaka,,,,,,,,,,,,,,,,,,,,,
1036,Assoc. Prof. Dr. Rifat Sultana,"['MBBS', 'DGO', 'MCPS']",GYNECOLOGIST & OBSTETRICIAN,26,Bangladesh City Hospital Ltd.,Dhaka,,,,,,,,,,,,,,,,,,,,,
1037,Dr. Ratan Lal Shaha,"['MBBS', 'BCS', 'D-ORTHO']",ORTHOPEDIC SURGEON,22,Bangladesh City Hospital Ltd.,Dhaka,,,,,,,,,,,,,,,,,,,,,
1038,Dr. Jamal Uddin,"['MBBS', 'FCPS', 'CCD']",GENERAL SURGEON,17,Bangladesh City Hospital Ltd.,Dhaka,,,,,,,,,,,,,,,,,,,,,
1038,Dr. Jamal Uddin,"['MBBS', 'FCPS', 'CCD']",COLORECTAL & LAPAROSCOPIC SURGERY,17,Bangladesh City Hospital Ltd.,Dhaka,,,,,,,,,,,,,,,,,,,,,
1039,Dr. Maury Sarkar,"['MBBS', 'BCS', 'FCPS', 'FCPS']",NEUROLOGIST,15,Bangladesh City Hospital Ltd.,Dhaka,,,,,,,,,,,,,,,,,,,,,
1040,Dr. Atiqur Rahman,"['MBBS', 'MD']",INTERNAL MEDICINE SPECIALIST,18,Bangladesh City Hospital Ltd.,Dhaka,,,,,,,,,,,,,,,,,,,,,
1041,Dr. Md. Anichur Rahman,"['MBBS', 'BCS', 'FCPS', 'FPMD (GASTROENTEROLOGY)']",GASTROENTEROLOGIST,16,Bangladesh City Hospital Ltd.,Dhaka,,,,,,,,,,,,,,,,,,,,,
1042,Asst. Prof. Dr. Md. Ibrahim Khalil,"['MBBS', 'BCS', 'MD']",CARDIOLOGIST,19,Moon Hospital Ltd. | Comilla,Comilla,,,,,,,,,,,,,,,,,,,,,
1043,Asst. Prof. Dr. Sheikh Marufuzzaman,"['MBBS', 'MD']",CARDIOLOGIST,17,Moon Hospital Ltd. | Comilla,Comilla,,,,,,,,,,,,,,,,,,,,,
1044,Asst. Prof. Dr. Md. Taifur Rahman,"['MBBS', 'BCS', 'D-CARD', 'MD']",CARDIOLOGIST,20,Moon Hospital Ltd. | Comilla,Comilla,,,,,,,,,,,,,,,,,,,,,
1045,Asst. Prof. Dr. Md. Mehbub Ahsan,"['MBBS', 'BCS', 'MCPS', 'FCPS']",ONCOLOGIST,17,Moon Hospital Ltd. | Comilla,Comilla,,,,,,,,,,,,,,,,,,,,,
1046,Dr. Shohag Chakrabarty,"['MBBS', 'BCS', 'FCPS', 'FIPM', 'MACP']",PHYSICAL MEDICINE,18,Moon Hospital Ltd. | Comilla,Comilla,,,,,,,,,,,,,,,,,,,,,
1047,Dr. Sayeda Sadia Fatema,"['MBBS', 'MD']",CARDIOLOGIST,13,Islami Bank Central Hospital | Kakrail,Dhaka,,,,,,,,,,,,,,,,,,,,,
1048,Dr. Mejor Md. Rifat Hossain,"['MBBS', 'MS']",UROLOGIST,18,Islami Bank Central Hospital | Kakrail,Dhaka,,,,,,,,,,,,,,,,,,,,,
1049,Dr. Abu Saleh Md. Ismail,"['MBBS', 'BCS', 'CCD', 'DVD (BSMMU)']",DERMATOLOGIST,22,Metro Diagnostic and Doctors Chamber,Dhaka,,,,,,,,,,,,,,,,,,,,,
1050,Dr. Lutfa Amin,"['MBBS', 'MRCOG (LONDON)']",GYNECOLOGIST & OBSTETRICIAN,26,Metro Diagnostic and Doctors Chamber,Dhaka,,,,,,,,,,,,,,,,,,,,,
1051,Dr. Md. Shahidul Islam Sakib,"['MBBS', 'BCS', 'FCPS', ' FP)', 'MD']",NEPHROLOGIST,22,Metro Diagnostic and Doctors Chamber,Dhaka,,,,,,,,,,,,,,,,,,,,,
1052,Dr. Shamima Farzana,"['MBBS', 'BCS', 'DCH', 'MD']",PEDIATRICIAN,17,Metro Diagnostic and Doctors Chamber,Dhaka,,,,,,,,,,,,,,,,,,,,,
1053,Dr. Shamsun Nahar Brishty,"['MBBS', 'BCS', 'MS', ' BSMMU)', 'FCPS', ' PART-I)', 'PGT']",GENERAL SURGEON,19,Metro Diagnostic and Doctors Chamber,Dhaka,,,,,,,,,,,,,,,,,,,,,
1053,Dr. Shamsun Nahar Brishty,"['MBBS', 'BCS', 'MS', ' BSMMU)', 'FCPS', ' PART-I)', 'PGT']",LAPAROSCOPIC SURGEON,19,Metro Diagnostic and Doctors Chamber,Dhaka,,,,,,,,,,,,,,,,,,,,,
1054,Dr. Md. Nazmul Hasan,"['MBBS', 'FCPS', ' PART-II)', 'PGT']",MEDICINE SPECIALIST,22,Metro Diagnostic and Doctors Chamber,Dhaka,,,,,,,,,,,,,,,,,,,,,
1055,Dr. Emita Shabnom,"['MBBS', 'PGT', 'DM']",GYNECOLOGIST & OBSTETRICIAN,15,Marine Healthcare Hospital and Diagnostic Centre,Dhaka,,,,,,,,,,,,,,,,,,,,,
1056,Fatema Tuz Zohra,"['BSC', 'MS', ' DU)', 'PGT', 'CND (BIRDEM)']",NUTRITIONIST,10,Marine Healthcare Hospital and Diagnostic Centre,Dhaka,,,,,,,,,,,,,,,,,,,,,
1057,Dr. Nilufa Akther,"['BDS', 'MPH', 'PGT', 'PGT']",MAXILLOFACIAL AND DENTAL SURGEON,12,Marine Healthcare Hospital and Diagnostic Centre,Dhaka,,,,,,,,,,,,,,,,,,,,,
1058,Dr. Azharul Matin Sagar,"['BDS', 'PGT', 'FCPS']",MAXILLOFACIAL AND DENTAL SURGEON,19,Marine Healthcare Hospital and Diagnostic Centre,Dhaka,,,,,,,,,,,,,,,,,,,,,
1059,Prof. Dr. Md. Anower Hussain,"['BDS', 'DDS', 'MPH', 'PHD']",MAXILLOFACIAL AND DENTAL SURGEON,18,Marine Healthcare Hospital and Diagnostic Centre,Dhaka,,,,,,,,,,,,,,,,,,,,,
1060,Dr. Tariqul Islam Chowdhury,"['MBBS', 'DLO', 'FCPS']",OTOLARYNGOLOGISTS (ENT),19,Marine Healthcare Hospital and Diagnostic Centre,Dhaka,,,,,,,,,,,,,,,,,,,,,
1061,Dr. Sazzad Zayed Chowdhury,"['MBBS', 'MD', 'CCD']",HEMATOLOGIST,20,Marine Healthcare Hospital and Diagnostic Centre,Dhaka,,,,,,,,,,,,,,,,,,,,,
1062,Assoc. Prof. Dr. Md. Mahbubur Rahman,"['MBBS', 'DCH', 'MS']",PEDIATRICIAN,28,Marine Healthcare Hospital and Diagnostic Centre,Dhaka,,,,,,,,,,,,,,,,,,,,,
1063,Dr. Rizwan Jamil,['MBBS'],ORTHOPEDIC SURGEON,14,Islami Bank Central Hospital | Kakrail,Dhaka,,,,,,,,,,,,,,,,,,,,,
1064,Dr. Moshrefa Newaz,"['MBBS', 'MD']",PEDIATRICIAN,18,Islami Bank Central Hospital | Kakrail,Dhaka,,,,,,,,,,,,,,,,,,,,,
1065,Dr. Israt Jahan,"['MBBS', 'FCPS', 'CCD']",MEDICINE SPECIALIST,15,Islami Bank Central Hospital | Kakrail,Dhaka,,,,,,,,,,,,,,,,,,,,,
1066,Dr. Forhad Uddin Hasan Chowdhury,"['MBBS', 'FCPS', 'MS']",MEDICINE SPECIALIST,18,Islami Bank Central Hospital | Kakrail,Dhaka,,,,,,,,,,,,,,,,,,,,,
1067,Asst. Prof. Dr. Mohammad Jahangir Alam,"['MBBS', 'MD', 'BSMMU']",ENDOCRINOLOGIST,17,Islami Bank Central Hospital | Kakrail,Dhaka,,,,,,,,,,,,,,,,,,,,,
1068,Dr. Sakib Aman,"['MBBS', 'MCPS', 'FCPS']",MEDICINE SPECIALIST,19,Islami Bank Central Hospital | Kakrail,Dhaka,,,,,,,,,,,,,,,,,,,,,
1069,Dr. Md. Masudul Hasan,"['MBBS', 'MD', 'FCPS', 'FCPS']",MEDICINE SPECIALIST,17,Islami Bank Central Hospital | Kakrail,Dhaka,,,,,,,,,,,,,,,,,,,,,
1070,Dr. Khyrun Nahar Shaila,"['MBBS', 'MD']",DERMATOLOGIST,19,Marine Healthcare Hospital and Diagnostic Centre,Dhaka,,,,,,,,,,,,,,,,,,,,,
1071,Asst. Prof. Dr. A B M G Kibria,"['MBBS', 'D-ORTHO']",ORTHOPEDIST,26,Marine Healthcare Hospital and Diagnostic Centre,Dhaka,,,,,,,,,,,,,,,,,,,,,
1072,Dr. Major S M Iqbal Hossain,"['MBBS', 'MCPS', 'MS']",ORTHOPEDIC SURGEON,22,Marine Healthcare Hospital and Diagnostic Centre,Dhaka,,,,,,,,,,,,,,,,,,,,,
1073,Dr. Md. Zillur Hassan Rony,"['MBBS', 'BCS', 'MS']",ORTHOPEDIC SURGEON,19,Marine Healthcare Hospital and Diagnostic Centre,Dhaka,,,,,,,,,,,,,,,,,,,,,
1074,Dr. Tanvir Ahmad,"['MBBS', 'BCS', 'MD', ' BSMMU)']",HEPATOLOGIST,18,Marine Healthcare Hospital and Diagnostic Centre,Dhaka,,,,,,,,,,,,,,,,,,,,,
1075,Dr. Md. Israrul Hossain,"['MBBS', 'D-CARD', 'FCCP', 'BCS']",CARDIOLOGIST,23,Marine Healthcare Hospital and Diagnostic Centre,Dhaka,,,,,,,,,,,,,,,,,,,,,
1076,Dr. Sayeda Huma Rahman,"['MBBS', 'FCPS', 'DM']",GYNECOLOGIST & OBSTETRICIAN,26,Marine Healthcare Hospital and Diagnostic Centre,Dhaka,,,,,,,,,,,,,,,,,,,,,
1077,Dr. Rizwana Sharmin Lima,"['MBBS', 'BCS', 'MS']",GYNECOLOGIST & OBSTETRICIAN,22,Marine Healthcare Hospital and Diagnostic Centre,Dhaka,,,,,,,,,,,,,,,,,,,,,
1078,Dr. Tahmina Begum Tuhin,"['MBBS', 'FCPS']",GYNECOLOGIST & OBSTETRICIAN,22,Marine Healthcare Hospital and Diagnostic Centre,Dhaka,,,,,,,,,,,,,,,,,,,,,
1079,Dr. Farhana Faruque,"['MBBS', 'BCS', 'DGO', 'DM', 'CCD']",GYNECOLOGIST & OBSTETRICIAN,17,Marine Healthcare Hospital and Diagnostic Centre,Dhaka,,,,,,,,,,,,,,,,,,,,,
1080,Dr. Abul Hasnat,"['MBBS', 'MRCP', 'CCD', 'FCPS', 'MS']",NEPHROLOGIST,15,Marine Healthcare Hospital and Diagnostic Centre,Dhaka,,,,,,,,,,,,,,,,,,,,,
1081,Dr. Badal Kumar Saha,"['MBBS', 'BCS', 'FCPS', 'CCD']",MEDICINE SPECIALIST,18,Marine Healthcare Hospital and Diagnostic Centre,Dhaka,,,,,,,,,,,,,,,,,,,,,
1081,Dr. Badal Kumar Saha,"['MBBS', 'BCS', 'FCPS', 'CCD']",DIABETES SPECIALIST,18,Marine Healthcare Hospital and Diagnostic Centre,Dhaka,,,,,,,,,,,,,,,,,,,,,
1082,Prof. Dr. Col. Md. Shahidullah (Retd.),"['MBBS', 'MPH', 'MPH']",MEDICINE SPECIALIST,31,Marine Healthcare Hospital and Diagnostic Centre,Dhaka,,,,,,,,,,,,,,,,,,,,,
1083,Dr. Rezaul Huq,"['MBBS', 'MRCP']",GASTROENTEROLOGIST,17,Marine Healthcare Hospital and Diagnostic Centre,Dhaka,,,,,,,,,,,,,,,,,,,,,
1084,Dr. Md Hasan Kabir,"['MBBS', 'CCD', 'PGT']",OTOLARYNGOLOGISTS (ENT),19,Remicon Health Services Ltd.,Dhaka,,,,,,,,,,,,,,,,,,,,,
1085,Dr. Mohammad Nadimul Islam,"['MBBS', 'BCS', 'MRCP', 'MD', 'MACP']",HEMATOLOGIST,19,Remicon Health Services Ltd.,Dhaka,,,,,,,,,,,,,,,,,,,,,
1086,Dr. Nahid Sultana,"['MBBS', 'BCS', 'FCPS']",GYNECOLOGIST & OBSTETRICIAN,20,Remicon Health Services Ltd.,Dhaka,,,,,,,,,,,,,,,,,,,,,
1086,Dr. Nahid Sultana,"['MBBS', 'BCS', 'FCPS']",INFERTILITY SPECIALIST,20,Remicon Health Services Ltd.,Dhaka,,,,,,,,,,,,,,,,,,,,,
1087,Asst. Prof. Dr. Zeenat Jahan,"['MBBS', 'FCGP', 'DFM (BSMMU)']",GYNECOLOGIST & OBSTETRICIAN,22,Remicon Health Services Ltd.,Dhaka,,,,,,,,,,,,,,,,,,,,,
1087,Asst. Prof. Dr. Zeenat Jahan,"['MBBS', 'FCGP', 'DFM (BSMMU)']",INFERTILITY SPECIALIST,22,Remicon Health Services Ltd.,Dhaka,,,,,,,,,,,,,,,,,,,,,
1088,Asst. Prof. Dr. Fahmida Islam,"['MBBS', 'MCPS', 'FCPS']",PEDIATRICIAN & NEONATOLOGIST,23,Remicon Health Services Ltd.,Dhaka,,,,,,,,,,,,,,,,,,,,,
1089,Asst. Prof. Dr. Md. Hasan Alamgir,"['MBBS', 'MD']",CARDIOLOGIST,24,Popular Diagnostic Centre Ltd. | Mirpur (Unit 1),Dhaka,,,,,,,,,,,,,,,,,,,,,
1090,Dr. Md. Alamgir Hossain,"['PHD', 'MS', ' INDIA)', 'BSPT', 'ADIE (DU)- RESOURCE PERSON', 'PGD (MEDICINE', ' BELGIUM)', 'PGT', ' INDIA)']",PHYSIOTHERAPIST,22,Medi Hope General Hospital,Dhaka,,,,,,,,,,,,,,,,,,,,,
1091,Dr. Nurun Nahar,"['MBBS', 'BCS', 'MCPS', 'FCPS']",GYNECOLOGIST & OBSTETRICIAN,16,Islami Bank Central Hospital | Kakrail,Dhaka,,,,,,,,,,,,,,,,,,,,,
1092,Dr. Ainun Nahar,"['MBBS', 'BCS', 'FCPS']",GYNECOLOGIST & OBSTETRICIAN,14,Islami Bank Central Hospital | Kakrail,Dhaka,,,,,,,,,,,,,,,,,,,,,
1093,Dr. Nusrat Jahan Lata,"['MBBS', 'FCPS', 'MCPS']",GYNECOLOGIST & OBSTETRICIAN,16,Islami Bank Central Hospital | Kakrail,Dhaka,,,,,,,,,,,,,,,,,,,,,
1094,Dr. Ferdous Ara Banu Kakoli,"['MBBS', 'FCPS']",GYNECOLOGIST & OBSTETRICIAN,15,Islami Bank Central Hospital | Kakrail,Dhaka,,,,,,,,,,,,,,,,,,,,,
1095,Assoc. Prof. Dr. Syada Sayeeda,"['MBBS', 'FCPS']",GYNECOLOGIST & OBSTETRICIAN,19,Islami Bank Central Hospital | Kakrail,Dhaka,,,,,,,,,,,,,,,,,,,,,
1096,Prof. Dr. Tawfiqua Hossain,"['MBBS', 'FCPS', 'MS']",GYNECOLOGIST & OBSTETRICIAN,23,Islami Bank Central Hospital | Kakrail,Dhaka,,,,,,,,,,,,,,,,,,,,,
1097,Dr. Faruk Ahmed,"['MBBS', 'DCH']",PEDIATRICIAN,17,Medi Hope General Hospital,Dhaka,,,,,,,,,,,,,,,,,,,,,
1098,Dr. Md. Shahidul Islam Rony,"['MBBS', 'BCS', 'FCPS', 'MACP', 'FCPS']",MEDICINE SPECIALIST,22,Medi Hope General Hospital,Dhaka,,,,,,,,,,,,,,,,,,,,,
1098,Dr. Md. Shahidul Islam Rony,"['MBBS', 'BCS', 'FCPS', 'MACP', 'FCPS']",GASTROENTEROLOGIST,22,Medi Hope General Hospital,Dhaka,,,,,,,,,,,,,,,,,,,,,
1099,Dr. Rafia Masud,"['MBBS', 'BCS', 'MS']",GYNECOLOGIST & OBSTETRICIAN,17,Medi Hope General Hospital,Dhaka,,,,,,,,,,,,,,,,,,,,,
1099,Dr. Rafia Masud,"['MBBS', 'BCS', 'MS']",INFERTILITY SPECIALIST,17,Medi Hope General Hospital,Dhaka,,,,,,,,,,,,,,,,,,,,,
1100,Dr. Lubna Jahan,"['MBBS', 'BCS', 'FCPS']",GYNECOLOGIST & OBSTETRICIAN,23,Medi Hope General Hospital,Dhaka,,,,,,,,,,,,,,,,,,,,,
1100,Dr. Lubna Jahan,"['MBBS', 'BCS', 'FCPS']",INFERTILITY SPECIALIST,23,Medi Hope General Hospital,Dhaka,,,,,,,,,,,,,,,,,,,,,
1101,Dr. Md. Estakur Rahman,"['MBBS', 'BCS', 'MD']",CARDIOLOGIST,20,Cantonment Diagnostic Centre,Dhaka,,,,,,,,,,,,,,,,,,,,,
1102,Dr. Atiq Mahmud,"['BDS', 'BCS', 'MS', 'PGT']",MAXILLOFACIAL AND DENTAL SURGEON,18,Cantonment Diagnostic Centre,Dhaka,,,,,,,,,,,,,,,,,,,,,
1103,Dr. Hasib Uddin,"['MBBS', 'CCD', 'MS', ' DMCH)']",MEDICINE SPECIALIST,22,Cantonment Diagnostic Centre,Dhaka,,,,,,,,,,,,,,,,,,,,,
1103,Dr. Hasib Uddin,"['MBBS', 'CCD', 'MS', ' DMCH)']",DIABETOLOGIST,22,Cantonment Diagnostic Centre,Dhaka,,,,,,,,,,,,,,,,,,,,,
1104,Dr. Major Sazzad Hossain Chowdhury,"['MBBS', 'MPH', 'CCD']",MEDICINE SPECIALIST,22,BRAC Healthcare | Mirpur,Dhaka,,,,,,,,,,,,,,,,,,,,,
1104,Dr. Major Sazzad Hossain Chowdhury,"['MBBS', 'MPH', 'CCD']",DIABETOLOGIST,22,BRAC Healthcare | Mirpur,Dhaka,,,,,,,,,,,,,,,,,,,,,
1105,Asst. Prof. Dr. MD. Johirul Islam Shakil,"['MBBS', 'DTCD']",RESPIRATORY SPECIALIST,25,Cantonment Diagnostic Centre,Dhaka,,,,,,,,,,,,,,,,,,,,,
1106,Dr. Umme Saima Hossain,"['MBBS', 'FCPS', 'PGT']",PEDIATRICIAN,20,Kanak General Hospital Ltd.,Dhaka,,,,,,,,,,,,,,,,,,,,,
1107,Dr. Saymon Sahariar,"['MBBS', 'CCD', 'MRCP']",FAMILY MEDICINE SPECIALIST,7,Imperial Private Health Care (BD) Ltd.,Dhaka,,,,,,,,,,,,,,,,,,,,,
1108,Dr. Afreen Sultana,"['MBBS', 'PGT']",DERMATOLOGIST,3,Imperial Private Health Care (BD) Ltd.,Dhaka,,,,,,,,,,,,,,,,,,,,,
1109,Dr. Saif Rahman Khan,"['MBBS', 'BCS', 'FCPS']",OTOLARYNGOLOGISTS (ENT),19,Kanak General Hospital Ltd.,Dhaka,,,,,,,,,,,,,,,,,,,,,
1110,Dr. J M Miraj,"['MBBS', 'PGT']",PEDIATRICIAN,17,Kanak General Hospital Ltd.,Dhaka,,,,,,,,,,,,,,,,,,,,,
1111,Assoc. Prof. Dr. Md. Khondakar Alwan Nahid,"['MBBS', 'MD', 'PGT']",MEDICINE SPECIALIST,23,Kanak General Hospital Ltd.,Dhaka,,,,,,,,,,,,,,,,,,,,,
1111,Assoc. Prof. Dr. Md. Khondakar Alwan Nahid,"['MBBS', 'MD', 'PGT']",DIABETES SPECIALIST,23,Kanak General Hospital Ltd.,Dhaka,,,,,,,,,,,,,,,,,,,,,
1112,Dr. Sharmin Sultana,"['MBBS', 'PGT', 'CCD', 'CMU (USG)', 'FCPS', ' PART-I)']",GYNECOLOGIST & OBSTETRICIAN,20,Kanak General Hospital Ltd.,Dhaka,,,,,,,,,,,,,,,,,,,,,
1112,Dr. Sharmin Sultana,"['MBBS', 'PGT', 'CCD', 'CMU (USG)', 'FCPS', ' PART-I)']",INFERTILITY SPECIALIST,20,Kanak General Hospital Ltd.,Dhaka,,,,,,,,,,,,,,,,,,,,,
1113,Dr. Md. Ivram Saifi,"['MBBS', 'DFM (BSMMU)', 'PGT', 'CCD']",DIABETOLOGIST,17,Kanak General Hospital Ltd.,Dhaka,,,,,,,,,,,,,,,,,,,,,
1113,Dr. Md. Ivram Saifi,"['MBBS', 'DFM (BSMMU)', 'PGT', 'CCD']",MEDICINE SPECIALIST,17,Kanak General Hospital Ltd.,Dhaka,,,,,,,,,,,,,,,,,,,,,
1113,Dr. Md. Ivram Saifi,"['MBBS', 'DFM (BSMMU)', 'PGT', 'CCD']",PSYCHIATRIST,17,Kanak General Hospital Ltd.,Dhaka,,,,,,,,,,,,,,,,,,,,,
1114,Dr. Md. Nazmul Islam Mahmud,"['MBBS', 'CCD', 'CCD', ' INDIA)', 'FCGP', 'FMD (FAMILY MEDICINE)']",FAMILY MEDICINE SPECIALIST,24,Safwan General Hospital Ltd.,Dhaka,,,,,,,,,,,,,,,,,,,,,
1114,Dr. Md. Nazmul Islam Mahmud,"['MBBS', 'CCD', 'CCD', ' INDIA)', 'FCGP', 'FMD (FAMILY MEDICINE)']",DIABETOLOGIST,24,Safwan General Hospital Ltd.,Dhaka,,,,,,,,,,,,,,,,,,,,,
1115,Assoc. Prof. Dr. Md. Nuruzzaman,"['MBBS', 'MS']",PEDIATRIC SURGEON,19,Safwan General Hospital Ltd.,Dhaka,,,,,,,,,,,,,,,,,,,,,
1116,Dr. Lt. Col. Kazi Sabran uddin Ahmed,"['MBBS', 'MCPS', 'FCPS']",GENERAL SURGEON,22,Safwan General Hospital Ltd.,Dhaka,,,,,,,,,,,,,,,,,,,,,
1116,Dr. Lt. Col. Kazi Sabran uddin Ahmed,"['MBBS', 'MCPS', 'FCPS']",LAPAROSCOPIC SURGEON,22,Safwan General Hospital Ltd.,Dhaka,,,,,,,,,,,,,,,,,,,,,
1117,Dr. Wajid Ali,"['MBBS', 'CCD', 'FCGP (FAMILY MEDICINE)', 'DOC (DERMATOLOGY)']",DIABETOLOGIST,19,Safwan General Hospital Ltd.,Dhaka,,,,,,,,,,,,,,,,,,,,,
1117,Dr. Wajid Ali,"['MBBS', 'CCD', 'FCGP (FAMILY MEDICINE)', 'DOC (DERMATOLOGY)']",DERMATOLOGIST,19,Safwan General Hospital Ltd.,Dhaka,,,,,,,,,,,,,,,,,,,,,
1118,Dr. Md. Mahabub Alam Khokon,"['MBBS', 'BCS', 'D-ORTHO']",ORTHOPEDIC SURGEON,21,Safwan General Hospital Ltd.,Dhaka,,,,,,,,,,,,,,,,,,,,,
1119,Prof. Dr. Sunam Kumar Barua,"['MBBS', 'FCPS', 'BCS', 'DTM&H (THAILAND)', 'MPH']",PHYSICAL MEDICINE,32,Medi-Com Diagnostic Centre,Dhaka,,,,,,,,,,,,,,,,,,,,,
1119,Prof. Dr. Sunam Kumar Barua,"['MBBS', 'FCPS', 'BCS', 'DTM&H (THAILAND)', 'MPH']",RHEUMATOLOGIST,32,Medi-Com Diagnostic Centre,Dhaka,,,,,,,,,,,,,,,,,,,,,
1120,Dr. Nasima Begum,"['MBBS', 'MCPS', 'DGO']",GYNECOLOGIST & OBSTETRICIAN,23,Medi-Com Diagnostic Centre,Dhaka,,,,,,,,,,,,,,,,,,,,,
1120,Dr. Nasima Begum,"['MBBS', 'MCPS', 'DGO']",INFERTILITY SPECIALIST,23,Medi-Com Diagnostic Centre,Dhaka,,,,,,,,,,,,,,,,,,,,,
1121,Dr. Md. Rafiqul Islam,"['MBBS', 'MCPS', 'FCGP (DHAKA)', 'DCH']",PEDIATRICIAN,23,Medi-Com Diagnostic Centre,Dhaka,,,,,,,,,,,,,,,,,,,,,
1122,Asst. Prof. Dr. Sheik Md. Abdul Fazal,"['MBBS', 'FCPS', 'MD']",NEUROLOGIST,17,Islami Bank Central Hospital | Kakrail,Dhaka,,,,,,,,,,,,,,,,,,,,,
1123,Asst. Prof. Dr. Rafia Afrose,"['MBBS', 'FCPS', 'BCS']",MEDICINE SPECIALIST,19,Islami Bank Central Hospital | Kakrail,Dhaka,,,,,,,,,,,,,,,,,,,,,
1124,Assoc. Prof. Dr. Abu Musa Mohammad Ahsan Ullah,"['MBBS', 'MS']",PEDIATRIC SURGEON,20,Islami Bank Central Hospital | Kakrail,Dhaka,,,,,,,,,,,,,,,,,,,,,
1125,Dr. K. M. Atiqul Islam,"['MBBS', 'MS']",NEUROSURGEON,14,Islami Bank Central Hospital | Kakrail,Dhaka,,,,,,,,,,,,,,,,,,,,,
1126,Asst. Prof. Dr. Kanij Fatema Ishrat Zahan Rifat,"['MBBS', 'BCS', 'MS']",NEUROSURGEON,18,Islami Bank Central Hospital | Kakrail,Dhaka,,,,,,,,,,,,,,,,,,,,,
1127,Dr. Hafsa Jubaida,['BDS'],DENTIST,14,Islami Bank Central Hospital | Kakrail,Dhaka,,,,,,,,,,,,,,,,,,,,,
1128,Dr. Md. Aminul Islam,"['MBBS', 'DDV']",DERMATOLOGIST,17,Islami Bank Central Hospital | Kakrail,Dhaka,,,,,,,,,,,,,,,,,,,,,
1129,Dr. Rehuma Nasim,"['MBBS', 'BCS', 'MD', ' BSMMU)']",DERMATOLOGIST,15,Islami Bank Central Hospital | Kakrail,Dhaka,,,,,,,,,,,,,,,,,,,,,
1130,Asst. Prof. Dr. A.Z. Mahmudul Hasan Kanak,"['MBBS', 'FCPS']",GENERAL SURGEON,18,Islami Bank Central Hospital | Kakrail,Dhaka,,,,,,,,,,,,,,,,,,,,,
1130,Asst. Prof. Dr. A.Z. Mahmudul Hasan Kanak,"['MBBS', 'FCPS']",LAPAROSCOPIC SURGEON,18,Islami Bank Central Hospital | Kakrail,Dhaka,,,,,,,,,,,,,,,,,,,,,
1131,Dr. A B M Farhan Fuad,"['BDS', 'PGT', 'DDCH']",MAXILLOFACIAL AND DENTAL SURGEON,14,Combined Hospital Ltd,Dhaka,,,,,,,,,,,,,,,,,,,,,
1132,Dr. Ripon Kumar Roy,"['MBBS', 'BCS', 'CCD', 'FCPS', 'D-ORTHO', ' BSMMU)']",ORTHOPEDIC SURGEON,19,Combined Hospital Ltd,Dhaka,,,,,,,,,,,,,,,,,,,,,
1133,Dr. Lt. Col. Md. Ashraful Alam,['MBBS'],MEDICINE SPECIALIST,21,Combined Hospital Ltd,Dhaka,,,,,,,,,,,,,,,,,,,,,
1134,Dr. Mohammad Badrul Alam,"['MBBS', 'BCS', 'MS']",ORTHOPEDIST,23,Aziz Lab and Consultation Center,Dhaka,,,,,,,,,,,,,,,,,,,,,
1135,Dr. Nahida Sultana,"['MBBS', 'BCS', 'FCPS']",GYNECOLOGIST & OBSTETRICIAN,22,Aziz Lab and Consultation Center,Dhaka,,,,,,,,,,,,,,,,,,,,,
1136,Dr. Ariful Bashar,"['MBBS', 'MPH', 'EPID (AUSTRALIA)', 'FCPS', 'MD', 'FCPS']",NEUROMEDICINE SPECIALIST,23,Aziz Lab and Consultation Center,Dhaka,,,,,,,,,,,,,,,,,,,,,
1136,Dr. Ariful Bashar,"['MBBS', 'MPH', 'EPID (AUSTRALIA)', 'FCPS', 'MD', 'FCPS']",RESPIRATORY SPECIALIST,23,Aziz Lab and Consultation Center,Dhaka,,,,,,,,,,,,,,,,,,,,,
1137,Dr. Nurunnahar,"['MBBS', 'DCH']",PEDIATRICIAN,22,Aziz Lab and Consultation Center,Dhaka,,,,,,,,,,,,,,,,,,,,,
1138,Dr. Rokeya Begum,"['MBBS', 'MCPS']",DERMATOLOGIST,19,Aziz Lab and Consultation Center,Dhaka,,,,,,,,,,,,,,,,,,,,,
1139,Dr. Md. Rezaul Islam,"['MBBS', 'BCS', 'FCPS', ' FP) PGT (PHYSICAL MEDICINE AND REHABILITATION)']",PHYSICAL MEDICINE,24,Aziz Lab and Consultation Center,Dhaka,,,,,,,,,,,,,,,,,,,,,
1140,Dr. Farzana Haque,"['MBBS', 'POST GRADUATE TRAINING IN MEDICINE', 'CCD']",MEDICINE SPECIALIST,18,Aziz Lab and Consultation Center,Dhaka,,,,,,,,,,,,,,,,,,,,,
1141,Dr. Farzana Bobby,"['MBBS', ' CHINA)']",GENERAL PHYSICIAN,15,Aziz Lab and Consultation Center,Dhaka,,,,,,,,,,,,,,,,,,,,,
1142,Dr. Rashidatun Nur,"['BDS', 'PGT']",MAXILLOFACIAL AND DENTAL SURGEON,16,Aziz Lab and Consultation Center,Dhaka,,,,,,,,,,,,,,,,,,,,,
1143,Dr. Md. Mainul Haque,"['BDS', 'PGT', 'PGT']",MAXILLOFACIAL AND DENTAL SURGEON,18,Aziz Lab and Consultation Center,Dhaka,,,,,,,,,,,,,,,,,,,,,
1144,Dr. Farzana Sultana,"['MBBS', 'DVD (COURSE)']",DERMATOLOGIST,15,Aziz Lab and Consultation Center,Dhaka,,,,,,,,,,,,,,,,,,,,,
1145,Dr. Col. Md. Helal Uddin,"['MBBS', 'FCPS']",MEDICINE SPECIALIST,21,Aziz Lab and Consultation Center,Dhaka,,,,,,,,,,,,,,,,,,,,,
1146,Dr. Major Amjad Hossain,"['MBBS', 'MS']",ORTHOPEDIST,22,Aziz Lab and Consultation Center,Dhaka,,,,,,,,,,,,,,,,,,,,,
1147,Dr. Zayed Ahmed,"['MBBS', 'PGT', 'MCGP', 'DLO', ' FP)']",OTOLARYNGOLOGISTS (ENT),19,Aziz Lab and Consultation Center,Dhaka,,,,,,,,,,,,,,,,,,,,,
1148,Dr. Lt. Col. Md. Maksud Rahman,"['MBBS', ' DU)', 'FCPS']",GENERAL SURGEON,23,Aziz Lab and Consultation Center,Dhaka,,,,,,,,,,,,,,,,,,,,,
1148,Dr. Lt. Col. Md. Maksud Rahman,"['MBBS', ' DU)', 'FCPS']",LAPAROSCOPIC SURGEON,23,Aziz Lab and Consultation Center,Dhaka,,,,,,,,,,,,,,,,,,,,,
1149,Asst. Prof. Dr. Bipul Kumar Das,"['MBBS', 'BCS', 'MS', 'A.O TRAUMA-BASIC AND ADVANCE (INDIA)']",ORTHOPEDIST,23,Alliance Hospital Ltd.,Dhaka,,,,,,,,,,,,,,,,,,,,,
1150,Dr. Mohammad Maruf Shahariar,"['MBBS', 'DLO']",OTOLARYNGOLOGISTS (ENT),18,Islami Bank Central Hospital | Kakrail,Dhaka,,,,,,,,,,,,,,,,,,,,,
1151,Asst. Prof. Dr. Md. Abdul Karim Mithu,"['MBBS', 'BCS', 'DLO', 'AND FCPS (ENT)']",OTOLARYNGOLOGISTS (ENT),18,Islami Bank Central Hospital | Kakrail,Dhaka,,,,,,,,,,,,,,,,,,,,,
1152,Prof. Dr. Md. Zakir Hossen,"['MBBS', 'MS', 'MS']",PLASTIC SURGEON,27,Islami Bank Central Hospital | Kakrail,Dhaka,,,,,,,,,,,,,,,,,,,,,
1153,Asst. Prof. Dr. Rubiya Parvin,"['MBBS', 'FCPS', 'MD', 'MD']",PEDIATRICIAN,18,Islami Bank Central Hospital | Kakrail,Dhaka,,,,,,,,,,,,,,,,,,,,,
1154,Dr. Sharif Ahmed,"['MBBS', 'CCD', 'MD']",PHYSICAL MEDICINE,19,Islami Bank Central Hospital | Kakrail,Dhaka,,,,,,,,,,,,,,,,,,,,,
1155,Dr. Md. Aminul Alam,"['MBBS', 'FCPS']",PHYSICAL MEDICINE,18,Islami Bank Central Hospital | Kakrail,Dhaka,,,,,,,,,,,,,,,,,,,,,
1156,Dr. Md. Mahfuj Uddoula,['BDS'],DENTIST,15,Islami Bank Central Hospital | Kakrail,Dhaka,,,,,,,,,,,,,,,,,,,,,
1157,Asst. Prof. Dr. Dr. Md. Rashedur Rahman,"['BDS', 'FCPS']",DENTIST,18,Islami Bank Central Hospital | Kakrail,Dhaka,,,,,,,,,,,,,,,,,,,,,
1158,Prof. Dr. Md. Shahen,"['MBBS', 'MD']",RESPIRATORY SPECIALIST,19,Islami Bank Central Hospital | Kakrail,Dhaka,,,,,,,,,,,,,,,,,,,,,
1159,Prof. Dr. Mohammad Enamul Haque,"['MBBS', 'FCPS', 'DTCD']",RESPIRATORY SPECIALIST,26,Islami Bank Central Hospital | Kakrail,Dhaka,,,,,,,,,,,,,,,,,,,,,
1159,Prof. Dr. Mohammad Enamul Haque,"['MBBS', 'FCPS', 'DTCD']",CHEST SPECIALIST,26,Islami Bank Central Hospital | Kakrail,Dhaka,,,,,,,,,,,,,,,,,,,,,
1160,Prof. Dr. Mohammad Mujibur Rahman,"['MBBS', 'FCPS']",DERMATOLOGIST,25,Islami Bank Central Hospital | Kakrail,Dhaka,,,,,,,,,,,,,,,,,,,,,
1161,Prof. Dr. Taslima Begum,"['MBBS', 'MS']",GYNECOLOGIST & OBSTETRICIAN,25,Islami Bank Central Hospital | Kakrail,Dhaka,,,,,,,,,,,,,,,,,,,,,
1162,Prof. Dr. Musaddiq Husain,"['MBBS', 'FCPS']",MEDICINE SPECIALIST,24,Islami Bank Central Hospital | Kakrail,Dhaka,,,,,,,,,,,,,,,,,,,,,
1163,Prof. Dr. Tofayel Ahmed,"['MBBS', 'FCPS', 'FCPS', 'FCCP', 'FACP', 'MRCP', 'FRCP', ' GLASGOW', ' IRELAND)']",CARDIOLOGIST,26,Islami Bank Central Hospital | Kakrail,Dhaka,,,,,,,,,,,,,,,,,,,,,
1164,Prof. Dr. M.A. Muqueet,"['MBBS', 'DM', 'MRCP', 'FRCP', 'FACC (USA)']",CARDIOLOGIST,26,Islami Bank Central Hospital | Kakrail,Dhaka,,,,,,,,,,,,,,,,,,,,,
1165,Prof. Dr. Abdul Hoque,"['MBBS', 'FCPS']",GENERAL SURGEON,23,Islami Bank Central Hospital | Kakrail,Dhaka,,,,,,,,,,,,,,,,,,,,,
1166,Assoc. Prof. Dr. Fahmidur Rahman,"['MBBS', 'MPH', 'FCPS']",PSYCHIATRIST,22,Islami Bank Central Hospital | Kakrail,Dhaka,,,,,,,,,,,,,,,,,,,,,
1167,Asst. Prof. Dr. Md. Nazrul Islam Mridha,"['MBBS', 'MS']",UROLOGIST,16,Islami Bank Central Hospital | Kakrail,Dhaka,,,,,,,,,,,,,,,,,,,,,
1168,Dr. A. M. Ziaul Haque Masum,"['MBBS', 'MS']",THORACIC SURGEON,17,Islami Bank Central Hospital | Kakrail,Dhaka,,,,,,,,,,,,,,,,,,,,,
1169,Dr. Palash Varan Chakraborty,"['MBBS', 'MPH', 'PGT', 'DCH']",PEDIATRICIAN,19,Porichorja Digital Hospital Ltd.,Dhaka,,,,,,,,,,,,,,,,,,,,,
1170,Dr. Md. Hasan Ali,"['MBBS', 'BCS', 'MCPS', 'FCPS', 'MRCS (ENT)', 'DLO']",OTOLARYNGOLOGISTS (ENT),23,Porichorja Digital Hospital Ltd.,Dhaka,,,,,,,,,,,,,,,,,,,,,
1171,Prof. Dr. Shamima Jahan,"['MBBS', 'FCPS']",GENERAL SURGEON,23,Islami Bank Central Hospital | Kakrail,Dhaka,,,,,,,,,,,,,,,,,,,,,
1172,Dr. Mohammad Mostafa Majid,"['MBBS', 'MPH', 'DM', 'CCD']",DIABETOLOGIST,22,Porichorja Digital Hospital Ltd.,Dhaka,,,,,,,,,,,,,,,,,,,,,
1173,Prof. Dr. Salma Yesmin Choudhury,"['MBBS', 'BCS', 'MS', 'FCPS', 'FRCS']",GENERAL SURGEON,24,Islami Bank Central Hospital | Kakrail,Dhaka,,,,,,,,,,,,,,,,,,,,,
1173,Prof. Dr. Salma Yesmin Choudhury,"['MBBS', 'BCS', 'MS', 'FCPS', 'FRCS']",COLORECTAL & LAPAROSCOPIC SURGEON,24,Islami Bank Central Hospital | Kakrail,Dhaka,,,,,,,,,,,,,,,,,,,,,
1174,Dr. Md. Mujibur Rahman,"['MBBS', 'DTM&H (THAILAND)', 'MCTM (THAILAND)']",MEDICINE SPECIALIST,19,Porichorja Digital Hospital Ltd.,Dhaka,,,,,,,,,,,,,,,,,,,,,
1175,Assoc. Prof. Dr. Sarwar Hossain,"['MBBS', 'DTCD (CHEST)', 'FCPS']",RESPIRATORY SPECIALIST,25,Porichorja Digital Hospital Ltd.,Dhaka,,,,,,,,,,,,,,,,,,,,,
1176,Dr. Humaira Hoque,"['MBBS', 'MS', 'FCPS']",GYNECOLOGIST & OBSTETRICIAN,15,Islami Bank Central Hospital | Mirpur,Dhaka,,,,,,,,,,,,,,,,,,,,,
1177,Dr. Samir Kumar Das,"['MBBS', 'BCS', 'MS']",ORTHOPEDIC SURGEON,25,Porichorja Digital Hospital Ltd.,Dhaka,,,,,,,,,,,,,,,,,,,,,
1178,Dr. Ashish Adhikari,"['MBBS', 'BCS', 'DLO']",OTOLARYNGOLOGISTS (ENT),20,Porichorja Digital Hospital Ltd.,Dhaka,,,,,,,,,,,,,,,,,,,,,
1179,Asst. Prof. Dr. Md. Ekram Ahsan,"['MBBS', 'BCS', 'FCPS']",DERMATOLOGIST,19,Islami Bank Central Hospital | Mirpur,Dhaka,,,,,,,,,,,,,,,,,,,,,
1180,Dr. Mitul Chakraborty,"['MBBS', 'BCS', 'FCPS']",GENERAL SURGEON,18,Porichorja Digital Hospital Ltd.,Dhaka,,,,,,,,,,,,,,,,,,,,,
1180,Dr. Mitul Chakraborty,"['MBBS', 'BCS', 'FCPS']",LAPAROSCOPIC SURGEON,18,Porichorja Digital Hospital Ltd.,Dhaka,,,,,,,,,,,,,,,,,,,,,
1181,Dr. Md. H N Ashiqur Rahman,"['MBBS', 'BCS', 'MD']",CARDIOLOGIST,21,Porichorja Digital Hospital Ltd.,Dhaka,,,,,,,,,,,,,,,,,,,,,
1182,Dr. Md. Imran,"['MBBS', 'MS']",THORACIC SURGEON,19,Islami Bank Central Hospital | Mirpur,Dhaka,,,,,,,,,,,,,,,,,,,,,
1183,Asst. Prof. Dr. Munirunnesa Shilpi,"['MBBS', 'FCPS']",GYNECOLOGIST & OBSTETRICIAN,26,Porichorja Digital Hospital Ltd.,Dhaka,,,,,,,,,,,,,,,,,,,,,
1184,Dr. Alhaj Md. Mumtaz Uddin,"['MBBS', 'CHD (USA)', 'TSTD (THAILAND)']",DERMATOLOGIST,29,Saleha Diagnostic Center,Dhaka,,,,,,,,,,,,,,,,,,,,,
1185,Dr. Md. Masudur Rahman,"['MBBS', 'BCS', 'CCD', 'FCPS', 'FCPS', ' FP)', 'MACP']",MEDICINE SPECIALIST,26,Saleha Diagnostic Center,Dhaka,,,,,,,,,,,,,,,,,,,,,
1185,Dr. Md. Masudur Rahman,"['MBBS', 'BCS', 'CCD', 'FCPS', 'FCPS', ' FP)', 'MACP']",CARDIOLOGIST,26,Saleha Diagnostic Center,Dhaka,,,,,,,,,,,,,,,,,,,,,
1186,Asst. Prof. Dr. Sharmin Akhtar Liza,"['MBBS', 'FCPS', 'C-ULTRA']",GYNECOLOGIST & OBSTETRICIAN,26,Saleha Diagnostic Center,Dhaka,,,,,,,,,,,,,,,,,,,,,
1186,Asst. Prof. Dr. Sharmin Akhtar Liza,"['MBBS', 'FCPS', 'C-ULTRA']",INFERTILITY SPECIALIST,26,Saleha Diagnostic Center,Dhaka,,,,,,,,,,,,,,,,,,,,,
1187,Prof. Dr. Debatosh Pal,"['MBBS', 'M.PHIL']",MEDICINE SPECIALIST,32,Saleha Diagnostic Center,Dhaka,,,,,,,,,,,,,,,,,,,,,
1188,Dr. Shirin Hossain,"['MBBS', 'FCPS']",GYNECOLOGIST & OBSTETRICIAN,24,Digital Square Hospital Ltd.,Dhaka,,,,,,,,,,,,,,,,,,,,,
1188,Dr. Shirin Hossain,"['MBBS', 'FCPS']",INFERTILITY SPECIALIST,24,Digital Square Hospital Ltd.,Dhaka,,,,,,,,,,,,,,,,,,,,,
1189,Dr. Abu Md. Sayem Bhuiyan,"['MBBS', 'BCS', 'FCPS', 'CCD']",MEDICINE SPECIALIST,21,Digital Square Hospital Ltd.,Dhaka,,,,,,,,,,,,,,,,,,,,,
1190,Dr. Obaidur Rahman,"['MBBS', 'MS', 'FCPS']",ORTHOPEDIST,17,Digital Square Hospital Ltd.,Dhaka,,,,,,,,,,,,,,,,,,,,,
1191,Dr. Kazi Rubayate Sania,"['MBBS', 'BCS', 'FCPS']",GYNECOLOGIST & OBSTETRICIAN,25,Digital Square Hospital Ltd.,Dhaka,,,,,,,,,,,,,,,,,,,,,
1192,Dr. Asim Kumar Saha,"['MBBS', 'BCS', 'FCPS', ' FP)', 'MD', ' FP)']",CARDIOLOGIST,26,Digital Square Hospital Ltd.,Dhaka,,,,,,,,,,,,,,,,,,,,,
1193,Dr. Md. Shoaib ur Rashid Palash,"['MBBS', 'BCS', 'FCPS']",GENERAL SURGEON,20,Digital Square Hospital Ltd.,Dhaka,,,,,,,,,,,,,,,,,,,,,
1193,Dr. Md. Shoaib ur Rashid Palash,"['MBBS', 'BCS', 'FCPS']",LAPAROSCOPIC SURGEON,20,Digital Square Hospital Ltd.,Dhaka,,,,,,,,,,,,,,,,,,,,,
1193,Dr. Md. Shoaib ur Rashid Palash,"['MBBS', 'BCS', 'FCPS']",PLASTIC SURGEON,20,Digital Square Hospital Ltd.,Dhaka,,,,,,,,,,,,,,,,,,,,,
1194,Prof. Dr. Brig. Gen. SM Shahidul Haque,"['MBBS', 'FCPS', 'MCPS', 'MPH']",PHYSICAL MEDICINE,25,Islami Bank Central Hospital | Mirpur,Dhaka,,,,,,,,,,,,,,,,,,,,,
1195,Asst. Prof. Dr. M. Salah Uddin,"['MBBS', 'DDV', 'FCPS']",DERMATOLOGIST,19,Islami Bank Central Hospital | Mirpur,Dhaka,,,,,,,,,,,,,,,,,,,,,
1196,Asst. Prof. Dr. Narottam Sarkar,"['MBBS', 'BCS', 'DVD (PG)']",DERMATOLOGIST,24,Digital Square Hospital Ltd.,Dhaka,,,,,,,,,,,,,,,,,,,,,
1197,Dr. Marzia Sultana,['BDS'],MAXILLOFACIAL AND DENTAL SURGEON,13,MIM-Special Consultation Centre,Dhaka,,,,,,,,,,,,,,,,,,,,,
1198,Dr. Tansim Jahan,"['BDS', 'PGT', 'PGT']",MAXILLOFACIAL AND DENTAL SURGEON,15,MIM-Special Consultation Centre,Dhaka,,,,,,,,,,,,,,,,,,,,,
1199,Dr. Mahbuba Mostafa,"['BDS', 'PGT']",MAXILLOFACIAL AND DENTAL SURGEON,19,MIM-Special Consultation Centre,Dhaka,,,,,,,,,,,,,,,,,,,,,
1200,Dr. Faisal Kamal,"['MBBS', 'MRCS (ENGLAND)', 'FCPS', ' FP)']",ORTHOPEDIC SURGEON,18,Fatima Diagnostic and Medical Center,Dhaka,,,,,,,,,,,,,,,,,,,,,
1201,Dr. Md. Mainul Hossain,"['MBBS', 'MS']",NEUROSURGEON,19,Fatima Diagnostic and Medical Center,Dhaka,,,,,,,,,,,,,,,,,,,,,
1202,Dr. Md.Redwanul Islam,"['MBBS', 'MD']",PEDIATRICIAN,18,Islami Bank Central Hospital | Mirpur,Dhaka,,,,,,,,,,,,,,,,,,,,,
1203,Prof. Dr. Hosne Ara,"['MBBS', 'FCPS', 'FRCP']",PEDIATRICIAN,27,Islami Bank Central Hospital | Mirpur,Dhaka,,,,,,,,,,,,,,,,,,,,,
1204,Dr. Md. Samsul Alam,"['MBBS', 'MCPS', 'PHD']",PSYCHIATRIST,21,Islami Bank Central Hospital | Mirpur,Dhaka,,,,,,,,,,,,,,,,,,,,,
1205,Assoc. Prof. Dr. Md. Jahid Hasan,"['MBBS', 'BCS', 'MS']",ORTHOPEDIC SURGEON,16,Islami Bank Central Hospital | Mirpur,Dhaka,,,,,,,,,,,,,,,,,,,,,
1206,Asst. Prof. Dr. Mohammad Toufiq Hasan,"['MBBS', 'BCS', 'MD']",RESPIRATORY SPECIALIST,17,Islami Bank Central Hospital | Mirpur,Dhaka,,,,,,,,,,,,,,,,,,,,,
1207,Asst. Prof. Dr. Nadia Nusrat,"['MBBS', 'FCPS']",PEDIATRICIAN,17,Islami Bank Central Hospital | Mirpur,Dhaka,,,,,,,,,,,,,,,,,,,,,
1208,Dr. Md. Zahidul Islam,"['MBBS', 'MS']",THORACIC SURGEON,14,Islami Bank Central Hospital | Mirpur,Dhaka,,,,,,,,,,,,,,,,,,,,,
1209,Prof. Dr. Mahbuba Akhter,"['MBBS', 'FCPS']",GYNECOLOGIST & OBSTETRICIAN,21,Islami Bank Central Hospital | Mirpur,Dhaka,,,,,,,,,,,,,,,,,,,,,
1210,Asst. Prof. Dr. Dr. Md. Asaduzzaman,"['MBBS', 'MCPS', 'MS', 'FICS(USA)']",UROLOGIST,19,Islami Bank Central Hospital | Mirpur,Dhaka,,,,,,,,,,,,,,,,,,,,,
1211,Asst. Prof. Dr. Syed Atiqullah,"['MBBS', 'BCS', 'FCPS', 'MD']",CARDIOLOGIST,17,Islami Bank Central Hospital | Mirpur,Dhaka,,,,,,,,,,,,,,,,,,,,,
1212,Dr. Md. Anisul Goni Khan,"['MBBS', 'D-CARD', 'MD', 'FRCP', 'FACC']",CARDIOLOGIST,20,Comfort Diagnostic Center (Pvt.) Ltd | Dhanmondi,Dhaka,,,,,,,,,,,,,,,,,,,,,
1213,Asst. Prof. Dr. Shabin Afrin Kajal,"['MBBS', 'BCS', 'FCPS']",GYNECOLOGIST & OBSTETRICIAN,21,National Diagnostic Center and Specialist Consultation,Dhaka,,,,,,,,,,,,,,,,,,,,,
1214,Asst. Prof. Dr. Mst. Roksana Begum,"['MBBS', 'BCS', 'MD']",HEPATOLOGIST,24,National Diagnostic Center and Specialist Consultation,Dhaka,,,,,,,,,,,,,,,,,,,,,
1215,Dr. Minhaj Rashedur Rahman,"['MBBS', 'BCS', 'MD']",MEDICINE SPECIALIST,22,Prime Asia Hospital and Diagnostic Center,Dhaka,,,,,,,,,,,,,,,,,,,,,
1216,Dr. Mohammad Tajul Islam Babul,"['MBBS', 'PGT', 'DCH']",PEDIATRICIAN & NEONATOLOGIST,22,Prime Asia Hospital and Diagnostic Center,Dhaka,,,,,,,,,,,,,,,,,,,,,
1217,Dr. Md. Wahiduzzaman Bhuiyan,"['MBBS', 'BCS', 'CCD', ' BARDEM)', 'MD', ' ON COURSE)', 'CMU (SONOLOGIST)']",GENERAL PHYSICIAN,23,Prime Asia Hospital and Diagnostic Center,Dhaka,,,,,,,,,,,,,,,,,,,,,
1217,Dr. Md. Wahiduzzaman Bhuiyan,"['MBBS', 'BCS', 'CCD', ' BARDEM)', 'MD', ' ON COURSE)', 'CMU (SONOLOGIST)']",DIABETES SPECIALIST,23,Prime Asia Hospital and Diagnostic Center,Dhaka,,,,,,,,,,,,,,,,,,,,,
1218,Dr. Md. Jamiur Rahman,"['MBBS', 'BCS', 'MPH', 'ADVANCED DIPLOMA IN MEDICAL ULTRASOUND. FORMERLY (BIRDEM)']",MEDICINE SPECIALIST,19,Prime Asia Hospital and Diagnostic Center,Dhaka,,,,,,,,,,,,,,,,,,,,,
1219,Dr. Farzana Shahin Nishi,"['MBBS', 'PGT']",GYNECOLOGIST & OBSTETRICIAN,21,Prime Asia Hospital and Diagnostic Center,Dhaka,,,,,,,,,,,,,,,,,,,,,
1219,Dr. Farzana Shahin Nishi,"['MBBS', 'PGT']",INFERTILITY SPECIALIST,21,Prime Asia Hospital and Diagnostic Center,Dhaka,,,,,,,,,,,,,,,,,,,,,
1220,Prof. Dr. Golam Mohammad Belal,"['MBBS', 'MCPS', 'FWHO (INDIA)', 'FIEA (SINGAPORE', ' JAPAN)']",ONCOLOGIST,30,Radical Hospital Ltd.,Dhaka,,,,,,,,,,,,,,,,,,,,,
1221,Assoc. Prof. Dr. Md. Abu Sayed,"['MBBS', 'DLO']",OTOLARYNGOLOGISTS (ENT),25,Radical Hospital Ltd.,Dhaka,,,,,,,,,,,,,,,,,,,,,
1222,Dr. A.T.M Zulfiqur Rahman,"['MBBS', 'MS', 'D-ORTHO']",ORTHOPEDIC SURGEON,19,Radical Hospital Ltd.,Dhaka,,,,,,,,,,,,,,,,,,,,,
1223,Asst. Prof. Dr. Farhad Uddin Ahmed Nirjhar,"['MBBS', 'FCPS', 'FACS (USA)', 'FMAS (INDIA)']",GENERAL SURGEON,23,Radical Hospital Ltd.,Dhaka,,,,,,,,,,,,,,,,,,,,,
1223,Asst. Prof. Dr. Farhad Uddin Ahmed Nirjhar,"['MBBS', 'FCPS', 'FACS (USA)', 'FMAS (INDIA)']",COLORECTAL & LAPAROSCOPIC SURGEON,23,Radical Hospital Ltd.,Dhaka,,,,,,,,,,,,,,,,,,,,,
1224,Dr. Md. Mahmud-un-Nabi Tanmoy,"['MBBS', 'FCPS', 'BCS']",MEDICINE SPECIALIST,22,Radical Hospital Ltd.,Dhaka,,,,,,,,,,,,,,,,,,,,,
1225,Dr. Sayed Md. Fazle Munim Sahal,"['MBBS', 'PGT', 'ENS (GERMANY)', 'CCD']",PEDIATRICIAN,16,Radical Hospital Ltd.,Dhaka,,,,,,,,,,,,,,,,,,,,,
1225,Dr. Sayed Md. Fazle Munim Sahal,"['MBBS', 'PGT', 'ENS (GERMANY)', 'CCD']",NUTRITIONIST,16,Radical Hospital Ltd.,Dhaka,,,,,,,,,,,,,,,,,,,,,
1226,Dr. Sanjida Afrin,"['MBBS', 'PGT', 'CCD']",GYNECOLOGIST & OBSTETRICIAN,23,Radical Hospital Ltd.,Dhaka,,,,,,,,,,,,,,,,,,,,,
1226,Dr. Sanjida Afrin,"['MBBS', 'PGT', 'CCD']",INFERTILITY SPECIALIST,23,Radical Hospital Ltd.,Dhaka,,,,,,,,,,,,,,,,,,,,,
1227,Dr. Asia Islam Nishu,['MBBS'],GYNECOLOGIST & OBSTETRICIAN,19,Rezia Taleb Hospital Ltd.,Dhaka,,,,,,,,,,,,,,,,,,,,,
1227,Dr. Asia Islam Nishu,['MBBS'],INFERTILITY SPECIALIST,19,Rezia Taleb Hospital Ltd.,Dhaka,,,,,,,,,,,,,,,,,,,,,
1228,Dr. Palash Sikder,"['MBBS', 'BCS', 'FCPS', 'MD']",PEDIATRICIAN,19,Rezia Taleb Hospital Ltd.,Dhaka,,,,,,,,,,,,,,,,,,,,,
1229,Dr. Md. Siddiqur Rahman Tutul,"['MBBS', 'BCS', 'DLO']",OTOLARYNGOLOGISTS (ENT),22,Rezia Taleb Hospital Ltd.,Dhaka,,,,,,,,,,,,,,,,,,,,,
1230,Dr. Md. Hasan Ali,"['MBBS', 'BCS', 'MCPS', 'FCPS', 'MRCS (ENT)', 'DLO']",OTOLARYNGOLOGISTS (ENT),17,Rezia Taleb Hospital Ltd.,Dhaka,,,,,,,,,,,,,,,,,,,,,
1231,Dr. Md. Zahurul Haque,"['MBBS', 'BCS', 'DEM', 'FCPS', ' FP)']",ENDOCRINOLOGIST,19,Rezia Taleb Hospital Ltd.,Dhaka,,,,,,,,,,,,,,,,,,,,,
1232,Dr. Md. Shoaib Ur Rashid Palash,"['MBBS', 'BCS', 'FCPS']",GENERAL SURGEON,23,Rezia Taleb Hospital Ltd.,Dhaka,,,,,,,,,,,,,,,,,,,,,
1232,Dr. Md. Shoaib Ur Rashid Palash,"['MBBS', 'BCS', 'FCPS']",LAPAROSCOPIC SURGEON,23,Rezia Taleb Hospital Ltd.,Dhaka,,,,,,,,,,,,,,,,,,,,,
1232,Dr. Md. Shoaib Ur Rashid Palash,"['MBBS', 'BCS', 'FCPS']",PLASTIC SURGEON,23,Rezia Taleb Hospital Ltd.,Dhaka,,,,,,,,,,,,,,,,,,,,,
1233,Asst. Prof. Dr. Md. Saleh Ahmed,"['MBBS', 'MD']",PHYSICAL MEDICINE,26,JG Healthcare Ltd.,Dhaka,,,,,,,,,,,,,,,,,,,,,
1234,Dr. Md Kafil Uddin Chowdhury,"['MBBS', 'BCS', 'FCPS', 'FCPS']",RHEUMATOLOGIST,19,JG Healthcare Ltd.,Dhaka,,,,,,,,,,,,,,,,,,,,,
1235,Dr. Md. Mahfuzur Rahman,"['MBBS', 'MRCP', 'MRCP', 'MACP']",NEUROMEDICINE SPECIALIST,25,JG Healthcare Ltd.,Dhaka,,,,,,,,,,,,,,,,,,,,,
1236,Dr. A K M Shirajul Islam,"['MBBS', 'AFMC', 'BCS', 'MS']",UROLOGIST,22,JG Healthcare Ltd.,Dhaka,,,,,,,,,,,,,,,,,,,,,
1237,Assoc. Prof. Dr. Md. Golam Masum,"['MBBS', 'FCPS']",LAPAROSCOPIC SURGEON,23,JG Healthcare Ltd.,Dhaka,,,,,,,,,,,,,,,,,,,,,
1238,Dr. Rinki Kundu,"['MBBS', 'FCPS', 'CCD']",MEDICINE SPECIALIST,21,JG Healthcare Ltd.,Dhaka,,,,,,,,,,,,,,,,,,,,,
1238,Dr. Rinki Kundu,"['MBBS', 'FCPS', 'CCD']",DIABETES SPECIALIST,21,JG Healthcare Ltd.,Dhaka,,,,,,,,,,,,,,,,,,,,,
1239,Dr. Nasrin Akhter Deeba,"['MBBS', 'DGO', 'FCPS', 'MRCOG (UK)']",GYNECOLOGIC ONCOLOGIST,24,JG Healthcare Ltd.,Dhaka,,,,,,,,,,,,,,,,,,,,,
1240,Dr. Mousumi Rahman,"['MBBS', 'MPH']",FAMILY MEDICINE SPECIALIST,18,JG Healthcare Ltd.,Dhaka,,,,,,,,,,,,,,,,,,,,,
1241,Asst. Prof. Dr. A K M Tauhidul Islam,"['MBBS', ' BSMMU)']",GENERAL SURGEON,20,Enam Medical College & Hospital,Dhaka,,,,,,,,,,,,,,,,,,,,,
1241,Asst. Prof. Dr. A K M Tauhidul Islam,"['MBBS', ' BSMMU)']",LAPAROSCOPIC SURGEON,20,Enam Medical College & Hospital,Dhaka,,,,,,,,,,,,,,,,,,,,,
1242,Dr. Khondakar Abul Bashar,"['MBBS', 'BCS', 'FCPS', 'FCPS']",GASTROENTEROLOGIST,24,JG Healthcare Ltd.,Dhaka,,,,,,,,,,,,,,,,,,,,,
1243,Dr. Rifat Hasan,"['MBBS', 'FCPS', 'FICS (AMERICA)']",OTOLARYNGOLOGISTS (ENT),17,JG Healthcare Ltd.,Dhaka,,,,,,,,,,,,,,,,,,,,,
1244,Prof. Dr. Major Md. Shahadutth Ullah,"['MBBS', 'DLO', 'FCPS', 'FACS (USA)', 'IFHNOS (MSKCC-USA)']",OTOLARYNGOLOGISTS (ENT),32,JG Healthcare Ltd.,Dhaka,,,,,,,,,,,,,,,,,,,,,
1245,Prof. Dr. Brig. Gen. Md. Shamsul Huda,"['MBBS', 'DDV', 'FCPS']",DERMATOLOGIST,25,JG Healthcare Ltd.,Dhaka,,,,,,,,,,,,,,,,,,,,,
1246,Dr. Badrunnesa,"['MBBS', 'DCH']",PEDIATRICIAN & NEONATOLOGIST,26,JG Healthcare Ltd.,Dhaka,,,,,,,,,,,,,,,,,,,,,
1247,Assoc. Prof. Dr. Zakia Nahar,"['MBBS', 'MD']",PEDIATRICIAN & NEONATOLOGIST,24,JG Healthcare Ltd.,Dhaka,,,,,,,,,,,,,,,,,,,,,
1248,Assoc. Prof. Dr. Lt. Col. Kaniz Fatema Sultana,"['MBBS', 'DCH', 'MPH']",PEDIATRICIAN,25,JG Healthcare Ltd.,Dhaka,,,,,,,,,,,,,,,,,,,,,
1249,Dr. Abdullah Al Masud,"['MBBS', 'MD']",RESPIRATORY SPECIALIST,22,JG Healthcare Ltd.,Dhaka,,,,,,,,,,,,,,,,,,,,,
1250,Dr. Ayesha Siddika,"['MBBS', 'FCPS', 'FCPS', 'MACP']",MEDICINE SPECIALIST,21,JG Healthcare Ltd.,Dhaka,,,,,,,,,,,,,,,,,,,,,
1250,Dr. Ayesha Siddika,"['MBBS', 'FCPS', 'FCPS', 'MACP']",CARDIOLOGIST,21,JG Healthcare Ltd.,Dhaka,,,,,,,,,,,,,,,,,,,,,
1251,Dr. Md. Abu Noman,"['MBBS', 'BCS', 'DTCD (DU)']",RESPIRATORY SPECIALIST,19,Sahana Clinic,Dhaka,,,,,,,,,,,,,,,,,,,,,
1252,Dr. Md. Jahangir Alam Shohan,"['MBBS', 'DEM', 'MD']",ENDOCRINOLOGIST,16,Islami Bank Central Hospital | Mirpur,Dhaka,,,,,,,,,,,,,,,,,,,,,
1253,Dr. Iffat Ara Jahan Liza,"['MBBS', 'MD']",ENDOCRINOLOGIST,15,Islami Bank Central Hospital | Mirpur,Dhaka,,,,,,,,,,,,,,,,,,,,,
1254,Prof. Dr. A. K. M. Saif Uddin,"['MBBS', 'BCS', 'MCPS', 'MS']",OTOLARYNGOLOGISTS (ENT),17,Popular Diagnostic Centre Ltd. | Shyamoli,Dhaka,,,,,,,,,,,,,,,,,,,,,
1255,Dr. Sahana Akhtar,"['MBBS', 'PGT', 'C-ULTRA (DHAKA)']",GYNECOLOGIST & OBSTETRICIAN,20,Sahana Clinic,Dhaka,,,,,,,,,,,,,,,,,,,,,
1256,Dr. Ahmed Ali Mollah,"['MBBS', 'FCGP (MEDICINE)', 'C-ENDOS (BARDEM)', 'FRSH (LONDON)']",GASTROENTEROLOGIST,19,Dhaka Lab,Dhaka,,,,,,,,,,,,,,,,,,,,,
1257,Asst. Prof. Dr. S A Anwar Ul Kadir,"['MBBS', 'MS', 'MPH']",UROLOGIST,22,Dhaka Lab,Dhaka,,,,,,,,,,,,,,,,,,,,,
1258,Prof. Dr. Amar Biswas,"['MBBS', 'DTCD (DU)', 'FCCP']",RESPIRATORY SPECIALIST,25,Popular Diagnostic Centre Ltd. | Shyamoli,Dhaka,,,,,,,,,,,,,,,,,,,,,
1259,Dr. Tahmina Akhtar,"['MBBS', 'DGO']",INFERTILITY SPECIALIST,18,Dhaka Lab,Dhaka,,,,,,,,,,,,,,,,,,,,,
1259,Dr. Tahmina Akhtar,"['MBBS', 'DGO']",GYNECOLOGIST & OBSTETRICIAN,18,Dhaka Lab,Dhaka,,,,,,,,,,,,,,,,,,,,,
1260,Assoc. Prof. Dr. Md. Mesbahul Karim Rubel,"['MBBS', 'DTCD (THORACOLOGY)', 'MPH', 'FCCP']",RESPIRATORY SPECIALIST,24,Dhaka Lab,Dhaka,,,,,,,,,,,,,,,,,,,,,
1261,Dr. Anamika Dev,"['MBBS', 'BCS', 'FCPS', 'DM']",GYNECOLOGIST & OBSTETRICIAN,16,Kadomatoli General Hospital,Dhaka,,,,,,,,,,,,,,,,,,,,,
1261,Dr. Anamika Dev,"['MBBS', 'BCS', 'FCPS', 'DM']",INFERTILITY SPECIALIST,16,Kadomatoli General Hospital,Dhaka,,,,,,,,,,,,,,,,,,,,,
1262,Asst. Prof. Dr. M. Moniruzzaman Khan,"['MBBS', 'DVD (DU)', 'MS', 'DCP']",DERMATOLOGIST,22,Kadomatoli General Hospital,Dhaka,,,,,,,,,,,,,,,,,,,,,
1263,Assoc. Prof. Dr. S K Mondal,"['MBBS', 'MS', 'FACS (US)']",PEDIATRIC SURGEON,27,Kadomatoli General Hospital,Dhaka,,,,,,,,,,,,,,,,,,,,,
1264,Dr. Utpal Kumar Sarkar,"['MBBS', 'BCS', 'FCPS']",OTOLARYNGOLOGISTS (ENT),25,Green Health Hospital,Dhaka,,,,,,,,,,,,,,,,,,,,,
1265,Dr. Rumi Nasrin,"['MBBS', 'BCS', 'AFCPS (GYNAECOLOGY)']",GYNECOLOGIST & OBSTETRICIAN,24,Green Health Hospital,Dhaka,,,,,,,,,,,,,,,,,,,,,
1265,Dr. Rumi Nasrin,"['MBBS', 'BCS', 'AFCPS (GYNAECOLOGY)']",INFERTILITY SPECIALIST,24,Green Health Hospital,Dhaka,,,,,,,,,,,,,,,,,,,,,
1266,Dr. Md. Ashraf Hossain Gazi,"['MBBS', 'BCS', 'MD']",HEPATOLOGIST,21,Green Health Hospital,Dhaka,,,,,,,,,,,,,,,,,,,,,
1267,Dr. Mithun Mazumder,"['MBBS', 'BCS', 'FCPS']",MEDICINE SPECIALIST,20,Green Health Hospital,Dhaka,,,,,,,,,,,,,,,,,,,,,
1268,Dr. Omar Siddiqui,"['MBBS', 'FCPS']",GENERAL SURGEON,23,Green Health Hospital,Dhaka,,,,,,,,,,,,,,,,,,,,,
1268,Dr. Omar Siddiqui,"['MBBS', 'FCPS']",LAPAROSCOPIC SURGEON,23,Green Health Hospital,Dhaka,,,,,,,,,,,,,,,,,,,,,
1269,Assoc. Prof. Dr. Kanol Saha,"['MBBS', 'BCS', 'MD']",NEUROLOGIST,26,Green Health Hospital,Dhaka,,,,,,,,,,,,,,,,,,,,,
1270,Prof. Dr. Brig. Gen. Jakaria Hossain,"['MBBS', 'DO(DU)', 'FCPS']",OPHTHALMOLOGIST,25,Islami Bank Central Hospital | Mirpur,Dhaka,,,,,,,,,,,,,,,,,,,,,
1271,Dr. Rowshon Ara Kakoli,"['MBBS', 'FCPS', 'MRCOG (UK)']",GYNECOLOGIST & OBSTETRICIAN,17,Islami Bank Central Hospital | Mirpur,Dhaka,,,,,,,,,,,,,,,,,,,,,
1272,Dr. Nahida Yeasmin,"['MBBS', 'BCS', 'FCPS']",GYNECOLOGIST & OBSTETRICIAN,15,Islami Bank Central Hospital | Mirpur,Dhaka,,,,,,,,,,,,,,,,,,,,,
1273,Dr. Safia Begum,"['MBBS', 'DGO']",GYNECOLOGIST & OBSTETRICIAN,12,Islami Bank Central Hospital | Mirpur,Dhaka,,,,,,,,,,,,,,,,,,,,,
1274,Prof. Dr. Umma Salma,"['MBBS', 'FCPS', 'FACP']",MEDICINE SPECIALIST,20,Islami Bank Central Hospital | Mirpur,Dhaka,,,,,,,,,,,,,,,,,,,,,
1275,Dr. Lt. Col. Md. Momin Uddin Kallol,"['MBBS', 'FCPS', 'DLO', 'MCPS']",OTOLARYNGOLOGISTS (ENT),16,Islami Bank Central Hospital | Mirpur,Dhaka,,,,,,,,,,,,,,,,,,,,,
1276,Dr. Rozina Sultana,"['MBBS', 'FCPS', 'MD', 'CCD']",MEDICINE SPECIALIST,10,Islami Bank Central Hospital | Mirpur,Dhaka,,,,,,,,,,,,,,,,,,,,,
1277,Dr. Kazi Sami Saleh Abdullah,"['MBBS', 'FCPS']",MEDICINE SPECIALIST,15,Islami Bank Central Hospital | Mirpur,Dhaka,,,,,,,,,,,,,,,,,,,,,
1278,Asst. Prof. Dr. Md. Enayetul Islam,"['MBBS', 'BCS', 'MD']",NEUROLOGIST,17,Islami Bank Central Hospital | Mirpur,Dhaka,,,,,,,,,,,,,,,,,,,,,
1279,Asst. Prof. Dr. Md. Sayed Hasan,"['MBBS', 'FCPS', 'MD']",NEUROLOGIST,17,Islami Bank Central Hospital | Mirpur,Dhaka,,,,,,,,,,,,,,,,,,,,,
1280,Dr. A. M. S Shahin,"['MBBS', 'MS']",PLASTIC SURGEON,16,Islami Bank Central Hospital | Mirpur,Dhaka,,,,,,,,,,,,,,,,,,,,,
1281,Prof. Dr. Brig. Gen. Nurul Amin,"['MBBS', 'MD', 'FCPS', 'FRCP', 'FAAD(USA)', 'DDV', 'DD(THAILAND)']",DERMATOLOGIST,26,Islami Bank Central Hospital | Mirpur,Dhaka,,,,,,,,,,,,,,,,,,,,,
1282,Assoc. Prof. Dr. Obaidur Rahman,"['MBBS', 'DDV']",DERMATOLOGIST,21,BRAC Healthcare | Mirpur,Dhaka,,,,,,,,,,,,,,,,,,,,,
1283,Assoc. Prof. Dr. Md. Ahsan Habib,"['MBBS', 'BCS', 'FCPS', 'MRCS(UK)', 'MS']",COLORECTAL & LAPAROSCOPIC SURGEON,20,Islami Bank Central Hospital | Mirpur,Dhaka,,,,,,,,,,,,,,,,,,,,,
1284,Dr. Md. Shariful Islam Sharif,"['MBBS', 'BCS', 'FCPS', 'MS', 'MRCS(UK)']",PLASTIC SURGEON,15,Islami Bank Central Hospital | Mirpur,Dhaka,,,,,,,,,,,,,,,,,,,,,
1285,Dr. Girin Chandra Biswas,"['MBBS', 'BCS', 'MS']",ONCOLOGIST,26,Green Health Hospital,Dhaka,,,,,,,,,,,,,,,,,,,,,
1286,Dr. Kazi Bashir Ahmed,"['MBBS', 'D-CARD', 'MACP']",CARDIOLOGIST,18,Green Health Hospital,Dhaka,,,,,,,,,,,,,,,,,,,,,
1287,Dr. Md. Mostafizur Rahman,"['MBBS', 'FCPS', 'DLO', 'MCPS']",OTOLARYNGOLOGISTS (ENT),22,Green Health Hospital,Dhaka,,,,,,,,,,,,,,,,,,,,,
1288,Dr. Sipon Kumar Das,"['MBBS', 'BCS', 'MS']",PLASTIC SURGEON,20,Green Health Hospital,Dhaka,,,,,,,,,,,,,,,,,,,,,
1289,Dr. S.M. Golam Moula,"['MBBS', 'BCS', 'FCPS', 'MS']",UROLOGIST,19,Popular Diagnostic Centre Ltd. | Rajshahi,Rajshahi,,,,,,,,,,,,,,,,,,,,,
1290,Asst. Prof. Dr. Md. Tafiqul Islam Taufiq,"['MBBS', 'BCS', 'FCPS', 'MS']",UROLOGIST,23,Popular Diagnostic Centre Ltd. | Rajshahi,Rajshahi,,,,,,,,,,,,,,,,,,,,,
1290,Asst. Prof. Dr. Md. Tafiqul Islam Taufiq,"['MBBS', 'BCS', 'FCPS', 'MS']",LAPAROSCOPIC SURGEON,23,Popular Diagnostic Centre Ltd. | Rajshahi,Rajshahi,,,,,,,,,,,,,,,,,,,,,
1291,Prof. Dr. Md. Abul Kashem Sarker,"['MBBS', 'MS', 'PHD']",UROLOGIST,32,Popular Diagnostic Centre Ltd. | Rajshahi,Rajshahi,,,,,,,,,,,,,,,,,,,,,
1292,Asst. Prof. Dr. Md. Mashiur Arefin Rubel,"['MBBS', 'MS', 'FCPS', 'MRCS (EDIN', ' UK)']",UROLOGIST,20,Popular Diagnostic Centre Ltd. | Rajshahi,Rajshahi,,,,,,,,,,,,,,,,,,,,,
1292,Asst. Prof. Dr. Md. Mashiur Arefin Rubel,"['MBBS', 'MS', 'FCPS', 'MRCS (EDIN', ' UK)']",LAPAROSCOPIC SURGEON,20,Popular Diagnostic Centre Ltd. | Rajshahi,Rajshahi,,,,,,,,,,,,,,,,,,,,,
1293,Asst. Prof. Dr. Rupsha Nure Laila,"['MBBS', 'FCPS', 'MS']",GENERAL SURGEON,16,Popular Diagnostic Centre Ltd. | Rajshahi,Rajshahi,,,,,,,,,,,,,,,,,,,,,
1293,Asst. Prof. Dr. Rupsha Nure Laila,"['MBBS', 'FCPS', 'MS']",COLORECTAL & LAPAROSCOPIC SURGEON,16,Popular Diagnostic Centre Ltd. | Rajshahi,Rajshahi,,,,,,,,,,,,,,,,,,,,,
1294,Dr. Pampa Chandra,"['MBBS', 'BCS', 'FCPS']",DERMATOLOGIST,18,Popular Diagnostic Centre Ltd. | Rajshahi,Rajshahi,,,,,,,,,,,,,,,,,,,,,
1295,Asst. Prof. Dr. Md. Nazrul Islam,"['MBBS', 'BCS', 'MD']",DERMATOLOGIST,26,Popular Diagnostic Centre Ltd. | Rajshahi,Rajshahi,,,,,,,,,,,,,,,,,,,,,
1296,Dr. Md. Abdus Sabur,"['MBBS', 'BCS', 'FCPS']",PHYSICAL MEDICINE,18,Popular Diagnostic Centre Ltd. | Rajshahi,Rajshahi,,,,,,,,,,,,,,,,,,,,,
1297,Prof. Dr. Suzon Al Hasan,"['MBBS', 'FCPS']",PHYSICAL MEDICINE,28,Popular Diagnostic Centre Ltd. | Rajshahi,Rajshahi,,,,,,,,,,,,,,,,,,,,,
1298,Prof. Dr. Brig. Gen. S. A. M. M. A. Hafiz,"['MBBS', 'FCPS', 'FRCP', 'MCP(AMERICA)', 'OGT &G-MED(AFMI)']",GASTROENTEROLOGIST,23,Islami Bank Central Hospital | Mirpur,Dhaka,,,,,,,,,,,,,,,,,,,,,
1299,Asst. Prof. Dr. Md. Selim Reza,"['MBBS', 'BCS', 'MS']",ORTHOPEDIC SURGEON,18,Islami Bank Central Hospital | Mirpur,Dhaka,,,,,,,,,,,,,,,,,,,,,
1300,Dr. Kawser Hossain Chowdrury,"['MBBS', 'MD']",NEPHROLOGIST,16,Islami Bank Central Hospital | Mirpur,Dhaka,,,,,,,,,,,,,,,,,,,,,
1301,Dr. Sanjida Akter,"['MBBS', 'BCS', 'DGO', 'FCPS']",GYNECOLOGIST & OBSTETRICIAN,16,Islami Bank Central Hospital | Mirpur,Dhaka,,,,,,,,,,,,,,,,,,,,,
1302,Dr. Halima Akter Happy,"['MBBS', 'BCS', 'FCPS']",GYNECOLOGIST & OBSTETRICIAN,16,Islami Bank Central Hospital | Mirpur,Dhaka,,,,,,,,,,,,,,,,,,,,,
1303,Assoc. Prof. Dr. Lt. Col. Md. Zamil Zaidur Rahim,"['MBBS', 'MS']",ORTHOPEDIST,20,Islami Bank Central Hospital | Mirpur,Dhaka,,,,,,,,,,,,,,,,,,,,,
1304,Asst. Prof. Dr. Abdullah Al Masum,"['MBBS', 'MD']",MEDICINE SPECIALIST,17,Islami Bank Central Hospital | Mirpur,Dhaka,,,,,,,,,,,,,,,,,,,,,
1305,Prof. Dr. Colonel Md. Mosleh Uddin,"['MBBS', 'MCPS', 'FCPS']",HEMATOLOGIST,22,Islami Bank Central Hospital | Mirpur,Dhaka,,,,,,,,,,,,,,,,,,,,,
1306,Assoc. Prof. Dr. Farhan Motin,"['MBBS', 'M.PHIL']",RADIOLOGIST,19,Islami Bank Central Hospital | Mirpur,Dhaka,,,,,,,,,,,,,,,,,,,,,
1307,Asst. Prof. Dr. Ziaul Haque Bhuiyan,"['MBBS', 'M.PHIL']",RADIOLOGIST,16,Islami Bank Central Hospital | Mirpur,Dhaka,,,,,,,,,,,,,,,,,,,,,
1308,Asst. Prof. Dr. Rokhsana Ahmed,"['MBBS', 'MD']",RADIOLOGIST,16,Islami Bank Central Hospital | Mirpur,Dhaka,,,,,,,,,,,,,,,,,,,,,
1309,Dr. Chowdhury Dardina Sara,['MBBS'],RADIOLOGIST,10,Islami Bank Central Hospital | Mirpur,Dhaka,,,,,,,,,,,,,,,,,,,,,
1310,Assoc. Prof. Dr. Prashanta Prasun Dey,"['MBBS', 'MD']",ENDOCRINOLOGIST,19,Anwer Khan Modern Medical College Hospital,Dhaka,,,,,,,,,,,,,,,,,,,,,
1311,Prof. Dr. Md. Azizul Haque,"['MBBS', 'FCPS', 'MACP']",MEDICINE SPECIALIST,23,Anwer Khan Modern Medical College Hospital,Dhaka,,,,,,,,,,,,,,,,,,,,,
1312,Prof. Dr. Md. Mostafizur Rahman,"['MBBS', 'FCPS', 'FRCP', 'FCCP']",MEDICINE SPECIALIST,24,Anwer Khan Modern Medical College Hospital,Dhaka,,,,,,,,,,,,,,,,,,,,,
1313,Prof. Dr. Rakib Uddin Ahmed,"['MBBS', 'MD']",ONCOLOGIST,23,Anwer Khan Modern Medical College Hospital,Dhaka,,,,,,,,,,,,,,,,,,,,,
1314,Prof. Dr. Fazlur Rahman,"['MBBS', 'MCPS', 'D-CARD', 'MD', 'FACC (USA)']",CARDIOLOGIST,24,Anwer Khan Modern Medical College Hospital,Dhaka,,,,,,,,,,,,,,,,,,,,,
1315,Prof. Dr. H. I. Lutfur Rahman Khan,"['MBBS', 'D-CARD', 'MD', 'FRCP', 'FACC (USA)']",CARDIOLOGIST,23,Comfort Diagnostic Center (Pvt.) Ltd | Dhanmondi,Dhaka,,,,,,,,,,,,,,,,,,,,,
1316,Prof. Dr. K. M. H. S. Sirajul Haque,"['MBBS', 'FCPS', 'FCPS', 'FACC (USA)']",CARDIOLOGIST,24,Anwer Khan Modern Medical College Hospital,Dhaka,,,,,,,,,,,,,,,,,,,,,
1317,Prof. Dr. Md. Faruque,"['MBBS', 'MD', 'FACC', 'WHO FELLOW (USA)']",CARDIOLOGIST,24,Anwer Khan Modern Medical College Hospital,Dhaka,,,,,,,,,,,,,,,,,,,,,
1318,Prof. Dr. Md. Harisul Hoque,"['MBBS', 'MD', 'FELLOW IN NUCLEAR CARDIOLOGY']",CARDIOLOGIST,24,Anwer Khan Modern Medical College Hospital,Dhaka,,,,,,,,,,,,,,,,,,,,,
1319,Dr. Golam Mahfuz Rabbani,"['MBBS', 'BCS', 'MD']",CARDIOLOGIST,16,Anwer Khan Modern Medical College Hospital,Dhaka,,,,,,,,,,,,,,,,,,,,,
1320,Prof. Dr. Md. Rafiqul Islam,"['MBBS', 'DTCD (DU)', 'FCCP', 'FKIT (KOREA)']",PULMONOLOGIST,23,Anwer Khan Modern Medical College Hospital,Dhaka,,,,,,,,,,,,,,,,,,,,,
1321,Dr. Md. Abdus Shakur Khan,"['MBBS', 'MCPS', 'MD']",CHEST SPECIALIST,15,Anwer Khan Modern Medical College Hospital,Dhaka,,,,,,,,,,,,,,,,,,,,,
1322,Prof. Dr. A.K.M. Aminul Haque,"['MBBS', 'FCPS', 'MD', 'FACP']",CHEST SPECIALIST,23,Anwer Khan Modern Medical College Hospital,Dhaka,,,,,,,,,,,,,,,,,,,,,
1323,Asst. Prof. Dr. Subrata Kumar Pramanik,"['MBBS', 'MS']",ORTHOPEDIC SURGEON,23,Popular Diagnostic Centre Ltd. | Rajshahi,Rajshahi,,,,,,,,,,,,,,,,,,,,,
1324,Asst. Prof. Dr. Md. Monwar Tariq Sabu,"['MBBS', 'BCS', 'D-ORTHO', 'MS']",ORTHOPEDIC SURGEON,25,Popular Diagnostic Centre Ltd. | Rajshahi,Rajshahi,,,,,,,,,,,,,,,,,,,,,
1325,Dr. Md. Qumruzzaman Parvez,"['MBBS', 'BCS', 'MS']",ORTHOPEDIC SURGEON,20,Popular Diagnostic Centre Ltd. | Rajshahi,Rajshahi,,,,,,,,,,,,,,,,,,,,,
1326,Asst. Prof. Dr. Md. Shafiqul Islam,"['MBBS', 'BCS', 'MS']",ORTHOPEDIC SURGEON,26,Popular Diagnostic Centre Ltd. | Rajshahi,Rajshahi,,,,,,,,,,,,,,,,,,,,,
1327,Dr. Md. Habibul Hasan,"['MBBS', 'BCS', 'MCPS', 'FCPS']",ORTHOPEDIC SURGEON,22,Popular Diagnostic Centre Ltd. | Rajshahi,Rajshahi,,,,,,,,,,,,,,,,,,,,,
1328,Asst. Prof. Dr. Debashish Roy,"['MBBS', 'D-ORTHO', 'MS']",ORTHOPEDIST,24,Popular Diagnostic Centre Ltd. | Rajshahi,Rajshahi,,,,,,,,,,,,,,,,,,,,,
1329,Assoc. Prof. Dr. Md. A.F.M. Momtazul Haque,"['MBBS', 'MS', 'BCS']",NEUROSURGEON,24,Ibn Sina Diagnostic & Consultation Center | Rajshahi,Rajshahi,,,,,,,,,,,,,,,,,,,,,
1330,Asst. Prof. Dr. Md. Monzurul Haque,"['MBBS', 'BCS', 'FCPS', 'MS']",NEUROSURGEON,25,Popular Diagnostic Centre Ltd. | Rajshahi,Rajshahi,,,,,,,,,,,,,,,,,,,,,
1331,Prof. Dr. Sheikh Muhammad Ekramullah,"['MBBS', 'PHD']",NEUROSURGEON,28,Popular Diagnostic Centre Ltd. | Rajshahi,Rajshahi,,,,,,,,,,,,,,,,,,,,,
1332,Dr. Muhtarima Tabassum Nipu,"['MBBS', 'BCS', 'MD']",NEUROMEDICINE SPECIALIST,18,Popular Diagnostic Centre Ltd. | Rajshahi,Rajshahi,,,,,,,,,,,,,,,,,,,,,
1333,Dr. ABM Mahbubul Haque Limon,"['MBBS', 'BCS', 'MD']",NEUROMEDICINE SPECIALIST,16,Popular Diagnostic Centre Ltd. | Rajshahi,Rajshahi,,,,,,,,,,,,,,,,,,,,,
1334,Dr. M. Ahmed Ali,"['MBBS', 'MD']",NEUROMEDICINE SPECIALIST,29,Popular Diagnostic Centre Ltd. | Rajshahi,Rajshahi,,,,,,,,,,,,,,,,,,,,,
1335,Asst. Prof. Dr. Mukul Kumar Sarkar,"['MBBS', 'BCS', 'MD']",NEUROLOGIST,24,Popular Diagnostic Centre Ltd. | Rajshahi,Rajshahi,,,,,,,,,,,,,,,,,,,,,
1336,Assoc. Prof. Dr. Md. Pervez Amin,"['MBBS', 'MD']",NEUROLOGIST,27,Popular Diagnostic Centre Ltd. | Rajshahi,Rajshahi,,,,,,,,,,,,,,,,,,,,,
1337,Prof. Dr. Pijush Kumar Kundu,"['MBBS', 'MD']",NEUROMEDICINE SPECIALIST,28,Popular Diagnostic Centre Ltd. | Rajshahi,Rajshahi,,,,,,,,,,,,,,,,,,,,,
1338,Asst. Prof. Dr. Md. Munzur Elahi,"['MBBS', 'MD']",NEUROMEDICINE SPECIALIST,27,Popular Diagnostic Centre Ltd. | Rajshahi,Rajshahi,,,,,,,,,,,,,,,,,,,,,
1339,Prof. Dr. Md. Kafil Uddin,"['MBBS', 'MCPS', 'MD']",NEUROLOGIST,31,Popular Diagnostic Centre Ltd. | Rajshahi,Rajshahi,,,,,,,,,,,,,,,,,,,,,
1340,Dr. Md. Abdur Razzaque,"['MBBS', 'BCS', 'FCPS', 'MACP']",MEDICINE SPECIALIST,17,Popular Diagnostic Centre Ltd. | Rajshahi,Rajshahi,,,,,,,,,,,,,,,,,,,,,
1341,Dr. Wahida Pervin Rani,"['MBBS', 'FCPS']",MEDICINE SPECIALIST,19,Popular Diagnostic Centre Ltd. | Rajshahi,Rajshahi,,,,,,,,,,,,,,,,,,,,,
1342,Prof. Dr. S. K. Abdur Razzaque,"['MBBS', 'FCPS']",PEDIATRIC PULMONOLOGIST,26,Anwer Khan Modern Medical College Hospital,Dhaka,,,,,,,,,,,,,,,,,,,,,
1343,Prof. Dr. Md. Ekhlasur Rahman,"['MBBS', 'FCPS', 'FRCP']",PEDIATRICIAN,27,Anwer Khan Modern Medical College Hospital,Dhaka,,,,,,,,,,,,,,,,,,,,,
1344,Assoc. Prof. Dr. Anisa Jahan,"['MBBS', 'DCH', 'FCPS']",PEDIATRICIAN,19,Anwer Khan Modern Medical College Hospital,Dhaka,,,,,,,,,,,,,,,,,,,,,
1345,Prof. Dr. Selina Khanum,"['MBBS', 'FCPS']",PEDIATRICIAN,23,Popular Diagnostic Centre Ltd. | Shyamoli,Dhaka,,,,,,,,,,,,,,,,,,,,,
1345,Prof. Dr. Selina Khanum,"['MBBS', 'FCPS']",PEDIATRIC PULMONOLOGIST,23,Popular Diagnostic Centre Ltd. | Shyamoli,Dhaka,,,,,,,,,,,,,,,,,,,,,
1346,Asst. Prof. Dr. Kuntal Roy,"['MBBS', 'DCH', 'FCPS']",PEDIATRICIAN,17,Anwer Khan Modern Medical College Hospital,Dhaka,,,,,,,,,,,,,,,,,,,,,
1347,Prof. Dr. M. Alamgir Chowdhury,"['MBBS', 'DLO', 'MS', 'FICS (USA)']",OTOLARYNGOLOGISTS (ENT),23,Anwer Khan Modern Medical College Hospital,Dhaka,,,,,,,,,,,,,,,,,,,,,
1348,Dr. Gule Tajkia,"['MBBS', 'FCPS']",PEDIATRICIAN,7,Anwer Khan Modern Medical College Hospital,Dhaka,,,,,,,,,,,,,,,,,,,,,
1349,Prof. Dr. Mohammed Mostafizur Rahman,"['MBBS', 'FRCS']",LAPAROSCOPIC SURGEON,23,Anwer Khan Modern Medical College Hospital,Dhaka,,,,,,,,,,,,,,,,,,,,,
1349,Prof. Dr. Mohammed Mostafizur Rahman,"['MBBS', 'FRCS']",GENERAL SURGEON,23,Anwer Khan Modern Medical College Hospital,Dhaka,,,,,,,,,,,,,,,,,,,,,
1350,Prof. Dr. Md. Abul Hasnat Joarder,"['MBBS', 'FCPS']",OTOLARYNGOLOGISTS (ENT),23,Anwer Khan Modern Medical College Hospital,Dhaka,,,,,,,,,,,,,,,,,,,,,
1351,Asst. Prof. Dr. Afroza Suraya Majumder,"['MBBS', 'DLO']",OTOLARYNGOLOGISTS (ENT),17,Anwer Khan Modern Medical College Hospital,Dhaka,,,,,,,,,,,,,,,,,,,,,
1352,Prof. Dr. Md. Salehuddin,"['MBBS', 'FCPS', 'MS', 'MHPED (AU)', 'FCPS', 'FICS']",OPHTHALMOLOGIST,23,Anwer Khan Modern Medical College Hospital,Dhaka,,,,,,,,,,,,,,,,,,,,,
1353,Prof. Dr. Brig. Gen. Hasina Sultana,"['MBBS', 'DGO', 'FCPS']",GYNECOLOGIST & OBSTETRICIAN,24,Anwer Khan Modern Medical College Hospital,Dhaka,,,,,,,,,,,,,,,,,,,,,
1354,Prof. Dr. Sehereen Farhad Siddiqua,"['MBBS', 'FCPS']",GYNECOLOGIST & OBSTETRICIAN,27,Anwer Khan Modern Medical College Hospital,Dhaka,,,,,,,,,,,,,,,,,,,,,
1355,Asst. Prof. Dr. Sharmin Siddika Islam,"['MBBS', 'FCPS']",GYNECOLOGIST & OBSTETRICIAN,17,Anwer Khan Modern Medical College Hospital,Dhaka,,,,,,,,,,,,,,,,,,,,,
1356,Prof. Dr. Suha Jesmin,"['MBBS', 'FCPS']",GYNECOLOGIST & OBSTETRICIAN,22,Anwer Khan Modern Medical College Hospital,Dhaka,,,,,,,,,,,,,,,,,,,,,
1357,Prof. Dr. Rumana Shaikh,"['MBBS', 'FCPS', 'MS']",GYNECOLOGIST & OBSTETRICIAN,21,Anwer Khan Modern Medical College Hospital,Dhaka,,,,,,,,,,,,,,,,,,,,,
1358,Dr. Md. Aminul Islam Cotton,"['MBBS', 'BCS', 'MCPS', 'FCPS']",MEDICINE SPECIALIST,24,Popular Diagnostic Centre Ltd. | Rajshahi,Rajshahi,,,,,,,,,,,,,,,,,,,,,
1359,Dr. Md. Abdul Baset,"['MBBS', 'FCPS']",MEDICINE SPECIALIST,19,Popular Diagnostic Centre Ltd. | Rajshahi,Rajshahi,,,,,,,,,,,,,,,,,,,,,
1360,Asst. Prof. Dr. Ashoke Sorkar,"['MBBS', 'BCS', 'MD']",MEDICINE SPECIALIST,24,Popular Diagnostic Centre Ltd. | Rajshahi,Rajshahi,,,,,,,,,,,,,,,,,,,,,
1361,Asst. Prof. Dr. Abu Shahin,"['MBBS', 'FCPS', 'FACP', 'MRCP']",MEDICINE SPECIALIST,19,Popular Diagnostic Centre Ltd. | Rajshahi,Rajshahi,,,,,,,,,,,,,,,,,,,,,
1362,Asst. Prof. Dr. Md. Mohaimanul Haque Atique,"['MBBS', 'BCS', 'FCPS', 'MACP']",MEDICINE SPECIALIST,29,Popular Diagnostic Centre Ltd. | Rajshahi,Rajshahi,,,,,,,,,,,,,,,,,,,,,
1363,Assoc. Prof. Dr. Syed Mahbub Alam Liton,"['MBBS', 'BCS', 'MD']",MEDICINE SPECIALIST,24,Popular Diagnostic Centre Ltd. | Rajshahi,Rajshahi,,,,,,,,,,,,,,,,,,,,,
1364,Prof. Dr. Md. Mahbubur Rahman Khan,"['MBBS', 'MCPS', 'MD']",MEDICINE SPECIALIST,29,Popular Diagnostic Centre Ltd. | Rajshahi,Rajshahi,,,,,,,,,,,,,,,,,,,,,
1365,Assoc. Prof. Dr. Md. Zahirul Haque,"['MBBS', 'FCPS']",MEDICINE SPECIALIST,24,Popular Diagnostic Centre Ltd. | Rajshahi,Rajshahi,,,,,,,,,,,,,,,,,,,,,
1366,Prof. Dr. Bolai Chandra Sarker,"['MBBS', 'MCPS', 'FCPS']",MEDICINE SPECIALIST,32,Popular Diagnostic Centre Ltd. | Rajshahi,Rajshahi,,,,,,,,,,,,,,,,,,,,,
1367,Assoc. Prof. Dr. SK Md. Afzal Uddin,"['MBBS', 'BCS', 'MD']",MEDICINE SPECIALIST,27,Popular Diagnostic Centre Ltd. | Rajshahi,Rajshahi,,,,,,,,,,,,,,,,,,,,,
1368,Prof. Dr. Mohammad Hasan Tarik,"['MBBS', 'FCPS']",MEDICINE SPECIALIST,32,Popular Diagnostic Centre Ltd. | Rajshahi,Rajshahi,,,,,,,,,,,,,,,,,,,,,
1368,Prof. Dr. Mohammad Hasan Tarik,"['MBBS', 'FCPS']",DIABETES SPECIALIST,32,Popular Diagnostic Centre Ltd. | Rajshahi,Rajshahi,,,,,,,,,,,,,,,,,,,,,
1369,Prof. Dr. Md. Khalilur Rahman,"['MBBS', 'FCPS', 'MACP']",MEDICINE SPECIALIST,32,Popular Diagnostic Centre Ltd. | Rajshahi,Rajshahi,,,,,,,,,,,,,,,,,,,,,
1370,Prof. Dr. A.K.M. Monoarul Islam,"['MBBS', 'DCM', 'MD', 'FACP']",NEPHROLOGIST,30,Popular Diagnostic Centre Ltd. | Rajshahi,Rajshahi,,,,,,,,,,,,,,,,,,,,,
1371,Assoc. Prof. Dr. Md. Nure Alam Siddiqui,"['MBBS', 'BCS', 'FCPS', 'MD']",MEDICINE SPECIALIST,26,Popular Diagnostic Centre Ltd. | Rajshahi,Rajshahi,,,,,,,,,,,,,,,,,,,,,
1372,Dr. Md. Motiur Rahman,"['MBBS', 'FCPS', 'DEM']",MEDICINE SPECIALIST,22,Popular Diagnostic Centre Ltd. | Rajshahi,Rajshahi,,,,,,,,,,,,,,,,,,,,,
1373,Asst. Prof. Dr. Md. Siddiqur Rahman Sohel,"['MBBS', 'BCS', 'MD']",NEPHROLOGIST,23,Popular Diagnostic Centre Ltd. | Rajshahi,Rajshahi,,,,,,,,,,,,,,,,,,,,,
1374,Dr. Abdullah Al Mukit,"['MBBS', 'BCS', 'MD', 'MACP', 'MRCP']",HEPATOLOGIST,17,Popular Diagnostic Centre Ltd. | Rajshahi,Rajshahi,,,,,,,,,,,,,,,,,,,,,
1375,Asst. Prof. Dr. Md. Rofiqul Islam,"['MBBS', 'BCS', 'MD']",HEPATOLOGIST,22,Popular Diagnostic Centre Ltd. | Rajshahi,Rajshahi,,,,,,,,,,,,,,,,,,,,,
1376,Assoc. Prof. Dr. Mohd. Harun Or Rashid,"['MBBS', 'MCPS', 'MD', 'PHD', 'FACP']",HEPATOLOGIST,25,Popular Diagnostic Centre Ltd. | Rajshahi,Rajshahi,,,,,,,,,,,,,,,,,,,,,
1377,Assoc. Prof. Dr. Sufia Sultana,"['MBBS', 'DGO', 'FCPS']",GYNECOLOGIST & OBSTETRICIAN,22,Anwer Khan Modern Medical College Hospital,Dhaka,,,,,,,,,,,,,,,,,,,,,
1378,Assoc. Prof. Dr. M Golam Azam,"['MBBS', 'MD']",HEPATOLOGIST,22,Anwer Khan Modern Medical College Hospital,Dhaka,,,,,,,,,,,,,,,,,,,,,
1379,Prof. Dr. Maruf Siddiqui,"['MBBS', 'FCPS', 'IVF&ICSI (THAILAND)']",INFERTILITY SPECIALIST,24,Dhanmondi General and Kidney Hospital Limited,Dhaka,,,,,,,,,,,,,,,,,,,,,
1380,Assoc. Prof. Dr. Nusrat Mahmud,"['MBBS', 'MS']",INFERTILITY SPECIALIST,20,Anwer Khan Modern Medical College Hospital,Dhaka,,,,,,,,,,,,,,,,,,,,,
1381,Assoc. Prof. Dr. Sharmin Abbasi,"['MBBS', 'FCPS', 'MCPS', 'FACS (USA)']",INFERTILITY SPECIALIST,20,Anwer Khan Modern Medical College Hospital,Dhaka,,,,,,,,,,,,,,,,,,,,,
1382,Prof. Dr. Nazneen Mahmood,"['MBBS', 'MD', 'CCD']",NEPHROLOGIST,23,Anwer Khan Modern Medical College Hospital,Dhaka,,,,,,,,,,,,,,,,,,,,,
1383,Assoc. Prof. Dr. Md. Abul Kalam Chowdhury,"['MBBS', 'MS']",LAPAROSCOPIC SURGEON,20,Anwer Khan Modern Medical College Hospital,Dhaka,,,,,,,,,,,,,,,,,,,,,
1384,Prof. Dr. Rajibul Alam,"['MBBS', 'FCPS', 'MD', 'MACP']",MEDICINE SPECIALIST,23,Anwer Khan Modern Medical College Hospital,Dhaka,,,,,,,,,,,,,,,,,,,,,
1385,Asst. Prof. Dr. Rubayat Sheik Giasuddin,"['MBBS', 'MRCP', 'MACP']",MEDICINE SPECIALIST,17,Anwer Khan Modern Medical College Hospital,Dhaka,,,,,,,,,,,,,,,,,,,,,
1386,Prof. Dr. M. M. A. Bari,"['MBBS', 'FCPS', 'MD', 'PHD']",MEDICINE SPECIALIST,24,Anwer Khan Modern Medical College Hospital,Dhaka,,,,,,,,,,,,,,,,,,,,,
1387,Prof. Dr. Md. Bahadur Ali Miah,"['MBBS', 'MD']",NEUROLOGIST,22,Anwer Khan Modern Medical College Hospital,Dhaka,,,,,,,,,,,,,,,,,,,,,
1388,Dr. Md. Maruf Al Hasan,"['MBBS', 'BCS', 'FCPS', 'CCD', 'MACP']",HEMATOLOGIST,17,Ibn Sina Diagnostic & Consultation Center | Rajshahi,Rajshahi,,,,,,,,,,,,,,,,,,,,,
1389,Asst. Prof. Dr. Morsed Zaman Miah,"['MBBS', 'MCPS', 'FCPS']",HEMATOLOGIST,23,Popular Diagnostic Centre Ltd. | Rajshahi,Rajshahi,,,,,,,,,,,,,,,,,,,,,
1390,Dr. Ismat Ara Jemy,"['MBBS', 'BCS', 'FCPS']",GYNECOLOGIST & OBSTETRICIAN,18,Popular Diagnostic Centre Ltd. | Rajshahi,Rajshahi,,,,,,,,,,,,,,,,,,,,,
1390,Dr. Ismat Ara Jemy,"['MBBS', 'BCS', 'FCPS']",LAPAROSCOPIC SURGEON,18,Popular Diagnostic Centre Ltd. | Rajshahi,Rajshahi,,,,,,,,,,,,,,,,,,,,,
1391,Dr. Farzana Naznin Ripa,"['MBBS', 'FCPS']",GYNECOLOGIST & OBSTETRICIAN,17,Popular Diagnostic Centre Ltd. | Rajshahi,Rajshahi,,,,,,,,,,,,,,,,,,,,,
1391,Dr. Farzana Naznin Ripa,"['MBBS', 'FCPS']",SURGEON,17,Popular Diagnostic Centre Ltd. | Rajshahi,Rajshahi,,,,,,,,,,,,,,,,,,,,,
1392,Dr. Mst. Marzina Khatun Mukti,"['MBBS', 'BCS', 'FCPS']",GYNECOLOGIST & OBSTETRICIAN,19,Popular Diagnostic Centre Ltd. | Rajshahi,Rajshahi,,,,,,,,,,,,,,,,,,,,,
1392,Dr. Mst. Marzina Khatun Mukti,"['MBBS', 'BCS', 'FCPS']",LAPAROSCOPIC SURGEON,19,Popular Diagnostic Centre Ltd. | Rajshahi,Rajshahi,,,,,,,,,,,,,,,,,,,,,
1393,Dr. Monowara Begum,"['MBBS', 'DGO', 'FCPS', 'FIGO']",GYNECOLOGIST & OBSTETRICIAN,26,Popular Diagnostic Centre Ltd. | Rajshahi,Rajshahi,,,,,,,,,,,,,,,,,,,,,
1393,Dr. Monowara Begum,"['MBBS', 'DGO', 'FCPS', 'FIGO']",INFERTILITY SPECIALIST,26,Popular Diagnostic Centre Ltd. | Rajshahi,Rajshahi,,,,,,,,,,,,,,,,,,,,,
1393,Dr. Monowara Begum,"['MBBS', 'DGO', 'FCPS', 'FIGO']",LAPAROSCOPIC SURGEON,26,Popular Diagnostic Centre Ltd. | Rajshahi,Rajshahi,,,,,,,,,,,,,,,,,,,,,
1394,Asst. Prof. Dr. Salma Arjumand Banu,"['MBBS', 'DGO', 'MCPS']",GYNECOLOGIST & OBSTETRICIAN,22,Popular Diagnostic Centre Ltd. | Rajshahi,Rajshahi,,,,,,,,,,,,,,,,,,,,,
1394,Asst. Prof. Dr. Salma Arjumand Banu,"['MBBS', 'DGO', 'MCPS']",SURGEON,22,Popular Diagnostic Centre Ltd. | Rajshahi,Rajshahi,,,,,,,,,,,,,,,,,,,,,
1395,Dr. Nishat Anam Borna,"['MBBS', 'BCS', 'MCPS', 'FCPS']",GYNECOLOGIST & OBSTETRICIAN,14,Popular Diagnostic Centre Ltd. | Rajshahi,Rajshahi,,,,,,,,,,,,,,,,,,,,,
1395,Dr. Nishat Anam Borna,"['MBBS', 'BCS', 'MCPS', 'FCPS']",SURGEON,14,Popular Diagnostic Centre Ltd. | Rajshahi,Rajshahi,,,,,,,,,,,,,,,,,,,,,
1396,Prof. Dr. Shipra Chaudhury,"['MBBS', 'FCPS']",GYNECOLOGIST & OBSTETRICIAN,33,Popular Diagnostic Centre Ltd. | Rajshahi,Rajshahi,,,,,,,,,,,,,,,,,,,,,
1396,Prof. Dr. Shipra Chaudhury,"['MBBS', 'FCPS']",SURGEON,33,Popular Diagnostic Centre Ltd. | Rajshahi,Rajshahi,,,,,,,,,,,,,,,,,,,,,
1397,Prof. Dr. Shahela Jesmin Shilpi,"['MBBS', 'DGO', 'MCPS', 'FCPS']",GYNECOLOGIST & OBSTETRICIAN,31,Popular Diagnostic Centre Ltd. | Rajshahi,Rajshahi,,,,,,,,,,,,,,,,,,,,,
1397,Prof. Dr. Shahela Jesmin Shilpi,"['MBBS', 'DGO', 'MCPS', 'FCPS']",INFERTILITY SPECIALIST,31,Popular Diagnostic Centre Ltd. | Rajshahi,Rajshahi,,,,,,,,,,,,,,,,,,,,,
1397,Prof. Dr. Shahela Jesmin Shilpi,"['MBBS', 'DGO', 'MCPS', 'FCPS']",SURGEON,31,Popular Diagnostic Centre Ltd. | Rajshahi,Rajshahi,,,,,,,,,,,,,,,,,,,,,
1398,Dr. Rakhi Debi,"['MBBS', 'FCPS']",GYNECOLOGIST & OBSTETRICIAN,18,Popular Diagnostic Centre Ltd. | Rajshahi,Rajshahi,,,,,,,,,,,,,,,,,,,,,
1398,Dr. Rakhi Debi,"['MBBS', 'FCPS']",INFERTILITY SPECIALIST,18,Popular Diagnostic Centre Ltd. | Rajshahi,Rajshahi,,,,,,,,,,,,,,,,,,,,,
1398,Dr. Rakhi Debi,"['MBBS', 'FCPS']",LAPAROSCOPIC SURGEON,18,Popular Diagnostic Centre Ltd. | Rajshahi,Rajshahi,,,,,,,,,,,,,,,,,,,,,
1399,Prof. Dr. Hasina Akhter,"['MBBS', 'FCPS']",GYNECOLOGIST & OBSTETRICIAN,32,Popular Diagnostic Centre Ltd. | Rajshahi,Rajshahi,,,,,,,,,,,,,,,,,,,,,
1400,Asst. Prof. Dr. Md. Abdul Mumit Sarkar,"['MBBS', 'BCS', 'MD', 'CCD']",GASTROENTEROLOGIST,24,Popular Diagnostic Centre Ltd. | Rajshahi,Rajshahi,,,,,,,,,,,,,,,,,,,,,
1401,Asst. Prof. Dr. Md. Mahafuzzaman,"['MBBS', 'MD']",GASTROENTEROLOGIST,25,Popular Diagnostic Centre Ltd. | Rajshahi,Rajshahi,,,,,,,,,,,,,,,,,,,,,
1402,Asst. Prof. Dr. Md. Shafiqul Islam,"['MBBS', 'MD']",GASTROENTEROLOGIST,24,Popular Diagnostic Centre Ltd. | Rajshahi,Rajshahi,,,,,,,,,,,,,,,,,,,,,
1403,Asst. Prof. Dr. Md. Khalequzzaman Sarker,"['MBBS', 'BCS', 'FCPS', 'MD', 'MRCP', 'MACP', 'MACG (USA)', 'PHD']",GASTROENTEROLOGIST,23,Popular Diagnostic Centre Ltd. | Rajshahi,Rajshahi,,,,,,,,,,,,,,,,,,,,,
1404,Dr. AAM Nafiz,"['MBBS', 'BCS', 'FCPS', 'MS']",OTOLARYNGOLOGISTS (ENT),16,Popular Diagnostic Centre Ltd. | Rajshahi,Rajshahi,,,,,,,,,,,,,,,,,,,,,
1405,Dr. Muhammad Mahmudul Haque Anik,"['MBBS', 'BCS', 'FCPS']",OTOLARYNGOLOGISTS (ENT),20,Popular Diagnostic Centre Ltd. | Rajshahi,Rajshahi,,,,,,,,,,,,,,,,,,,,,
1406,Asst. Prof. Dr. Md. Abdullah Al-Zobair,"['MBBS', 'FCPS']",OTOLARYNGOLOGISTS (ENT),22,Popular Diagnostic Centre Ltd. | Rajshahi,Rajshahi,,,,,,,,,,,,,,,,,,,,,
1407,Dr. Milon Kumar Chowdhury,"['MBBS', 'FCPS']",OTOLARYNGOLOGISTS (ENT),18,Popular Diagnostic Centre Ltd. | Rajshahi,Rajshahi,,,,,,,,,,,,,,,,,,,,,
1408,Assoc. Prof. Dr. Subrata Ghosh,"['MBBS', 'BCS', 'FCPS']",OTOLARYNGOLOGISTS (ENT),26,Popular Diagnostic Centre Ltd. | Rajshahi,Rajshahi,,,,,,,,,,,,,,,,,,,,,
1409,Assoc. Prof. Dr. Md. Nuruzzaman Khan,"['MBBS', 'MS']",NEUROSURGEON,20,Anwer Khan Modern Medical College Hospital,Dhaka,,,,,,,,,,,,,,,,,,,,,
1410,Prof. Dr. Md. Abdul Hannan,"['MBBS', 'D-ORTHO', 'MS', 'FICS']",ORTHOPEDIC SURGEON,24,Anwer Khan Modern Medical College Hospital,Dhaka,,,,,,,,,,,,,,,,,,,,,
1411,Dr. Sheikh Forhad,"['MBBS', 'MS']",ORTHOPEDIC SURGEON,18,Anwer Khan Modern Medical College Hospital,Dhaka,,,,,,,,,,,,,,,,,,,,,
1412,Prof. Dr. Mohammad Ahsanul Habib,"['MBBS', 'FCPS']",PSYCHIATRIST,26,Anwer Khan Modern Medical College Hospital,Dhaka,,,,,,,,,,,,,,,,,,,,,
1413,Dr. Mohammed Yakub Ali,"['MBBS', 'MPH']",RHEUMATOLOGIST,17,Anwer Khan Modern Medical College Hospital,Dhaka,,,,,,,,,,,,,,,,,,,,,
1414,Asst. Prof. Dr. Nira Ferdous,"['MBBS', 'FCPS']",RHEUMATOLOGIST,17,Anwer Khan Modern Medical College Hospital,Dhaka,,,,,,,,,,,,,,,,,,,,,
1415,Prof. Dr. A. T. M. Asaduzzaman,"['MBBS', 'MD']",DERMATOLOGIST,20,Anwer Khan Modern Medical College Hospital,Dhaka,,,,,,,,,,,,,,,,,,,,,
1416,Prof. Dr. A.Z.M Maidul Islam,"['MBBS', 'DD (DHAKA)', 'FCPS', 'AEL', 'DTAE', 'AESD&V', 'AND FAAD (USA)']",DERMATOLOGIST,23,Anwer Khan Modern Medical College Hospital,Dhaka,,,,,,,,,,,,,,,,,,,,,
1417,Prof. Dr. A.Z.M. Mostaque Hossain Tuhin,"['MBBS', 'FCPS']",GENERAL SURGEON,24,Anwer Khan Modern Medical College Hospital,Dhaka,,,,,,,,,,,,,,,,,,,,,
1418,Dr. Mir M. Siddiq,"['MBBS', 'DD (BANGKOK)']",DERMATOLOGIST,18,Anwer Khan Modern Medical College Hospital,Dhaka,,,,,,,,,,,,,,,,,,,,,
1419,Dr. Syed Al-Amin,"['MBBS', 'DPD (UK)']",DERMATOLOGIST,17,Anwer Khan Modern Medical College Hospital,Dhaka,,,,,,,,,,,,,,,,,,,,,
1420,Prof. Dr. Abdus Salam Arif,"['MBBS', 'FCPS']",GENERAL SURGEON,24,Anwer Khan Modern Medical College Hospital,Dhaka,,,,,,,,,,,,,,,,,,,,,
1421,Prof. Dr. M.I.M. Nasim Sobhani Khondker,"['MBBS', 'FCPS', 'AND FRCS (UK)']",GENERAL SURGEON,23,Anwer Khan Modern Medical College Hospital,Dhaka,,,,,,,,,,,,,,,,,,,,,
1422,Asst. Prof. Dr. Ashik Iqbal,"['MBBS', 'BCS', 'FCPS']",OTOLARYNGOLOGISTS (ENT),24,Popular Diagnostic Centre Ltd. | Rajshahi,Rajshahi,,,,,,,,,,,,,,,,,,,,,
1423,Assoc. Prof. Dr. D. A. Rashid,"['MBBS', 'MCPS', 'MD']",ENDOCRINOLOGIST,28,Popular Diagnostic Centre Ltd. | Rajshahi,Rajshahi,,,,,,,,,,,,,,,,,,,,,
1424,Asst. Prof. Dr. Md. Masud Un Nabi,"['MBBS', 'BCS', 'MD']",ENDOCRINOLOGIST,22,Popular Diagnostic Centre Ltd. | Rajshahi,Rajshahi,,,,,,,,,,,,,,,,,,,,,
1425,Assoc. Prof. Dr. Md. Ariful Alam Suman,"['MBBS', 'FCPS', 'MS']",COLORECTAL SURGEON,26,Popular Diagnostic Centre Ltd. | Rajshahi,Rajshahi,,,,,,,,,,,,,,,,,,,,,
1426,Asst. Prof. Dr. Khan Ishrat Jahan,"['MBBS', 'MD']",PEDIATRICIAN & NEONATOLOGIST,22,Popular Diagnostic Centre Ltd. | Rajshahi,Rajshahi,,,,,,,,,,,,,,,,,,,,,
1427,Dr. Md. Manirul Haque Tarafdar,"['MBBS', 'BCS', 'MD']",PEDIATRICIAN & NEONATOLOGIST,25,Popular Diagnostic Centre Ltd. | Rajshahi,Rajshahi,,,,,,,,,,,,,,,,,,,,,
1428,Prof. Dr. Md. Sanaul Haque,"['MBBS', 'FCPS']",PEDIATRICIAN & NEONATOLOGIST,30,Popular Diagnostic Centre Ltd. | Rajshahi,Rajshahi,,,,,,,,,,,,,,,,,,,,,
1429,Prof. Dr. Md. Belal Uddin,"['MBBS', 'DCH', 'FCPS']",PEDIATRICIAN & NEONATOLOGIST,29,Popular Diagnostic Centre Ltd. | Rajshahi,Rajshahi,,,,,,,,,,,,,,,,,,,,,
1430,Dr. Mohammad Zannatul Rayhan,"['MBBS', 'MD']",RESPIRATORY SPECIALIST,19,Popular Diagnostic Centre Ltd. | Rajshahi,Rajshahi,,,,,,,,,,,,,,,,,,,,,
1431,Asst. Prof. Dr. Md. Masudur Rahman,"['MBBS', 'BCS', 'MD']",RESPIRATORY SPECIALIST,26,Popular Diagnostic Centre Ltd. | Rajshahi,Rajshahi,,,,,,,,,,,,,,,,,,,,,
1432,Dr. Shish Mohammad Sarkar,"['MBBS', 'BCS', 'FCPS', 'MD']",RESPIRATORY SPECIALIST,25,Popular Diagnostic Centre Ltd. | Rajshahi,Rajshahi,,,,,,,,,,,,,,,,,,,,,
1433,Asst. Prof. Dr. Rezaul Islam,"['MBBS', 'FCPS', 'MD']",RESPIRATORY SPECIALIST,24,Popular Diagnostic Centre Ltd. | Rajshahi,Rajshahi,,,,,,,,,,,,,,,,,,,,,
1434,Prof. Dr. Samir Majumder,"['MBBS', 'MD']",RESPIRATORY SPECIALIST,29,Popular Diagnostic Centre Ltd. | Rajshahi,Rajshahi,,,,,,,,,,,,,,,,,,,,,
1435,Asst. Prof. Dr. Molla Md. Iftekhar Hossain,"['MBBS', 'MD']",CARDIOLOGIST,17,Popular Diagnostic Centre Ltd. | Rajshahi,Rajshahi,,,,,,,,,,,,,,,,,,,,,
1436,Dr. Md. Saiful Islam,"['MBBS', 'BCS', 'CCD', 'MD']",CARDIOLOGIST,17,Popular Diagnostic Centre Ltd. | Rajshahi,Rajshahi,,,,,,,,,,,,,,,,,,,,,
1437,Dr. Rajesh Kumar Ghosh,"['MBBS', 'BCS', 'MD']",CARDIOLOGIST,18,Popular Diagnostic Centre Ltd. | Rajshahi,Rajshahi,,,,,,,,,,,,,,,,,,,,,
1438,Dr. Rakibul Hasan Rashed,"['MBBS', 'BCS', 'MD']",CARDIOLOGIST,20,Popular Diagnostic Centre Ltd. | Rajshahi,Rajshahi,,,,,,,,,,,,,,,,,,,,,
1439,Assoc. Prof. Dr. Md. Rais Uddin Mondol,"['MBBS', 'FCPS', 'MD']",CARDIOLOGIST,25,Popular Diagnostic Centre Ltd. | Rajshahi,Rajshahi,,,,,,,,,,,,,,,,,,,,,
1440,Dr. Mousumi Marjiara,"['MBBS', 'BCS', 'MD']",ONCOLOGIST,28,Popular Diagnostic Centre Ltd. | Rajshahi,Rajshahi,,,,,,,,,,,,,,,,,,,,,
1441,Asst. Prof. Dr. Md. Abul Hasnat,"['MBBS', 'BCS', 'FCPS', 'MS']",ORTHOPEDIC SURGEON,17,Khidmah Hospital Private Limited,Dhaka,,,,,,,,,,,,,,,,,,,,,
1442,Asst. Prof. Dr. Shamima Nasrin,"['MBBS', 'FCPS', 'FMAS (INDIA)']",GENERAL SURGEON,16,Anwer Khan Modern Medical College Hospital,Dhaka,,,,,,,,,,,,,,,,,,,,,
1443,Asst. Prof. Dr. Md. Abid Hossain,"['MBBS', 'FCPS', 'MS', 'FRCS', ' IRELAND)']",UROLOGIST,16,Anwer Khan Modern Medical College Hospital,Dhaka,,,,,,,,,,,,,,,,,,,,,
1444,Prof. Dr. Md. Rukunuzzaman,"['MBBS', 'FCPS', 'MD']",PEDIATRIC GASTROENTEROLOGIST,22,Khidmah Hospital Private Limited,Dhaka,,,,,,,,,,,,,,,,,,,,,
1445,Prof. Dr. Shamsul Arefeen Khan,"['MBBS', 'MD']",CHEST SPECIALIST,23,Khidmah Hospital Private Limited,Dhaka,,,,,,,,,,,,,,,,,,,,,
1446,Prof. Dr. Md. Mahbubul Hasan Monir,"['MBBS', 'FCPS']",ANESTHESIOLOGIST,22,Khidmah Hospital Private Limited,Dhaka,,,,,,,,,,,,,,,,,,,,,
1447,Asst. Prof. Dr. Mushfiqur Rahman,"['MBBS', 'FCPS']",ANESTHESIOLOGIST,15,Khidmah Hospital Private Limited,Dhaka,,,,,,,,,,,,,,,,,,,,,
1448,Assoc. Prof. Dr. Md. Jahangir Kabir,"['MBBS', 'FCPS', 'MRCS(UK)', 'MS']",ONCOLOGIST,19,Khidmah Hospital Private Limited,Dhaka,,,,,,,,,,,,,,,,,,,,,
1449,Prof. Dr. Md. Khalequzzaman,"['MBBS', 'FCPS', 'MD', 'FACC(USA)']",CARDIOLOGIST,24,Khidmah Hospital Private Limited,Dhaka,,,,,,,,,,,,,,,,,,,,,
1450,Prof. Dr. Afiqul Islam,"['MBBS', 'FCPS', 'MD']",PEDIATRICIAN,29,LABAID Diagnostic | Gulshan,Dhaka,,,,,,,,,,,,,,,,,,,,,
1451,Dr. S.M Haque,"['MBBS', 'MCPS']",PEDIATRICIAN,19,Lake View Clinic,Dhaka,,,,,,,,,,,,,,,,,,,,,
1452,Prof. Dr. Farhid Ahmed,"['MBBS', 'DCH', 'MD', ' DU)']",PEDIATRICIAN,28,Lake View Clinic,Dhaka,,,,,,,,,,,,,,,,,,,,,
1453,Dr. Ashraf Ali Shaikh,"['MBBS', 'DCH', 'MRCP', 'MRCP']",PEDIATRICIAN & NEONATOLOGIST,19,Lake View Clinic,Dhaka,,,,,,,,,,,,,,,,,,,,,
1454,Asst. Prof. Dr. Md. Forhad Jamal,"['MBBS', 'FCPS', 'MD']",CARDIOLOGIST,16,Khidmah Hospital Private Limited,Dhaka,,,,,,,,,,,,,,,,,,,,,
1455,Prof. Dr. Shakil Ahmed,"['MBBS', 'FCPS', 'MD']",PEDIATRICIAN & NEONATOLOGIST,28,Lake View Clinic,Dhaka,,,,,,,,,,,,,,,,,,,,,
1456,Prof. Dr. Md. Mohiuddin Ahmad,"['MBBS', 'FCPS', 'MD']",PULMONOLOGIST,23,Comfort Diagnostic Center (Pvt.) Ltd | Dhanmondi,Dhaka,,,,,,,,,,,,,,,,,,,,,
1457,Asst. Prof. Dr. Umme Parveen,"['MBBS', 'DGO', 'FCPS']",GYNECOLOGIST & OBSTETRICIAN,22,Lake View Clinic,Dhaka,,,,,,,,,,,,,,,,,,,,,
1458,Dr. K.M.Shahidul Haque,"['MBBS', 'MD', 'FRSH (LONDON)']",PEDIATRICIAN,26,Lake View Clinic,Dhaka,,,,,,,,,,,,,,,,,,,,,
1459,Dr. Shahida Khandaker,"['MBBS', 'MD', 'FTM & H (LONDON)', 'FRSH (LONDON)']",GYNECOLOGIST & OBSTETRICIAN,27,Lake View Clinic,Dhaka,,,,,,,,,,,,,,,,,,,,,
1460,Dr. Brig. Gen. Suraiya Begum (retd),"['MBBS', 'FCPS', 'MMED']",GYNECOLOGIST & OBSTETRICIAN,32,Lake View Clinic,Dhaka,,,,,,,,,,,,,,,,,,,,,
1461,Prof. Dr. Hazera Khatun,"['MBBS', 'MCPS']",GYNECOLOGIST & OBSTETRICIAN,31,Lake View Clinic,Dhaka,,,,,,,,,,,,,,,,,,,,,
1462,Prof. Dr. Selina Akter,"['MBBS', 'FCPS']",GYNECOLOGIST & OBSTETRICIAN,32,Lake View Clinic,Dhaka,,,,,,,,,,,,,,,,,,,,,
1463,Supta Mondal,"['MS', 'MPH']",NUTRITIONIST,10,Aurora Skin & Hair Research Institute,Dhaka,,,,,,,,,,,,,,,,,,,,,
1464,Dr. Nahid Parvez Khan,"['MBBS', 'BCS', 'DDV']",DERMATOLOGIST,21,Aurora Skin & Hair Research Institute,Dhaka,,,,,,,,,,,,,,,,,,,,,
1465,Asst. Prof. Dr. Jesmin Akhter Leena,"['MBBS', 'FCPS']",DERMATOLOGIST,18,Aurora Skin & Hair Research Institute,Dhaka,,,,,,,,,,,,,,,,,,,,,
1466,Prof. Dr. Ayesha Siddiqua,"['MBBS', 'DDV', 'FCPS']",DERMATOLOGIST,20,Aurora Skin & Hair Research Institute,Dhaka,,,,,,,,,,,,,,,,,,,,,
1467,Dr. Rana Khan,"['MBBS', 'BCS', 'CCD', 'DDV']",LASER DERMATOSURGEON,19,Aurora Skin & Hair Research Institute,Dhaka,,,,,,,,,,,,,,,,,,,,,
1468,Dr. Sharif Mushfaqur Rahman,"['MBBS', 'BCS', 'FCPS', 'MS']",GENERAL SURGEON,19,Aurora Skin & Hair Research Institute,Dhaka,,,,,,,,,,,,,,,,,,,,,
1468,Dr. Sharif Mushfaqur Rahman,"['MBBS', 'BCS', 'FCPS', 'MS']",LAPAROSCOPIC SURGEON,19,Aurora Skin & Hair Research Institute,Dhaka,,,,,,,,,,,,,,,,,,,,,
1468,Dr. Sharif Mushfaqur Rahman,"['MBBS', 'BCS', 'FCPS', 'MS']",PLASTIC SURGEON,19,Aurora Skin & Hair Research Institute,Dhaka,,,,,,,,,,,,,,,,,,,,,
1469,Prof. Dr. Md. Mahabubur Rahaman Shahin,"['MBBS', 'DDV', 'FCPS']",DERMATOLOGIST,27,Aurora Skin & Hair Research Institute,Dhaka,,,,,,,,,,,,,,,,,,,,,
1470,Prof. Dr. Maj. (Rtd) Md. Shahidullah,"['MBBS', 'DDV', 'MCPS', 'FRCP', ' UK)']",DERMATOLOGIST,32,Aurora Skin & Hair Research Institute,Dhaka,,,,,,,,,,,,,,,,,,,,,
1471,Asst. Prof. Dr. Md. Ferdous Wahid,"['MBBS', 'BCS', 'MCPS', 'MD']",PULMONOLOGIST,16,Khidmah Hospital Private Limited,Dhaka,,,,,,,,,,,,,,,,,,,,,
1472,Prof. Dr. Nurun Nahar Begum,"['MBBS', 'FCPS', 'MD', 'FELLOW NEONATOLOGY (SINGAPORE)']",PEDIATRICIAN,22,Khidmah Hospital Private Limited,Dhaka,,,,,,,,,,,,,,,,,,,,,
1473,Dr. Mohammad Abu Yousuf Talukder,"['MBBS', 'D OPHTH ( BSMMU )']",OPHTHALMOLOGIST,27,Senior Citizen Hospital Ltd.,Dhaka,,,,,,,,,,,,,,,,,,,,,
1474,Dr. Md. Wakilur Rahman,"['MBBS', 'FCPS']",OTOLARYNGOLOGISTS (ENT),22,Senior Citizen Hospital Ltd.,Dhaka,,,,,,,,,,,,,,,,,,,,,
1475,Dr. Rukhsana Parveen Khan,"['MBBS', 'DNM (BSMMU)', 'DM']",SONOLOGIST,16,Senior Citizen Hospital Ltd.,Dhaka,,,,,,,,,,,,,,,,,,,,,
1476,Dr. Md. Hasibur Rahman,"['MBBS', 'DTCD (DHAKA UNIVERSITY)']",RESPIRATORY SPECIALIST,19,Senior Citizen Hospital Ltd.,Dhaka,,,,,,,,,,,,,,,,,,,,,
1477,Dr. Shah M Faisal,"['MBBS', 'MS', 'BCS']",ORTHOPEDIC SURGEON,23,Senior Citizen Hospital Ltd.,Dhaka,,,,,,,,,,,,,,,,,,,,,
1478,Dr. Nusrat Islam,"['MBBS', 'MS']",OPHTHALMOLOGIST,13,Greenland Hospital Ltd.,Dhaka,,,,,,,,,,,,,,,,,,,,,
1479,Dr. Karim Khan,"['MBBS', 'FCPS']",GASTROENTEROLOGIST,18,Greenland Hospital Ltd.,Dhaka,,,,,,,,,,,,,,,,,,,,,
1480,Dr. Sofia Rahman,"['MBBS', 'FCPS']",DERMATOLOGIST,16,Greenland Hospital Ltd.,Dhaka,,,,,,,,,,,,,,,,,,,,,
1481,Dr. Jamal Ahmed,"['MBBS', 'MRCP']",NEUROLOGIST,21,Greenland Hospital Ltd.,Dhaka,,,,,,,,,,,,,,,,,,,,,
1482,Dr. Sara Islam,"['MBBS', 'MD']",CARDIOLOGIST,17,Greenland Hospital Ltd.,Dhaka,,,,,,,,,,,,,,,,,,,,,
1483,Dr. Mustafa Khan,"['MBBS', 'MS']",ORTHOPEDIST,20,Greenland Hospital Ltd.,Dhaka,,,,,,,,,,,,,,,,,,,,,
1484,Dr. Aisha Rahman,"['MBBS', 'DCH']",PEDIATRICIAN,17,Greenland Hospital Ltd.,Dhaka,,,,,,,,,,,,,,,,,,,,,
1485,Dr. Mohammad Ali,"['MBBS', 'FCPS']",SURGEON,18,Greenland Hospital Ltd.,Dhaka,,,,,,,,,,,,,,,,,,,,,
1486,Dr. Fatima Ahmed,"['MBBS', 'MS']",GYNECOLOGIST & OBSTETRICIAN,20,Greenland Hospital Ltd.,Dhaka,,,,,,,,,,,,,,,,,,,,,
1487,Dr. Ahmed Khan,"['MBBS', 'MD']",GENERAL PHYSICIAN,15,Greenland Hospital Ltd.,Dhaka,,,,,,,,,,,,,,,,,,,,,
1488,Prof. Dr. S.M. Ashrafuzzaman,"['MBBS', 'DEM', 'MD', 'FAACE(USA)']",ENDOCRINOLOGIST,15,Khidmah Hospital Private Limited,Dhaka,,,,,,,,,,,,,,,,,,,,,
1489,Dr. Mojibur Rahman,"['MBBS', 'MS', 'PHD']",UROLOGIST,21,Greenland Hospital Ltd.,Dhaka,,,,,,,,,,,,,,,,,,,,,
1490,Dr. Md. Lutfor Rahman,"['MBBS', 'FCPS', 'FELLOW NEONATOLOGY (BRITISH)']",PEDIATRICIAN,15,Khidmah Hospital Private Limited,Dhaka,,,,,,,,,,,,,,,,,,,,,
1491,Dr. Najran Kader Chowdhari,"['BDS', 'PGT']",DENTIST,14,Khidmah Hospital Private Limited,Dhaka,,,,,,,,,,,,,,,,,,,,,
1492,Dr. Ziaul Karim,"['MBBS', 'CCD']",ENDOCRINOLOGIST,13,Khidmah Hospital Private Limited,Dhaka,,,,,,,,,,,,,,,,,,,,,
1493,Dr. Shamsun Nahar,"['MBBS', 'CCD']",ENDOCRINOLOGIST,14,Khidmah Hospital Private Limited,Dhaka,,,,,,,,,,,,,,,,,,,,,
1494,Dr. Hossain Ahmed,"['MBBS', 'FCGP(FAMILY MEDICINE)', 'CCD']",ENDOCRINOLOGIST,13,Khidmah Hospital Private Limited,Dhaka,,,,,,,,,,,,,,,,,,,,,
1495,Dr. Umme Qulsum Rupa,"['MBBS', 'FCGP(FAMILY MEDICINE)', 'CCD', ' BIRDEM)']",ENDOCRINOLOGIST,14,Khidmah Hospital Private Limited,Dhaka,,,,,,,,,,,,,,,,,,,,,
1496,Dr. Md. Faizul Hasan Chowdhury Rubel,"['MBBS', 'DA', 'MD']",ANESTHESIOLOGIST,23,Greenland Hospital Ltd.,Dhaka,,,,,,,,,,,,,,,,,,,,,
1497,Prof. Dr. Mustafizur Rahman,"['MBBS', 'MD']",ANESTHESIOLOGIST,28,Greenland Hospital Ltd.,Dhaka,,,,,,,,,,,,,,,,,,,,,
1498,Dr. Md. Masud Hasan,"['MBBS', 'FCPS', 'MD']",NEUROLOGIST,22,Greenland Hospital Ltd.,Dhaka,,,,,,,,,,,,,,,,,,,,,
1499,Dr. Habibur Rahman,"['MBBS', 'D-CARD', 'MCPS']",CARDIOLOGIST,21,Greenland Hospital Ltd.,Dhaka,,,,,,,,,,,,,,,,,,,,,
1500,Dr. A S M Rakib Hossain Koraishi,"['MBBS', 'DA (DU)']",ANESTHESIOLOGIST,23,Greenland Hospital Ltd.,Dhaka,,,,,,,,,,,,,,,,,,,,,
1501,Dr. Major Kazi Suraiya Begum Rtd.,"['MBBS', 'MCPS', 'DGO']",GYNECOLOGIST & OBSTETRICIAN,26,Greenland Hospital Ltd.,Dhaka,,,,,,,,,,,,,,,,,,,,,
1502,Dr. Ahmed Siraji,"['MBBS', 'BCS', 'MCPS']",GENERAL SURGEON,24,Greenland Hospital Ltd.,Dhaka,,,,,,,,,,,,,,,,,,,,,
1502,Dr. Ahmed Siraji,"['MBBS', 'BCS', 'MCPS']",LAPAROSCOPIC SURGEON,24,Greenland Hospital Ltd.,Dhaka,,,,,,,,,,,,,,,,,,,,,
1503,Dr. Shahana Parveen,"['MBBS', 'BCS', 'FCPS']",PEDIATRICIAN & NEONATOLOGIST,21,Al Mutma'innah Maa O Shishu Hospital,Dhaka,,,,,,,,,,,,,,,,,,,,,
1504,Dr. Shamim Ara,"['MBBS', 'BCS', 'FCPS']",PEDIATRICIAN & NEONATOLOGIST,23,Al Mutma'innah Maa O Shishu Hospital,Dhaka,,,,,,,,,,,,,,,,,,,,,
1505,Assoc. Prof. Dr. Dilara Alo,"['MBBS', 'BCS', 'FCPS']",PEDIATRICIAN & NEONATOLOGIST,25,Al Mutma'innah Maa O Shishu Hospital,Dhaka,,,,,,,,,,,,,,,,,,,,,
1506,Dr. Dilruba Akhtar Jahan,"['MBBS', 'FCPS']",GYNECOLOGIST & OBSTETRICIAN,22,Al Mutma'innah Maa O Shishu Hospital,Dhaka,,,,,,,,,,,,,,,,,,,,,
1507,Nazmun Nahar Swarna,"['BSC', 'MS', 'ALPIDE HUMAN SCIENCE (DHAKA UNIVERSITY)']",NUTRITIONIST,12,CIMEC Health,Dhaka,,,,,,,,,,,,,,,,,,,,,
1508,Dr. Mohammad Forhad Hossain,"['MBBS', 'DA (ANAESTHESIA', ' PAIN AND ICU SPECIALIST)', 'DM', 'PGT', 'PGT']",PAIN MANAGEMENT SPECIALIST,21,CIMEC Health,Dhaka,,,,,,,,,,,,,,,,,,,,,
1509,Asst. Prof. Dr. Morsalin Rahaman,"['MBBS', 'MS']",GENERAL SURGEON,19,CIMEC Health,Dhaka,,,,,,,,,,,,,,,,,,,,,
1509,Asst. Prof. Dr. Morsalin Rahaman,"['MBBS', 'MS']",LAPAROSCOPIC SURGEON,19,CIMEC Health,Dhaka,,,,,,,,,,,,,,,,,,,,,
1510,Dr. Nahid Sultana,"['MBBS', 'BCS', 'FCPS']",HEMATOLOGIST,16,CIMEC Health,Dhaka,,,,,,,,,,,,,,,,,,,,,
1511,Dr. Captain (Retd.) Anjuman Ara,"['MBBS', 'BCS', 'DCH']",PEDIATRICIAN & NEONATOLOGIST,16,CIMEC Health,Dhaka,,,,,,,,,,,,,,,,,,,,,
1512,Dr. Shayela Rahman,"['MBBS', 'MRCGP (UK)', 'DFSRH (UK)', 'DRCOG (UK)']",FAMILY MEDICINE SPECIALIST,16,Praava Health,Dhaka,,,,,,,,,,,,,,,,,,,,,
1513,Asst. Prof. Dr. Abu Hena Mohammad Parvez Humayun,"['MBBS', 'FCPS', 'MS']",OTOLARYNGOLOGISTS (ENT),14,Khidmah Hospital Private Limited,Dhaka,,,,,,,,,,,,,,,,,,,,,
1514,Mr Perpetuo Dela Cruz,"['BSC', 'PHYSICAL THERAPY']",PHYSIOTHERAPIST,16,Praava Health,Dhaka,,,,,,,,,,,,,,,,,,,,,
1515,Ms Tazreen Mallick,"['BSC (UK)', 'CIMA (UK)', 'BA HON. (UK)']",NUTRITIONIST,17,Praava Health,Dhaka,,,,,,,,,,,,,,,,,,,,,
1516,Prof. Dr. Md. Fakhrul Islam,"['MBBS', 'MCPS', 'FCPS', 'MS']",OPHTHALMOLOGIST,23,Khidmah Hospital Private Limited,Dhaka,,,,,,,,,,,,,,,,,,,,,
1517,Prof. Dr. Mahmudul Hasan Siddiqi,"['MBBS', 'DO(DU)', 'FCRS(SNEC', ' SINGAPORE)']",OPHTHALMOLOGIST,22,Khidmah Hospital Private Limited,Dhaka,,,,,,,,,,,,,,,,,,,,,
1518,Assoc. Prof. Dr. Shaila Nabi,"['MBBS', 'D-CARD', 'FCPS']",CARDIOLOGIST,20,Khidmah Hospital Private Limited,Dhaka,,,,,,,,,,,,,,,,,,,,,
1519,Dr. Sadia Sultana Reshma,"['MBBS', 'BCS', 'MD']",PULMONOLOGIST,16,Khidmah Hospital Private Limited,Dhaka,,,,,,,,,,,,,,,,,,,,,
1520,Dr. Sultana Parvin,"['MBBS', 'BCS', 'MD', 'MRCP', 'CCD']",GASTROENTEROLOGIST,15,Khidmah Hospital Private Limited,Dhaka,,,,,,,,,,,,,,,,,,,,,
1521,Dr. Md. Jubaidul Islam,"['MBBS', 'CCD', 'FCPS', 'MACP']",MEDICINE SPECIALIST,15,Khidmah Hospital Private Limited,Dhaka,,,,,,,,,,,,,,,,,,,,,
1522,Dr. Awlad Hossain,"['MBBS', 'BCS', 'FCPS', 'MACP']",MEDICINE SPECIALIST,16,Khidmah Hospital Private Limited,Dhaka,,,,,,,,,,,,,,,,,,,,,
1523,Asst. Prof. Dr. Md. Mahbub Hossain,"['MBBS', 'BCS', 'FCPS', 'MRCP', 'MACP']",MEDICINE SPECIALIST,16,Khidmah Hospital Private Limited,Dhaka,,,,,,,,,,,,,,,,,,,,,
1524,Dr. Md. Zahid Amin,"['MBBS', 'MCPS', 'FCPS', 'MACP', 'MD']",MEDICINE SPECIALIST,15,Khidmah Hospital Private Limited,Dhaka,,,,,,,,,,,,,,,,,,,,,
1525,Dr. Md. Mahmudur Rahman,"['MBBS', 'MS']",OPHTHALMOLOGIST,16,Khidmah Hospital Private Limited,Dhaka,,,,,,,,,,,,,,,,,,,,,
1526,Prof. Dr. Faruk Ahmad,"['MBBS', 'FCPS']",GENERAL SURGEON,22,Khidmah Hospital Private Limited,Dhaka,,,,,,,,,,,,,,,,,,,,,
1527,Asst. Prof. Dr. Mohammad Sahajadul Alam,"['MBBS', 'BCS', 'FCPS', 'MS']",ONCOLOGIST,16,Khidmah Hospital Private Limited,Dhaka,,,,,,,,,,,,,,,,,,,,,
1528,Asst. Prof. Dr. Redwana Hossain,"['MBBS', 'BCS', 'MD']",PSYCHIATRIST,17,Khidmah Hospital Private Limited,Dhaka,,,,,,,,,,,,,,,,,,,,,
1529,Prof. Dr. Md. Mahbubur Rahman,"['MBBS', 'FCPS', 'FICS']",RADIOLOGIST,21,Khidmah Hospital Private Limited,Dhaka,,,,,,,,,,,,,,,,,,,,,
1530,Dr. Mosharraf Hossain Khan,"['MBBS', 'DM']",RADIOLOGIST,16,Khidmah Hospital Private Limited,Dhaka,,,,,,,,,,,,,,,,,,,,,
1531,Dr. Masuma Akter,"['MBBS', 'M.PHIL', 'PHD', 'JSPS', 'FELLOW (JAPAN)']",RADIOLOGIST,12,Khidmah Hospital Private Limited,Dhaka,,,,,,,,,,,,,,,,,,,,,
1532,Dr. AKM Anowar Hossain Mukul,"['MBBS', 'CCD', 'MD']",RADIOLOGIST,12,Khidmah Hospital Private Limited,Dhaka,,,,,,,,,,,,,,,,,,,,,
1533,Dr. Sylvia Akter,"['MBBS', 'DLO', 'MCPS', 'FCPS']",OTOLARYNGOLOGISTS (ENT),17,Praava Health,Dhaka,,,,,,,,,,,,,,,,,,,,,
1534,Asst. Prof. Dr. Dilara Rahman,"['MBBS', 'FCPS']",GYNECOLOGIST & OBSTETRICIAN,20,CIMEC Health,Dhaka,,,,,,,,,,,,,,,,,,,,,
1534,Asst. Prof. Dr. Dilara Rahman,"['MBBS', 'FCPS']",INFERTILITY SPECIALIST,20,CIMEC Health,Dhaka,,,,,,,,,,,,,,,,,,,,,
1534,Asst. Prof. Dr. Dilara Rahman,"['MBBS', 'FCPS']",SURGEON,20,CIMEC Health,Dhaka,,,,,,,,,,,,,,,,,,,,,
1535,Dr. Tasmina Haq,"['MBBS', 'PGT', 'CCD', 'FCPS']",GYNECOLOGIST & OBSTETRICIAN,20,Maxaid Diagnostic Center,Dhaka,,,,,,,,,,,,,,,,,,,,,
1536,Dr. Tapan Kumar Das,"['MBBS', 'BCS', 'FCPS', 'CCD']",MEDICINE SPECIALIST,23,CIMEC Health,Dhaka,,,,,,,,,,,,,,,,,,,,,
1536,Dr. Tapan Kumar Das,"['MBBS', 'BCS', 'FCPS', 'CCD']",CARDIOLOGIST,23,CIMEC Health,Dhaka,,,,,,,,,,,,,,,,,,,,,
1537,Asst. Prof. Dr. Golam Morshed,"['MBBS', 'FCPS', 'MRCP']",CARDIOLOGIST,23,CIMEC Health,Dhaka,,,,,,,,,,,,,,,,,,,,,
1538,Dr. Aminul Islam,"['MBBS', 'BCS', 'FCPS', 'PGT']",NEUROMEDICINE SPECIALIST,23,Maxaid Diagnostic Center,Dhaka,,,,,,,,,,,,,,,,,,,,,
1539,Dr. Mahfuza Tanha,"['MBBS', 'BCS', 'MCPS', 'FCPS', 'MRCOG (PART- 2 )', 'MS']",GYNECOLOGIST & OBSTETRICIAN,17,Maxaid Diagnostic Center,Dhaka,,,,,,,,,,,,,,,,,,,,,
1540,Dr. Sadia Ahmed,"['MBBS', 'DEPLOMA IN MEDICAL ULTRASOUND', 'CMU (ULTRA)', 'PGT']",GYNECOLOGIST & OBSTETRICIAN,23,Maxaid Diagnostic Center,Dhaka,,,,,,,,,,,,,,,,,,,,,
1541,Dr. Md. Ibrahim Khalil,"['MBBS', 'FCPS', 'FCPS', 'FCCS (INDIA)', 'CCD']",DIABETES SPECIALIST,22,Maxaid Diagnostic Center,Dhaka,,,,,,,,,,,,,,,,,,,,,
1541,Dr. Md. Ibrahim Khalil,"['MBBS', 'FCPS', 'FCPS', 'FCCS (INDIA)', 'CCD']",MEDICINE SPECIALIST,22,Maxaid Diagnostic Center,Dhaka,,,,,,,,,,,,,,,,,,,,,
1541,Dr. Md. Ibrahim Khalil,"['MBBS', 'FCPS', 'FCPS', 'FCCS (INDIA)', 'CCD']",ENDOCRINOLOGIST,22,Maxaid Diagnostic Center,Dhaka,,,,,,,,,,,,,,,,,,,,,
1542,Dr. Md. Nafiz Imtiaz,"['MBBS', 'ACMU (ULTRA)', 'CCD', 'MCGP (MEDICINE)', 'PGT']",MEDICINE SPECIALIST,19,Maxaid Diagnostic Center,Dhaka,,,,,,,,,,,,,,,,,,,,,
1543,Dr. Md.Ishtiaqul Haque Mortuza,"['MBBS', 'BCS', 'MS']",UROLOGIST,22,Maxaid Diagnostic Center,Dhaka,,,,,,,,,,,,,,,,,,,,,
1544,Prof. Dr. Md. Rezaul Karim Chowdhury,"['MBBS', 'MD', 'D-CARD']",HEMATOLOGIST,23,Khidmah Hospital Private Limited,Dhaka,,,,,,,,,,,,,,,,,,,,,
1545,Prof. Dr. Munshi Habibullah,['MBBS'],HEMATOLOGIST,23,Khidmah Hospital Private Limited,Dhaka,,,,,,,,,,,,,,,,,,,,,
1546,Dr. Shafiqul Alam,"['MBBS', 'DA(ANESTHESIA)']",ANESTHESIOLOGIST,16,Khidmah Hospital Private Limited,Dhaka,,,,,,,,,,,,,,,,,,,,,
1547,Dr. Rabeya Begum,"['MBBS', 'DA', 'MCPS']",ANESTHESIOLOGIST,10,Khidmah Hospital Private Limited,Dhaka,,,,,,,,,,,,,,,,,,,,,
1548,Assoc. Prof. Dr. Oporojita,['MBBS'],ANESTHESIOLOGIST,10,Khidmah Hospital Private Limited,Dhaka,,,,,,,,,,,,,,,,,,,,,
1549,Prof. Dr. Meherun Nessa,"['MBBS', 'MCPS', 'DGO', 'FCPS']",GYNECOLOGIST & OBSTETRICIAN,21,Khidmah Hospital Private Limited,Dhaka,,,,,,,,,,,,,,,,,,,,,
1550,Dr. Md. Kazi Golam Kibria Mishu,"['MBBS', 'CCD', 'MD']",ENDOCRINOLOGIST,18,Maxaid Diagnostic Center,Dhaka,,,,,,,,,,,,,,,,,,,,,
1550,Dr. Md. Kazi Golam Kibria Mishu,"['MBBS', 'CCD', 'MD']",DIABETOLOGIST,18,Maxaid Diagnostic Center,Dhaka,,,,,,,,,,,,,,,,,,,,,
1551,Dr. Shafiqul Islam Hridoy,"['MBBS', 'PGT', 'CCD']",GENERAL PHYSICIAN,25,Maxaid Diagnostic Center,Dhaka,,,,,,,,,,,,,,,,,,,,,
1552,Dr. Md. Sohel,"['MBBS', 'D-ORTHO']",ORTHOPEDIST,21,Maxaid Diagnostic Center,Dhaka,,,,,,,,,,,,,,,,,,,,,
1553,Dr. K. M. Nahid-ul-Haq,"['MBBS', 'DEM']",DIABETOLOGIST,24,Maxaid Diagnostic Center,Dhaka,,,,,,,,,,,,,,,,,,,,,
1553,Dr. K. M. Nahid-ul-Haq,"['MBBS', 'DEM']",ENDOCRINOLOGIST,24,Maxaid Diagnostic Center,Dhaka,,,,,,,,,,,,,,,,,,,,,
1554,Dr. Mohammed Anwar Sadat,"['MBBS', 'PGT']",MEDICINE SPECIALIST,19,Maxaid Diagnostic Center,Dhaka,,,,,,,,,,,,,,,,,,,,,
1555,Dr. Rakiba Yasmin Riva,"['MBBS', 'PGT']",PEDIATRICIAN,21,Maxaid Diagnostic Center,Dhaka,,,,,,,,,,,,,,,,,,,,,
1556,Dr. Hasnat Anwar,"['MBBS', 'BCS', 'MS']",OTOLARYNGOLOGISTS (ENT),23,Maxaid Diagnostic Center,Dhaka,,,,,,,,,,,,,,,,,,,,,
1557,Dr. Kazi Golam Ahsan,"['MBBS', 'DVD (SKIN & SEX)']",DERMATOLOGIST,23,Gulshan Maa O Shishu Clinic Ltd.,Dhaka,,,,,,,,,,,,,,,,,,,,,
1558,Dr. Parvin Begum,"['PH.D', 'MPH', 'MS']",NUTRITIONIST,15,Gulshan Maa O Shishu Clinic Ltd.,Dhaka,,,,,,,,,,,,,,,,,,,,,
1559,Asst. Prof. Dr. Sohidul Islam Sikdar,"['MBBS', 'BCS', 'FCPS']",GENERAL SURGEON,23,Gulshan Maa O Shishu Clinic Ltd.,Dhaka,,,,,,,,,,,,,,,,,,,,,
1559,Asst. Prof. Dr. Sohidul Islam Sikdar,"['MBBS', 'BCS', 'FCPS']",LAPAROSCOPIC SURGEON,23,Gulshan Maa O Shishu Clinic Ltd.,Dhaka,,,,,,,,,,,,,,,,,,,,,
1560,Dr. M A Khan,"['MBBS', 'D-CARD', 'MD', 'FCCS (USA)']",MEDICINE SPECIALIST,25,Gulshan Maa O Shishu Clinic Ltd.,Dhaka,,,,,,,,,,,,,,,,,,,,,
1560,Dr. M A Khan,"['MBBS', 'D-CARD', 'MD', 'FCCS (USA)']",CARDIOLOGIST,25,Gulshan Maa O Shishu Clinic Ltd.,Dhaka,,,,,,,,,,,,,,,,,,,,,
1561,Assoc. Prof. Dr. Mohammad Abdur Rahim,"['MBBS', 'MCPS']",MEDICINE SPECIALIST,24,Gulshan Maa O Shishu Clinic Ltd.,Dhaka,,,,,,,,,,,,,,,,,,,,,
1561,Assoc. Prof. Dr. Mohammad Abdur Rahim,"['MBBS', 'MCPS']",NEPHROLOGIST,24,Gulshan Maa O Shishu Clinic Ltd.,Dhaka,,,,,,,,,,,,,,,,,,,,,
1562,Asst. Prof. Dr. Farhana Haque Choudhury,"['MBBS', 'FCPS']",GYNECOLOGIST & OBSTETRICIAN,18,Khidmah Hospital Private Limited,Dhaka,,,,,,,,,,,,,,,,,,,,,
1563,Dr. Hasnatul Jannat Rozi,"['MBBS', 'BCS', 'FCPS']",GYNECOLOGIST & OBSTETRICIAN,16,Khidmah Hospital Private Limited,Dhaka,,,,,,,,,,,,,,,,,,,,,
1564,Asst. Prof. Dr. Md. Sadekur Rahman Sarkar,"['MBBS', 'BCS', 'MD']",NEUROLOGIST,17,Khidmah Hospital Private Limited,Dhaka,,,,,,,,,,,,,,,,,,,,,
1565,Assoc. Prof. Dr. Md. Anisur Rahman,"['MBBS', 'MD']",NEPHROLOGIST,19,Khidmah Hospital Private Limited,Dhaka,,,,,,,,,,,,,,,,,,,,,
1566,Dr. Nahid Akter,"['MBBS', 'MD']",NEPHROLOGIST,15,Khidmah Hospital Private Limited,Dhaka,,,,,,,,,,,,,,,,,,,,,
1567,Dr. Abu Talha,"['MBBS', 'CCD']",ENDOCRINOLOGIST,15,Khidmah Hospital Private Limited,Dhaka,,,,,,,,,,,,,,,,,,,,,
1568,Dr. Shamim Hassan,"['MBBS', 'FCPS', 'MS', 'FELLOWSHIP(INDIA)']",PLASTIC SURGEON,15,Khidmah Hospital Private Limited,Dhaka,,,,,,,,,,,,,,,,,,,,,
1569,Assoc. Prof. Dr. M M Masud Pervez Shaheen,"['MBBS', 'MS']",PEDIATRICIAN,14,Khidmah Hospital Private Limited,Dhaka,,,,,,,,,,,,,,,,,,,,,
1570,Asst. Prof. Dr. Suraiya Apsara,"['MBBS', 'FCPS']",GYNECOLOGIST & OBSTETRICIAN,17,Gulshan Maa O Shishu Clinic Ltd.,Dhaka,,,,,,,,,,,,,,,,,,,,,
1571,Dr. Selina Khatun,"['MBBS', 'PGT']",GYNECOLOGIST & OBSTETRICIAN,27,Gulshan Maa O Shishu Clinic Ltd.,Dhaka,,,,,,,,,,,,,,,,,,,,,
1572,Dr. Lt. Col. Zebunnesa Farooqui,"['MBBS', 'DGO']",GYNECOLOGIST & OBSTETRICIAN,26,Gulshan Maa O Shishu Clinic Ltd.,Dhaka,,,,,,,,,,,,,,,,,,,,,
1573,Assoc. Prof. Dr. Nasrin Sultana,"['MBBS', 'MPH', 'FCPS']",GYNECOLOGIST & OBSTETRICIAN,25,Gulshan Maa O Shishu Clinic Ltd.,Dhaka,,,,,,,,,,,,,,,,,,,,,
1574,Asst. Prof. Dr. Khan Nazrul Islam,"['MBBS', 'BCS', 'MS']",UROLOGIST,23,Kingston Hospital Ltd.,Dhaka,,,,,,,,,,,,,,,,,,,,,
1575,Dr. M S Haque,"['MBBS', 'MCPS']",PEDIATRICIAN,18,Gulshan Maa O Shishu Clinic Ltd.,Dhaka,,,,,,,,,,,,,,,,,,,,,
1576,Prof. Dr. Md. Nurul Hossain,"['MBBS', 'FCPS']",PEDIATRICIAN,29,Gulshan Maa O Shishu Clinic Ltd.,Dhaka,,,,,,,,,,,,,,,,,,,,,
1577,Dr. Nahid Rahman Zico,"['MBBS', 'BCS', 'FCPS', 'MS']",UROLOGIST,17,Kingston Hospital Ltd.,Dhaka,,,,,,,,,,,,,,,,,,,,,
1578,Asst. Prof. Dr. Mohammed Zubayer Miah,"['MBBS', 'M.PHIL']",PSYCHIATRIST,21,Kingston Hospital Ltd.,Dhaka,,,,,,,,,,,,,,,,,,,,,
1579,Prof. Dr. Brig Gen (Retd) A.K.M Masud,"['MBBS', 'MS']",ORTHOPEDIC SURGEON,27,Anwer Khan Modern Medical College Hospital,Dhaka,,,,,,,,,,,,,,,,,,,,,
1580,Asst. Prof. Dr. Najmul Hasan,"['MBBS', 'BCS', 'FCPS']",ORTHOPEDIC SURGEON,26,Kingston Hospital Ltd.,Dhaka,,,,,,,,,,,,,,,,,,,,,
1581,Dr. Nurul Alam Siddique Pavel,"['MBBS', 'D-ORTHO', 'BCS']",ORTHOPEDIC SURGEON,21,Kingston Hospital Ltd.,Dhaka,,,,,,,,,,,,,,,,,,,,,
1582,Dr. Shakibur Rahman,"['MBBS', 'MD', 'PHD']",ONCOLOGIST,19,Kingston Hospital Ltd.,Dhaka,,,,,,,,,,,,,,,,,,,,,
1583,Jannatun Noor,"['BSC', 'MPH', 'MS']",NUTRITIONIST,12,Kingston Hospital Ltd.,Dhaka,,,,,,,,,,,,,,,,,,,,,
1584,Dr. Motahhara Afrin,"['MBBS', 'DCH', ' BSMMU) CCD(BIRDEM)']",PEDIATRICIAN,17,Khidmah Hospital Private Limited,Dhaka,,,,,,,,,,,,,,,,,,,,,
1585,Dr. Md. Abdal Miah,"['MBBS', 'DDV', 'MD', 'MMED', 'GOLD MEDALIST']",DERMATOLOGIST,16,Khidmah Hospital Private Limited,Dhaka,,,,,,,,,,,,,,,,,,,,,
1586,Asst. Prof. Dr. Shiropa Islam,"['MBBS', 'FCPS']",DERMATOLOGIST,16,Khidmah Hospital Private Limited,Dhaka,,,,,,,,,,,,,,,,,,,,,
1587,Dr. Begum Badrun Sultana,"['MBBS', 'MD', 'CCD']",DERMATOLOGIST,17,Khidmah Hospital Private Limited,Dhaka,,,,,,,,,,,,,,,,,,,,,
1588,Asst. Prof. Dr. Dr. Syed Golam Samdani,"['MBBS', 'MS', 'MMED']",ORTHOPEDIC SURGEON,17,Khidmah Hospital Private Limited,Dhaka,,,,,,,,,,,,,,,,,,,,,
1589,Dr. Shahnewas,"['MBBS', 'BCS', 'MS']",ORTHOPEDIC SURGEON,15,Khidmah Hospital Private Limited,Dhaka,,,,,,,,,,,,,,,,,,,,,
1590,Dr. Farhana Hossain,"['MBBS', 'FCPS', 'DCO(CU)', 'FICO(UK)']",OPHTHALMOLOGIST,17,Khidmah Hospital Private Limited,Dhaka,,,,,,,,,,,,,,,,,,,,,
1591,Dr. Md. Shafiquer Rahman,"['MBBS', 'BCS', 'MS']",OPHTHALMOLOGIST,16,Khidmah Hospital Private Limited,Dhaka,,,,,,,,,,,,,,,,,,,,,
1592,Assoc. Prof. Dr. Md. Masudur Rahman,"['BDS', 'MS', 'FCPS', 'FRSH (LONDON)', 'FICD(AMERICA)']",DENTIST,19,Khidmah Hospital Private Limited,Dhaka,,,,,,,,,,,,,,,,,,,,,
1593,Assoc. Prof. Dr. Md. Nurul Islam,"['BDS', 'PHD', 'PGD(JAPAN)', 'FRSPH(LONDON)']",DENTIST,13,Khidmah Hospital Private Limited,Dhaka,,,,,,,,,,,,,,,,,,,,,
1594,Dr. Kamrun Nahar,"['BDS', 'FCPS']",MAXILLOFACIAL AND DENTAL SURGEON,14,Khidmah Hospital Private Limited,Dhaka,,,,,,,,,,,,,,,,,,,,,
1595,Dr. Afsara Nower,['BDS'],DENTIST,13,Khidmah Hospital Private Limited,Dhaka,,,,,,,,,,,,,,,,,,,,,
1596,Dr. Anika Jaman,"['MBBS', 'FCPS']",PHYSICAL MEDICINE,14,Khidmah Hospital Private Limited,Dhaka,,,,,,,,,,,,,,,,,,,,,
1597,Prof. Dr. Md. Rayhanur Rahman,"['MBBS', 'BCS', 'MCPS', 'FCPS', 'MS']",COLORECTAL & LAPAROSCOPIC SURGERY,22,Khidmah Hospital Private Limited,Dhaka,,,,,,,,,,,,,,,,,,,,,
1598,Dr. Maj. Tahmeed Hussain,"['MBBS', 'MD']",NEPHROLOGIST,27,Kingston Hospital Ltd.,Dhaka,,,,,,,,,,,,,,,,,,,,,
1599,Dr. Khair Muhammad Sobhan Anik,"['MBBS', 'BCS', 'MD']",NEUROLOGIST,19,Kingston Hospital Ltd.,Dhaka,,,,,,,,,,,,,,,,,,,,,
1600,Dr. Major Muhammad Rezeul Huq,"['MBBS', 'MRCP', 'MD']",NEUROLOGIST,23,Kingston Hospital Ltd.,Dhaka,,,,,,,,,,,,,,,,,,,,,
1601,Assoc. Prof. Dr. Jobaida Khanam Chowdhury,"['MBBS', 'MD']",NEPHROLOGIST,22,Kingston Hospital Ltd.,Dhaka,,,,,,,,,,,,,,,,,,,,,
1602,Dr. Major Syed Nesar Ahmed,"['MBBS', 'MD', 'CCD']",PULMONOLOGIST,30,Kingston Hospital Ltd.,Dhaka,,,,,,,,,,,,,,,,,,,,,
1603,Dr. Lt. Col Naser Ahmed,"['MBBS', 'FCPS']",MEDICINE SPECIALIST,27,Kingston Hospital Ltd.,Dhaka,,,,,,,,,,,,,,,,,,,,,
1604,Prof. Dr. Capt. Rukhsana Parvin (Retd.),"['MBBS', 'MRCP']",MEDICINE SPECIALIST,27,Kingston Hospital Ltd.,Dhaka,,,,,,,,,,,,,,,,,,,,,
1605,Dr. Lt Col Md. Abdullah-Al-Mamun,"['MBBS', 'FCPS', 'FCPS']",GASTROENTEROLOGIST,20,Kingston Hospital Ltd.,Dhaka,,,,,,,,,,,,,,,,,,,,,
1606,Dr. Lt. Col. Md. Shahidul Islam,"['MBBS', 'FCPS']",MEDICINE SPECIALIST,24,Kingston Hospital Ltd.,Dhaka,,,,,,,,,,,,,,,,,,,,,
1607,Dr. Major Md. Mahamudul Hassan,"['MBBS', 'MCPS', 'MD']",NEPHROLOGIST,23,Kingston Hospital Ltd.,Dhaka,,,,,,,,,,,,,,,,,,,,,
1608,Asst. Prof. Dr. H M Mustafizur Rahman Rizvi,"['MBBS', 'FCPS', 'MD', 'MACP']",NEPHROLOGIST,22,Kingston Hospital Ltd.,Dhaka,,,,,,,,,,,,,,,,,,,,,
1609,Dr. Tanzila Halim,"['MBBS', 'FCPS']",GYNECOLOGIST & OBSTETRICIAN,24,Kingston Hospital Ltd.,Dhaka,,,,,,,,,,,,,,,,,,,,,
1610,Dr. Lt. Col. Alifa Nasrin,"['MBBS', 'MCPS', 'DGO', 'FCPS']",GYNECOLOGIST & OBSTETRICIAN,21,Kingston Hospital Ltd.,Dhaka,,,,,,,,,,,,,,,,,,,,,
1611,Dr. Tamanna Hasan,"['MBBS', 'BCS', 'MS']",GYNECOLOGIST & OBSTETRICIAN,17,Kingston Hospital Ltd.,Dhaka,,,,,,,,,,,,,,,,,,,,,
1611,Dr. Tamanna Hasan,"['MBBS', 'BCS', 'MS']",SURGEON,17,Kingston Hospital Ltd.,Dhaka,,,,,,,,,,,,,,,,,,,,,
1612,Asst. Prof. Dr. S Parvin Sadeque,"['MBBS', 'DGO']",GYNECOLOGIST & OBSTETRICIAN,23,Kingston Hospital Ltd.,Dhaka,,,,,,,,,,,,,,,,,,,,,
1613,Prof. Dr. Col Khaleda Khanam (Retd),"['MBBS', 'DGO', 'FCPS']",GYNECOLOGIST & OBSTETRICIAN,33,Kingston Hospital Ltd.,Dhaka,,,,,,,,,,,,,,,,,,,,,
1613,Prof. Dr. Col Khaleda Khanam (Retd),"['MBBS', 'DGO', 'FCPS']",INFERTILITY SPECIALIST,33,Kingston Hospital Ltd.,Dhaka,,,,,,,,,,,,,,,,,,,,,
1613,Prof. Dr. Col Khaleda Khanam (Retd),"['MBBS', 'DGO', 'FCPS']",LAPAROSCOPIC SURGEON,33,Kingston Hospital Ltd.,Dhaka,,,,,,,,,,,,,,,,,,,,,
1614,Dr. Major Samina Ahmed (Retd.),"['MBBS', 'DGO']",GYNECOLOGIST & OBSTETRICIAN,19,Kingston Hospital Ltd.,Dhaka,,,,,,,,,,,,,,,,,,,,,
1615,Assoc. Prof. Dr. Jesmin Jahan,"['MBBS', 'FCPS', 'DM']",GYNECOLOGIST & OBSTETRICIAN,25,Kingston Hospital Ltd.,Dhaka,,,,,,,,,,,,,,,,,,,,,
1616,Dr. Col. Mahmuda Ashrafi Ferdousi,"['MBBS', 'DGO', 'FCPS']",GYNECOLOGIST & OBSTETRICIAN,24,Kingston Hospital Ltd.,Dhaka,,,,,,,,,,,,,,,,,,,,,
1617,Dr. Nazia Sultana Daisy,"['MBBS', 'BCS', 'FCPS']",GYNECOLOGIST & OBSTETRICIAN,26,Kingston Hospital Ltd.,Dhaka,,,,,,,,,,,,,,,,,,,,,
1618,Prof. Dr. Prof. Brig. Gen. (Retd.) Hasina Sultana,"['MBBS', 'DGO', 'FCPS']",GYNECOLOGIST & OBSTETRICIAN,32,Kingston Hospital Ltd.,Dhaka,,,,,,,,,,,,,,,,,,,,,
1619,Dr. Latifa Akter,"['MBBS', 'DGO', 'FCPS']",GYNECOLOGIST & OBSTETRICIAN,26,Kingston Hospital Ltd.,Dhaka,,,,,,,,,,,,,,,,,,,,,
1620,Assoc. Prof. Dr. Lt. Col. Ashim Kumar Dutta,"['MBBS', 'FCPS', 'CCD']",GENERAL SURGEON,25,Kingston Hospital Ltd.,Dhaka,,,,,,,,,,,,,,,,,,,,,
1620,Assoc. Prof. Dr. Lt. Col. Ashim Kumar Dutta,"['MBBS', 'FCPS', 'CCD']",LAPAROSCOPIC SURGEON,25,Kingston Hospital Ltd.,Dhaka,,,,,,,,,,,,,,,,,,,,,
1621,Dr. Md. Anisur Rahman,"['MBBS', 'BCS', 'FCPS']",GENERAL SURGEON,17,Kingston Hospital Ltd.,Dhaka,,,,,,,,,,,,,,,,,,,,,
1622,Dr. Md. Shamsuddoha Khan Joseph,"['MBBS', 'BCS', 'FCPS', 'FMAS (INDIA)']",COLORECTAL & LAPAROSCOPIC SURGEON,22,Kingston Hospital Ltd.,Dhaka,,,,,,,,,,,,,,,,,,,,,
1622,Dr. Md. Shamsuddoha Khan Joseph,"['MBBS', 'BCS', 'FCPS', 'FMAS (INDIA)']",GENERAL SURGEON,22,Kingston Hospital Ltd.,Dhaka,,,,,,,,,,,,,,,,,,,,,
1623,Dr. Lt Col Md Abdul Ghani (Retd),"['MBBS', 'MD', 'ACGS (USSR)', 'FCPS']",GENERAL SURGEON,27,Kingston Hospital Ltd.,Dhaka,,,,,,,,,,,,,,,,,,,,,
1623,Dr. Lt Col Md Abdul Ghani (Retd),"['MBBS', 'MD', 'ACGS (USSR)', 'FCPS']",LAPAROSCOPIC SURGEON,27,Kingston Hospital Ltd.,Dhaka,,,,,,,,,,,,,,,,,,,,,
1624,Assoc. Prof. Dr. Abu Syed Mollah,"['MBBS', 'FCPS', 'MRCS (UK)']",GENERAL SURGEON,23,Kingston Hospital Ltd.,Dhaka,,,,,,,,,,,,,,,,,,,,,
1624,Assoc. Prof. Dr. Abu Syed Mollah,"['MBBS', 'FCPS', 'MRCS (UK)']",COLORECTAL & LAPAROSCOPIC SURGEON,23,Kingston Hospital Ltd.,Dhaka,,,,,,,,,,,,,,,,,,,,,
1625,Dr. Lt Col ABM Shawkat Hayat,"['MBBS', 'FCPS', 'MCPS']",OPHTHALMOLOGIST,26,Kingston Hospital Ltd.,Dhaka,,,,,,,,,,,,,,,,,,,,,
1626,Dr. Farzana Parveen,"['MBBS', 'MS', 'BCS']",COLORECTAL & LAPAROSCOPIC SURGEON,26,Kingston Hospital Ltd.,Dhaka,,,,,,,,,,,,,,,,,,,,,
1627,Dr. Md. Farhad Bin Siddique,"['MBBS', 'MS', 'BCS']",OPHTHALMOLOGIST,22,Kingston Hospital Ltd.,Dhaka,,,,,,,,,,,,,,,,,,,,,
1628,Dr. Md. Saiful Islam,"['MBBS', 'DO (BSMMU)', 'FCPS']",OPHTHALMOLOGIST,19,Kingston Hospital Ltd.,Dhaka,,,,,,,,,,,,,,,,,,,,,
1629,Dr. Tariqul Ahasan,"['MBBS', 'DO', 'CCD']",OPHTHALMOLOGIST,15,Kingston Hospital Ltd.,Dhaka,,,,,,,,,,,,,,,,,,,,,
1630,Dr. S. M. Abul Hasan,"['MBBS', 'DO (DU)', 'MS']",OPHTHALMOLOGIST,18,Kingston Hospital Ltd.,Dhaka,,,,,,,,,,,,,,,,,,,,,
1631,Asst. Prof. Dr. Gazi Manzurul Islam,"['MBBS', 'DLO']",OTOLARYNGOLOGISTS (ENT),21,Kingston Hospital Ltd.,Dhaka,,,,,,,,,,,,,,,,,,,,,
1632,Prof. Dr. Mesbah Uddin Ahmed,"['MBBS', 'MS']",OTOLARYNGOLOGISTS (ENT),28,Kingston Hospital Ltd.,Dhaka,,,,,,,,,,,,,,,,,,,,,
1633,Dr. Md. Jahangir Alam Shohan,"['MBBS', 'DEM', 'MD']",DIABETOLOGIST,22,Kingston Hospital Ltd.,Dhaka,,,,,,,,,,,,,,,,,,,,,
1634,Dr. S. M. Faisal Bari,"['MBBS', 'CCD', 'DLO', 'BSMMU (EX-PG HOSPITAL)']",OTOLARYNGOLOGISTS (ENT),19,Kingston Hospital Ltd.,Dhaka,,,,,,,,,,,,,,,,,,,,,
1635,Dr. Raihana Islam,"['MBBS', 'DDV', 'MCPS', 'FCPS']",DERMATOLOGIST,19,Kingston Hospital Ltd.,Dhaka,,,,,,,,,,,,,,,,,,,,,
1636,Dr. Md. Apel Lt. Col. Mohammad Tofazzal Hossain,"['BDS', 'FCPS', 'DIPLOMA IN ORAL & MAXILLOFACIAL SURGERY', 'MCPS']",MAXILLOFACIAL AND DENTAL SURGEON,16,Kingston Hospital Ltd.,Dhaka,,,,,,,,,,,,,,,,,,,,,
1637,Asst. Prof. Dr. Md. Apel Mamood,"['BDS', 'BCS', 'FCPS']",MAXILLOFACIAL AND DENTAL SURGEON,19,Kingston Hospital Ltd.,Dhaka,,,,,,,,,,,,,,,,,,,,,
1638,Dr. Farjana Nasrin,"['BDS', 'PGT']",MAXILLOFACIAL AND DENTAL SURGEON,12,Kingston Hospital Ltd.,Dhaka,,,,,,,,,,,,,,,,,,,,,
1639,Dr. Major Bijoy Kumar Das,"['MBBS', 'DCH', 'FCPS']",PEDIATRICIAN,26,Kingston Hospital Ltd.,Dhaka,,,,,,,,,,,,,,,,,,,,,
1640,Dr. Farhana Yasmin,"['MBBS', 'FCPS']",PEDIATRICIAN,10,Kingston Hospital Ltd.,Dhaka,,,,,,,,,,,,,,,,,,,,,
1641,Dr. Major Zinia Binte Ali,"['MBBS', 'FCPS']",PEDIATRICIAN & NEONATOLOGIST,17,Kingston Hospital Ltd.,Dhaka,,,,,,,,,,,,,,,,,,,,,
1642,Assoc. Prof. Dr. Farhana Noman,"['MBBS', 'DCH', 'BCS']",PEDIATRICIAN,25,Kingston Hospital Ltd.,Dhaka,,,,,,,,,,,,,,,,,,,,,
1643,Dr. Mohammad Mostafizur Rahman,"['MBBS', 'BCS', 'DCH']",PEDIATRICIAN,18,Kingston Hospital Ltd.,Dhaka,,,,,,,,,,,,,,,,,,,,,
1644,Asst. Prof. Dr. Md. Hasanuzzaman,"['MBBS', 'BCS', 'MS', 'FACS (AMERICA)']",PEDIATRIC SURGEON,22,Kingston Hospital Ltd.,Dhaka,,,,,,,,,,,,,,,,,,,,,
1645,Dr. Md. Rezaul Karim Mojumder,"['MBBS', 'BCS', 'MS']",PEDIATRIC SURGEON,19,Kingston Hospital Ltd.,Dhaka,,,,,,,,,,,,,,,,,,,,,
1646,Asst. Prof. Dr. Taskina Mosleh,"['MBBS', 'FCPS']",PEDIATRICIAN,23,Kingston Hospital Ltd.,Dhaka,,,,,,,,,,,,,,,,,,,,,
1647,Prof. Dr. Maj Gen Syed Asif Iqbal,"['MBBS', 'FCPS', 'D-CARD', 'FACC (USA)', 'FRCP', 'MACP']",CARDIOLOGIST,28,Kingston Hospital Ltd.,Dhaka,,,,,,,,,,,,,,,,,,,,,
1648,Dr. Md. Noor-E-Khuda,"['MBBS', 'BCS', 'CCD', 'MD']",CARDIOLOGIST,17,Kingston Hospital Ltd.,Dhaka,,,,,,,,,,,,,,,,,,,,,
1649,Assoc. Prof. Dr. Md. Maruful Islam,"['MBBS', 'BCS', 'MS', 'FACS (USA)', 'FRCS']",PLASTIC SURGEON,25,Kingston Hospital Ltd.,Dhaka,,,,,,,,,,,,,,,,,,,,,
1650,Prof. Dr. Md Zahid Alam,"['MBBS', 'FCPS']",CARDIOLOGIST,29,Cure Specialized Hospital Ltd.,Dhaka,,,,,,,,,,,,,,,,,,,,,
1651,Asst. Prof. Dr. Md. Kamruzzaman,"['MBBS', 'DCH', 'DTCD', 'MPH']",PEDIATRICIAN,22,Cure Specialized Hospital Ltd.,Dhaka,,,,,,,,,,,,,,,,,,,,,
1652,Assoc. Prof. Dr. Md. Abdullah Al Mamun,"['MBBS', 'MD']",PEDIATRICIAN & NEONATOLOGIST,20,Cure Specialized Hospital Ltd.,Dhaka,,,,,,,,,,,,,,,,,,,,,
1653,Prof. Dr. Md. Abdul Aziz,"['MBBS', 'MS']",PEDIATRIC SURGEON,31,Cure Specialized Hospital Ltd.,Dhaka,,,,,,,,,,,,,,,,,,,,,
1654,Dr. Md. Monowarul Islam,"['MBBS', 'FCPS', 'MS']",UROLOGIST,26,Dr. Azmal Hospital Ltd.,Dhaka,,,,,,,,,,,,,,,,,,,,,
1655,Dr. SMA Rahman,"['MBBS', 'PHD', 'ACT (JAPAN)']",UROLOGIST,22,Dr. Azmal Hospital Ltd.,Dhaka,,,,,,,,,,,,,,,,,,,,,
1656,Dr. Kazi Mahjabin Akhter,"['MBBS', 'MCPS']",GYNECOLOGIST & OBSTETRICIAN,20,Dr. Azmal Hospital Ltd.,Dhaka,,,,,,,,,,,,,,,,,,,,,
1657,Dr. Afroz Monowara,"['MBBS', 'MCPS', 'DGO']",GYNECOLOGIST & OBSTETRICIAN,19,Dr. Azmal Hospital Ltd.,Dhaka,,,,,,,,,,,,,,,,,,,,,
1658,Asst. Prof. Dr. Sabina Hossen,"['MBBS', 'MS']",GYNECOLOGIST & OBSTETRICIAN,22,Dr. Azmal Hospital Ltd.,Dhaka,,,,,,,,,,,,,,,,,,,,,
1659,Dr. Tarun Biswas,"['BDS', 'PGT', 'BSMMU']",MAXILLOFACIAL AND DENTAL SURGEON,13,Dr. Azmal Hospital Ltd.,Dhaka,,,,,,,,,,,,,,,,,,,,,
1660,Dr. Col. Md. Abdur Rab,"['BDS', 'FCPS', 'PGC (RAWAL PINDI', ' PAKISTAN)']",MAXILLOFACIAL AND DENTAL SURGEON,18,Dr. Azmal Hospital Ltd.,Dhaka,,,,,,,,,,,,,,,,,,,,,
1661,Prof. Dr. AKM Amirul Morshed Khasru,"['MBBS', 'DCM', 'DCH', 'MCPS', 'MD', 'MD']",PEDIATRICIAN,30,Dr. Azmal Hospital Ltd.,Dhaka,,,,,,,,,,,,,,,,,,,,,
1662,Dr. Wadud Ali Khan,"['MBBS', 'MD']",MEDICINE SPECIALIST,17,Dr. Azmal Hospital Ltd.,Dhaka,,,,,,,,,,,,,,,,,,,,,
1662,Dr. Wadud Ali Khan,"['MBBS', 'MD']",GASTROENTEROLOGIST,17,Dr. Azmal Hospital Ltd.,Dhaka,,,,,,,,,,,,,,,,,,,,,
1663,Dr. K M Rokon-Ud-Dowla,"['MBBS', 'DIPLOMA IN MEDICAL ULTRASOUND']",RADIOLOGIST,18,Dr. Azmal Hospital Ltd.,Dhaka,,,,,,,,,,,,,,,,,,,,,
1664,Dr. Ronoda Proshad Roy,"['MBBS', 'MPH', 'CCD']",ONCOLOGIST,22,Dr. Azmal Hospital Ltd.,Dhaka,,,,,,,,,,,,,,,,,,,,,
1665,Dr. M Jahid Hossen,"['MBBS', 'DM', 'DCM']",ONCOLOGIST,17,Dr. Azmal Hospital Ltd.,Dhaka,,,,,,,,,,,,,,,,,,,,,
1666,Asst. Prof. Dr. Shahnoor Islam,"['MBBS', 'MS']",PEDIATRIC SURGEON,22,Dr. Azmal Hospital Ltd.,Dhaka,,,,,,,,,,,,,,,,,,,,,
1667,Dr. Farid Uddin,"['BPT (DU)', 'RPT', 'CRP']",PHYSIOTHERAPIST,18,Dr. Azmal Hospital Ltd.,Dhaka,,,,,,,,,,,,,,,,,,,,,
1668,Asst. Prof. Dr. Sayed Ahasan Ali,"['MBBS', 'FCPS']",SURGEON,22,Dr. Azmal Hospital Ltd.,Dhaka,,,,,,,,,,,,,,,,,,,,,
1669,Prof. Dr. ABM Zamal,"['MBBS', 'FCPS', 'FRCS', ' UK)']",GENERAL SURGEON,25,Dr. Azmal Hospital Ltd.,Dhaka,,,,,,,,,,,,,,,,,,,,,
1669,Prof. Dr. ABM Zamal,"['MBBS', 'FCPS', 'FRCS', ' UK)']",LAPAROSCOPIC SURGEON,25,Dr. Azmal Hospital Ltd.,Dhaka,,,,,,,,,,,,,,,,,,,,,
1670,Asst. Prof. Dr. Fatima Zohra,"['MBBS', 'MD']",PSYCHIATRIST,25,Al Helal Specialized Hospital,Dhaka,,,,,,,,,,,,,,,,,,,,,
1671,Asst. Prof. Dr. Md. Shafiqur Rahman Patwary,"['MBBS', 'FCPS', 'MCPS', 'MD']",CARDIOLOGIST,22,Al Helal Specialized Hospital,Dhaka,,,,,,,,,,,,,,,,,,,,,
1672,Assoc. Prof. Dr. Heemel Saha,"['MBBS', 'MS', 'MRCP', 'FACS (USA)']",CARDIOTHORACIC AND VASCULAR SURGEON,19,Al Helal Specialized Hospital,Dhaka,,,,,,,,,,,,,,,,,,,,,
1672,Assoc. Prof. Dr. Heemel Saha,"['MBBS', 'MS', 'MRCP', 'FACS (USA)']",THORACIC SURGEON,19,Al Helal Specialized Hospital,Dhaka,,,,,,,,,,,,,,,,,,,,,
1673,Dr. Md. Alauddin,"['MBBS', 'MS']",CARDIAC SURGEON,19,Al Helal Specialized Hospital,Dhaka,,,,,,,,,,,,,,,,,,,,,
1674,Asst. Prof. Dr. Mohammad Tarikuzzaman Mia,"['MBBS', 'BCS', 'DDV']",DERMATOLOGIST,22,Al Helal Specialized Hospital,Dhaka,,,,,,,,,,,,,,,,,,,,,
1675,Dr. Jahanara,"['MBBS', 'DGO', 'FCPS']",GYNECOLOGIST & OBSTETRICIAN,23,Al Helal Specialized Hospital,Dhaka,,,,,,,,,,,,,,,,,,,,,
1676,Dr. Md. Rahmat Ullah Siddiqui,"['MBBS', 'MCPS', 'DDV', 'FCPS']",DERMATOLOGIST,23,Al Helal Specialized Hospital,Dhaka,,,,,,,,,,,,,,,,,,,,,
1677,Dr. Rahima Sultana Ratna,"['MBBS', 'DGO', 'FCPS']",GYNECOLOGIST & OBSTETRICIAN,25,Al Helal Specialized Hospital,Dhaka,,,,,,,,,,,,,,,,,,,,,
1678,Dr. S. M. Nazmul Hasan Sagar,"['MBBS', 'MCPS']",ONCOLOGIST,19,Banani Clinic Ltd. & Specialized Hospital,Dhaka,,,,,,,,,,,,,,,,,,,,,
1679,Dr. Md. Ehsanur Rabbi,"['MBBS', 'PHD']",ORTHOPEDIC SURGEON,17,Banani Clinic Ltd. & Specialized Hospital,Dhaka,,,,,,,,,,,,,,,,,,,,,
1680,Asst. Prof. Dr. Md. Mashiur Arefin,"['MBBS', 'MS', 'FCPS', ' UK)']",UROLOGIST,22,Banani Clinic Ltd. & Specialized Hospital,Dhaka,,,,,,,,,,,,,,,,,,,,,
1681,Asst. Prof. Dr. Md. Mehedi Hasan,"['MBBS', 'FCPS', 'MRCS (EDINBURGH)']",UROLOGIST,20,Banani Clinic Ltd. & Specialized Hospital,Dhaka,,,,,,,,,,,,,,,,,,,,,
1682,Dr. Timir Debnath,"['MBBS', 'MCPS', 'FCPS']",OTOLARYNGOLOGISTS (ENT),17,Banani Clinic Ltd. & Specialized Hospital,Dhaka,,,,,,,,,,,,,,,,,,,,,
1683,Prof. Dr. Shamim Anwarul Haque,"['MBBS', 'FCPS']",OTOLARYNGOLOGISTS (ENT),27,Banani Clinic Ltd. & Specialized Hospital,Dhaka,,,,,,,,,,,,,,,,,,,,,
1684,Dr. Farzana Banu,"['MBBS', 'DGO', 'MCPS', 'MS']",GYNECOLOGIST & OBSTETRICIAN,15,Banani Clinic Ltd. & Specialized Hospital,Dhaka,,,,,,,,,,,,,,,,,,,,,
1685,Asst. Prof. Dr. Humaira Alam,"['MBBS', 'FCPS']",GYNECOLOGIST & OBSTETRICIAN,22,Popular Diagnostic Centre Ltd. | Badda,Dhaka,,,,,,,,,,,,,,,,,,,,,
1685,Asst. Prof. Dr. Humaira Alam,"['MBBS', 'FCPS']",INFERTILITY SPECIALIST,22,Popular Diagnostic Centre Ltd. | Badda,Dhaka,,,,,,,,,,,,,,,,,,,,,
1685,Asst. Prof. Dr. Humaira Alam,"['MBBS', 'FCPS']",LAPAROSCOPIC SURGEON,22,Popular Diagnostic Centre Ltd. | Badda,Dhaka,,,,,,,,,,,,,,,,,,,,,
1686,Asst. Prof. Dr. Shaila Rahman,"['MBBS', 'FCPS', 'MRCP']",MEDICINE SPECIALIST,18,Popular Diagnostic Centre Ltd. | Badda,Dhaka,,,,,,,,,,,,,,,,,,,,,
1687,Assoc. Prof. Dr. Lt. Col. Azizun Nessa,"['MBBS', 'FCPS', 'FCPS']",MEDICINE SPECIALIST,24,Banani Clinic Ltd. & Specialized Hospital,Dhaka,,,,,,,,,,,,,,,,,,,,,
1687,Assoc. Prof. Dr. Lt. Col. Azizun Nessa,"['MBBS', 'FCPS', 'FCPS']",NEPHROLOGIST,24,Banani Clinic Ltd. & Specialized Hospital,Dhaka,,,,,,,,,,,,,,,,,,,,,
1688,Dr. Afreen Nur Chowdhury,"['MBBS', 'DIP IN ASTHMA (UK)', 'MS', ' UK)']",MEDICINE SPECIALIST,15,Banani Clinic Ltd. & Specialized Hospital,Dhaka,,,,,,,,,,,,,,,,,,,,,
1688,Dr. Afreen Nur Chowdhury,"['MBBS', 'DIP IN ASTHMA (UK)', 'MS', ' UK)']",GASTROENTEROLOGIST,15,Banani Clinic Ltd. & Specialized Hospital,Dhaka,,,,,,,,,,,,,,,,,,,,,
1689,Dr. Maj. Md. Aminul Haque,"['MBBS', 'MD']",CARDIOLOGIST,20,Banani Clinic Ltd. & Specialized Hospital,Dhaka,,,,,,,,,,,,,,,,,,,,,
1690,Assoc. Prof. Dr. Lt. Col. Dr. Md. Wali-Ur-Rahman,"['MBBS', 'FCPS', 'FCPS']",CARDIOLOGIST,25,Banani Clinic Ltd. & Specialized Hospital,Dhaka,,,,,,,,,,,,,,,,,,,,,
1691,Dr. Yasmin Jahan,"['MBBS', 'DO']",OPHTHALMOLOGIST,26,Prime Bank Eye Hospital Ltd.,Dhaka,,,,,,,,,,,,,,,,,,,,,
1692,Dr. San Yaat Rabbi,"['MBBS', 'DO', 'MCPS', 'MPH']",OPHTHALMOLOGIST,25,Prime Bank Eye Hospital Ltd.,Dhaka,,,,,,,,,,,,,,,,,,,,,
1693,Dr. Monowarul Islam,"['MBBS', 'FCPS', 'MS']",UROLOGIST,16,Prime General Hospital & Digital Diagnostic Center,Dhaka,,,,,,,,,,,,,,,,,,,,,
1694,Asst. Prof. Dr. S M Parvez Ahmed Sohel,"['MBBS', 'MS', 'MS']",VASCULAR SURGEON,19,Prime General Hospital & Digital Diagnostic Center,Dhaka,,,,,,,,,,,,,,,,,,,,,
1695,Prof. Dr. Subrata Kumar Sarker,"['MBBS', 'BCS', 'MCPS', 'MD']",ANESTHESIOLOGIST,22,Prime General Hospital & Digital Diagnostic Center,Dhaka,,,,,,,,,,,,,,,,,,,,,
1696,Dr. M K Das Emon,"['MBBS', 'BCS', 'FCPS', 'FCPS']",CARDIOLOGIST,19,Prime General Hospital & Digital Diagnostic Center,Dhaka,,,,,,,,,,,,,,,,,,,,,
1697,Dr. Ashfaq Nobi,"['MBBS', 'BCS', 'MS']",PEDIATRIC SURGEON,23,Prime General Hospital & Digital Diagnostic Center,Dhaka,,,,,,,,,,,,,,,,,,,,,
1698,Assoc. Prof. Dr. A B M Ruhul Amin,"['MBBS', 'D-ORTHO']",ORTHOPEDIC SURGEON,25,Prime General Hospital & Digital Diagnostic Center,Dhaka,,,,,,,,,,,,,,,,,,,,,
1699,Assoc. Prof. Dr. Khandker Parvez Ahmad,"['MBBS', 'MS', ' LONDON)', 'PHD', ' ITALY)']",NEUROMEDICINE SPECIALIST,24,Prime General Hospital & Digital Diagnostic Center,Dhaka,,,,,,,,,,,,,,,,,,,,,
1700,Asst. Prof. Dr. Aminul Islam,"['MBBS', 'MD']",CARDIOLOGIST,22,Prime General Hospital & Digital Diagnostic Center,Dhaka,,,,,,,,,,,,,,,,,,,,,
1701,Dr. Farzana Kabir,"['MBBS', 'FCPS', 'MCPS']",PEDIATRICIAN,18,Lab Science Diagnostics,Dhaka,,,,,,,,,,,,,,,,,,,,,
1702,Prof. Dr. Md. Shafiqul Islam,"['MBBS', 'FCPS']",OPHTHALMOLOGIST,27,Lab Science Diagnostics,Dhaka,,,,,,,,,,,,,,,,,,,,,
1703,Prof. Dr. Fawzia Hossain,"['MBBS', 'MRCOG (UK)', 'MS', 'FIAOG (INDIA)', 'AND DFFP (GLASGOW)']",INFERTILITY SPECIALIST,25,Central Hospital Limited,Dhaka,,,,,,,,,,,,,,,,,,,,,
1704,Dr. Nayana Nazir,"['MBBS', 'FCPS', 'MD']",INTERNAL MEDICINE,10,Apollo Imperial Hospitals,Chittagong,,,,,,,,,,,,,,,,,,,,,
1704,Dr. Nayana Nazir,"['MBBS', 'FCPS', 'MD']",NEPHROLOGIST,10,Apollo Imperial Hospitals,Chittagong,,,,,,,,,,,,,,,,,,,,,
1705,Dr. Md. Zaved Mehedi Hossain,"['MBBS', 'FCPS']",INTERNAL MEDICINE,15,Apollo Imperial Hospitals,Chittagong,,,,,,,,,,,,,,,,,,,,,
1706,Dr. Parijat Biswas,"['MBBS', 'FCPS', 'MCPS', 'MACP']",INTERNAL MEDICINE,12,Apollo Imperial Hospitals,Chittagong,,,,,,,,,,,,,,,,,,,,,
1707,Dr. Mohammad Kamal Uddin,['MS'],INTERNAL MEDICINE,23,Apollo Imperial Hospitals,Chittagong,,,,,,,,,,,,,,,,,,,,,
1708,Dr. Muhammad Mustafizur Rahman,"['MBBS', 'DIPLOMA IN CARDIOLOGY & MRCP (UK)']",INTERNAL MEDICINE,27,Apollo Imperial Hospitals,Chittagong,,,,,,,,,,,,,,,,,,,,,
1708,Dr. Muhammad Mustafizur Rahman,"['MBBS', 'DIPLOMA IN CARDIOLOGY & MRCP (UK)']",CARDIOLOGIST,27,Apollo Imperial Hospitals,Chittagong,,,,,,,,,,,,,,,,,,,,,
1709,Dr. Md. Mostafa,['MBBS'],PSYCHIATRIST,44,Apollo Imperial Hospitals,Chittagong,,,,,,,,,,,,,,,,,,,,,
1710,Dr. Showkat Azad,"['MBBS', 'MD', 'MACP', 'FASN']",NEPHROLOGIST,12,Apollo Imperial Hospitals,Chittagong,,,,,,,,,,,,,,,,,,,,,
1711,Dr. Somen Chowdhury,"['MBBS', 'MACP']",NEUROMEDICINE SPECIALIST,20,Apollo Imperial Hospitals,Chittagong,,,,,,,,,,,,,,,,,,,,,
1712,Prof. Dr. Sujat Paul,['MBBS'],INTERNAL MEDICINE,32,Apollo Imperial Hospitals,Chittagong,,,,,,,,,,,,,,,,,,,,,
1712,Prof. Dr. Sujat Paul,['MBBS'],RHEUMATOLOGIST,32,Apollo Imperial Hospitals,Chittagong,,,,,,,,,,,,,,,,,,,,,
1713,Dr. Moinuddin M Illius,"['MBBS', 'MS']",NEUROSURGEON,24,Apollo Imperial Hospitals,Chittagong,,,,,,,,,,,,,,,,,,,,,
1714,Dr. M Kamal Uddin,"['MBBS', 'MS']",NEUROSURGEON,15,Apollo Imperial Hospitals,Chittagong,,,,,,,,,,,,,,,,,,,,,
1715,Prof. Dr. Anupam Barua,"['MBBS', 'MD']",INTERNAL MEDICINE,30,Apollo Imperial Hospitals,Chittagong,,,,,,,,,,,,,,,,,,,,,
1715,Prof. Dr. Anupam Barua,"['MBBS', 'MD']",HEMATOLOGIST,30,Apollo Imperial Hospitals,Chittagong,,,,,,,,,,,,,,,,,,,,,
1716,Mahfuza Afroz Shathi,"['BSC (FOOD & NUTRITION)', 'MS', 'CCD', 'PHD']",NUTRITIONIST,11,Apollo Imperial Hospitals,Chittagong,,,,,,,,,,,,,,,,,,,,,
1717,Dr. Abu Khaled Muhammad Iqbal,"['MBBS', 'BCS', 'MS']",ONCOLOGIST,11,Apollo Imperial Hospitals,Chittagong,,,,,,,,,,,,,,,,,,,,,
1718,Dr. Mohammad Mujibul Haque,"['MBBS', 'MRCP', 'SSC-MED (INTERNAL MEDICINE)']",INTERNAL MEDICINE,41,Apollo Imperial Hospitals,Chittagong,,,,,,,,,,,,,,,,,,,,,
1719,Dr. Bhaskar Chakraborty,"['MBBS', 'FCPS']",ONCOLOGIST,10,Apollo Imperial Hospitals,Chittagong,,,,,,,,,,,,,,,,,,,,,
1720,Dr. Shirajum Munira,"['MBBS', 'FCPS']",HEMATOLOGIST,19,Apollo Imperial Hospitals,Chittagong,,,,,,,,,,,,,,,,,,,,,
1721,Dr. Ali Asgar Chowdhury,"['MBBS', 'FCPS']",ONCOLOGIST,18,Apollo Imperial Hospitals,Chittagong,,,,,,,,,,,,,,,,,,,,,
1722,Prof. Dr. Shahanara Chowdhury,"['MBBS', 'FCPS', 'DM']",GYNECOLOGIST & OBSTETRICIAN,22,Apollo Imperial Hospitals,Chittagong,,,,,,,,,,,,,,,,,,,,,
1723,Dr. Md. Rahim Ullah Chowdhury,"['BDS', 'DDS', 'MCPS', 'MS']",MAXILLOFACIAL AND DENTAL SURGEON,20,Apollo Imperial Hospitals,Chittagong,,,,,,,,,,,,,,,,,,,,,
1724,Dr. Abu Mohammad Sayem,"['MBBS', 'D-ORTHO', 'A.O BASIC']",ORTHOPEDIC SURGEON,20,Apollo Imperial Hospitals,Chittagong,,,,,,,,,,,,,,,,,,,,,
1725,Dr. Sohail Hossain,"['MBBS', 'MD', 'MS']",ORTHOPEDIC SURGEON,23,Apollo Imperial Hospitals,Chittagong,,,,,,,,,,,,,,,,,,,,,
1726,Dr. Ferdousi Begum Neli,"['MBBS', 'DGO', 'FCPS']",GYNECOLOGIST & OBSTETRICIAN,26,Apollo Imperial Hospitals,Chittagong,,,,,,,,,,,,,,,,,,,,,
1727,Dr. Reshma Sharmin,"['MBBS', 'FCPS', 'MRCOG (UK)', 'FMAS & IVF', 'AND ADVANCE IVF COURSE']",GYNECOLOGIST & OBSTETRICIAN,15,Apollo Imperial Hospitals,Chittagong,,,,,,,,,,,,,,,,,,,,,
1728,Dr. Md. Myen Uddin Mozumder,"['MBBS', 'MS', 'BCS', 'FACS']",ORTHOPEDIC SURGEON,20,Apollo Imperial Hospitals,Chittagong,,,,,,,,,,,,,,,,,,,,,
1729,Prof. Dr. Chandan Kumar Das,"['MBBS', 'MS', 'FACS']",ORTHOPEDIC SURGEON,27,Apollo Imperial Hospitals,Chittagong,,,,,,,,,,,,,,,,,,,,,
1730,Dr. Rahat Anjum,"['MBBS', 'MCPS', 'MPH']",PATHOLOGIST,18,Apollo Imperial Hospitals,Chittagong,,,,,,,,,,,,,,,,,,,,,
1731,Dr. Nasrin Chowdhury,"['MBBS', 'MD', 'FCPS']",PATHOLOGIST,20,Apollo Imperial Hospitals,Chittagong,,,,,,,,,,,,,,,,,,,,,
1732,Dr. Mohammad Arman Zaid,"['MBBS', 'DCH', 'MRCP']",PEDIATRICIAN & NEONATOLOGIST,24,Apollo Imperial Hospitals,Chittagong,,,,,,,,,,,,,,,,,,,,,
1733,Dr. ATM Mahmudur Rahman JA Siddique,"['MBBS', 'DIPLOMA IN CHILD HEALTH']",PEDIATRICIAN & NEONATOLOGIST,22,Apollo Imperial Hospitals,Chittagong,,,,,,,,,,,,,,,,,,,,,
1734,Dr. Md. Anwar Hossain,"['MBBS', 'DIPLOMA IN CHILD HEALTH']",PEDIATRICIAN & NEONATOLOGIST,24,Apollo Imperial Hospitals,Chittagong,,,,,,,,,,,,,,,,,,,,,
1735,Dr. Hasan Zahid,"['MBBS', 'DIPLOMA IN CHILD HEALTH']",PEDIATRICIAN,32,Apollo Imperial Hospitals,Chittagong,,,,,,,,,,,,,,,,,,,,,
1736,Dr. Faisal Ahmed,"['MBBS', 'MD', 'MRCP', 'RCPCH']",PEDIATRICIAN,28,Apollo Imperial Hospitals,Chittagong,,,,,,,,,,,,,,,,,,,,,
1737,Prof. Dr. Rasheda Samad,"['MBBS', 'FCPS']",PEDIATRICIAN,26,Apollo Imperial Hospitals,Chittagong,,,,,,,,,,,,,,,,,,,,,
1738,Prof. Dr. Dr. SK Azimul Hoq,"['MBBS', 'MD']",PEDIATRIC NEUROLOGIST,28,Apollo Imperial Hospitals,Chittagong,,,,,,,,,,,,,,,,,,,,,
1739,Dr. Adnan Walid,"['MBBS', 'MS']",PEDIATRIC SURGEON,19,Apollo Imperial Hospitals,Chittagong,,,,,,,,,,,,,,,,,,,,,
1740,Dr. Jahangir Alam Chowdhury,"['MBBS', 'FCPS']",PHYSICAL MEDICINE,21,Apollo Imperial Hospitals,Chittagong,,,,,,,,,,,,,,,,,,,,,
1741,Dr. Mobinul A Chowdhury,"['MBBS', 'MPH']",RADIOLOGIST,20,Apollo Imperial Hospitals,Chittagong,,,,,,,,,,,,,,,,,,,,,
1742,Dr. Mahin Binte Anowar,"['MBBS', 'MD']",RADIOLOGIST,15,Apollo Imperial Hospitals,Chittagong,,,,,,,,,,,,,,,,,,,,,
1743,Dr. Saroj Kanti Chowdhury,"['MBBS', 'FCPS', 'MCPS', 'MD']",RESPIRATORY SPECIALIST,16,Apollo Imperial Hospitals,Chittagong,,,,,,,,,,,,,,,,,,,,,
1744,Dr. Md. Didarul Alam,"['MBBS', 'FCPS', 'MD']",RESPIRATORY SPECIALIST,17,Apollo Imperial Hospitals,Chittagong,,,,,,,,,,,,,,,,,,,,,
1745,Dr. Mohammad Zakir Hossain Bhuiyan,"['MBBS', 'BCS', 'MCPS', 'MS', 'FMAS (INDIA)']",THORACIC SURGEON,19,Apollo Imperial Hospitals,Chittagong,,,,,,,,,,,,,,,,,,,,,
1746,Prof. Dr. Mohammed Hasan Meah,"['MBBS', 'MS']",UROLOGIST,35,Apollo Imperial Hospitals,Chittagong,,,,,,,,,,,,,,,,,,,,,
1747,Dr. Dil Anziz Begum,"['MBBS', 'MS', 'MCPS', ' GYNECOLOGY)']",GYNECOLOGIST & OBSTETRICIAN,22,Apollo Imperial Hospitals,Chittagong,,,,,,,,,,,,,,,,,,,,,
1748,Assoc. Prof. Dr. Shahanaj Sharmin,"['MBBS', 'MCPS', 'FCPS', 'MS']",GYNECOLOGIST & OBSTETRICIAN,16,Apollo Imperial Hospitals,Chittagong,,,,,,,,,,,,,,,,,,,,,
1749,Prof. Dr. Md. Monowar-Ul-Haque Shamim,"['MBBS', 'MS', 'FACS (USA)']",UROLOGIST,29,Apollo Imperial Hospitals,Chittagong,,,,,,,,,,,,,,,,,,,,,
1750,Dr. Shirin Fatema,"['MBBS', 'FCPS', 'MCPS', 'DGO']",GYNECOLOGIST & OBSTETRICIAN,26,Apollo Imperial Hospitals,Chittagong,,,,,,,,,,,,,,,,,,,,,
1751,Dr. Md. Mazharul Hoq,"['MBBS', 'FCPS', 'MS']",SURGEON,26,Apollo Imperial Hospitals,Chittagong,,,,,,,,,,,,,,,,,,,,,
1751,Dr. Md. Mazharul Hoq,"['MBBS', 'FCPS', 'MS']",UROLOGIST,26,Apollo Imperial Hospitals,Chittagong,,,,,,,,,,,,,,,,,,,,,
1752,Dr. Md. Nurul Amin Bhuiyan,"['MBBS', 'FCPS', 'FACS(USA)', 'FMAS (INDIA)']",GENERAL SURGEON,11,Apollo Imperial Hospitals,Chittagong,,,,,,,,,,,,,,,,,,,,,
1753,Asst. Prof. Dr. Md. Saiful Islam Raju,"['MBBS', 'MS']",HEPATOBILIARY SURGEON,11,Apollo Imperial Hospitals,Chittagong,,,,,,,,,,,,,,,,,,,,,
1754,Dr. Jasmin Begum,"['MBBS', 'FCPS']",GENERAL SURGEON,10,Apollo Imperial Hospitals,Chittagong,,,,,,,,,,,,,,,,,,,,,
1755,Dr. Lt. Col. Sohel Ahmed,"['MBBS', 'FCPS', 'FACS (USA)']",GENERAL SURGEON,12,Apollo Imperial Hospitals,Chittagong,,,,,,,,,,,,,,,,,,,,,
1755,Dr. Lt. Col. Sohel Ahmed,"['MBBS', 'FCPS', 'FACS (USA)']",COLORECTAL & LAPAROSCOPIC SURGEON,12,Apollo Imperial Hospitals,Chittagong,,,,,,,,,,,,,,,,,,,,,
1756,Dr. Lt. Col. Nasima Akhter,"['MBBS', 'FCPS']",GENERAL SURGEON,10,Apollo Imperial Hospitals,Chittagong,,,,,,,,,,,,,,,,,,,,,
1756,Dr. Lt. Col. Nasima Akhter,"['MBBS', 'FCPS']",COLORECTAL & LAPAROSCOPIC SURGEON,10,Apollo Imperial Hospitals,Chittagong,,,,,,,,,,,,,,,,,,,,,
1757,Dr. Pradip Kumar Nath,"['MBBS', 'BCS', 'FCPS', 'FACS (USA)', 'FMAS (INDIA)', 'DM', 'FMAS (INDIA)']",GENERAL SURGEON,9,Apollo Imperial Hospitals,Chittagong,,,,,,,,,,,,,,,,,,,,,
1758,Asst. Prof. Dr. Dr. Rashedul Hasan,"['MBBS', 'FACS', 'FCPS']",GENERAL SURGEON,20,Apollo Imperial Hospitals,Chittagong,,,,,,,,,,,,,,,,,,,,,
1759,Asst. Prof. Dr. Md. Ahsanul Abedin,"['MBBS', 'MCPS', 'FCPS']",GENERAL SURGEON,20,Apollo Imperial Hospitals,Chittagong,,,,,,,,,,,,,,,,,,,,,
1760,Dr. ATM Mohiuddin Chowdhury,"['MBBS', 'CCD', 'MMED', 'MD']",GASTROENTEROLOGIST,19,Apollo Imperial Hospitals,Chittagong,,,,,,,,,,,,,,,,,,,,,
1761,Asst. Prof. Dr. Dr. Syed Md. Tipu Sultan,"['MBBS', 'DLO', 'MCPS', 'MS']",OTOLARYNGOLOGISTS (ENT),21,Apollo Imperial Hospitals,Chittagong,,,,,,,,,,,,,,,,,,,,,
1762,Dr. Major (Retd) Md. Rezaul Karim,"['MBBS', 'MS', 'PHD']",OTOLARYNGOLOGISTS (ENT),20,Apollo Imperial Hospitals,Chittagong,,,,,,,,,,,,,,,,,,,,,
1763,Prof. Dr. Md. Mahbubul Alam Chowdhury,"['MBBS', 'MCPS', 'DLO']",OTOLARYNGOLOGISTS (ENT),25,Apollo Imperial Hospitals,Chittagong,,,,,,,,,,,,,,,,,,,,,
1764,Prof. Dr. Md. Shahidullah Sikder,"['MBBS', 'MD', 'FRCP']",DERMATOLOGIST,27,Lab Science Diagnostics,Dhaka,,,,,,,,,,,,,,,,,,,,,
1765,Dr. Mohammed Fazle Rabbi,"['MBBS', 'BCS', 'MD', 'CCD']",PULMONOLOGIST,15,Lab Science Diagnostics,Dhaka,,,,,,,,,,,,,,,,,,,,,
1766,Dr. Md. Abdullah Al Maruf,"['MBBS', 'MD', 'BCS']",ONCOLOGIST,13,Lab Science Diagnostics,Dhaka,,,,,,,,,,,,,,,,,,,,,
1767,Dr. Tonmoy Biswas,"['MBBS', 'MRCP', 'MBGPH', 'FRSPH (UK)']",ONCOLOGIST,16,Lab Science Diagnostics,Dhaka,,,,,,,,,,,,,,,,,,,,,
1768,Dr. Nahid Naznin Rinky,"['MBBS', 'BCS', 'FCPS']",ONCOLOGIST,19,Lab Science Diagnostics,Dhaka,,,,,,,,,,,,,,,,,,,,,
1769,Dr. Suraiya Khanam,"['MBBS', 'DGO', 'MS', 'FCPS']",GYNECOLOGIST & OBSTETRICIAN,26,Lab Science Diagnostics,Dhaka,,,,,,,,,,,,,,,,,,,,,
1770,Dr. Sumona Parvin,"['MBBS', 'BCS', 'MS', 'MCPS', 'FCPS', 'MRCOG- ENGLAND (PART III)']",GYNECOLOGIST & OBSTETRICIAN,22,Lab Science Diagnostics,Dhaka,,,,,,,,,,,,,,,,,,,,,
1771,Asst. Prof. Dr. Habibur Rahman Palash,"['MBBS', 'DLO', 'MS']",OTOLARYNGOLOGISTS (ENT),25,Lab Science Diagnostics,Dhaka,,,,,,,,,,,,,,,,,,,,,
1772,Asst. Prof. Dr. Shahryar Ahmad Milan,"['MBBS', 'BCS', 'DEM']",ENDOCRINOLOGIST,23,Apollo Imperial Hospitals,Chittagong,,,,,,,,,,,,,,,,,,,,,
1772,Asst. Prof. Dr. Shahryar Ahmad Milan,"['MBBS', 'BCS', 'DEM']",DIABETOLOGIST,23,Apollo Imperial Hospitals,Chittagong,,,,,,,,,,,,,,,,,,,,,
1773,Dr. Ashraf Uddin khan,"['MBBS', 'FCPS', 'FMAS (INDIA)']",SURGEON,24,Lab Science Diagnostics,Dhaka,,,,,,,,,,,,,,,,,,,,,
1774,Dr. Nusrat Sultana,"['MBBS', 'DDV']",DERMATOLOGIST,13,Apollo Imperial Hospitals,Chittagong,,,,,,,,,,,,,,,,,,,,,
1775,Dr. S. K. Murad Ahmed,"['MBBS', 'D-ORTHO', 'AO BASIC (TRAUMA)']",ORTHOPEDIST,22,Lab Science Diagnostics,Dhaka,,,,,,,,,,,,,,,,,,,,,
1776,Dr. Kazi Anwar Ali,"['MBBS', 'DDV']",DERMATOLOGIST,10,Apollo Imperial Hospitals,Chittagong,,,,,,,,,,,,,,,,,,,,,
1777,Dr. Wayez Mahbub Sanil,"['MBBS', 'MS']",ORTHOPEDIC SURGEON,20,Lab Science Diagnostics,Dhaka,,,,,,,,,,,,,,,,,,,,,
1778,Dr. Md. Manjurul Karim,"['MBBS', 'MS', 'DD-DERMATOLOGY (BANGKOK)']",DERMATOLOGIST,10,Apollo Imperial Hospitals,Chittagong,,,,,,,,,,,,,,,,,,,,,
1779,Dr. S. M. Ali Ahsan,"['BDS', 'PHD']",DENTIST,15,Apollo Imperial Hospitals,Chittagong,,,,,,,,,,,,,,,,,,,,,
1780,Dr. Md. Zahidul Alam Ziko,"['MBBS', 'MD']",CRITICAL CARE SPECIALIST,15,Apollo Imperial Hospitals,Chittagong,,,,,,,,,,,,,,,,,,,,,
1781,Dr. Md. Suman Shikder,"['MBBS', 'DA']",CARDIAC SURGEON,15,Apollo Imperial Hospitals,Chittagong,,,,,,,,,,,,,,,,,,,,,
1782,Dr. Kazi Saiful Islam Shakil,"['MBBS', 'BCS', 'DLO']",OTOLARYNGOLOGISTS (ENT),19,Lab Science Diagnostics,Dhaka,,,,,,,,,,,,,,,,,,,,,
1783,Asst. Prof. Dr. Mohammad Ziaur Rahman,"['MBBS', 'MS']",CARDIAC SURGEON,25,Apollo Imperial Hospitals,Chittagong,,,,,,,,,,,,,,,,,,,,,
1784,Dr. Riashat Azim Majumder,"['MBBS', 'MS']",OTOLARYNGOLOGISTS (ENT),17,Lab Science Diagnostics,Dhaka,,,,,,,,,,,,,,,,,,,,,
1785,Prof. Dr. M. A. Rouf,"['MBBS', 'FCPS', 'D-CARD', 'MD', 'DTCD', 'DTM&H (BANGKOK)', 'FRSTM (UK)']",CARDIOLOGIST,25,Apollo Imperial Hospitals,Chittagong,,,,,,,,,,,,,,,,,,,,,
1786,Dr. farzana kabir,"['MBBS', 'FCPS', 'MCPS']",PEDIATRICIAN,17,Lab Science Diagnostics,Dhaka,,,,,,,,,,,,,,,,,,,,,
1787,Asst. Prof. Dr. Shahimur Parvez,"['MBBS', 'D-CARD', 'FCPS']",CARDIOLOGIST,19,Lab Science Diagnostics,Dhaka,,,,,,,,,,,,,,,,,,,,,
1788,Asst. Prof. Dr. Arifin Islam Lita,"['MBBS', 'FCPS']",MEDICINE SPECIALIST,15,Lab Science Diagnostics,Dhaka,,,,,,,,,,,,,,,,,,,,,
1789,Dr. Rajiv Das,"['MBBS', 'CCD', 'MD']",NEUROLOGIST,14,Lab Science Diagnostics,Dhaka,,,,,,,,,,,,,,,,,,,,,
1790,Asst. Prof. Dr. Tarun Kanti Sarker,"['MBBS', 'MD', 'BCS']",NEUROLOGIST,19,Lab Science Diagnostics,Dhaka,,,,,,,,,,,,,,,,,,,,,
1791,Prof. Dr. Md. Shabbir Rahman,"['MBBS', 'DPM (DU)']",PSYCHIATRIST,31,Lab Science Diagnostics,Dhaka,,,,,,,,,,,,,,,,,,,,,
1792,Dr. Abu Sayem Mohammed Omar Faroque,"['MBBS', 'BCS', 'MD', 'CERTIFIED IN DIABETOLOGY (BIRDEM)']",CARDIOLOGIST,16,Apollo Imperial Hospitals,Chittagong,,,,,,,,,,,,,,,,,,,,,
1793,Dr. Biplab Bhattacharjee,"['MBBS', 'D-CARD', 'MD']",CARDIOLOGIST,30,Apollo Imperial Hospitals,Chittagong,,,,,,,,,,,,,,,,,,,,,
1794,Dr. Shaifur Rahman Shohel,"['MBBS', 'D-CARD']",CARDIOLOGIST,25,Apollo Imperial Hospitals,Chittagong,,,,,,,,,,,,,,,,,,,,,
1795,Dr. Atiqur Rahman,"['MBBS', 'MCPS', 'FCPS']",ANESTHESIOLOGIST,24,Apollo Imperial Hospitals,Chittagong,,,,,,,,,,,,,,,,,,,,,
1796,Prof. Dr. Maswood Ahmed,"['MBBS', 'MCPS', 'DA', 'FCCS (CRITICAL CARE MEDICINE)']",ANESTHESIOLOGIST,27,Apollo Imperial Hospitals,Chittagong,,,,,,,,,,,,,,,,,,,,,
1797,Assoc. Prof. Dr. Asif Moazzam Barkatullah,"['MBBS', 'MS']",NEUROSURGEON,19,Central Hospital Limited,Dhaka,,,,,,,,,,,,,,,,,,,,,
1798,Assoc. Prof. Dr. Amir Mohammad Khan,"['MBBS', 'MS']",NEUROSURGEON,18,Central Hospital Limited,Dhaka,,,,,,,,,,,,,,,,,,,,,
1799,Dr. Md. Rashedul Hasan,"['MBBS', 'BCS', 'D-CARD']",CARDIOLOGIST,14,Central Hospital Limited,Dhaka,,,,,,,,,,,,,,,,,,,,,
1800,Dr. Md. Anowarul Hasan,"['MBBS', 'BCS', 'DDV']",DERMATOLOGIST,18,Central Hospital Limited,Dhaka,,,,,,,,,,,,,,,,,,,,,
1801,Asst. Prof. Dr. Md. Murshed Ahmed Khan,"['MBBS', 'MD', 'MACP', 'MACE']",ENDOCRINOLOGIST,18,Central Hospital Limited,Dhaka,,,,,,,,,,,,,,,,,,,,,
1802,Dr. Shamsunnahar Nahid,"['MS', 'PGT', 'CERTIFIED TRAINEE (IDF)']",NUTRITIONIST,10,Central Hospital Limited,Dhaka,,,,,,,,,,,,,,,,,,,,,
1803,Prof. Dr. Md. Abu Hanif,"['MBBS', 'DLO', 'FCPS', 'MICRO-EAR SURGERY (BOMBAY)', 'FESS (DELHI)']",OTOLARYNGOLOGISTS (ENT),28,Central Hospital Limited,Dhaka,,,,,,,,,,,,,,,,,,,,,
1804,Prof. Dr. Maj Gen (Retd.) M.A. Moyeed Siddiqui,"['MBBS', 'MCPS', 'FRCP', 'FCPS', 'FCPS', 'FACP']",GASTROENTEROLOGIST,28,Central Hospital Limited,Dhaka,,,,,,,,,,,,,,,,,,,,,
1805,Asst. Prof. Dr. Farhad Hossain,"['MBBS', 'BCS', 'MD']",GASTROENTEROLOGIST,18,Central Hospital Limited,Dhaka,,,,,,,,,,,,,,,,,,,,,
1805,Asst. Prof. Dr. Farhad Hossain,"['MBBS', 'BCS', 'MD']",HEPATOLOGIST,18,Central Hospital Limited,Dhaka,,,,,,,,,,,,,,,,,,,,,
1806,Prof. Dr. Sameena Chowdhury,"['MBBS', 'MCPS', 'FCPS', 'FICS', 'FICMCH', 'DHR QUALIFIED (UK)']",GYNECOLOGIST & OBSTETRICIAN,28,Central Hospital Limited,Dhaka,,,,,,,,,,,,,,,,,,,,,
1807,Prof. Dr. Nazma Hoque,"['MBBS', 'DGO', 'FCPS']",GYNECOLOGIST & OBSTETRICIAN,23,Central Hospital Limited,Dhaka,,,,,,,,,,,,,,,,,,,,,
1808,Prof. Dr. Jesmin Ara Begum,"['MBBS', 'FCPS', 'MCPS', 'MS']",GYNECOLOGIST & OBSTETRICIAN,25,Central Hospital Limited,Dhaka,,,,,,,,,,,,,,,,,,,,,
1809,Dr. Laila Anjuman Banu Meghla,"['MBBS', 'FCPS']",GYNECOLOGIST & OBSTETRICIAN,16,Central Hospital Limited,Dhaka,,,,,,,,,,,,,,,,,,,,,
1810,Assoc. Prof. Dr. Masuda Farida Akter Mili,"['MBBS', 'FCPS']",GYNECOLOGIST & OBSTETRICIAN,15,Central Hospital Limited,Dhaka,,,,,,,,,,,,,,,,,,,,,
1811,Asst. Prof. Dr. Abida Sultana,"['MBBS', 'FCPS', 'MS']",GYNECOLOGIST & OBSTETRICIAN,19,Central Hospital Limited,Dhaka,,,,,,,,,,,,,,,,,,,,,
1812,Assoc. Prof. Dr. Md. Faruk Hossain,"['MBBS', 'MCPS', 'FCPS']",PSYCHIATRIST,23,NIRAMOY Hospital,Dhaka,,,,,,,,,,,,,,,,,,,,,
1813,Assoc. Prof. Dr. Niaz Mohammad Khan,"['MBBS', 'BCS', 'FCPS', 'MD']",PSYCHIATRIST,19,NIRAMOY Hospital,Dhaka,,,,,,,,,,,,,,,,,,,,,
1814,Asst. Prof. Dr. Asma Ul Hosna Lucky,"['MBBS', 'MS']",GYNECOLOGIST & OBSTETRICIAN,20,Central Hospital Limited,Dhaka,,,,,,,,,,,,,,,,,,,,,
1815,Dr. Farhana Ahmed Nancy,"['MBBS', 'BCS', ' MCPS)', 'MPH']",GYNECOLOGIST & OBSTETRICIAN,18,Central Hospital Limited,Dhaka,,,,,,,,,,,,,,,,,,,,,
1816,Dr. Romela Mirza,"['MBBS', 'DGO']",GYNECOLOGIST & OBSTETRICIAN,13,Central Hospital Limited,Dhaka,,,,,,,,,,,,,,,,,,,,,
1817,Prof. Dr. Tazul Islam,"['MBBS', 'FCPS']",PSYCHIATRIST,29,NIRAMOY Hospital,Dhaka,,,,,,,,,,,,,,,,,,,,,
1818,Dr. Rehana Akter,"['MBBS', 'DGO', 'MCPS']",GYNECOLOGIST & OBSTETRICIAN,14,Central Hospital Limited,Dhaka,,,,,,,,,,,,,,,,,,,,,
1819,Dr. Maj Afroza Kanum (Retir.),"['MBBS', 'DGO']",GYNECOLOGIST & OBSTETRICIAN,20,Central Hospital Limited,Dhaka,,,,,,,,,,,,,,,,,,,,,
1820,Prof. Dr. Waziul Alam Chowdhury,"['MBBS', 'MACP', 'FCPS']",PSYCHIATRIST,28,NIRAMOY Hospital,Dhaka,,,,,,,,,,,,,,,,,,,,,
1821,Prof. Dr. Setara Binta Kashim,"['MBBS', 'FCPS', 'DGO', 'MS', 'BCS']",GYNECOLOGIST & OBSTETRICIAN,27,Central Hospital Limited,Dhaka,,,,,,,,,,,,,,,,,,,,,
1822,Prof. Dr. Muhammed Atiqur Rahman,"['MBBS', 'MD', 'FCCP']",PULMONOLOGIST,22,Central Hospital Limited,Dhaka,,,,,,,,,,,,,,,,,,,,,
1823,Prof. Dr. Md. Golam Rabbani,"['MBBS', 'FCPS']",PSYCHIATRIST,27,NIRAMOY Hospital,Dhaka,,,,,,,,,,,,,,,,,,,,,
1824,Dr. Brig. Gen Dr. Md. Rahimgir,"['MBBS', 'MCPS', 'FCPS', 'MMED']",PATHOLOGIST,23,Surecell Medical BD Ltd.,Dhaka,,,,,,,,,,,,,,,,,,,,,
1825,Md. Moniruzzaman Khan,"['BPT (NITOR-DU)', 'MS', 'PGD (SPORTS SCIENCE', ' BKSP)']",PHYSIOTHERAPIST,12,Surecell Medical BD Ltd.,Dhaka,,,,,,,,,,,,,,,,,,,,,
1826,Pragga Saha,"['BSC (HONS.)', 'MS', ' DU)', 'MPH']",NUTRITIONIST,10,Surecell Medical BD Ltd.,Dhaka,,,,,,,,,,,,,,,,,,,,,
1827,Shabnam Mostafa,"['M.PHIL', ' DU)', 'B. SC (FOOD AND NUTRITION', ' KU)']",NUTRITIONIST,10,Surecell Medical BD Ltd.,Dhaka,,,,,,,,,,,,,,,,,,,,,
1828,Dr. Nabanita Chakraborty,"['BDS', 'MPH', 'FICD']",DENTIST,13,Surecell Medical BD Ltd.,Dhaka,,,,,,,,,,,,,,,,,,,,,
1829,Dr. GKM Rifatullah,"['BDS', 'MPH', 'FICD']",DENTIST,12,Surecell Medical BD Ltd.,Dhaka,,,,,,,,,,,,,,,,,,,,,
1830,Dr. Rayhan Shahidullah,"['MBBS', 'PGT']",INTERNAL MEDICINE SPECIALIST,12,Surecell Medical BD Ltd.,Dhaka,,,,,,,,,,,,,,,,,,,,,
1831,Dr. Abur Khayer,"['MBBS', 'PGT', 'CCD', 'DIPLOMA IN INTERNAL MEDICINE (USA)']",MEDICINE SPECIALIST,22,Surecell Medical BD Ltd.,Dhaka,,,,,,,,,,,,,,,,,,,,,
1831,Dr. Abur Khayer,"['MBBS', 'PGT', 'CCD', 'DIPLOMA IN INTERNAL MEDICINE (USA)']",DIABETES SPECIALIST,22,Surecell Medical BD Ltd.,Dhaka,,,,,,,,,,,,,,,,,,,,,
1832,Prof. Dr. Sabera Khatun,"['MBBS', 'FCPS', 'FICS', 'AND FELLOW IN GYNE ONCOLOGY (UK & SG)']",GYNECOLOGIST & OBSTETRICIAN,27,Central Hospital Limited,Dhaka,,,,,,,,,,,,,,,,,,,,,
1833,Asst. Prof. Dr. Ishtiaq Mosharraf,"['MBBS', 'BCS', 'MD']",NEPHROLOGIST,16,Central Hospital Limited,Dhaka,,,,,,,,,,,,,,,,,,,,,
1834,Dr. Md. Monir-Uz-Zaman,"['MBBS', 'FRCP', 'WHO FELLOW (SINGAPORE)']",MEDICINE SPECIALIST,13,Central Hospital Limited,Dhaka,,,,,,,,,,,,,,,,,,,,,
1835,Asst. Prof. Dr. Shahnoor Sharmin Munni,"['MBBS', 'MCPS', 'FCPS', 'MD']",MEDICINE SPECIALIST,17,Central Hospital Limited,Dhaka,,,,,,,,,,,,,,,,,,,,,
1835,Asst. Prof. Dr. Shahnoor Sharmin Munni,"['MBBS', 'MCPS', 'FCPS', 'MD']",CARDIOLOGIST,17,Central Hospital Limited,Dhaka,,,,,,,,,,,,,,,,,,,,,
1836,Prof. Dr. ABM Shahidul Alam,"['MBBS', 'MCPS', 'DCH', 'FCPS']",PEDIATRICIAN,24,Central Hospital Limited,Dhaka,,,,,,,,,,,,,,,,,,,,,
1837,Prof. Dr. M. A. Afzal Bhuiyan,"['MBBS', 'DCH', 'MRCP']",PEDIATRICIAN,22,Central Hospital Limited,Dhaka,,,,,,,,,,,,,,,,,,,,,
1838,Prof. Dr. Manisha Banerjee,"['MBBS', 'MD', 'MD']",PEDIATRICIAN,22,Central Hospital Limited,Dhaka,,,,,,,,,,,,,,,,,,,,,
1839,Assoc. Prof. Dr. Md. Ismail Hossain,"['MBBS', 'MD']",PEDIATRICIAN,19,Central Hospital Limited,Dhaka,,,,,,,,,,,,,,,,,,,,,
1840,Dr. Raihan Anwar,"['MBBS', 'MS']",PLASTIC SURGEON,15,Surecell Medical BD Ltd.,Dhaka,,,,,,,,,,,,,,,,,,,,,
1841,Dr. Md. Muntasir Islam,"['MBBS', 'MS']",DERMATOLOGIST,15,Surecell Medical BD Ltd.,Dhaka,,,,,,,,,,,,,,,,,,,,,
1842,Dr. AKM Mohiuddin,"['MBBS', 'MS']",ORTHOPEDIST,19,Surecell Medical BD Ltd.,Dhaka,,,,,,,,,,,,,,,,,,,,,
1843,Dr. Tanvir Rahman,"['MBBS', 'MD', 'CCD']",NEPHROLOGIST,28,Centre for Kidney Diseases & Urology Hospital,Dhaka,,,,,,,,,,,,,,,,,,,,,
1844,Dr. Ummay Habiba Ferdouci,"['MBBS', 'BCS', 'FCPS']",CARDIOLOGIST,17,Centre for Kidney Diseases & Urology Hospital,Dhaka,,,,,,,,,,,,,,,,,,,,,
1845,Dr. Md. Touhid Belal Tapan,"['MBBS', 'FCPS']",UROLOGIST,16,Centre for Kidney Diseases & Urology Hospital,Dhaka,,,,,,,,,,,,,,,,,,,,,
1846,Dr. S.M.A. Rahman,"['MBBS', 'PHD', 'AST (JAPAN)']",UROLOGIST,18,Centre for Kidney Diseases & Urology Hospital,Dhaka,,,,,,,,,,,,,,,,,,,,,
1847,Dr. Md. Shaheen,"['MBBS', 'BCS', 'MS']",PLASTIC SURGEON,15,Doctors Clinic & Hospital Ltd.,Dhaka,,,,,,,,,,,,,,,,,,,,,
1848,Dr. Md. Mostafizur Rahman,"['MBBS', 'FCPS', 'PHD']",NEPHROLOGIST,18,Comfort Diagnostic Center (Pvt.) Ltd | Dhanmondi,Dhaka,,,,,,,,,,,,,,,,,,,,,
1849,Dr. S M Rashedul Bari Rasel,"['MBBS', 'PGT']",NEUROSURGEON,17,Doctors Clinic & Hospital Ltd.,Dhaka,,,,,,,,,,,,,,,,,,,,,
1850,Asst. Prof. Dr. AKM Enamul Haque,"['MBBS', 'BCS', 'D-CARD', 'M-CARD (COURSE)', 'CCD']",CARDIOLOGIST,19,Doctors Clinic & Hospital Ltd.,Dhaka,,,,,,,,,,,,,,,,,,,,,
1851,Assoc. Prof. Dr. S K Saha,"['MBBS', 'MD']",GASTROENTEROLOGIST,26,Doctors Clinic & Hospital Ltd.,Dhaka,,,,,,,,,,,,,,,,,,,,,
1852,Asst. Prof. Dr. Shakhawat Alam,"['MBBS', 'FCPS']",PEDIATRICIAN,16,Central Hospital Limited,Dhaka,,,,,,,,,,,,,,,,,,,,,
1853,Dr. Sujit Kumar Roy,"['MBBS', 'DCH']",PEDIATRICIAN,11,Central Hospital Limited,Dhaka,,,,,,,,,,,,,,,,,,,,,
1854,Dr. Pradip Malakar,"['MBBS', 'BCS', 'MCPS', 'MD', ' THESIS PART)', 'FCPS', ' FP)', 'CCD']",PEDIATRICIAN,17,Doctors Clinic & Hospital Ltd.,Dhaka,,,,,,,,,,,,,,,,,,,,,
1855,Dr. Prahlad Kumar Pal,"['MBBS', 'BCS', 'D-ORTHO']",ORTHOPEDIC SURGEON,16,Doctors Clinic & Hospital Ltd.,Dhaka,,,,,,,,,,,,,,,,,,,,,
1856,Asst. Prof. Dr. Badius Salam Riad,"['MBBS', 'MPH']",ONCOLOGIST,23,Doctors Clinic & Hospital Ltd.,Dhaka,,,,,,,,,,,,,,,,,,,,,
1857,Dr. Tanvir Haydar Chowdhury,"['MBBS', 'D-ORTHO']",ORTHOPEDIC SURGEON,17,Doctors Clinic & Hospital Ltd.,Dhaka,,,,,,,,,,,,,,,,,,,,,
1858,Dr. Omar Siddiqui,"['MBBS', 'FCPS']",GENERAL SURGEON,17,Doctors Clinic & Hospital Ltd.,Dhaka,,,,,,,,,,,,,,,,,,,,,
1858,Dr. Omar Siddiqui,"['MBBS', 'FCPS']",COLORECTAL & LAPAROSCOPIC SURGEON,17,Doctors Clinic & Hospital Ltd.,Dhaka,,,,,,,,,,,,,,,,,,,,,
1859,Prof. Dr. Firoz Ahmed Khan,"['MBBS', 'DM', 'MPH']",DERMATOLOGIST,28,Doctors Clinic & Hospital Ltd.,Dhaka,,,,,,,,,,,,,,,,,,,,,
1859,Prof. Dr. Firoz Ahmed Khan,"['MBBS', 'DM', 'MPH']",MEDICINE SPECIALIST,28,Doctors Clinic & Hospital Ltd.,Dhaka,,,,,,,,,,,,,,,,,,,,,
1860,Asst. Prof. Dr. Md. Harishuddin,"['MBBS', 'MS']",UROLOGIST,22,Doctors Clinic & Hospital Ltd.,Dhaka,,,,,,,,,,,,,,,,,,,,,
1861,Prof. Dr. Md. Imnul Islam Imon,"['MBBS', 'FCPS', 'MD']",PEDIATRICIAN,24,Central Hospital Limited,Dhaka,,,,,,,,,,,,,,,,,,,,,
1862,Asst. Prof. Dr. Sadika Kader,"['MBBS', 'MD']",PEDIATRICIAN,17,Central Hospital Limited,Dhaka,,,,,,,,,,,,,,,,,,,,,
1863,Dr. Tauba Sultana,"['MBBS', 'PGT', 'DCH']",PEDIATRICIAN,10,Central Hospital Limited,Dhaka,,,,,,,,,,,,,,,,,,,,,
1864,Prof. Dr. Md. Zahid Hussain,"['MBBS', 'FCPS', 'MD', 'MD']",PEDIATRIC CARDIOLOGIST,22,Central Hospital Limited,Dhaka,,,,,,,,,,,,,,,,,,,,,
1865,Assoc. Prof. Dr. Madhusudan Paul,"['MBBS', 'MS']",PEDIATRICIAN,20,Central Hospital Limited,Dhaka,,,,,,,,,,,,,,,,,,,,,
1865,Assoc. Prof. Dr. Madhusudan Paul,"['MBBS', 'MS']",ORTHOPEDIST,20,Central Hospital Limited,Dhaka,,,,,,,,,,,,,,,,,,,,,
1866,Prof. Dr. Sajal Majumdar,"['MBBS', 'MS']",PEDIATRIC SURGEON,24,Central Hospital Limited,Dhaka,,,,,,,,,,,,,,,,,,,,,
1867,Prof. Dr. Md. Arifur Rahman,"['MBBS', 'MS']",PEDIATRIC SURGEON,23,Central Hospital Limited,Dhaka,,,,,,,,,,,,,,,,,,,,,
1868,Prof. Dr. Md. Moniruzzaman Khan,"['MBBS', 'FRCP']",PHYSICAL MEDICINE,23,Central Hospital Limited,Dhaka,,,,,,,,,,,,,,,,,,,,,
1869,Asst. Prof. Dr. Md. Mahbubur Rahman Masum,"['MBBS', 'FCPS']",PLASTIC SURGEON,17,Central Hospital Limited,Dhaka,,,,,,,,,,,,,,,,,,,,,
1870,Dr. Mohammad Abul Kalam Azad,"['MBBS', 'MS', 'BCS']",PLASTIC SURGEON,16,Central Hospital Limited,Dhaka,,,,,,,,,,,,,,,,,,,,,
1871,Prof. Dr. Salahuddin Kawser Biplob,"['MBBS', 'M.PHIL', 'MD']",PSYCHIATRIST,24,Central Hospital Limited,Dhaka,,,,,,,,,,,,,,,,,,,,,
1872,Prof. Dr. Motior Rahman,"['MBBS', 'FRCS', 'FACS', 'FICS', 'DIP', 'MS']",GENERAL SURGEON,25,Central Hospital Limited,Dhaka,,,,,,,,,,,,,,,,,,,,,
1873,Prof. Dr. Md. Abdullah-Al-Amin,"['MBBS', 'FCPS', 'FRCS', 'FACS (USA)']",GENERAL SURGEON,24,Central Hospital Limited,Dhaka,,,,,,,,,,,,,,,,,,,,,
1874,Prof. Dr. Md. Kamruzzaman Khan,"['MBBS', 'FCPS', 'MS', 'FACS (USA)', 'SAGES (USA)']",GENERAL SURGEON,25,Central Hospital Limited,Dhaka,,,,,,,,,,,,,,,,,,,,,
1875,Prof. Dr. Md. Burhan Uddin Khan,"['MBBS', 'FCPS', 'MRCS (EDINBURGH)', 'MRCS (UK)', 'FMAS']",GENERAL SURGEON,25,Central Hospital Limited,Dhaka,,,,,,,,,,,,,,,,,,,,,
1876,Prof. Dr. Azfar Uddin Shaikh,"['MBBS', 'MD', 'MS', 'FELLOW IN UROLOGY (USA)']",UROLOGIST,24,Central Hospital Limited,Dhaka,,,,,,,,,,,,,,,,,,,,,
1877,Dr. Md. Waiduzzaman,"['MBBS', 'MS']",UROLOGIST,15,Central Hospital Limited,Dhaka,,,,,,,,,,,,,,,,,,,,,
1878,Prof. Dr. Khandaker Md. Nurul Arifin,"['MBBS', 'MS']",ORTHOPEDIC SURGEON,23,MediLife Diagnostic & Consultation Center | Narayangonj,Narayanganj,,,,,,,,,,,,,,,,,,,,,
1879,Dr. Golam Morshed,"['MBBS', 'CCD', 'DM', 'MCGP', 'PGT']",MEDICINE SPECIALIST,10,MediLife Diagnostic & Consultation Center | Narayangonj,Narayanganj,,,,,,,,,,,,,,,,,,,,,
1880,Dr. Jhuma Saha,"['MBBS', 'DCH']",PEDIATRICIAN & NEONATOLOGIST,15,MediLife Diagnostic & Consultation Center | Narayangonj,Narayanganj,,,,,,,,,,,,,,,,,,,,,
1881,Dr. A. B. M. Manirul Alam,"['MBBS', 'BCS', 'M.PHIL']",RADIOLOGIST,23,MediLife Diagnostic & Consultation Center | Narayangonj,Narayanganj,,,,,,,,,,,,,,,,,,,,,
1882,Dr. Halder Kumar Golap,"['MBBS', 'FCPS', 'FICS (USA)']",GENERAL SURGEON,18,MediLife Diagnostic & Consultation Center | Narayangonj,Narayanganj,,,,,,,,,,,,,,,,,,,,,
1882,Dr. Halder Kumar Golap,"['MBBS', 'FCPS', 'FICS (USA)']",COLORECTAL & LAPAROSCOPIC SURGEON,18,MediLife Diagnostic & Consultation Center | Narayangonj,Narayanganj,,,,,,,,,,,,,,,,,,,,,
1883,Dr. Jannatul Ferdous,"['MBBS', 'BCS', 'FCPS']",GYNECOLOGIST & OBSTETRICIAN,22,MediLife Diagnostic & Consultation Center | Narayangonj,Narayanganj,,,,,,,,,,,,,,,,,,,,,
1883,Dr. Jannatul Ferdous,"['MBBS', 'BCS', 'FCPS']",SURGEON,22,MediLife Diagnostic & Consultation Center | Narayangonj,Narayanganj,,,,,,,,,,,,,,,,,,,,,
1884,Dr. Md. Mushfiqur Rahman Sumon,"['MBBS', 'DLO']",OTOLARYNGOLOGISTS (ENT),18,MediLife Diagnostic & Consultation Center | Narayangonj,Narayanganj,,,,,,,,,,,,,,,,,,,,,
1885,Dr. Md. Abu Kawsar,"['MBBS', 'BCS', 'FCPS', 'FCPS', 'MD', 'PGT']",ANESTHESIOLOGIST,23,MediLife Diagnostic & Consultation Center | Narayangonj,Narayanganj,,,,,,,,,,,,,,,,,,,,,
1885,Dr. Md. Abu Kawsar,"['MBBS', 'BCS', 'FCPS', 'FCPS', 'MD', 'PGT']",CRITICAL CARE SPECIALIST,23,MediLife Diagnostic & Consultation Center | Narayangonj,Narayanganj,,,,,,,,,,,,,,,,,,,,,
1886,Dr. M M Mahmudul Hossain,['MBBS'],GENERAL PHYSICIAN,24,MediLife Diagnostic & Consultation Center | Narayangonj,Narayanganj,,,,,,,,,,,,,,,,,,,,,
1887,Dr. A. S. M. Imran,"['BDS', 'FCPS']",MAXILLOFACIAL AND DENTAL SURGEON,19,MediLife Diagnostic & Consultation Center | Narayangonj,Narayanganj,,,,,,,,,,,,,,,,,,,,,
1888,Dr. Muhammad Zahidul Islam,"['MBBS', 'DDV']",DERMATOLOGIST,21,Super Medical Hospital Ltd.,Dhaka,,,,,,,,,,,,,,,,,,,,,
1889,Dr. Parvez Salman Chowdhury,"['MBBS', 'DDV']",DERMATOLOGIST,26,Super Medical Hospital Ltd.,Dhaka,,,,,,,,,,,,,,,,,,,,,
1890,Dr. Md. Imdadul Haque,"['MBBS', 'DD (THAILAND/JAPAN)', 'FRSH (LONDON)']",DERMATOLOGIST,28,Super Medical Hospital Ltd.,Dhaka,,,,,,,,,,,,,,,,,,,,,
1891,Asst. Prof. Dr. Md. Ashraful Islam,"['MBBS', 'PGT', 'DLO']",OTOLARYNGOLOGISTS (ENT),22,Super Medical Hospital Ltd.,Dhaka,,,,,,,,,,,,,,,,,,,,,
1892,Dr. Muhammad Rafiqul Islam,"['MBBS', 'BCS', 'DLO', 'FCPS']",OTOLARYNGOLOGISTS (ENT),25,Super Medical Hospital Ltd.,Dhaka,,,,,,,,,,,,,,,,,,,,,
1893,Dr. Abdur Rahman Mia,"['MBBS', 'D-ORTHO']",ORTHOPEDIST,19,Super Medical Hospital Ltd.,Dhaka,,,,,,,,,,,,,,,,,,,,,
1894,Dr. Md. Mushfiqur Rahman,"['MBBS', 'BCS', 'D-ORTHO', 'MS']",ORTHOPEDIST,24,Super Medical Hospital Ltd.,Dhaka,,,,,,,,,,,,,,,,,,,,,
1895,Dr. Mohammad Hafiz Al-Ahsad Shohag,"['MBBS', 'BCS', 'D-ORTHO', 'PGT']",ORTHOPEDIST,22,Super Medical Hospital Ltd.,Dhaka,,,,,,,,,,,,,,,,,,,,,
1896,Dr. ATM Abdur Razzak,"['MBBS', 'MPH', 'D-ORTHO']",ORTHOPEDIST,19,Super Medical Hospital Ltd.,Dhaka,,,,,,,,,,,,,,,,,,,,,
1897,Dr. Md. Shamsuddoha Khan Joseph,"['MBBS', 'BCS', 'FCPS', 'FMAS (INDIA)']",GENERAL SURGEON,19,Super Medical Hospital Ltd.,Dhaka,,,,,,,,,,,,,,,,,,,,,
1897,Dr. Md. Shamsuddoha Khan Joseph,"['MBBS', 'BCS', 'FCPS', 'FMAS (INDIA)']",LAPAROSCOPIC SURGEON,19,Super Medical Hospital Ltd.,Dhaka,,,,,,,,,,,,,,,,,,,,,
1898,Dr. Md. Salah Uddin Omar,"['MBBS', 'BCS']",PLASTIC SURGEON,18,Super Medical Hospital Ltd.,Dhaka,,,,,,,,,,,,,,,,,,,,,
1899,Asst. Prof. Dr. Tanveer Rahman,"['MBBS', 'MS']",CARDIOTHORACIC AND VASCULAR SURGEON,21,Super Medical Hospital Ltd.,Dhaka,,,,,,,,,,,,,,,,,,,,,
1900,Asst. Prof. Dr. Md. Raisul Abedin,"['MBBS', 'BCS', 'FCPS']",GENERAL SURGEON,22,Super Medical Hospital Ltd.,Dhaka,,,,,,,,,,,,,,,,,,,,,
1900,Asst. Prof. Dr. Md. Raisul Abedin,"['MBBS', 'BCS', 'FCPS']",LAPAROSCOPIC SURGEON,22,Super Medical Hospital Ltd.,Dhaka,,,,,,,,,,,,,,,,,,,,,
1901,Dr. Md. Kamrul Islam Kajal,"['MBBS', 'BCS', 'FCPS']",GENERAL SURGEON,19,Super Medical Hospital Ltd.,Dhaka,,,,,,,,,,,,,,,,,,,,,
1901,Dr. Md. Kamrul Islam Kajal,"['MBBS', 'BCS', 'FCPS']",LAPAROSCOPIC SURGEON,19,Super Medical Hospital Ltd.,Dhaka,,,,,,,,,,,,,,,,,,,,,
1902,Dr. Tasmina Hossain,"['MBBS', 'FCPS']",GENERAL SURGEON,17,Super Medical Hospital Ltd.,Dhaka,,,,,,,,,,,,,,,,,,,,,
1902,Dr. Tasmina Hossain,"['MBBS', 'FCPS']",LAPAROSCOPIC SURGEON,17,Super Medical Hospital Ltd.,Dhaka,,,,,,,,,,,,,,,,,,,,,
1903,Dr. Fahim Hussain,"['MBBS', 'BCS', 'MS']",UROLOGIST,15,Super Medical Hospital Ltd.,Dhaka,,,,,,,,,,,,,,,,,,,,,
1904,Asst. Prof. Dr. Maruf Ahmed,"['MBBS', 'BCS', 'MS']",UROLOGIST,19,Super Medical Hospital Ltd.,Dhaka,,,,,,,,,,,,,,,,,,,,,
1905,Dr. Md. Raihan Islam,"['MBBS', 'MS']",PEDIATRICIAN & NEONATOLOGIST,22,Super Medical Hospital Ltd.,Dhaka,,,,,,,,,,,,,,,,,,,,,
1906,Dr. Md. Mahfuzar Rahman,"['MBBS', 'MD', 'D. ORTHO']",PEDIATRIC SURGEON,28,Super Medical Hospital Ltd.,Dhaka,,,,,,,,,,,,,,,,,,,,,
1906,Dr. Md. Mahfuzar Rahman,"['MBBS', 'MD', 'D. ORTHO']",ORTHOPEDIST,28,Super Medical Hospital Ltd.,Dhaka,,,,,,,,,,,,,,,,,,,,,
1907,Dr. M. Yusuf,"['MBBS', 'MD']",PEDIATRICIAN & NEONATOLOGIST,28,Super Medical Hospital Ltd.,Dhaka,,,,,,,,,,,,,,,,,,,,,
1908,Asst. Prof. Dr. Md. Rakibul Haque Khan,"['MBBS', 'BCS', 'FCPS', 'MD']",PEDIATRICIAN & NEONATOLOGIST,27,Super Medical Hospital Ltd.,Dhaka,,,,,,,,,,,,,,,,,,,,,
1909,Dr. Md. Shamsul Alam Khan Liton,"['MBBS', 'DTM (SWEDEN)']",GYNECOLOGIST & OBSTETRICIAN,27,Super Medical Hospital Ltd.,Dhaka,,,,,,,,,,,,,,,,,,,,,
1910,Dr. Farhana Sheikh,"['MBBS', 'DGO', 'DM']",GYNECOLOGIST & OBSTETRICIAN,25,Super Medical Hospital Ltd.,Dhaka,,,,,,,,,,,,,,,,,,,,,
1911,Dr. Ferdowsi Sultana,"['MBBS', 'DGO', 'DM']",GYNECOLOGIST & OBSTETRICIAN,26,Super Medical Hospital Ltd.,Dhaka,,,,,,,,,,,,,,,,,,,,,
1912,Dr. Zainab Akhtar,"['MBBS', 'BCS', 'FCPS']",GYNECOLOGIST & OBSTETRICIAN,22,Super Medical Hospital Ltd.,Dhaka,,,,,,,,,,,,,,,,,,,,,
1913,Dr. Rehena Nasrin,"['MBBS', 'BCS', 'FCPS', 'MCPS']",GYNECOLOGIST & OBSTETRICIAN,23,Super Medical Hospital Ltd.,Dhaka,,,,,,,,,,,,,,,,,,,,,
1914,Dr. Rukhshana Khatun,"['MBBS', 'BCS', 'FCPS']",GYNECOLOGIST & OBSTETRICIAN,19,Super Medical Hospital Ltd.,Dhaka,,,,,,,,,,,,,,,,,,,,,
1915,Dr. Mohammad Ruknuzzaman,"['MBBS', 'BCS', 'DEM']",DIABETES SPECIALIST,23,Super Medical Hospital Ltd.,Dhaka,,,,,,,,,,,,,,,,,,,,,
1915,Dr. Mohammad Ruknuzzaman,"['MBBS', 'BCS', 'DEM']",MEDICINE SPECIALIST,23,Super Medical Hospital Ltd.,Dhaka,,,,,,,,,,,,,,,,,,,,,
1915,Dr. Mohammad Ruknuzzaman,"['MBBS', 'BCS', 'DEM']",ENDOCRINOLOGIST,23,Super Medical Hospital Ltd.,Dhaka,,,,,,,,,,,,,,,,,,,,,
1916,Dr. Ranada Prasad Roy,"['MBBS', 'MPH']",ONCOLOGIST,16,Super Medical Hospital Ltd.,Dhaka,,,,,,,,,,,,,,,,,,,,,
1917,Dr. Debashis Sarkar,"['MBBS', 'BCS', 'MD', 'MACP']",GASTROENTEROLOGIST,21,Super Medical Hospital Ltd.,Dhaka,,,,,,,,,,,,,,,,,,,,,
1918,Dr. Md. Shariful Hasan,"['MBBS', 'BCS', 'MD', 'FCPS', 'MRCP', ' PACES)']",GASTROENTEROLOGIST,19,Super Medical Hospital Ltd.,Dhaka,,,,,,,,,,,,,,,,,,,,,
1919,Dr. Md. Hasan Ali,"['MBBS', 'BCS', 'MD', 'FCPS']",NEUROLOGIST,25,Super Medical Hospital Ltd.,Dhaka,,,,,,,,,,,,,,,,,,,,,
1920,Assoc. Prof. Dr. A.S.M. Hasan Ali Masum,"['MBBS', 'MD', 'CCD']",NEUROMEDICINE SPECIALIST,26,Super Medical Hospital Ltd.,Dhaka,,,,,,,,,,,,,,,,,,,,,
1921,Dr. Mohammad Maknunur Rahman Khan,"['MBBS', 'D-CARD']",CARDIOLOGIST,26,Super Medical Hospital Ltd.,Dhaka,,,,,,,,,,,,,,,,,,,,,
1922,Asst. Prof. Dr. Md. Alauddin,"['MBBS', 'BCS', 'MD', 'FCPS']",MEDICINE SPECIALIST,21,Super Medical Hospital Ltd.,Dhaka,,,,,,,,,,,,,,,,,,,,,
1922,Asst. Prof. Dr. Md. Alauddin,"['MBBS', 'BCS', 'MD', 'FCPS']",RESPIRATORY SPECIALIST,21,Super Medical Hospital Ltd.,Dhaka,,,,,,,,,,,,,,,,,,,,,
1923,Dr. Kshitish Chandra Talukdar,"['MBBS', 'BCS', 'FCPS']",MEDICINE SPECIALIST,24,Super Medical Hospital Ltd.,Dhaka,,,,,,,,,,,,,,,,,,,,,
1924,Maj. Dr. Md. Faysal Huda A. M. C.,"['MBBS', 'FCPS']",MEDICINE SPECIALIST,23,Super Medical Hospital Ltd.,Dhaka,,,,,,,,,,,,,,,,,,,,,
1925,Prof. Dr. Md. Nure Alam Khan,"['MBBS', 'BCS', 'FCPS', 'FACP']",MEDICINE SPECIALIST,28,Popular Diagnostic Centre Ltd. | Shyamoli,Dhaka,,,,,,,,,,,,,,,,,,,,,
1926,Dr. Shamsuddoha,"['MBBS', 'MCPS', 'DA']",ANESTHESIOLOGIST,23,Ispahani Islamia Eye Institute and Hospital,Dhaka,,,,,,,,,,,,,,,,,,,,,
1927,Dr. Md. A. Maleque,"['MBBS', 'DA', 'MCPS']",ANESTHESIOLOGIST,27,Ispahani Islamia Eye Institute and Hospital,Dhaka,,,,,,,,,,,,,,,,,,,,,
1928,Dr. Mohammad Mofizur Rahman,"['MBBS', 'FCGP']",CARDIOLOGIST,19,Ispahani Islamia Eye Institute and Hospital,Dhaka,,,,,,,,,,,,,,,,,,,,,
1929,Dr. Md. Tarikul Ahasan,"['MBBS', 'DO']",OPHTHALMOLOGIST,19,Ispahani Islamia Eye Institute and Hospital,Dhaka,,,,,,,,,,,,,,,,,,,,,
1930,Dr. Shifat Toufique,"['MBBS', 'FCPS']",OPHTHALMOLOGIST,17,Ispahani Islamia Eye Institute and Hospital,Dhaka,,,,,,,,,,,,,,,,,,,,,
1931,Dr. Sidratul Muntaha Naznin,"['MBBS', 'MCPS', 'FCPS']",OPHTHALMOLOGIST,20,Ispahani Islamia Eye Institute and Hospital,Dhaka,,,,,,,,,,,,,,,,,,,,,
1932,Dr. Riffat Rashid,"['MBBS', 'MS']",OPHTHALMOLOGIST,18,Ispahani Islamia Eye Institute and Hospital,Dhaka,,,,,,,,,,,,,,,,,,,,,
1933,Dr. Sadia Sultana,"['MBBS', 'FCPS']",OPHTHALMOLOGIST,19,Ispahani Islamia Eye Institute and Hospital,Dhaka,,,,,,,,,,,,,,,,,,,,,
1934,Dr. Md. Fahim Hossain,"['MBBS', 'DO']",OPHTHALMOLOGIST,15,Ispahani Islamia Eye Institute and Hospital,Dhaka,,,,,,,,,,,,,,,,,,,,,
1935,Dr. Mahjabeen Chowdhury,['MBBS'],OPHTHALMOLOGIST,12,Ispahani Islamia Eye Institute and Hospital,Dhaka,,,,,,,,,,,,,,,,,,,,,
1936,Dr. Mominul Islam,"['MBBS', 'DO', 'MCPS']",OPHTHALMOLOGIST,25,Ispahani Islamia Eye Institute and Hospital,Dhaka,,,,,,,,,,,,,,,,,,,,,
1937,Dr. Tania Rahman Chhara,"['MBBS', 'DO', 'FCPS']",OPHTHALMOLOGIST,17,Ispahani Islamia Eye Institute and Hospital,Dhaka,,,,,,,,,,,,,,,,,,,,,
1938,Dr. Salma Manjur,"['MBBS', 'DO']",OPHTHALMOLOGIST,14,Ispahani Islamia Eye Institute and Hospital,Dhaka,,,,,,,,,,,,,,,,,,,,,
1939,Dr. Bipul Kumer Sarker,"['MBBS', 'FCPS', 'FICO (UK)', 'MRCS ED. (UK)', 'FRCS']",OPHTHALMOLOGIST,22,Ispahani Islamia Eye Institute and Hospital,Dhaka,,,,,,,,,,,,,,,,,,,,,
1940,Dr. Tamanna Rahman Sweety,"['MBBS', 'DO']",OPHTHALMOLOGIST,15,Ispahani Islamia Eye Institute and Hospital,Dhaka,,,,,,,,,,,,,,,,,,,,,
1941,Dr. Saleha Sultana,"['MBBS', 'MS']",OPHTHALMOLOGIST,17,Ispahani Islamia Eye Institute and Hospital,Dhaka,,,,,,,,,,,,,,,,,,,,,
1942,Dr. Muliha Rahman,"['MBBS', 'DO', 'MCPS', 'FCPS']",OPHTHALMOLOGIST,22,Ispahani Islamia Eye Institute and Hospital,Dhaka,,,,,,,,,,,,,,,,,,,,,
1943,Dr. Md. Raquib Rahman,"['MBBS', 'DO']",OPHTHALMOLOGIST,14,Ispahani Islamia Eye Institute and Hospital,Dhaka,,,,,,,,,,,,,,,,,,,,,
1944,Dr. Monira Sultana,"['MBBS', 'FCPS']",OPHTHALMOLOGIST,16,Ispahani Islamia Eye Institute and Hospital,Dhaka,,,,,,,,,,,,,,,,,,,,,
1945,Dr. Ashim Kumer Paul,"['MBBS', 'DO']",OPHTHALMOLOGIST,18,Ispahani Islamia Eye Institute and Hospital,Dhaka,,,,,,,,,,,,,,,,,,,,,
1946,Dr. Mahmood Mujtaba,"['MBBS', 'FCPS']",OPHTHALMOLOGIST,26,Ispahani Islamia Eye Institute and Hospital,Dhaka,,,,,,,,,,,,,,,,,,,,,
1947,Dr. Ahmed Zahir Bin Zia,"['MBBS', 'DO']",OPHTHALMOLOGIST,20,Ispahani Islamia Eye Institute and Hospital,Dhaka,,,,,,,,,,,,,,,,,,,,,
1948,Assoc. Prof. Dr. Muntakim Shahid,"['MBBS', 'DO', 'FCPS']",OPHTHALMOLOGIST,18,Ispahani Islamia Eye Institute and Hospital,Dhaka,,,,,,,,,,,,,,,,,,,,,
1949,Dr. Abdus Salam,"['MBBS', 'DO']",OPHTHALMOLOGIST,23,Ispahani Islamia Eye Institute and Hospital,Dhaka,,,,,,,,,,,,,,,,,,,,,
1950,Dr. Md. Rajeeb Alam,"['MBBS', 'DO']",OPHTHALMOLOGIST,27,Ispahani Islamia Eye Institute and Hospital,Dhaka,,,,,,,,,,,,,,,,,,,,,
1951,Dr. Md. Abdul Muyeed,"['MBBS', 'DO']",OPHTHALMOLOGIST,18,Ispahani Islamia Eye Institute and Hospital,Dhaka,,,,,,,,,,,,,,,,,,,,,
1952,Asso. Prof. Dr. ASM Moin Uddin,"['MBBS', 'DO']",OPHTHALMOLOGIST,27,Ispahani Islamia Eye Institute and Hospital,Dhaka,,,,,,,,,,,,,,,,,,,,,
1953,Dr. Sharmin Siddique,"['MBBS', 'FCPS']",GYNECOLOGIST & OBSTETRICIAN,15,Dhaka Paediatric-Neonatal & General Hospital.,Dhaka,,,,,,,,,,,,,,,,,,,,,
1954,Dr. Sroddha Nibedita Pal Mou,"['MBBS', 'BCS', 'FCPS']",GYNECOLOGIST & OBSTETRICIAN,17,Dhaka Paediatric-Neonatal & General Hospital.,Dhaka,,,,,,,,,,,,,,,,,,,,,
1955,Assoc. Prof. Dr. Lt. Col. Nazma Siddiqi,"['MBBS', 'DGO', 'FCPS']",GYNECOLOGIST & OBSTETRICIAN,28,Dhaka Paediatric-Neonatal & General Hospital.,Dhaka,,,,,,,,,,,,,,,,,,,,,
1956,Dr. Aftabun Nahar Nilu,"['MBBS', 'DGO', 'FCPS']",GYNECOLOGIST & OBSTETRICIAN,22,Dhaka Paediatric-Neonatal & General Hospital.,Dhaka,,,,,,,,,,,,,,,,,,,,,
1957,Dr. Fatema Mahabuba Akther,"['MBBS', 'MCPS', 'DGO', 'FCPS']",GYNECOLOGIST & OBSTETRICIAN,23,Dhaka Paediatric-Neonatal & General Hospital.,Dhaka,,,,,,,,,,,,,,,,,,,,,
1958,Assoc. Prof. Dr. Kamrun Nessa,"['MBBS', 'MCPS', 'FCPS']",GYNECOLOGIST & OBSTETRICIAN,24,Dhaka Paediatric-Neonatal & General Hospital.,Dhaka,,,,,,,,,,,,,,,,,,,,,
1959,Asst. Prof. Dr. Mamta Manjuri,"['MBBS', 'BCS', 'DGO', 'FCPS']",GYNECOLOGIST & OBSTETRICIAN,19,Dhaka Paediatric-Neonatal & General Hospital.,Dhaka,,,,,,,,,,,,,,,,,,,,,
1959,Asst. Prof. Dr. Mamta Manjuri,"['MBBS', 'BCS', 'DGO', 'FCPS']",SURGEON,19,Dhaka Paediatric-Neonatal & General Hospital.,Dhaka,,,,,,,,,,,,,,,,,,,,,
1960,Dr. Liza Tasrin,"['MBBS', 'BCS', 'FCPS']",GYNECOLOGIST & OBSTETRICIAN,18,Dhaka Paediatric-Neonatal & General Hospital.,Dhaka,,,,,,,,,,,,,,,,,,,,,
1961,Dr. Capt. Hosne Ara (Rtd),"['MBBS', 'DGO', 'FCPS', 'MRCOG - 2 (LONDON)']",GYNECOLOGIST & OBSTETRICIAN,25,Dhaka Paediatric-Neonatal & General Hospital.,Dhaka,,,,,,,,,,,,,,,,,,,,,
1962,Prof. Dr. Rumana Sheikh,"['MBBS', 'FCPS', 'MS']",GYNECOLOGIST & OBSTETRICIAN,27,Dhaka Paediatric-Neonatal & General Hospital.,Dhaka,,,,,,,,,,,,,,,,,,,,,
1963,Dr. Md. Sirajul Islam,"['MBBS', 'PGT']",OTOLARYNGOLOGISTS (ENT),15,Dhaka Paediatric-Neonatal & General Hospital.,Dhaka,,,,,,,,,,,,,,,,,,,,,
1964,Assoc. Prof. Dr. L. Harun,"['MBBS', 'MCPS', 'FCCP']",MEDICINE SPECIALIST,20,Dhaka Paediatric-Neonatal & General Hospital.,Dhaka,,,,,,,,,,,,,,,,,,,,,
1965,Asst. Prof. Dr. M. S. Azam,"['MBBS', 'FCPS', 'MS']",UROLOGIST,18,Dhaka Paediatric-Neonatal & General Hospital.,Dhaka,,,,,,,,,,,,,,,,,,,,,
1966,Dr. S.M. Shamsul Huda,"['MBBS', 'BCS', 'FCPS']",SURGEON,19,Dhaka Paediatric-Neonatal & General Hospital.,Dhaka,,,,,,,,,,,,,,,,,,,,,
1967,Dr. Salma Yesmin Choudhury,"['MBBS', 'BCS', 'MS', 'FCPS', 'FRCS']",SURGEON,16,Dhaka Paediatric-Neonatal & General Hospital.,Dhaka,,,,,,,,,,,,,,,,,,,,,
1968,Lt. Col. Dr. Kaniz Fatema Sultana (Retd),"['MBBS', 'DCH']",PEDIATRICIAN,19,Dhaka Paediatric-Neonatal & General Hospital.,Dhaka,,,,,,,,,,,,,,,,,,,,,
1969,Dr. Md Monzur Morshed,"['MBBS', 'PGT']",PEDIATRICIAN,18,Dhaka Paediatric-Neonatal & General Hospital.,Dhaka,,,,,,,,,,,,,,,,,,,,,
1970,Prof. Dr. Suraiya Harun,"['MBBS', 'BCS', 'FCCP']",PEDIATRICIAN,27,Dhaka Paediatric-Neonatal & General Hospital.,Dhaka,,,,,,,,,,,,,,,,,,,,,
1971,Prof. Dr. Md. Khaled Noor,"['MBBS', 'DCH', 'FCPS', 'MCPS', 'MD']",PEDIATRICIAN & NEONATOLOGIST,29,Dhaka Paediatric-Neonatal & General Hospital.,Dhaka,,,,,,,,,,,,,,,,,,,,,
1972,Prof. Dr. Md. Abuds Samad,"['MBBS', 'DLO']",OTOLARYNGOLOGISTS (ENT),29,Al-Rajhi Hospital Ltd.,Dhaka,,,,,,,,,,,,,,,,,,,,,
1973,Prof. Dr. Selina Begum,"['MBBS', 'MCPS', 'DGO', 'MPH']",GYNECOLOGIST & OBSTETRICIAN,27,Al-Rajhi Hospital Ltd.,Dhaka,,,,,,,,,,,,,,,,,,,,,
1974,Prof. Dr. Salma Chowdhury,"['MBBS', 'MCPS', 'DGO', 'DM']",GYNECOLOGIST & OBSTETRICIAN,25,Comfort Diagnostic Center (Pvt.) Ltd | Dhanmondi,Dhaka,,,,,,,,,,,,,,,,,,,,,
1975,Dr. A K M Abul Hossain,"['MBBS', 'MCPS']",GENERAL SURGEON,23,Al-Rajhi Hospital Ltd.,Dhaka,,,,,,,,,,,,,,,,,,,,,
1975,Dr. A K M Abul Hossain,"['MBBS', 'MCPS']",LAPAROSCOPIC SURGEON,23,Al-Rajhi Hospital Ltd.,Dhaka,,,,,,,,,,,,,,,,,,,,,
1976,Dr. Md. Ajman Ali,"['MBBS', 'MCPS']",GENERAL SURGEON,29,Al-Rajhi Hospital Ltd.,Dhaka,,,,,,,,,,,,,,,,,,,,,
1976,Dr. Md. Ajman Ali,"['MBBS', 'MCPS']",LAPAROSCOPIC SURGEON,29,Al-Rajhi Hospital Ltd.,Dhaka,,,,,,,,,,,,,,,,,,,,,
1977,Dr. Sarwar Ahmed Sobhan,"['MBBS', 'FCPS', 'MS']",HEPATOBILIARY SURGEON,22,Al-Rajhi Hospital Ltd.,Dhaka,,,,,,,,,,,,,,,,,,,,,
1978,Prof. Dr. A B M Fazlur Rahman,"['MBBS', 'MS', 'FICS']",ORTHOPEDIC SURGEON,28,Al-Rajhi Hospital Ltd.,Dhaka,,,,,,,,,,,,,,,,,,,,,
1979,Prof. Dr. Monowarul Islam,"['MBBS', 'MS']",ORTHOPEDIC SURGEON,27,Al-Rajhi Hospital Ltd.,Dhaka,,,,,,,,,,,,,,,,,,,,,
1980,Dr. Pravas Chandra Saha,"['MBBS', 'BCS', 'MS']",ORTHOPEDIC SURGEON,24,Popular Diagnostic Centre Ltd. | Shyamoli,Dhaka,,,,,,,,,,,,,,,,,,,,,
1981,Prof. Dr. Bashir Ahmed,"['MBBS', 'BCS', 'DTCD (DU)', 'FCCP']",RESPIRATORY SPECIALIST,28,Al-Rajhi Hospital Ltd.,Dhaka,,,,,,,,,,,,,,,,,,,,,
1982,Dr. Md. Osman Bhuiyan,"['MBBS', 'D-PAD (AUSTRIA)']",PEDIATRICIAN,17,Al-Rajhi Hospital Ltd.,Dhaka,,,,,,,,,,,,,,,,,,,,,
1983,Dr. Chowdhury Shamsul Hoque Kibria,"['MBBS', 'DCH', 'FCPS', 'PGC IN CHILD']",PEDIATRICIAN,25,Al-Rajhi Hospital Ltd.,Dhaka,,,,,,,,,,,,,,,,,,,,,
1984,Dr. S. M. Baque Billah,"['MBBS', 'DCH']",PEDIATRICIAN,18,Al-Rajhi Hospital Ltd.,Dhaka,,,,,,,,,,,,,,,,,,,,,
1985,Prof. Dr. M. A Salam,"['MBBS', 'DPH (DU)', 'MD']",CARDIOLOGIST,29,Al-Rajhi Hospital Ltd.,Dhaka,,,,,,,,,,,,,,,,,,,,,
1986,Dr. Shahid Uddin Ahmed,"['MBBS', 'FCPS']",CARDIOLOGIST,19,Al-Rajhi Hospital Ltd.,Dhaka,,,,,,,,,,,,,,,,,,,,,
1987,Asst. Prof. Dr. Murshidur Rahman Khan,"['MBBS', 'DPH (DU)', 'MD']",CARDIOLOGIST,24,Al-Rajhi Hospital Ltd.,Dhaka,,,,,,,,,,,,,,,,,,,,,
1988,Prof. Dr. Md. Shafiqul Ahsan,"['MBBS', 'MS']",CARDIOTHORACIC AND VASCULAR SURGEON,28,Al-Rajhi Hospital Ltd.,Dhaka,,,,,,,,,,,,,,,,,,,,,
1989,Lt. Col. Dr. Md. Abdullah Al Mamun,"['MBBS', 'MD', 'MACE']",ENDOCRINOLOGIST,23,Al-Rajhi Hospital Ltd.,Dhaka,,,,,,,,,,,,,,,,,,,,,
1989,Lt. Col. Dr. Md. Abdullah Al Mamun,"['MBBS', 'MD', 'MACE']",DIABETES SPECIALIST,23,Al-Rajhi Hospital Ltd.,Dhaka,,,,,,,,,,,,,,,,,,,,,
1990,Dr. Mahabub Hossain,"['BDS', 'PH.D(RUSSIA)']",MAXILLOFACIAL AND DENTAL SURGEON,25,Al-Rajhi Hospital Ltd.,Dhaka,,,,,,,,,,,,,,,,,,,,,
1991,Dr. Sahida Molla,"['MBBS', 'MD']",NEPHROLOGIST,18,Al-Rajhi Hospital Ltd.,Dhaka,,,,,,,,,,,,,,,,,,,,,
1992,Dr. Mobinul Hoque,"['MBBS', 'D-ORTHO']",ORTHOPEDIST,15,Al-Rajhi Hospital Ltd.,Dhaka,,,,,,,,,,,,,,,,,,,,,
1993,Prof. Alhaj Dr. Sayed Abul Kalam Azad,"['MBBS', 'DO(EYE)', 'MS', 'FICO (EYE)']",OPHTHALMOLOGIST,28,Al-Rajhi Hospital Ltd.,Dhaka,,,,,,,,,,,,,,,,,,,,,
1994,Saima Akter Jui,['M.PHIL'],PSYCHOLOGIST,7,Chum Wellness,Dhaka,,,,,,,,,,,,,,,,,,,,,
1995,Sharmin Ara Shormee,['M.PHIL'],PSYCHOLOGIST,7,Chum Wellness,Dhaka,,,,,,,,,,,,,,,,,,,,,
1996,Nayeema Haque,['M.PHIL'],PSYCHOLOGIST,8,Chum Wellness,Dhaka,,,,,,,,,,,,,,,,,,,,,
1997,Shamsun Nahar,['M.PHIL'],PSYCHOLOGIST,8,Chum Wellness,Dhaka,,,,,,,,,,,,,,,,,,,,,
1998,Kamrun Nahar Khan,['M.PHIL'],PSYCHOLOGIST,9,Chum Wellness,Dhaka,,,,,,,,,,,,,,,,,,,,,
1999,Sharmin Akter Shetu,"['BSC (PSYCHOLOGY)', 'MS']",PSYCHOLOGIST,10,Chum Wellness,Dhaka,,,,,,,,,,,,,,,,,,,,,
2000,Dr. Md. Mohiuddin,"['MBBS', 'BCS', 'FCPS', 'DEM', 'MACE']",MEDICINE SPECIALIST,17,Al-Rajhi Hospital Ltd.,Dhaka,,,,,,,,,,,,,,,,,,,,,
2001,Dr. Antora Rahut,"['MBBS', 'BCS', 'MD', 'CCD']",GASTROENTEROLOGIST,13,Al-Rajhi Hospital Ltd.,Dhaka,,,,,,,,,,,,,,,,,,,,,
2002,Dr. Muhammad Wali Ullah,"['MBBS', 'DO (EYE)', 'MS', 'FICO (EYE)']",OPHTHALMOLOGIST,17,Al-Rajhi Hospital Ltd.,Dhaka,,,,,,,,,,,,,,,,,,,,,
2003,Brig. Gen. Dr. Md. Sarwar Khan,"['MBBS', 'FCPS', 'DEM']",MEDICINE SPECIALIST,25,Al-Rajhi Hospital Ltd.,Dhaka,,,,,,,,,,,,,,,,,,,,,
2003,Brig. Gen. Dr. Md. Sarwar Khan,"['MBBS', 'FCPS', 'DEM']",ENDOCRINOLOGIST,25,Al-Rajhi Hospital Ltd.,Dhaka,,,,,,,,,,,,,,,,,,,,,
2004,Dr. Liton Kumar Saha,"['MBBS', 'FCPS', 'MS', ' INDIA)']",GENERAL SURGEON,21,Al-Karim General Hospital Ltd,Dhaka,,,,,,,,,,,,,,,,,,,,,
2004,Dr. Liton Kumar Saha,"['MBBS', 'FCPS', 'MS', ' INDIA)']",LAPAROSCOPIC SURGEON,21,Al-Karim General Hospital Ltd,Dhaka,,,,,,,,,,,,,,,,,,,,,
2005,Dr. Shahin Ibn Rahman,"['MBBS', 'MD', ' BIRDEM)', 'MACP']",ENDOCRINOLOGIST,22,Al-Karim General Hospital Ltd,Dhaka,,,,,,,,,,,,,,,,,,,,,
2006,Dr. Showrav Saha Anjan,"['MBBS', 'DLO']",OTOLARYNGOLOGISTS (ENT),16,Al-Karim General Hospital Ltd,Dhaka,,,,,,,,,,,,,,,,,,,,,
2007,Dr. Swati Munshi,"['MBBS', 'MD']",RADIOLOGIST,15,Evercare Hospital Dhaka,Dhaka,,,,,,,,,,,,,,,,,,,,,
2008,Dr. Urjunu Akhter Mousumi,"['BDS', 'CPR (DMCH)', 'PGT', 'ISP (TMDU)']",MAXILLOFACIAL AND DENTAL SURGEON,15,Al-Karim General Hospital Ltd,Dhaka,,,,,,,,,,,,,,,,,,,,,
2009,Dr. Nahida Afroz,"['BDS', 'PGT']",MAXILLOFACIAL AND DENTAL SURGEON,17,Al-Karim General Hospital Ltd,Dhaka,,,,,,,,,,,,,,,,,,,,,
2010,Dr. Md. Abul Kashem,"['MBBS', 'CCD', 'PGT']",OTOLARYNGOLOGISTS (ENT),23,Al-Karim General Hospital Ltd,Dhaka,,,,,,,,,,,,,,,,,,,,,
2011,Dr. Md. Zahidur Rahman Khan,"['MBBS', 'BCS', 'MS']",ORTHOPEDIST,18,Al-Karim General Hospital Ltd,Dhaka,,,,,,,,,,,,,,,,,,,,,
2012,Asst. Prof. Dr. Mohammad Abul Khayer,"['MBBS', 'BCS', 'FCPS', 'MD']",PEDIATRICIAN & NEONATOLOGIST,22,Al-Karim General Hospital Ltd,Dhaka,,,,,,,,,,,,,,,,,,,,,
2013,Dr. Momtaz Hossain,"['MBBS', 'MD']",NEPHROLOGIST,21,Al-Karim General Hospital Ltd,Dhaka,,,,,,,,,,,,,,,,,,,,,
2014,Prof. Dr. Mohammad Abdur Razzak,"['MBBS', 'DDV', 'DV (BANGKOK)']",DERMATOLOGIST,28,Al-Karim General Hospital Ltd,Dhaka,,,,,,,,,,,,,,,,,,,,,
2015,Dr. Sabiha Yeasmin Munni,"['MBBS', 'FCPS', 'MCPS']",GYNECOLOGIST & OBSTETRICIAN,21,Al-Karim General Hospital Ltd,Dhaka,,,,,,,,,,,,,,,,,,,,,
2016,Dr. Ismat Ara Laizu,"['MBBS', 'DGO', 'EOC (PHILIPPINES)']",GYNECOLOGIST & OBSTETRICIAN,22,Al-Karim General Hospital Ltd,Dhaka,,,,,,,,,,,,,,,,,,,,,
2017,Assoc. Prof. Dr. H Fajlul Karim,['MBBS'],UROLOGIST,26,Al-Karim General Hospital Ltd,Dhaka,,,,,,,,,,,,,,,,,,,,,
2018,Asst. Prof. Dr. Pulok Kumar Day,"['MBBS', 'BCS', 'MD', 'FCPS']",GASTROENTEROLOGIST,19,Al-Karim General Hospital Ltd,Dhaka,,,,,,,,,,,,,,,,,,,,,
2019,Assoc. Prof. Lt. Col. Dr. M.H. Raihan,"['MBBS', 'FCPS']",OPHTHALMOLOGIST,19,Deen Mohd. Eye Hospital & Research Center,Dhaka,,,,,,,,,,,,,,,,,,,,,
2020,Dr. Farzana Sultana,"['MBBS', 'MS']",OPHTHALMOLOGIST,17,Deen Mohd. Eye Hospital & Research Center,Dhaka,,,,,,,,,,,,,,,,,,,,,
2021,Dr. Rezaul Morshed,['MBBS'],OPHTHALMOLOGIST,20,Deen Mohd. Eye Hospital & Research Center,Dhaka,,,,,,,,,,,,,,,,,,,,,
2022,Dr. Mashreka Matin,"['MBBS', 'FCPS']",OPHTHALMOLOGIST,16,Deen Mohd. Eye Hospital & Research Center,Dhaka,,,,,,,,,,,,,,,,,,,,,
2023,Dr. Mafruha Afrin,"['MBBS', 'FRCS', ' UK)', 'FCPS', 'MCPS']",OPHTHALMOLOGIST,17,Deen Mohd. Eye Hospital & Research Center,Dhaka,,,,,,,,,,,,,,,,,,,,,
2024,Asst. Prof. Dr. Mukti Rani Mitra,"['MBBS', 'FCPS']",OPHTHALMOLOGIST,18,Deen Mohd. Eye Hospital & Research Center,Dhaka,,,,,,,,,,,,,,,,,,,,,
2025,Dr. Nazneen Mallick,"['MBBS', 'BCS', 'MS']",OPHTHALMOLOGIST,23,Deen Mohd. Eye Hospital & Research Center,Dhaka,,,,,,,,,,,,,,,,,,,,,
2026,Prof. Dr. Nazmun Nahar,"['MBBS', 'DO', 'FCPS', 'ICO (UK)', 'FRCS', 'FRCS']",OPHTHALMOLOGIST,27,Deen Mohd. Eye Hospital & Research Center,Dhaka,,,,,,,,,,,,,,,,,,,,,
2027,Asso. Prof. Dr. Shams Mohammed Noman,"['MBBS', 'FCPS']",OPHTHALMOLOGIST,22,Deen Mohd. Eye Hospital & Research Center,Dhaka,,,,,,,,,,,,,,,,,,,,,
2028,Prof. Dr. Md. Abdul Quader,"['MBBS', 'DO', 'FCPS', 'MS']",OPHTHALMOLOGIST,28,Deen Mohd. Eye Hospital & Research Center,Dhaka,,,,,,,,,,,,,,,,,,,,,
2029,Dr. Rajashree Das,"['MBBS', 'FCPS', 'ICO (LONDON)']",OPHTHALMOLOGIST,20,Deen Mohd. Eye Hospital & Research Center,Dhaka,,,,,,,,,,,,,,,,,,,,,
2030,Dr. Md. Shahidul Islam,"['MBBS', 'DO', 'FCPS', 'FVRS (RETINA)']",OPHTHALMOLOGIST,20,Deen Mohd. Eye Hospital & Research Center,Dhaka,,,,,,,,,,,,,,,,,,,,,
2031,Prof. Dr. Nuzhat Choudhury,"['MBBS', 'MS']",OPHTHALMOLOGIST,24,Deen Mohd. Eye Hospital & Research Center,Dhaka,,,,,,,,,,,,,,,,,,,,,
2032,Prof. Dr. Pankaj Kumar Roy,"['MBBS', 'FRCS']",OPHTHALMOLOGIST,28,Deen Mohd. Eye Hospital & Research Center,Dhaka,,,,,,,,,,,,,,,,,,,,,
2033,Prof. Dr. Khair Ahmed Choudhury,"['MBBS', 'MS', 'ICO', 'FRCS']",OPHTHALMOLOGIST,29,Deen Mohd. Eye Hospital & Research Center,Dhaka,,,,,,,,,,,,,,,,,,,,,
2034,Prof. Mohammad Ghulam Rasul,"['MBBS', 'DO', 'FCPS']",OPHTHALMOLOGIST,26,Deen Mohd. Eye Hospital & Research Center,Dhaka,,,,,,,,,,,,,,,,,,,,,
2035,Prof. Dr. Zakia Sultana Shahid,"['MBBS', 'DO (OPH)', 'MS']",OPHTHALMOLOGIST,24,Deen Mohd. Eye Hospital & Research Center,Dhaka,,,,,,,,,,,,,,,,,,,,,
2036,Prof. A.H.M Enayet Hussain,"['MBBS', 'FRCS', 'FCPS']",OPHTHALMOLOGIST,26,Deen Mohd. Eye Hospital & Research Center,Dhaka,,,,,,,,,,,,,,,,,,,,,
2037,Prof. Sheikh Mohammed Hossain,"['MBBS', 'DO', 'MS']",OPHTHALMOLOGIST,25,Deen Mohd. Eye Hospital & Research Center,Dhaka,,,,,,,,,,,,,,,,,,,,,
2038,Prof. Dr. Md. Sharfuddin Ahmed,"['MBBS', 'DO (DU)', 'MS']",OPHTHALMOLOGIST,28,Deen Mohd. Eye Hospital & Research Center,Dhaka,,,,,,,,,,,,,,,,,,,,,
2039,Asso. Prof. Dr. Kamrun Nahar Mitu,"['MBBS', 'FCPS']",GYNECOLOGIST & OBSTETRICIAN,22,Lifeline Consultation & Diagnostic Ltd.,Dhaka,,,,,,,,,,,,,,,,,,,,,
2039,Asso. Prof. Dr. Kamrun Nahar Mitu,"['MBBS', 'FCPS']",SURGEON,22,Lifeline Consultation & Diagnostic Ltd.,Dhaka,,,,,,,,,,,,,,,,,,,,,
2040,Dr. Sharmin Karim Ivy,"['MBBS', 'BCS', 'MD']",PSYCHIATRIST,18,Lifeline Consultation & Diagnostic Ltd.,Dhaka,,,,,,,,,,,,,,,,,,,,,
2041,Dr. Subrata Saha,"['MBBS', 'BCS', 'MS']",ORTHOPEDIST,14,Lifeline Consultation & Diagnostic Ltd.,Dhaka,,,,,,,,,,,,,,,,,,,,,
2041,Dr. Subrata Saha,"['MBBS', 'BCS', 'MS']",ORTHOPEDIC SURGEON,14,Lifeline Consultation & Diagnostic Ltd.,Dhaka,,,,,,,,,,,,,,,,,,,,,
2042,Asst. Prof. Dr. Md. Samiul Islam,"['MBBS', 'MS']",ORTHOPEDIST,17,Lifeline Consultation & Diagnostic Ltd.,Dhaka,,,,,,,,,,,,,,,,,,,,,
2042,Asst. Prof. Dr. Md. Samiul Islam,"['MBBS', 'MS']",ORTHOPEDIC SURGEON,17,Lifeline Consultation & Diagnostic Ltd.,Dhaka,,,,,,,,,,,,,,,,,,,,,
2043,Asst. Prof. Dr. Md. Shahidul Islam Sikder,"['MBBS', 'BCS', 'FCPS']",GENERAL SURGEON,19,Lifeline Consultation & Diagnostic Ltd.,Dhaka,,,,,,,,,,,,,,,,,,,,,
2043,Asst. Prof. Dr. Md. Shahidul Islam Sikder,"['MBBS', 'BCS', 'FCPS']",LAPAROSCOPIC SURGEON,19,Lifeline Consultation & Diagnostic Ltd.,Dhaka,,,,,,,,,,,,,,,,,,,,,
2044,Dr. Maksuda Jahan Akhi,"['MBBS', 'BCS', 'DVD (BSMMU)']",DERMATOLOGIST,15,Lifeline Consultation & Diagnostic Ltd.,Dhaka,,,,,,,,,,,,,,,,,,,,,
2045,Dr. Md. Bazlur Rashid Sumon,"['MBBS', 'MD']",NEUROLOGIST,15,Lifeline Consultation & Diagnostic Ltd.,Dhaka,,,,,,,,,,,,,,,,,,,,,
2046,Dr. Sheikh Imran Hossain,"['MBBS', 'BCS', 'MD', 'MACP', 'CCD']",NEPHROLOGIST,17,Popular Diagnostic Centre Ltd. | Badda,Dhaka,,,,,,,,,,,,,,,,,,,,,
2047,Assoc. Prof. Dr. Md. Monwarul Abedin Khan Maruf,"['MBBS', 'DLO', 'MS']",OTOLARYNGOLOGISTS (ENT),24,Lifeline Consultation & Diagnostic Ltd.,Dhaka,,,,,,,,,,,,,,,,,,,,,
2048,Dr. Maksud Ahmad,"['MBBS', 'DTCD (DU)']",RESPIRATORY SPECIALIST,26,Lifeline Consultation & Diagnostic Ltd.,Dhaka,,,,,,,,,,,,,,,,,,,,,
2049,Dr. Lubna Yasmin,"['MBBS', 'FCPS']",INFERTILITY SPECIALIST,15,Lifeline Consultation & Diagnostic Ltd.,Dhaka,,,,,,,,,,,,,,,,,,,,,
2050,Assoc. Prof. Dr. Md. Mahmudur Rahman,"['MBBS', 'DDV']",DERMATOLOGIST,22,Lifeline Consultation & Diagnostic Ltd.,Dhaka,,,,,,,,,,,,,,,,,,,,,
2051,Assoc. Prof. Dr. Md. Siddiqur Rahman,"['MBBS', 'MS', 'ARCS (ENGLAND)']",UROLOGIST,23,Lifeline Consultation & Diagnostic Ltd.,Dhaka,,,,,,,,,,,,,,,,,,,,,
2052,Prof. Dr. Afzal H.B.,"['BDS', 'PH.D', 'M.PHIL', 'MCPS']",DENTIST,23,Lifeline Consultation & Diagnostic Ltd.,Dhaka,,,,,,,,,,,,,,,,,,,,,
2053,Asst. Prof. Dr. Md. Hasanuzzaman Hansan,"['MBBS', 'PHD']",UROLOGIST,24,Ad-din Medical College Hospital,Dhaka,,,,,,,,,,,,,,,,,,,,,
2054,Prof. Dr. Md. Afiquor Rahman,"['MBBS', 'FCPS', 'MS']",UROLOGIST,27,Ad-din Medical College Hospital,Dhaka,,,,,,,,,,,,,,,,,,,,,
2055,Prof. Dr. Taposhi Rahman Khan,"['MBBS', 'M.PHIL']",RADIOLOGIST,23,Ad-din Medical College Hospital,Dhaka,,,,,,,,,,,,,,,,,,,,,
2056,Asst. Prof. Dr. Mahjabeen Aftab Solaiman,"['MBBS', 'MD']",PSYCHIATRIST,22,Ad-din Medical College Hospital,Dhaka,,,,,,,,,,,,,,,,,,,,,
2057,Asst. Prof. Dr. Sazida Islam,"['MBBS', 'MD']",PEDIATRICIAN,18,Ad-din Medical College Hospital,Dhaka,,,,,,,,,,,,,,,,,,,,,
2058,Asst. Prof. Dr. Ayesha Siddika,"['MBBS', 'MD']",PEDIATRICIAN,23,Ad-din Medical College Hospital,Dhaka,,,,,,,,,,,,,,,,,,,,,
2059,Asst. Prof. Dr. Mashhura Huq,"['MBBS', 'MD']",PEDIATRICIAN,19,Ad-din Medical College Hospital,Dhaka,,,,,,,,,,,,,,,,,,,,,
2060,Asst. Prof. Imtiaz Pervez,"['MBBS', 'DCH', 'FCPS']",PEDIATRICIAN,23,Ad-din Medical College Hospital,Dhaka,,,,,,,,,,,,,,,,,,,,,
2061,Asst. Prof. Dr. Maimuna Sayeed,"['MBBS', 'MD']",PEDIATRICIAN,16,Ad-din Medical College Hospital,Dhaka,,,,,,,,,,,,,,,,,,,,,
2062,Dr. Al Asmin,['MBBS'],OPHTHALMOLOGIST,7,Ispahani Islamia Eye Institute and Hospital,Dhaka,,,,,,,,,,,,,,,,,,,,,
2063,Dr. Hasan Ibna Showkat,"['BDS', 'FCPS', 'FRSH']",DENTIST,10,Labaid Cancer Hospital And Super Speciality Centre,Dhaka,,,,,,,,,,,,,,,,,,,,,
2064,Asst. Prof. Dr. Zannatul Ferdous Sonia,"['MBBS', 'MCPS', 'MD']",PEDIATRIC GASTROENTEROLOGIST,18,BRAC Healthcare | Siddheswari,Dhaka,,,,,,,,,,,,,,,,,,,,,
2065,Asst. Prof. Dr. Masuma Khan,"['MBBS', 'DCH', 'FCPS']",PEDIATRICIAN,18,Ad-din Medical College Hospital,Dhaka,,,,,,,,,,,,,,,,,,,,,
2066,Assoc. Prof. Dr. Afsana Mukti,"['MBBS', 'DCH', 'FCPS']",PEDIATRICIAN,22,Ad-din Medical College Hospital,Dhaka,,,,,,,,,,,,,,,,,,,,,
2067,Prof. Dr. Mahmuda Hassan,"['MBBS', 'MD']",PEDIATRICIAN,26,Ad-din Medical College Hospital,Dhaka,,,,,,,,,,,,,,,,,,,,,
2068,Prof. Dr. Md. Hamidur Rahman,"['MBBS', 'FCPS']",PEDIATRICIAN,29,Ad-din Medical College Hospital,Dhaka,,,,,,,,,,,,,,,,,,,,,
2069,Asst. Prof. Dr. Sheikh Salowa Sultana,"['MBBS', 'MD']",PATHOLOGIST,19,Ad-din Medical College Hospital,Dhaka,,,,,,,,,,,,,,,,,,,,,
2070,Prof. Dr. Shahadat Hossain,"['MBBS', 'MD']",PATHOLOGIST,27,Ad-din Medical College Hospital,Dhaka,,,,,,,,,,,,,,,,,,,,,
2071,Asst. Prof. Dr. Md. Ashiqur Rahman,"['MBBS', 'MS']",ORTHOPEDIST,16,Ad-din Medical College Hospital,Dhaka,,,,,,,,,,,,,,,,,,,,,
2072,Asst. Prof. Dr. Ripon Kumar Ghosh,"['MBBS', 'MS']",ORTHOPEDIST,17,BRAC Healthcare | Siddheswari,Dhaka,,,,,,,,,,,,,,,,,,,,,
2073,Asst. Prof. Dr. Sharah Rahman,"['MBBS', 'FRCS', 'FCPS', 'MRCS (GLASG)', 'MRCS (EDIN)', 'MCPS', 'FICO (UK)']",OPHTHALMOLOGIST,15,Ad-din Medical College Hospital,Dhaka,,,,,,,,,,,,,,,,,,,,,
2074,Assoc. Prof. Dr. Md Abdul Matin,"['MBBS', 'DO']",OPHTHALMOLOGIST,27,Ad-din Medical College Hospital,Dhaka,,,,,,,,,,,,,,,,,,,,,
2075,Dr. Arifa Aqter,"['MBBS', 'FCPS', 'DIPLOMA']",GYNECOLOGIST & OBSTETRICIAN,5,Ad-din Medical College Hospital,Dhaka,,,,,,,,,,,,,,,,,,,,,
2076,Asst. Prof. Dr. Mst. Rebeka Sultana,"['MBBS', 'FCPS']",GYNECOLOGIST & OBSTETRICIAN,26,Ad-din Medical College Hospital,Dhaka,,,,,,,,,,,,,,,,,,,,,
2077,Asst. Prof. Dr. Soheli Salam,"['MBBS', 'FCPS']",GYNECOLOGIST & OBSTETRICIAN,26,Ad-din Medical College Hospital,Dhaka,,,,,,,,,,,,,,,,,,,,,
2078,Asst. Prof. Dr. Afroza Sultana,"['MBBS', 'FCPS']",GYNECOLOGIST & OBSTETRICIAN,17,Ad-din Medical College Hospital,Dhaka,,,,,,,,,,,,,,,,,,,,,
2079,Dr. Pandora Glory,"['MBBS', 'BCS', 'MD']",PEDIATRICIAN,13,Bangladesh Paediatric Neurocare Centre,Dhaka,,,,,,,,,,,,,,,,,,,,,
2080,Dr. Razib Kumar Saha,"['MBBS', 'BCS', 'FCPS', 'CCD']",INTERNAL MEDICINE,10,Popular Diagnostic Centre Ltd. | Kushtia,Kushtia,,,,,,,,,,,,,,,,,,,,,
2080,Dr. Razib Kumar Saha,"['MBBS', 'BCS', 'FCPS', 'CCD']",DIABETES SPECIALIST,10,Popular Diagnostic Centre Ltd. | Kushtia,Kushtia,,,,,,,,,,,,,,,,,,,,,
2081,Dr. Wasif Chisty,"['MBBS', 'BCS', 'MCPS', 'MD']",MEDICINE SPECIALIST,12,Medinova Medical Services | Narayanganj,Narayanganj,,,,,,,,,,,,,,,,,,,,,
2081,Dr. Wasif Chisty,"['MBBS', 'BCS', 'MCPS', 'MD']",PULMONOLOGIST,12,Medinova Medical Services | Narayanganj,Narayanganj,,,,,,,,,,,,,,,,,,,,,
2082,Dr. Mahfuzur Rahman,"['MBBS', 'BCS', 'MCPS', 'ENS( GERMANY)', 'PGPN', ' USA)']",PEDIATRICIAN,13,Confirm Diagnostic Limited,Dhaka,,,,,,,,,,,,,,,,,,,,,
2083,Dr. Md. Ashikul Islam,"['MBBS', 'BCS', 'FCPS', 'MD']",NEUROLOGIST,12,Alliance Hospital Ltd.,Dhaka,,,,,,,,,,,,,,,,,,,,,
2083,Dr. Md. Ashikul Islam,"['MBBS', 'BCS', 'FCPS', 'MD']",NEUROMEDICINE SPECIALIST,12,Alliance Hospital Ltd.,Dhaka,,,,,,,,,,,,,,,,,,,,,
2084,Prof. Dr. Husne Ara Khatun,"['MBBS', 'MCPS', 'DGO', 'FCPS']",GYNECOLOGIST & OBSTETRICIAN,27,Ad-din Medical College Hospital,Dhaka,,,,,,,,,,,,,,,,,,,,,
2085,Dr. Musanna Al Faruki,"['MBBS', 'FCPS']",INTERNAL MEDICINE SPECIALIST,26,Ad-din Medical College Hospital,Dhaka,,,,,,,,,,,,,,,,,,,,,
2086,Asst. Prof. Dr. Kaniz Fatema,"['MBBS', 'FCPS', 'MRCP']",INTERNAL MEDICINE SPECIALIST,22,Ad-din Medical College Hospital,Dhaka,,,,,,,,,,,,,,,,,,,,,
2087,Assoc. Prof. Dr. Narayan Krishna Bhowmik,"['MBBS', 'MD']",INTERNAL MEDICINE SPECIALIST,25,Ad-din Medical College Hospital,Dhaka,,,,,,,,,,,,,,,,,,,,,
2088,Prof. Dr. Md Akmat Ali,"['MBBS', 'MD']",HEPATOLOGIST,28,Ad-din Medical College Hospital,Dhaka,,,,,,,,,,,,,,,,,,,,,
2089,Prof. Dr. A.H.M. Khairul Imam,"['MBBS', 'FCPS', 'MRCP']",INTERNAL MEDICINE SPECIALIST,29,Ad-din Medical College Hospital,Dhaka,,,,,,,,,,,,,,,,,,,,,
2090,Dr. Humaira Kabir,"['MBBS', 'DA']",ANESTHESIOLOGIST,14,Ad-din Medical College Hospital,Dhaka,,,,,,,,,,,,,,,,,,,,,
2091,Asst. Prof. Dr. Md Sirajul Islam,"['MBBS', 'MCPS', 'MD']",CRITICAL CARE SPECIALIST,18,Ad-din Medical College Hospital,Dhaka,,,,,,,,,,,,,,,,,,,,,
2092,Asst. Prof. Dr. Tania Ahmed,"['MBBS', 'FCPS']",GENERAL SURGEON,17,Ad-din Medical College Hospital,Dhaka,,,,,,,,,,,,,,,,,,,,,
2093,Prof. Dr. Sardar Mohammad Razaul Islam,"['MBBS', 'FRCS']",GENERAL SURGEON,32,Ad-din Medical College Hospital,Dhaka,,,,,,,,,,,,,,,,,,,,,
2094,Dr. Anower Parvej Shujon,"['MBBS', 'DLO', 'PGT']",OTOLARYNGOLOGISTS (ENT),16,Ad-din Medical College Hospital,Dhaka,,,,,,,,,,,,,,,,,,,,,
2095,Asst. Prof. Dr. Md. Arafat Rahman,"['MBBS', 'DLO']",OTOLARYNGOLOGISTS (ENT),21,Ad-din Medical College Hospital,Dhaka,,,,,,,,,,,,,,,,,,,,,
2096,Assoc. Prof. Dr. Md. Mahmudul Hasan Khan,"['MBBS', 'FCPS']",OTOLARYNGOLOGISTS (ENT),23,Ad-din Medical College Hospital,Dhaka,,,,,,,,,,,,,,,,,,,,,
2097,Dr. Fouzia Yeasmin,"['MBBS', 'DDV', 'MCPS']",DERMATOLOGIST,19,Ad-din Medical College Hospital,Dhaka,,,,,,,,,,,,,,,,,,,,,
2098,Assoc. Prof. Dr. Kaniz Rahman,"['MBBS', 'FCPS', 'DDV']",DERMATOLOGIST,16,Ad-din Medical College Hospital,Dhaka,,,,,,,,,,,,,,,,,,,,,
2099,Dr. Kalpana Devi Roy,['BDS'],MAXILLOFACIAL AND DENTAL SURGEON,17,Ad-din Medical College Hospital,Dhaka,,,,,,,,,,,,,,,,,,,,,
2100,Dr. Sayeda Sabira Sultana,['BDS'],MAXILLOFACIAL AND DENTAL SURGEON,22,Ad-din Medical College Hospital,Dhaka,,,,,,,,,,,,,,,,,,,,,
2101,Dr. tasnuva hossain,['BDS'],MAXILLOFACIAL AND DENTAL SURGEON,14,Ad-din Medical College Hospital,Dhaka,,,,,,,,,,,,,,,,,,,,,
2102,Dr. Ayesha Akhter,"['BDS', 'DDS']",DENTIST,17,Ad-din Medical College Hospital,Dhaka,,,,,,,,,,,,,,,,,,,,,
2103,Dr. A.F.M. Nafiz Elahi Khan,"['MBBS', 'DA']",ANESTHESIOLOGIST,14,Ad-din Medical College Hospital,Dhaka,,,,,,,,,,,,,,,,,,,,,
2104,Dr. Rubaiya Nasrin,"['MBBS', 'DA']",ANESTHESIOLOGIST,13,Ad-din Medical College Hospital,Dhaka,,,,,,,,,,,,,,,,,,,,,
2105,Dr. Most. Umma Ayman Happy,"['MBBS', 'DA']",ANESTHESIOLOGIST,18,Ad-din Medical College Hospital,Dhaka,,,,,,,,,,,,,,,,,,,,,
2106,Dr. Shahinoor Akter Tania,"['MBBS', 'DA']",ANESTHESIOLOGIST,14,Ad-din Medical College Hospital,Dhaka,,,,,,,,,,,,,,,,,,,,,
2107,Dr. Debasish Dey,"['MBBS', 'DA']",ANESTHESIOLOGIST,18,Ad-din Medical College Hospital,Dhaka,,,,,,,,,,,,,,,,,,,,,
2108,Dr. Md. Waliullah,"['MBBS', 'FCPS']",ANESTHESIOLOGIST,17,Ad-din Medical College Hospital,Dhaka,,,,,,,,,,,,,,,,,,,,,
2109,Asst. Prof. Dr. Shantonu Kumar Ghosh,"['MBBS', 'MS', 'FACS']",VASCULAR SURGEON,22,Popular Diagnostic Centre Ltd. | Shyamoli,Dhaka,,,,,,,,,,,,,,,,,,,,,
2110,Asst. Prof. Dr. Rubaba Sharmin,"['MBBS', 'FCPS', 'MD']",PEDIATRIC CARDIOLOGIST,18,Popular Diagnostic Centre Ltd. | Shyamoli,Dhaka,,,,,,,,,,,,,,,,,,,,,
2111,Dr. Syed Khaledur Rahman,['MBBS'],ORTHOPEDIST,24,Trauma Center & AO Orthopaedic Hospital,Dhaka,,,,,,,,,,,,,,,,,,,,,
2112,Dr. S. M. Nazmul Islam,"['MBBS', 'MS']",PEDIATRIC SURGEON,16,Trauma Center & AO Orthopaedic Hospital,Dhaka,,,,,,,,,,,,,,,,,,,,,
2113,Dr. Avijit Dey,"['MBBS', 'BCS', 'MS']",NEUROSURGEON,18,Trauma Center & AO Orthopaedic Hospital,Dhaka,,,,,,,,,,,,,,,,,,,,,
2114,Asst. Prof. Dr. Md. Ruhul Moktadir,"['MBBS', 'BCS', 'MS']",NEUROSURGEON,20,Trauma Center & AO Orthopaedic Hospital,Dhaka,,,,,,,,,,,,,,,,,,,,,
2115,Asst. Prof. Dr. Md Sharif Bhuiyan,"['MBBS', 'MS']",NEUROSURGEON,19,Trauma Center & AO Orthopaedic Hospital,Dhaka,,,,,,,,,,,,,,,,,,,,,
2116,Dr. Arunav Paul,"['MBBS', 'BCS', 'FCPS']",DIABETES SPECIALIST,22,Trauma Center & AO Orthopaedic Hospital,Dhaka,,,,,,,,,,,,,,,,,,,,,
2116,Dr. Arunav Paul,"['MBBS', 'BCS', 'FCPS']",MEDICINE SPECIALIST,22,Trauma Center & AO Orthopaedic Hospital,Dhaka,,,,,,,,,,,,,,,,,,,,,
2117,Dr. Tapan Kumar Das,"['MBBS', 'FCPS', 'CCD']",MEDICINE SPECIALIST,15,Trauma Center & AO Orthopaedic Hospital,Dhaka,,,,,,,,,,,,,,,,,,,,,
2117,Dr. Tapan Kumar Das,"['MBBS', 'FCPS', 'CCD']",DIABETES SPECIALIST,15,Trauma Center & AO Orthopaedic Hospital,Dhaka,,,,,,,,,,,,,,,,,,,,,
2118,Dr. Md. Mostafa-Al-Rasel,"['MBBS', 'MCPS', 'MD']",CARDIOLOGIST,15,Trauma Center & AO Orthopaedic Hospital,Dhaka,,,,,,,,,,,,,,,,,,,,,
2119,Asst. Prof. Dr. Md. Shahed Ashraf,"['MBBS', 'BCS', 'MD']",HEPATOLOGIST,19,Popular Diagnostic Centre Ltd. | Shyamoli,Dhaka,,,,,,,,,,,,,,,,,,,,,
2120,Asst. Prof. Dr. CH Rabin,"['MBBS', 'BCS', 'MS']",ORTHOPEDIC SURGEON,19,Trauma Center & AO Orthopaedic Hospital,Dhaka,,,,,,,,,,,,,,,,,,,,,
2121,Asst. Prof. Dr. Mohammad Osman,"['MBBS', 'D-ORTHO']",ORTHOPEDIST,29,Trauma Center & AO Orthopaedic Hospital,Dhaka,,,,,,,,,,,,,,,,,,,,,
2122,Dr. Md. Meraj Uddin Mollah,"['MBBS', 'BCS', 'MS']",ORTHOPEDIST,18,Trauma Center & AO Orthopaedic Hospital,Dhaka,,,,,,,,,,,,,,,,,,,,,
2123,Dr. S.K.M. Zainal Abedin,"['MBBS', 'D-ORTHO', 'FOS (NUH', ' SINGAPORE)']",ORTHOPEDIST,22,Trauma Center & AO Orthopaedic Hospital,Dhaka,,,,,,,,,,,,,,,,,,,,,
2124,Asst. Prof. Dr. Ripon Kumar Das,"['MBBS', 'BCS', 'D-ORTHO', 'MS']",ORTHOPEDIC SURGEON,17,Trauma Center & AO Orthopaedic Hospital,Dhaka,,,,,,,,,,,,,,,,,,,,,
2125,Asst. Prof. Dr. Swapan Paul,"['MBBS', 'MS']",ORTHOPEDIC SURGEON,20,Trauma Center & AO Orthopaedic Hospital,Dhaka,,,,,,,,,,,,,,,,,,,,,
2126,Asst. Prof. Dr. Zahid Ahmed,['MBBS'],ORTHOPEDIC SURGEON,17,Trauma Center & AO Orthopaedic Hospital,Dhaka,,,,,,,,,,,,,,,,,,,,,
2127,Dr. Asum Mim Afroz,"['MBBS', 'BCS', 'MCPS']",GYNECOLOGIST & OBSTETRICIAN,15,DPRC Hospital LTD.,Dhaka,,,,,,,,,,,,,,,,,,,,,
2128,Dr. S N Nag,"['MBBS', 'MICS', 'MS']",UROLOGIST,18,DPRC Hospital LTD.,Dhaka,,,,,,,,,,,,,,,,,,,,,
2129,Assoc. Prof. Dr. M M Jalal Uddin,"['MBBS', 'FCPS', 'FRCP']",PSYCHIATRIST,22,DPRC Hospital LTD.,Dhaka,,,,,,,,,,,,,,,,,,,,,
2130,Asst. Prof. Dr. Md. Shafiullah Prodhan,"['PHD', 'MS', 'BSPT(DU) NITOR']",PHYSIOTHERAPIST,19,DPRC Hospital LTD.,Dhaka,,,,,,,,,,,,,,,,,,,,,
2131,Dr. Mehenaz Fouzia Mithila,"['MBBS', 'DM', 'TVS']",GYNECOLOGIST & OBSTETRICIAN,23,DPRC Hospital LTD.,Dhaka,,,,,,,,,,,,,,,,,,,,,
2132,Asst. Prof. Dr. Mahbub Alam Majumder,"['MBBS', 'FCPS', 'MD']",NEPHROLOGIST,18,DPRC Hospital LTD.,Dhaka,,,,,,,,,,,,,,,,,,,,,
2133,Asst. Prof. Dr. Md. Sayed Ashraf,"['MBBS', 'BCS', 'MD']",HEPATOLOGIST,25,DPRC Hospital LTD.,Dhaka,,,,,,,,,,,,,,,,,,,,,
2134,Dr. Tawsif Hosnain Khan,"['MBBS', 'MS', 'MCPS']",DERMATOLOGIST,13,DPRC Hospital LTD.,Dhaka,,,,,,,,,,,,,,,,,,,,,
2135,Dr. A K Al Miraj,"['MBBS', 'MPH', 'MS']",VASCULAR SURGEON,19,DPRC Hospital LTD.,Dhaka,,,,,,,,,,,,,,,,,,,,,
2136,Asst. Prof. Dr. Musammat Sufia Akhtar,"['MBBS', 'DCH', 'MCPS', 'MD']",CARDIOLOGIST,19,DPRC Hospital LTD.,Dhaka,,,,,,,,,,,,,,,,,,,,,
2137,Asst. Prof. Dr. Md Anwar Hossain,"['MBBS', 'BCS', 'MS']",CARDIOLOGIST,19,DPRC Hospital LTD.,Dhaka,,,,,,,,,,,,,,,,,,,,,
2137,Asst. Prof. Dr. Md Anwar Hossain,"['MBBS', 'BCS', 'MS']",CARDIOTHORACIC AND VASCULAR SURGEON,19,DPRC Hospital LTD.,Dhaka,,,,,,,,,,,,,,,,,,,,,
2138,Dr. AKM Fazlul Haque,"['MBBS', 'FRCS']",PLASTIC SURGEON,30,Evercare Hospital Dhaka,Dhaka,,,,,,,,,,,,,,,,,,,,,
2139,Prof. Dr. Raju Titus Chacko,"['MBBS', 'MD']",ONCOLOGIST,24,Evercare Hospital Dhaka,Dhaka,,,,,,,,,,,,,,,,,,,,,
2140,Lt Col (Dr) Md. Zamil Zaidur Rahim,"['MBBS', 'MS']",ORTHOPEDIC SURGEON,28,Evercare Hospital Dhaka,Dhaka,,,,,,,,,,,,,,,,,,,,,
2141,Dr. Md Atiar Rahaman,"['MBBS', 'MS']",ORTHOPEDIST,18,Evercare Hospital Dhaka,Dhaka,,,,,,,,,,,,,,,,,,,,,
2142,Dr. Tabassum Samad,"['MBBS', 'FCPS']",NEPHROLOGIST,20,Evercare Hospital Dhaka,Dhaka,,,,,,,,,,,,,,,,,,,,,
2143,Prof. Dr. Parveen Fatima,"['MBBS', 'FCPS', 'POST-GRADUATE AWARD IN A. R. T (UK)']",GYNECOLOGIST & OBSTETRICIAN,24,Nagorik Specialized Hospital Ltd.,Dhaka,,,,,,,,,,,,,,,,,,,,,
2144,Assoc. Prof. Dr. Md. Moazzem Hossain,"['MBBS', 'DTM', 'RCP & SI ( DABIN )', 'MS', 'FRCP']",MEDICINE SPECIALIST,22,Popular Diagnostic Centre Ltd. | Shyamoli,Dhaka,,,,,,,,,,,,,,,,,,,,,
2145,Sanjib Ahmad Talukder Tonoy,"['BSC', 'MS', 'CND (BIRDEM)']",DIETICIAN,10,Hi-Care General Hospital Ltd.,Dhaka,,,,,,,,,,,,,,,,,,,,,
2145,Sanjib Ahmad Talukder Tonoy,"['BSC', 'MS', 'CND (BIRDEM)']",NUTRITIONIST,10,Hi-Care General Hospital Ltd.,Dhaka,,,,,,,,,,,,,,,,,,,,,
2146,Asst. Prof. Dr. Biswas Shaheen Hasan,"['MBBS', 'DTCD', 'MCPS', 'MD']",RESPIRATORY SPECIALIST,23,Basabo Multicare Hospital Ltd.,Dhaka,,,,,,,,,,,,,,,,,,,,,
2146,Asst. Prof. Dr. Biswas Shaheen Hasan,"['MBBS', 'DTCD', 'MCPS', 'MD']",DERMATOLOGIST,23,Basabo Multicare Hospital Ltd.,Dhaka,,,,,,,,,,,,,,,,,,,,,
2147,Dr. Ahmed Hossain Siddique Titu,"['MBBS', 'D-ORTHO', 'BCS', 'FCPS']",ORTHOPEDIST,24,Basabo Multicare Hospital Ltd.,Dhaka,,,,,,,,,,,,,,,,,,,,,
2148,Dr. Md. Labid Rahman,"['MBBS', 'MRCP', 'FCGP (MEDICINE)', 'CCD', 'PGT']",MEDICINE SPECIALIST,19,Basabo Multicare Hospital Ltd.,Dhaka,,,,,,,,,,,,,,,,,,,,,
2148,Dr. Md. Labid Rahman,"['MBBS', 'MRCP', 'FCGP (MEDICINE)', 'CCD', 'PGT']",RESPIRATORY SPECIALIST,19,Basabo Multicare Hospital Ltd.,Dhaka,,,,,,,,,,,,,,,,,,,,,
2148,Dr. Md. Labid Rahman,"['MBBS', 'MRCP', 'FCGP (MEDICINE)', 'CCD', 'PGT']",DIABETES SPECIALIST,19,Basabo Multicare Hospital Ltd.,Dhaka,,,,,,,,,,,,,,,,,,,,,
2149,Dr. Md. Ashiqur Rahman,"['MBBS', 'BCS', 'MCPS', 'MRCP', 'MD']",MEDICINE SPECIALIST,17,Basabo Multicare Hospital Ltd.,Dhaka,,,,,,,,,,,,,,,,,,,,,
2149,Dr. Md. Ashiqur Rahman,"['MBBS', 'BCS', 'MCPS', 'MRCP', 'MD']",ENDOCRINOLOGIST,17,Basabo Multicare Hospital Ltd.,Dhaka,,,,,,,,,,,,,,,,,,,,,
2150,Asst. Prof. Dr. Sarmin Mostafa,"['MBBS', 'MCPS', 'FCPS']",GYNECOLOGIST & OBSTETRICIAN,22,Basabo Multicare Hospital Ltd.,Dhaka,,,,,,,,,,,,,,,,,,,,,
2150,Asst. Prof. Dr. Sarmin Mostafa,"['MBBS', 'MCPS', 'FCPS']",INFERTILITY SPECIALIST,22,Basabo Multicare Hospital Ltd.,Dhaka,,,,,,,,,,,,,,,,,,,,,
2151,Dr. Galib Hasan,"['MBBS', 'DA (BSMMU)', 'MCCP (UK)', 'DOC (SKIN)']",MEDICINE SPECIALIST,15,Basabo Multicare Hospital Ltd.,Dhaka,,,,,,,,,,,,,,,,,,,,,
2151,Dr. Galib Hasan,"['MBBS', 'DA (BSMMU)', 'MCCP (UK)', 'DOC (SKIN)']",PAIN MANAGEMENT SPECIALIST,15,Basabo Multicare Hospital Ltd.,Dhaka,,,,,,,,,,,,,,,,,,,,,
2152,Asst. Prof. Dr. Mohammad Mostafa Kamal,"['MBBS', 'MD', 'MD', 'MACP']",MEDICINE SPECIALIST,19,Basabo Multicare Hospital Ltd.,Dhaka,,,,,,,,,,,,,,,,,,,,,
2152,Asst. Prof. Dr. Mohammad Mostafa Kamal,"['MBBS', 'MD', 'MD', 'MACP']",NEUROMEDICINE SPECIALIST,19,Basabo Multicare Hospital Ltd.,Dhaka,,,,,,,,,,,,,,,,,,,,,
2152,Asst. Prof. Dr. Mohammad Mostafa Kamal,"['MBBS', 'MD', 'MD', 'MACP']",GASTROENTEROLOGIST,19,Basabo Multicare Hospital Ltd.,Dhaka,,,,,,,,,,,,,,,,,,,,,
2153,Dr. Md. Nurul Huda Nasheed,"['MBBS', 'DLO']",OTOLARYNGOLOGISTS (ENT),18,Basabo Multicare Hospital Ltd.,Dhaka,,,,,,,,,,,,,,,,,,,,,
2154,Dr. Md. Saiful Ahsan Rana,"['MBBS', 'BCS', 'MD']",NEPHROLOGIST,14,Basabo Multicare Hospital Ltd.,Dhaka,,,,,,,,,,,,,,,,,,,,,
2155,Dr. Md. Wahiduzzaman Jewel,"['MBBS', 'BCS', 'D-CARD', 'MD', 'FCPS']",CARDIOLOGIST,13,Basabo Multicare Hospital Ltd.,Dhaka,,,,,,,,,,,,,,,,,,,,,
2156,Dr. Mehbuba Yasmin,"['MBBS', 'FCPS', 'BCS']",GYNECOLOGIST & OBSTETRICIAN,16,Alliance Hospital Ltd.,Dhaka,,,,,,,,,,,,,,,,,,,,,
2157,Dr. Rafa Islam,"['MBBS', 'MCPS', 'FCPS']",GYNECOLOGIST & OBSTETRICIAN,14,Alliance Hospital Ltd.,Dhaka,,,,,,,,,,,,,,,,,,,,,
2158,Mrs. SN Shampa,"['B. SC (HONS)', 'M. SC (FOOD AND NUTRITION)', 'MPH', 'CND (BIRDEM)', 'PGCC (NIN)', 'ICMR']",NUTRITIONIST,13,Samorita Hospital Limited,Dhaka,,,,,,,,,,,,,,,,,,,,,
2159,Dr. Supriya Sarker,"['MBBS', 'FCPS']",PHYSICAL MEDICINE,14,Samorita Hospital Limited,Dhaka,,,,,,,,,,,,,,,,,,,,,
2160,Asst. Prof. Dr. Abdur Rashid,"['MBBS', 'DLO']",OTOLARYNGOLOGISTS (ENT),32,Samorita Hospital Limited,Dhaka,,,,,,,,,,,,,,,,,,,,,
2161,Assoc. Prof. Dr. Md. Amimul Ehsan,"['MBBS', 'DCH']",PEDIATRICIAN & NEONATOLOGIST,32,Samorita Hospital Limited,Dhaka,,,,,,,,,,,,,,,,,,,,,
2162,Dr. Imtiaz Ahmad,"['MBBS', 'FCPS']",GENERAL SURGEON,15,Samorita Hospital Limited,Dhaka,,,,,,,,,,,,,,,,,,,,,
2162,Dr. Imtiaz Ahmad,"['MBBS', 'FCPS']",LAPAROSCOPIC SURGEON,15,Samorita Hospital Limited,Dhaka,,,,,,,,,,,,,,,,,,,,,
2163,Dr. Maymuna Ismail,"['MBBS', 'FCPS', 'MD']",PEDIATRIC NEUROLOGIST,15,Samorita Hospital Limited,Dhaka,,,,,,,,,,,,,,,,,,,,,
2164,Dr. Sohel Mahmood,"['MBBS', 'MCPS', 'DO (BSMMU)']",OPHTHALMOLOGIST,15,Samorita Hospital Limited,Dhaka,,,,,,,,,,,,,,,,,,,,,
2165,Dr. Mumtahena Amir,"['MBBS', 'FCPS']",GYNECOLOGIST & OBSTETRICIAN,17,Samorita Hospital Limited,Dhaka,,,,,,,,,,,,,,,,,,,,,
2166,Dr. Gayatri Rani,"['MBBS', 'BCS', 'FCPS']",GYNECOLOGIST & OBSTETRICIAN,18,Samorita Hospital Limited,Dhaka,,,,,,,,,,,,,,,,,,,,,
2167,Asst. Prof. Dr. Saber A Rahman,"['MBBS', 'FCPS']",GENERAL SURGEON,17,Samorita Hospital Limited,Dhaka,,,,,,,,,,,,,,,,,,,,,
2167,Asst. Prof. Dr. Saber A Rahman,"['MBBS', 'FCPS']",LAPAROSCOPIC SURGEON,17,Samorita Hospital Limited,Dhaka,,,,,,,,,,,,,,,,,,,,,
2168,Dr. Md. Iftekhar Hossain,"['BDS', 'PGT']",MAXILLOFACIAL AND DENTAL SURGEON,23,Samorita Hospital Limited,Dhaka,,,,,,,,,,,,,,,,,,,,,
2169,Asst. Prof. Dr. MA Shamim,"['MBBS', 'MS']",ORTHOPEDIC SURGEON,25,Samorita Hospital Limited,Dhaka,,,,,,,,,,,,,,,,,,,,,
2170,Prof. Dr. Saif Uddin Ahmed Sajib,"['MBBS', 'CCD', 'PHD']",DIABETOLOGIST,28,Samorita Hospital Limited,Dhaka,,,,,,,,,,,,,,,,,,,,,
2171,Dr. Md. Zonaid Rahim,"['MBBS', 'DLO']",OTOLARYNGOLOGISTS (ENT),22,Samorita Hospital Limited,Dhaka,,,,,,,,,,,,,,,,,,,,,
2172,Dr. Nafia Farzana Chowdhury,"['MBBS', 'MD']",PSYCHIATRIST,23,Samorita Hospital Limited,Dhaka,,,,,,,,,,,,,,,,,,,,,
2173,Dr. Md. Mofizur Rahman,"['MBBS', 'MD']",ONCOLOGIST,30,Samorita Hospital Limited,Dhaka,,,,,,,,,,,,,,,,,,,,,
2174,Dr. Mehruba ALam Ananna,"['MBBS', 'FCPS']",NEPHROLOGIST,23,Samorita Hospital Limited,Dhaka,,,,,,,,,,,,,,,,,,,,,
2174,Dr. Mehruba ALam Ananna,"['MBBS', 'FCPS']",DIABETES SPECIALIST,23,Samorita Hospital Limited,Dhaka,,,,,,,,,,,,,,,,,,,,,
2175,Dr. Supratim Howlader,"['MBBS', 'MS', 'FACS (USA)']",PEDIATRIC SURGEON,20,Samorita Hospital Limited,Dhaka,,,,,,,,,,,,,,,,,,,,,
2176,Dr. Habiba Begum,"['MBBS', 'BCS', 'FCPS']",GENERAL SURGEON,20,Samorita Hospital Limited,Dhaka,,,,,,,,,,,,,,,,,,,,,
2176,Dr. Habiba Begum,"['MBBS', 'BCS', 'FCPS']",COLORECTAL SURGEON,20,Samorita Hospital Limited,Dhaka,,,,,,,,,,,,,,,,,,,,,
2177,Dr. Mustak Hossain,"['MBBS', 'MD']",INTERNAL MEDICINE,22,Samorita Hospital Limited,Dhaka,,,,,,,,,,,,,,,,,,,,,
2178,Dr. Md. Abdul Quader,"['MBBS', 'FCPS']",MEDICINE SPECIALIST,20,Samorita Hospital Limited,Dhaka,,,,,,,,,,,,,,,,,,,,,
2179,Dr. Safana Ahmed,"['MBBS', 'DVD (BSMMU)']",DERMATOLOGIST,19,Samorita Hospital Limited,Dhaka,,,,,,,,,,,,,,,,,,,,,
2180,Asst. Prof. Dr. A S M Sirajum Munir,"['MBBS', 'BCS', 'FCPS', 'MRCP']",MEDICINE SPECIALIST,15,Samorita Hospital Limited,Dhaka,,,,,,,,,,,,,,,,,,,,,
2181,Dr. Jahangir Md. Sarwar,"['MBBS', 'FCPS']",GENERAL SURGEON,25,Samorita Hospital Limited,Dhaka,,,,,,,,,,,,,,,,,,,,,
2181,Dr. Jahangir Md. Sarwar,"['MBBS', 'FCPS']",LAPAROSCOPIC SURGEON,25,Samorita Hospital Limited,Dhaka,,,,,,,,,,,,,,,,,,,,,
2182,Dr. Mohammad Habibur Rahman,"['MBBS', 'BCS', 'FCPS']",UROLOGIST,23,Samorita Hospital Limited,Dhaka,,,,,,,,,,,,,,,,,,,,,
2183,Dr. Md. Abrar Kaiser,"['MBBS', 'MD']",CARDIOLOGIST,24,Samorita Hospital Limited,Dhaka,,,,,,,,,,,,,,,,,,,,,
2184,Dr. Rajashish Chakraborty,"['MBBS', 'FCPS', 'MD', 'FCCP']",PULMONOLOGIST,25,Samorita Hospital Limited,Dhaka,,,,,,,,,,,,,,,,,,,,,
2185,Prof. Dr. Md. Jannatul Islam Jinnah,"['MBBS', 'FCPS', 'FICS']",GENERAL SURGEON,28,Samorita Hospital Limited,Dhaka,,,,,,,,,,,,,,,,,,,,,
2185,Prof. Dr. Md. Jannatul Islam Jinnah,"['MBBS', 'FCPS', 'FICS']",LAPAROSCOPIC SURGEON,28,Samorita Hospital Limited,Dhaka,,,,,,,,,,,,,,,,,,,,,
2186,Prof. Dr. Chowdhury Ali Kaiser,"['MBBS', 'FCPS', 'PH.D']",PEDIATRICIAN,24,Samorita Hospital Limited,Dhaka,,,,,,,,,,,,,,,,,,,,,
2187,Dr. Md. Abdul Khaleque,"['MBBS', 'FCPS']",OPHTHALMOLOGIST,28,Samorita Hospital Limited,Dhaka,,,,,,,,,,,,,,,,,,,,,
2188,Prof. Dr. Imtiaz Faruk,"['MBBS', 'FCPS', 'FRCS']",GENERAL SURGEON,24,Samorita Hospital Limited,Dhaka,,,,,,,,,,,,,,,,,,,,,
2188,Prof. Dr. Imtiaz Faruk,"['MBBS', 'FCPS', 'FRCS']",LAPAROSCOPIC SURGEON,24,Samorita Hospital Limited,Dhaka,,,,,,,,,,,,,,,,,,,,,
2189,Prof. Dr. Mohammad Abdur Rahman,"['MBBS', 'FCPS']",ANESTHESIOLOGIST,25,Samorita Hospital Limited,Dhaka,,,,,,,,,,,,,,,,,,,,,
2190,Prof. Dr. Md. Fidah Hossain,"['MBBS', 'MS']",VASCULAR SURGEON,20,Samorita Hospital Limited,Dhaka,,,,,,,,,,,,,,,,,,,,,
2191,Prof. Dr. Sultana Algin,"['MBBS', 'FCPS']",PSYCHIATRIST,27,Popular Diagnostic Centre Ltd. | Badda,Dhaka,,,,,,,,,,,,,,,,,,,,,
2192,Prof. Dr. L C Kundu,"['MBBS', 'MCPS', 'DCH', 'MD']",PEDIATRICIAN,31,Samorita Hospital Limited,Dhaka,,,,,,,,,,,,,,,,,,,,,
2193,Prof. Dr. Jebun Nessa Rumu,"['MBBS', 'FCPS', 'MD']",PHYSICAL MEDICINE,24,Samorita Hospital Limited,Dhaka,,,,,,,,,,,,,,,,,,,,,
2194,Prof. Dr. Feroza Wazed,"['MBBS', 'DGO', 'FCPS']",GYNECOLOGIST & OBSTETRICIAN,28,Samorita Hospital Limited,Dhaka,,,,,,,,,,,,,,,,,,,,,
2195,Prof. Dr. Nasima Arjumand Banu,"['MBBS', 'FCPS']",GYNECOLOGIST & OBSTETRICIAN,17,Samorita Hospital Limited,Dhaka,,,,,,,,,,,,,,,,,,,,,
2196,Dr. Mohammad Abu Sayeed,"['MBBS', 'MS']",NEUROSURGEON,23,Samorita Hospital Limited,Dhaka,,,,,,,,,,,,,,,,,,,,,
2197,Prof. Dr. A. H. Hamid Ahmed,"['MBBS', 'MD']",NEPHROLOGIST,27,Samorita Hospital Limited,Dhaka,,,,,,,,,,,,,,,,,,,,,
2198,Prof. Dr. M. Abdus Samad,"['MBBS', 'D-ORTHO', 'MS']",ORTHOPEDIC SURGEON,28,Samorita Hospital Limited,Dhaka,,,,,,,,,,,,,,,,,,,,,
2199,Prof. Dr. Mahabubur Rahman,"['MBBS', 'FCPS', 'FACP', 'FRCP']",HEMATOLOGIST,26,Samorita Hospital Limited,Dhaka,,,,,,,,,,,,,,,,,,,,,
2200,Prof. Dr. Md. Mohsen Chowdhury,"['MBBS', 'FCPS']",HEPATOBILIARY SURGEON,28,Samorita Hospital Limited,Dhaka,,,,,,,,,,,,,,,,,,,,,
2200,Prof. Dr. Md. Mohsen Chowdhury,"['MBBS', 'FCPS']",LAPAROSCOPIC SURGEON,28,Samorita Hospital Limited,Dhaka,,,,,,,,,,,,,,,,,,,,,
2201,Prof. Dr. Md. Margub Hussain,"['MBBS', 'FCPS', 'MHPED']",GENERAL SURGEON,25,Samorita Hospital Limited,Dhaka,,,,,,,,,,,,,,,,,,,,,
2201,Prof. Dr. Md. Margub Hussain,"['MBBS', 'FCPS', 'MHPED']",LAPAROSCOPIC SURGEON,25,Samorita Hospital Limited,Dhaka,,,,,,,,,,,,,,,,,,,,,
2202,Prof. Dr. Saleha Begum Chowdhury,"['MBBS', 'FCPS']",GYNECOLOGIST & OBSTETRICIAN,29,Samorita Hospital Limited,Dhaka,,,,,,,,,,,,,,,,,,,,,
2203,Prof. Brig. Gen. (Retd.) Dr. Abdur Rahman Siddiqui,"['MBBS', 'MD', 'FCPS', 'FRCP']",NEUROLOGIST,28,Samorita Hospital Limited,Dhaka,,,,,,,,,,,,,,,,,,,,,
2203,Prof. Brig. Gen. (Retd.) Dr. Abdur Rahman Siddiqui,"['MBBS', 'MD', 'FCPS', 'FRCP']",MEDICINE SPECIALIST,28,Samorita Hospital Limited,Dhaka,,,,,,,,,,,,,,,,,,,,,
2204,Prof. Dr. R.A. Chowdhury Pervez,"['MBBS', 'FCPS']",GENERAL SURGEON,27,Samorita Hospital Limited,Dhaka,,,,,,,,,,,,,,,,,,,,,
2204,Prof. Dr. R.A. Chowdhury Pervez,"['MBBS', 'FCPS']",LAPAROSCOPIC SURGEON,27,Samorita Hospital Limited,Dhaka,,,,,,,,,,,,,,,,,,,,,
2205,Prof. Dr. M N Alam,"['MBBS', 'MPH', 'PGT', 'CCD']",MEDICINE SPECIALIST,18,Samorita Hospital Limited,Dhaka,,,,,,,,,,,,,,,,,,,,,
2206,Dr. Masud Rana Bhuiyan,"['MBBS', 'BCS', 'FCPS']",SURGEON,16,Alliance Hospital Ltd.,Dhaka,,,,,,,,,,,,,,,,,,,,,
2207,Prof. Dr. ABM Abdus Salam,"['MBBS', 'FCPS', 'MD']",PEDIATRIC CARDIOLOGIST,18,Fair Lab Diagnostic & Consultation Center,Dhaka,,,,,,,,,,,,,,,,,,,,,
2208,Dr. KUM Shamsun Nahar,"['MBBS', 'MD', 'CCD']",NEPHROLOGIST,14,Alliance Hospital Ltd.,Dhaka,,,,,,,,,,,,,,,,,,,,,
2208,Dr. KUM Shamsun Nahar,"['MBBS', 'MD', 'CCD']",DIABETES SPECIALIST,14,Alliance Hospital Ltd.,Dhaka,,,,,,,,,,,,,,,,,,,,,
2209,Dr. Md. Khalequzzaman Linkon,"['MBBS', 'BCS', 'MD']",NEUROMEDICINE SPECIALIST,19,Alliance Hospital Ltd.,Dhaka,,,,,,,,,,,,,,,,,,,,,
2210,Dr. Sumaiya Parveen,"['MBBS', 'BCS', 'DDV']",DERMATOLOGIST,14,Alliance Hospital Ltd.,Dhaka,,,,,,,,,,,,,,,,,,,,,
2211,Dr. Dipannita Saha,"['MBBS', 'BCS', 'MCPS', 'FCPS']",MEDICINE SPECIALIST,15,Alliance Hospital Ltd.,Dhaka,,,,,,,,,,,,,,,,,,,,,
2212,Dr. Farzana Islam Shawon,"['MBBS', 'BCS', 'FCPS', 'FCPS']",GYNECOLOGIST & OBSTETRICIAN,15,Alliance Hospital Ltd.,Dhaka,,,,,,,,,,,,,,,,,,,,,
2212,Dr. Farzana Islam Shawon,"['MBBS', 'BCS', 'FCPS', 'FCPS']",INFERTILITY SPECIALIST,15,Alliance Hospital Ltd.,Dhaka,,,,,,,,,,,,,,,,,,,,,
2213,Dr. Arnab Kumar Chowdhury,"['MBBS', 'BCS']",CARDIOLOGIST,19,Alliance Hospital Ltd.,Dhaka,,,,,,,,,,,,,,,,,,,,,
2213,Dr. Arnab Kumar Chowdhury,"['MBBS', 'BCS']",MEDICINE SPECIALIST,19,Alliance Hospital Ltd.,Dhaka,,,,,,,,,,,,,,,,,,,,,
2214,Dr. Mu. Mashwood Alam,"['MBBS', 'BCS', 'CCD', 'FCPS']",PHYSICAL MEDICINE,18,Alliance Hospital Ltd.,Dhaka,,,,,,,,,,,,,,,,,,,,,
2214,Dr. Mu. Mashwood Alam,"['MBBS', 'BCS', 'CCD', 'FCPS']",RHEUMATOLOGIST,18,Alliance Hospital Ltd.,Dhaka,,,,,,,,,,,,,,,,,,,,,
2215,Dr. Md. Wasek Faisal Rajib,"['MBBS', 'BCS', 'MD']",CARDIOLOGIST,18,Alliance Hospital Ltd.,Dhaka,,,,,,,,,,,,,,,,,,,,,
2216,Dr. Nihar Ranjan Das,"['MBBS', 'BCS', 'FCPS', 'CCD']",MEDICINE SPECIALIST,17,Alliance Hospital Ltd.,Dhaka,,,,,,,,,,,,,,,,,,,,,
2217,Prof. Dr. M. R. Karim,"['MBBS', 'BCS', 'MS', 'FACS']",ORTHOPEDIC SURGEON,20,Alliance Hospital Ltd.,Dhaka,,,,,,,,,,,,,,,,,,,,,
2218,Dr. Md. Maskurul Alam Miner,"['MBBS', 'BCS', 'FCPS']",PEDIATRIC SURGEON,22,Insaf Barakah Kidney & General Hospital Ltd.,Dhaka,,,,,,,,,,,,,,,,,,,,,
2219,Asst. Prof. Dr. Md. Shahin Reza,"['MBBS', 'BCS', 'MS', 'FACS']",PEDIATRIC SURGEON,22,Insaf Barakah Kidney & General Hospital Ltd.,Dhaka,,,,,,,,,,,,,,,,,,,,,
2220,Dr. K. S. M. Abdulliah Shamim,"['MBBS', 'BCS', 'FCPS']",GENERAL SURGEON,24,Insaf Barakah Kidney & General Hospital Ltd.,Dhaka,,,,,,,,,,,,,,,,,,,,,
2220,Dr. K. S. M. Abdulliah Shamim,"['MBBS', 'BCS', 'FCPS']",COLORECTAL & LAPAROSCOPIC SURGEON,24,Insaf Barakah Kidney & General Hospital Ltd.,Dhaka,,,,,,,,,,,,,,,,,,,,,
2221,Asst. Prof. Dr. Md. Abdul Munim Sarkar,"['MBBS', 'BCS', 'FCPS', 'MS']",ONCOLOGIST,16,Insaf Barakah Kidney & General Hospital Ltd.,Dhaka,,,,,,,,,,,,,,,,,,,,,
2221,Asst. Prof. Dr. Md. Abdul Munim Sarkar,"['MBBS', 'BCS', 'FCPS', 'MS']",GENERAL SURGEON,16,Insaf Barakah Kidney & General Hospital Ltd.,Dhaka,,,,,,,,,,,,,,,,,,,,,
2222,Asst. Prof. Dr. Nasim -E-Tasnim,"['MBBS', 'BCS', 'FCPS']",SURGEON,17,Insaf Barakah Kidney & General Hospital Ltd.,Dhaka,,,,,,,,,,,,,,,,,,,,,
2223,Asst. Prof. Dr. Junaidur Rahman Likhon,"['MBBS', 'BCS', 'FCPS', 'FMAS (INDIA).']",GENERAL SURGEON,19,Insaf Barakah Kidney & General Hospital Ltd.,Dhaka,,,,,,,,,,,,,,,,,,,,,
2223,Asst. Prof. Dr. Junaidur Rahman Likhon,"['MBBS', 'BCS', 'FCPS', 'FMAS (INDIA).']",COLORECTAL & LAPAROSCOPIC SURGEON,19,Insaf Barakah Kidney & General Hospital Ltd.,Dhaka,,,,,,,,,,,,,,,,,,,,,
2224,Prof. Dr. Rafiques Salehin,"['MBBS', 'FCPS', 'FRCS']",SURGEON,30,Insaf Barakah Kidney & General Hospital Ltd.,Dhaka,,,,,,,,,,,,,,,,,,,,,
2225,Dr. Farah Diba,"['BSC', 'MS', 'MPH']",NUTRITIONIST,14,Insaf Barakah Kidney & General Hospital Ltd.,Dhaka,,,,,,,,,,,,,,,,,,,,,
2226,Dr. Shaikh Saadiul Islam,"['MBBS', 'MS', 'BCS']",ORTHOPEDIST,22,Insaf Barakah Kidney & General Hospital Ltd.,Dhaka,,,,,,,,,,,,,,,,,,,,,
2227,Dr. Afrina Jahan,"['MBBS', 'MS', 'CCD']",ORTHOPEDIST,25,Insaf Barakah Kidney & General Hospital Ltd.,Dhaka,,,,,,,,,,,,,,,,,,,,,
2228,Prof. Dr. Md. Abdur Rashid,"['MBBS', 'D.ORTH (ORTHOPAEDICS)']",ORTHOPEDIST,30,Insaf Barakah Kidney & General Hospital Ltd.,Dhaka,,,,,,,,,,,,,,,,,,,,,
2229,Prof. Dr. Mohammad Khurshed Alam,"['MBBS', 'MS']",ORTHOPEDIC SURGEON,16,Insaf Barakah Kidney & General Hospital Ltd.,Dhaka,,,,,,,,,,,,,,,,,,,,,
2230,Asst. Prof. Dr. Maruf Ahmed,"['MBBS', 'BCS', 'MS']",NEUROSURGEON,25,Insaf Barakah Kidney & General Hospital Ltd.,Dhaka,,,,,,,,,,,,,,,,,,,,,
2231,Asst. Prof. Dr. Syed Shahriar Razzak,"['MBBS', 'BCS']",NEUROSURGEON,19,Insaf Barakah Kidney & General Hospital Ltd.,Dhaka,,,,,,,,,,,,,,,,,,,,,
2232,Prof. Dr. Md. Abdul Mannan Khan,"['MBBS', 'FCPS']",UROLOGIST,22,Insaf Barakah Kidney & General Hospital Ltd.,Dhaka,,,,,,,,,,,,,,,,,,,,,
2233,Asst. Prof. Dr. Humayun Kabir Salim,"['MBBS', 'FCPS', 'MS', 'MRCS']",UROLOGIST,19,Insaf Barakah Kidney & General Hospital Ltd.,Dhaka,,,,,,,,,,,,,,,,,,,,,
2234,Asst. Prof. Dr. Md. Sazzad Hossain,"['MBBS', 'FCPS', 'MS', 'FACS (USA)']",UROLOGIST,27,Insaf Barakah Kidney & General Hospital Ltd.,Dhaka,,,,,,,,,,,,,,,,,,,,,
2235,Asst. Prof. Dr. Shoaib Alam Milon,"['MBBS', 'MS']",UROLOGIST,25,Insaf Barakah Kidney & General Hospital Ltd.,Dhaka,,,,,,,,,,,,,,,,,,,,,
2236,Dr. Md. Azizur Rahman Rana,"['BDS', 'MCPS', 'FCPS', 'MS']",MAXILLOFACIAL AND DENTAL SURGEON,22,Insaf Barakah Kidney & General Hospital Ltd.,Dhaka,,,,,,,,,,,,,,,,,,,,,
2237,Asst. Prof. Dr. Md. Ashraf Ali Biswas,"['BDS', 'MD']",DENTIST,20,Insaf Barakah Kidney & General Hospital Ltd.,Dhaka,,,,,,,,,,,,,,,,,,,,,
2238,Prof. Dr. Md. Dulotuzaman,"['MBBS', 'MCPS', 'PHD', 'DLO']",OTOLARYNGOLOGISTS (ENT),15,Insaf Barakah Kidney & General Hospital Ltd.,Dhaka,,,,,,,,,,,,,,,,,,,,,
2239,Prof. Dr. M. Ashikur Rahman Bhuiyan,"['MBBS', 'BCS', 'FCPS']",OTOLARYNGOLOGISTS (ENT),16,Insaf Barakah Kidney & General Hospital Ltd.,Dhaka,,,,,,,,,,,,,,,,,,,,,
2240,Prof. Dr. M Nizam Uddin Faruque,"['MBBS', 'FRCS', 'FRCS', 'DLO']",OTOLARYNGOLOGISTS (ENT),16,Insaf Barakah Kidney & General Hospital Ltd.,Dhaka,,,,,,,,,,,,,,,,,,,,,
2241,Assoc. Prof. Dr. Jannatul Ferdous,"['MBBS', 'MTM', 'FCPS']",HEMATOLOGIST,24,Insaf Barakah Kidney & General Hospital Ltd.,Dhaka,,,,,,,,,,,,,,,,,,,,,
2242,Dr. Md. Nadim Kamal,"['MBBS', 'FCPS']",PHYSICAL MEDICINE,16,Insaf Barakah Kidney & General Hospital Ltd.,Dhaka,,,,,,,,,,,,,,,,,,,,,
2242,Dr. Md. Nadim Kamal,"['MBBS', 'FCPS']",REHABILITATION SPECIALIST,16,Insaf Barakah Kidney & General Hospital Ltd.,Dhaka,,,,,,,,,,,,,,,,,,,,,
2243,Dr. Md. Atiquzzaman,"['MBBS', 'BCS', 'MD']",PHYSICAL MEDICINE,23,Insaf Barakah Kidney & General Hospital Ltd.,Dhaka,,,,,,,,,,,,,,,,,,,,,
2243,Dr. Md. Atiquzzaman,"['MBBS', 'BCS', 'MD']",REHABILITATION SPECIALIST,23,Insaf Barakah Kidney & General Hospital Ltd.,Dhaka,,,,,,,,,,,,,,,,,,,,,
2244,Dr. Tasnim Hossain,"['MBBS', 'BCS', 'MD']",ONCOLOGIST,14,Insaf Barakah Kidney & General Hospital Ltd.,Dhaka,,,,,,,,,,,,,,,,,,,,,
2245,Asst. Prof. Dr. Md. Rifat Zia Hossain,"['MBBS', 'MD']",ONCOLOGIST,16,Insaf Barakah Kidney & General Hospital Ltd.,Dhaka,,,,,,,,,,,,,,,,,,,,,
2246,Dr. Noor-E-Nazneen,"['MBBS', 'DEM']",DIABETOLOGIST,22,Insaf Barakah Kidney & General Hospital Ltd.,Dhaka,,,,,,,,,,,,,,,,,,,,,
2246,Dr. Noor-E-Nazneen,"['MBBS', 'DEM']",ENDOCRINOLOGIST,22,Insaf Barakah Kidney & General Hospital Ltd.,Dhaka,,,,,,,,,,,,,,,,,,,,,
2247,Dr. Asma Sharmin,"['MBBS', 'BCS', 'DDV']",DERMATOLOGIST,15,Insaf Barakah Kidney & General Hospital Ltd.,Dhaka,,,,,,,,,,,,,,,,,,,,,
2248,Prof. Dr. Syed Afzalul Karim,"['MBBS', 'DDV', 'PHD', 'FRSH']",DERMATOLOGIST,31,Insaf Barakah Kidney & General Hospital Ltd.,Dhaka,,,,,,,,,,,,,,,,,,,,,
2249,Dr. Afroza Akhter,"['MBBS', 'BCS', 'MD']",PSYCHIATRIST,16,Insaf Barakah Kidney & General Hospital Ltd.,Dhaka,,,,,,,,,,,,,,,,,,,,,
2250,Dr. Md. Monir Hossain,"['MBBS', 'DTCD', 'FCCP']",RESPIRATORY SPECIALIST,25,Insaf Barakah Kidney & General Hospital Ltd.,Dhaka,,,,,,,,,,,,,,,,,,,,,
2251,Asst. Prof. Dr. Md. Mokaddas Hossain,"['MBBS', 'DTCD']",RESPIRATORY SPECIALIST,25,Insaf Barakah Kidney & General Hospital Ltd.,Dhaka,,,,,,,,,,,,,,,,,,,,,
2252,Dr. Md. Mamunur Rashid,"['MBBS', 'DA (BSMMU)', 'FCPS', 'FIPM']",PAIN MANAGEMENT SPECIALIST,17,Insaf Barakah Kidney & General Hospital Ltd.,Dhaka,,,,,,,,,,,,,,,,,,,,,
2253,Dr. Abu Sadik Abdulliah Rasel,"['MBBS', 'MD']",CARDIOLOGIST,27,Insaf Barakah Kidney & General Hospital Ltd.,Dhaka,,,,,,,,,,,,,,,,,,,,,
2254,Asst. Prof. Dr. Md. Matiur Rahman,"['MBBS', 'FCPS', 'MD']",CARDIOLOGIST,33,Insaf Barakah Kidney & General Hospital Ltd.,Dhaka,,,,,,,,,,,,,,,,,,,,,
2255,Asst. prof. Dr. Ashraf Uddin Chowdhury,"['MBBS', 'FCPS', 'MD']",CARDIOLOGIST,25,Insaf Barakah Kidney & General Hospital Ltd.,Dhaka,,,,,,,,,,,,,,,,,,,,,
2256,Dr. Md. Ariful Islam,"['MBBS', 'FCPS']",INTERNAL MEDICINE SPECIALIST,22,Insaf Barakah Kidney & General Hospital Ltd.,Dhaka,,,,,,,,,,,,,,,,,,,,,
2257,Assoc. Prof. Dr. Khadija Begum,"['MBBS', 'FCPS', 'MRCP']",INTERNAL MEDICINE SPECIALIST,19,Insaf Barakah Kidney & General Hospital Ltd.,Dhaka,,,,,,,,,,,,,,,,,,,,,
2258,Dr. Meherunnesa Liza,"['MBBS', 'BCS', 'MS']",PLASTIC SURGEON,16,Insaf Barakah Kidney & General Hospital Ltd.,Dhaka,,,,,,,,,,,,,,,,,,,,,
2259,Dr. Ruhina Tasmeen,"['MBBS', 'FCPS', 'FCPS']",PEDIATRIC GASTROENTEROLOGIST,18,Insaf Barakah Kidney & General Hospital Ltd.,Dhaka,,,,,,,,,,,,,,,,,,,,,
2260,Dr. Abu Sayeed Shimul,"['MBBS', 'BCS', 'FCPS']",PEDIATRICIAN & NEONATOLOGIST,28,Insaf Barakah Kidney & General Hospital Ltd.,Dhaka,,,,,,,,,,,,,,,,,,,,,
2261,Asst. Prof. Dr. Aysha Sabiha,"['MBBS', 'MD', 'MRCP']",PEDIATRIC GASTROENTEROLOGIST,19,Insaf Barakah Kidney & General Hospital Ltd.,Dhaka,,,,,,,,,,,,,,,,,,,,,
2262,Asst. Prof. Dr. Md. Mizanur Rahman,"['MBBS', 'DCH']",PEDIATRICIAN,26,Insaf Barakah Kidney & General Hospital Ltd.,Dhaka,,,,,,,,,,,,,,,,,,,,,
2263,Prof. Dr. Md. Golam Hafiz,"['MBBS', 'MD']",PEDIATRIC HEMATOLOGIST & ONCOLOGIST,28,Insaf Barakah Kidney & General Hospital Ltd.,Dhaka,,,,,,,,,,,,,,,,,,,,,
2264,Dr. Nur Wa Bushra jahan,"['MBBS', 'FCPS', 'DM']",INFERTILITY SPECIALIST,19,Insaf Barakah Kidney & General Hospital Ltd.,Dhaka,,,,,,,,,,,,,,,,,,,,,
2264,Dr. Nur Wa Bushra jahan,"['MBBS', 'FCPS', 'DM']",GYNECOLOGIST & OBSTETRICIAN,19,Insaf Barakah Kidney & General Hospital Ltd.,Dhaka,,,,,,,,,,,,,,,,,,,,,
2265,Dr. Marufa Hossain,"['MBBS', 'DGO', 'FCPS']",GYNECOLOGIST & OBSTETRICIAN,18,Insaf Barakah Kidney & General Hospital Ltd.,Dhaka,,,,,,,,,,,,,,,,,,,,,
2265,Dr. Marufa Hossain,"['MBBS', 'DGO', 'FCPS']",INFERTILITY SPECIALIST,18,Insaf Barakah Kidney & General Hospital Ltd.,Dhaka,,,,,,,,,,,,,,,,,,,,,
2266,Asst. Prof. Dr. Rebecca Sultana,"['MBBS', 'FCPS']",GYNECOLOGIST & OBSTETRICIAN,22,Insaf Barakah Kidney & General Hospital Ltd.,Dhaka,,,,,,,,,,,,,,,,,,,,,
2266,Asst. Prof. Dr. Rebecca Sultana,"['MBBS', 'FCPS']",LAPAROSCOPIST,22,Insaf Barakah Kidney & General Hospital Ltd.,Dhaka,,,,,,,,,,,,,,,,,,,,,
2267,Asst. Prof. Dr. Ismat Jahan,"['MBBS', 'FCPS']",INFERTILITY SPECIALIST,17,Insaf Barakah Kidney & General Hospital Ltd.,Dhaka,,,,,,,,,,,,,,,,,,,,,
2268,Asst. Prof. Dr. Rashida Begum,"['MBBS', 'MCPS']",GYNECOLOGIST & OBSTETRICIAN,29,Insaf Barakah Kidney & General Hospital Ltd.,Dhaka,,,,,,,,,,,,,,,,,,,,,
2269,Prof. Dr. Begum Rokeya Anwar,"['MBBS', 'DGO', 'FCPS']",GYNECOLOGIC ONCOLOGIST,25,Insaf Barakah Kidney & General Hospital Ltd.,Dhaka,,,,,,,,,,,,,,,,,,,,,
2270,Prof. Dr. Meherun Nessa,"['MBBS', 'MCPS', 'DGO', 'FCPS']",GYNECOLOGIST & OBSTETRICIAN,32,Insaf Barakah Kidney & General Hospital Ltd.,Dhaka,,,,,,,,,,,,,,,,,,,,,
2270,Prof. Dr. Meherun Nessa,"['MBBS', 'MCPS', 'DGO', 'FCPS']",INFERTILITY SPECIALIST,32,Insaf Barakah Kidney & General Hospital Ltd.,Dhaka,,,,,,,,,,,,,,,,,,,,,
2271,Nuzhat Tabassum,"['BSC', 'MS']",NUTRITIONIST,14,Islamia Diagnostic & consultation Center,Dhaka,,,,,,,,,,,,,,,,,,,,,
2272,Dr. Dola Deb,"['BDS', 'PGT']",MAXILLOFACIAL AND DENTAL SURGEON,13,Islamia Diagnostic & consultation Center,Dhaka,,,,,,,,,,,,,,,,,,,,,
2273,Dr. Abir Ahmed Even,"['BDS', 'BCS', 'PGT', 'PGT']",MAXILLOFACIAL AND DENTAL SURGEON,15,Islamia Diagnostic & consultation Center,Dhaka,,,,,,,,,,,,,,,,,,,,,
2274,Dr. Salma Sultana,"['BDS', 'PGT', 'PGT']",MAXILLOFACIAL AND DENTAL SURGEON,12,Islamia Diagnostic & consultation Center,Dhaka,,,,,,,,,,,,,,,,,,,,,
2275,Dr. Muhammad Mohiuddin,"['BDS', 'PGT', 'TDO (JAPAN)', 'CPR (DMCH)', 'MPH', 'PGT', 'PGT', ' BSMMU)']",MAXILLOFACIAL AND DENTAL SURGEON,18,Islamia Diagnostic & consultation Center,Dhaka,,,,,,,,,,,,,,,,,,,,,
2276,Dr. Farhana Kabir,"['MBBS', 'FCPS']",GYNECOLOGIST & OBSTETRICIAN,19,Islamia Diagnostic & consultation Center,Dhaka,,,,,,,,,,,,,,,,,,,,,
2277,Asst. Prof. Dr. Shirin Sultana,"['MBBS', 'FCPS']",GYNECOLOGIST & OBSTETRICIAN,20,Islamia Diagnostic & consultation Center,Dhaka,,,,,,,,,,,,,,,,,,,,,
2278,Dr. Md Mahmudur Rahman,"['BPT', 'MS']",PHYSIOTHERAPIST,19,Islamia Diagnostic & consultation Center,Dhaka,,,,,,,,,,,,,,,,,,,,,
2279,Dr. Rushdie Abujar Sujon,"['MBBS', 'BCS', 'MS', 'FMD (FAMILY MEDICINE)']",NEUROLOGIST,18,Islamia Diagnostic & consultation Center,Dhaka,,,,,,,,,,,,,,,,,,,,,
2280,Dr. Soheli Nasrin,"['MBBS', 'FCPS', 'MCPS']",OPHTHALMOLOGIST,25,Islamia Diagnostic & consultation Center,Dhaka,,,,,,,,,,,,,,,,,,,,,
2281,Dr. Md. Saiful Ahsan Rana,"['MBBS', 'BCS', 'MD', 'CCD', 'MACP']",NEPHROLOGIST,19,Islamia Diagnostic & consultation Center,Dhaka,,,,,,,,,,,,,,,,,,,,,
2282,Dr. Md Masum Billah,"['MBBS', 'BCS', 'MS']",UROLOGIST,16,Islamia Diagnostic & consultation Center,Dhaka,,,,,,,,,,,,,,,,,,,,,
2283,Dr. Sayeda Samina Mahjabin,"['MBBS', 'PGT']",DERMATOLOGIST,22,Islamia Diagnostic & consultation Center,Dhaka,,,,,,,,,,,,,,,,,,,,,
2284,Dr. Muhammad Tanvir Faysol,"['MBBS', 'CCD', 'MPH']",DIABETOLOGIST,16,Islamia Diagnostic & consultation Center,Dhaka,,,,,,,,,,,,,,,,,,,,,
2285,Dr. Md. Sakhawat Hossain Rokon,"['MBBS', 'CCD', 'PGT', 'MRCP']",INTERNAL MEDICINE SPECIALIST,24,Islamia Diagnostic & consultation Center,Dhaka,,,,,,,,,,,,,,,,,,,,,
2286,Dr. Samiul Alam,"['MBBS', 'DCH']",PEDIATRICIAN & NEONATOLOGIST,17,Islamia Diagnostic & consultation Center,Dhaka,,,,,,,,,,,,,,,,,,,,,
2287,Asst. Prof. Tahmina Binte Matin,"['MBBS', 'BCS', 'DCH', 'FCPS']",PEDIATRICIAN & NEONATOLOGIST,24,Islamia Diagnostic & consultation Center,Dhaka,,,,,,,,,,,,,,,,,,,,,
2288,Dr. Md. A M Sakib,"['MBBS', 'D-CARD', 'MACP', 'FCPS']",CARDIOLOGIST,12,Islamia Diagnostic & consultation Center,Dhaka,,,,,,,,,,,,,,,,,,,,,
2289,Assoc. Prof. Dr. Md. Amir Hossain,"['MBBS', 'FCPS', 'MD']",MEDICINE SPECIALIST,18,Islamia Diagnostic & consultation Center,Dhaka,,,,,,,,,,,,,,,,,,,,,
2289,Assoc. Prof. Dr. Md. Amir Hossain,"['MBBS', 'FCPS', 'MD']",CARDIOLOGIST,18,Islamia Diagnostic & consultation Center,Dhaka,,,,,,,,,,,,,,,,,,,,,
2290,Dr. Aklima Akhter,"['MBBS', 'DM']",SONOLOGIST,19,Unity Aid Hospital Ltd.,Dhaka,,,,,,,,,,,,,,,,,,,,,
2291,Dr. Taslima Akter,"['MBBS', 'DM', 'PGT']",SONOLOGIST,15,Unity Aid Hospital Ltd.,Dhaka,,,,,,,,,,,,,,,,,,,,,
2292,Dr. Sohel Sarkar Sahil,"['BSPT (DU)', 'DIP']",PHYSIOTHERAPIST,20,Unity Aid Hospital Ltd.,Dhaka,,,,,,,,,,,,,,,,,,,,,
2293,Dr. Nazia Sarkar,"['BDS', 'MPH']",DENTIST,17,Unity Aid Hospital Ltd.,Dhaka,,,,,,,,,,,,,,,,,,,,,
2294,Dr. Mohammad Khairul Islam,"['MBBS', 'D-CARD', 'BCS', 'CCD', 'PGT']",CARDIOLOGIST,22,Unity Aid Hospital Ltd.,Dhaka,,,,,,,,,,,,,,,,,,,,,
2295,Dr. Md. Anwar Hossain Khan,"['MBBS', 'D-CARD']",CARDIOLOGIST,17,Unity Aid Hospital Ltd.,Dhaka,,,,,,,,,,,,,,,,,,,,,
2296,Dr. Mohammad Nasir Uddin,"['MBBS', 'BCS', 'FCPS']",SURGEON,18,Unity Aid Hospital Ltd.,Dhaka,,,,,,,,,,,,,,,,,,,,,
2297,Dr. Md. Atiqul Rahman,"['MBBS', 'BCS', 'D-ORTHO']",ORTHOPEDIC SURGEON,19,Unity Aid Hospital Ltd.,Dhaka,,,,,,,,,,,,,,,,,,,,,
2298,Dr. Md. Fahim Hossain,"['MBBS', 'MS', 'BCS']",ORTHOPEDIST,19,Unity Aid Hospital Ltd.,Dhaka,,,,,,,,,,,,,,,,,,,,,
2298,Dr. Md. Fahim Hossain,"['MBBS', 'MS', 'BCS']",ORTHOPEDIC SURGEON,19,Unity Aid Hospital Ltd.,Dhaka,,,,,,,,,,,,,,,,,,,,,
2299,Dr. S M Monirul Islam,"['MBBS', 'MS', ' NITOR)', 'MPH']",ORTHOPEDIC SURGEON,25,Unity Aid Hospital Ltd.,Dhaka,,,,,,,,,,,,,,,,,,,,,
2300,Asst. Prof. Dr. Md. Mahmud Alam,"['MBBS', 'BCS', 'MS']",UROLOGIST,16,Unity Aid Hospital Ltd.,Dhaka,,,,,,,,,,,,,,,,,,,,,
2301,Asst. Prof. Dr. Mahbuba Akter,"['MBBS', 'BCS', 'FCPS', 'MD']",PEDIATRICIAN & NEONATOLOGIST,17,Unity Aid Hospital Ltd.,Dhaka,,,,,,,,,,,,,,,,,,,,,
2302,Dr. Arifur Rahman,"['MBBS', 'BCS', 'MS']",UROLOGIST,19,Al-Razi Islamia Hospital (Pvt) Ltd.,Dhaka,,,,,,,,,,,,,,,,,,,,,
2303,Retd. Capt. Dr. Nur Jahan Begum,"['MBBS', 'MCPS']",GYNECOLOGIST & OBSTETRICIAN,30,Al-Razi Islamia Hospital (Pvt) Ltd.,Dhaka,,,,,,,,,,,,,,,,,,,,,
2303,Retd. Capt. Dr. Nur Jahan Begum,"['MBBS', 'MCPS']",INFERTILITY SPECIALIST,30,Al-Razi Islamia Hospital (Pvt) Ltd.,Dhaka,,,,,,,,,,,,,,,,,,,,,
2304,Assoc. Prof. Dr. Md. Alfazzaman,"['MBBS', 'PH.D (SURGERY)']",SURGEON,26,Al-Razi Islamia Hospital (Pvt) Ltd.,Dhaka,,,,,,,,,,,,,,,,,,,,,
2305,Dr. Tania Haque,"['MBBS', 'BCS', 'DGO', 'FCPS', 'MCPS']",GYNECOLOGIST & OBSTETRICIAN,19,Al-Razi Islamia Hospital (Pvt) Ltd.,Dhaka,,,,,,,,,,,,,,,,,,,,,
2306,Dr. Omar Siddiqui,"['MBBS', 'FCPS', 'MS']",GENERAL SURGEON,22,Al-Razi Islamia Hospital (Pvt) Ltd.,Dhaka,,,,,,,,,,,,,,,,,,,,,
2306,Dr. Omar Siddiqui,"['MBBS', 'FCPS', 'MS']",HEPATOBILIARY SURGEON,22,Al-Razi Islamia Hospital (Pvt) Ltd.,Dhaka,,,,,,,,,,,,,,,,,,,,,
2306,Dr. Omar Siddiqui,"['MBBS', 'FCPS', 'MS']",LAPAROSCOPIC SURGEON,22,Al-Razi Islamia Hospital (Pvt) Ltd.,Dhaka,,,,,,,,,,,,,,,,,,,,,
2307,Dr. Rahima Afroz,"['MBBS', 'DCP']",PATHOLOGIST,14,Al-Razi Islamia Hospital (Pvt) Ltd.,Dhaka,,,,,,,,,,,,,,,,,,,,,
2308,Dr. Rafia Afroz,"['BSPT (DU)', 'MPH']",PHYSIOTHERAPIST,16,Al-Razi Islamia Hospital (Pvt) Ltd.,Dhaka,,,,,,,,,,,,,,,,,,,,,
2309,Dr. Nusrat Hossain,"['MBBS', 'MD']",ANESTHESIOLOGIST,20,Al-Razi Islamia Hospital (Pvt) Ltd.,Dhaka,,,,,,,,,,,,,,,,,,,,,
2310,Asst. Prof. Dr. Md. Salim Sarkar,"['MBBS', 'DA']",ANESTHESIOLOGIST,17,Al-Razi Islamia Hospital (Pvt) Ltd.,Dhaka,,,,,,,,,,,,,,,,,,,,,
2311,Dr. Fatema Tasnim Areez,"['BDS', 'PGT']",MAXILLOFACIAL AND DENTAL SURGEON,18,Al-Razi Islamia Hospital (Pvt) Ltd.,Dhaka,,,,,,,,,,,,,,,,,,,,,
2312,Dr. Khadiza Nur,"['BDS', 'PGT']",MAXILLOFACIAL AND DENTAL SURGEON,20,Al-Razi Islamia Hospital (Pvt) Ltd.,Dhaka,,,,,,,,,,,,,,,,,,,,,
2313,Dr. Abu Zubair,['BDS'],MAXILLOFACIAL AND DENTAL SURGEON,16,Al-Razi Islamia Hospital (Pvt) Ltd.,Dhaka,,,,,,,,,,,,,,,,,,,,,
2314,Asst. Prof. Dr. Nadera Sultana,"['BDS', 'MS']",MAXILLOFACIAL AND DENTAL SURGEON,22,Al-Razi Islamia Hospital (Pvt) Ltd.,Dhaka,,,,,,,,,,,,,,,,,,,,,
2315,Asst. Prof. Dr. Md. Mozammel Haque,"['MBBS', 'PHD']",RHEUMATOLOGIST,22,Al-Razi Islamia Hospital (Pvt) Ltd.,Dhaka,,,,,,,,,,,,,,,,,,,,,
2316,Asst. Prof. Dr. Md. Mahmudar Rahman Firoz,"['MBBS', 'BCS', 'DCH', 'FCPS']",PEDIATRICIAN & NEONATOLOGIST,19,Al-Razi Islamia Hospital (Pvt) Ltd.,Dhaka,,,,,,,,,,,,,,,,,,,,,
2317,Dr. Mohammad Abdullah Al Mamun,"['MBBS', 'DDV']",DERMATOLOGIST,20,Al-Razi Islamia Hospital (Pvt) Ltd.,Dhaka,,,,,,,,,,,,,,,,,,,,,
2318,Dr. M A Zaman,"['MBBS', 'CCD']",DIABETOLOGIST,16,Al-Razi Islamia Hospital (Pvt) Ltd.,Dhaka,,,,,,,,,,,,,,,,,,,,,
2319,Dr. Md. Ahsan Ullah,"['MBBS', 'FCGP', 'MCPS', 'CCD']",DIABETOLOGIST,19,Al-Razi Islamia Hospital (Pvt) Ltd.,Dhaka,,,,,,,,,,,,,,,,,,,,,
2319,Dr. Md. Ahsan Ullah,"['MBBS', 'FCGP', 'MCPS', 'CCD']",FAMILY MEDICINE SPECIALIST,19,Al-Razi Islamia Hospital (Pvt) Ltd.,Dhaka,,,,,,,,,,,,,,,,,,,,,
2320,Asst. Prof. Dr. Sadruddin Al-Masud,"['MBBS', 'BCS', 'MS']",PEDIATRIC SURGEON,23,Al-Razi Islamia Hospital (Pvt) Ltd.,Dhaka,,,,,,,,,,,,,,,,,,,,,
2321,Dr. Bikash Kumar paul,"['MBBS', 'BCS', 'FCPS', 'MD']",GASTROENTEROLOGIST,29,Famous Specialized Hospital Ltd.,Dhaka,,,,,,,,,,,,,,,,,,,,,
2322,Dr. Md. Anowar Hossen Khan,"['MBBS', 'BCS', 'D-CARD']",CARDIOLOGIST,19,Famous Specialized Hospital Ltd.,Dhaka,,,,,,,,,,,,,,,,,,,,,
2323,Asst. Prof. Dr. Rifat Ara Liza,"['MBBS', 'FCPS']",GYNECOLOGIST & OBSTETRICIAN,18,Popular Diagnostic Centre Ltd. | Shyamoli,Dhaka,,,,,,,,,,,,,,,,,,,,,
2323,Asst. Prof. Dr. Rifat Ara Liza,"['MBBS', 'FCPS']",GYNECOLOGIC ONCOLOGIST,18,Popular Diagnostic Centre Ltd. | Shyamoli,Dhaka,,,,,,,,,,,,,,,,,,,,,
2324,Dr. Israt Jahan,"['MBBS', 'BCS', 'FCPS']",PEDIATRICIAN,16,Famous Specialized Hospital Ltd.,Dhaka,,,,,,,,,,,,,,,,,,,,,
2325,Dr. Ayon Yasir Reza,"['MBBS', 'BCS', 'DLO']",OTOLARYNGOLOGISTS (ENT),15,Famous Specialized Hospital Ltd.,Dhaka,,,,,,,,,,,,,,,,,,,,,
2326,Prof. Dr. Md. Azizul Gafur,"['MBBS', 'DA', 'FCPS', 'ICU']",ANESTHESIOLOGIST,17,Famous Specialized Hospital Ltd.,Dhaka,,,,,,,,,,,,,,,,,,,,,
2327,Dr. Mohammad Asaduzzamn,"['MBBS', 'BCS', 'MCPS', 'MRCS (GLASSGROW)', 'MS']",UROLOGIST,17,Famous Specialized Hospital Ltd.,Dhaka,,,,,,,,,,,,,,,,,,,,,
2328,Prof. Dr. Khorshed Alam,"['MBBS', 'MD', 'DM']",ONCOLOGIST,27,Famous Specialized Hospital Ltd.,Dhaka,,,,,,,,,,,,,,,,,,,,,
2329,Dr. Md. Imran Hossain Sami,"['MBBS', 'BCS', 'MD']",GASTROENTEROLOGIST,20,Famous Specialized Hospital Ltd.,Dhaka,,,,,,,,,,,,,,,,,,,,,
2330,Dr. Md. Rezaul Islam Patwary,"['MBBS', 'BCS', 'FCPS', 'MD', 'CCD']",GASTROENTEROLOGIST,16,Famous Specialized Hospital Ltd.,Dhaka,,,,,,,,,,,,,,,,,,,,,
2331,Dr. Md. Kamrul Islam,"['MBBS', 'BCS', 'CCD', 'D- ORTHO', 'FIPM (INDIA)']",ORTHOPEDIC SURGEON,17,Famous Specialized Hospital Ltd.,Dhaka,,,,,,,,,,,,,,,,,,,,,
2332,Asst. Prof. Dr. Ahmed Mamunul Haque,"['MBBS', 'MD']",CARDIOLOGIST,19,Famous Specialized Hospital Ltd.,Dhaka,,,,,,,,,,,,,,,,,,,,,
2333,Assoc. Prof. Dr. Mohammad Nazim Uddin,"['MBBS', 'FCPS', 'DLO']",OTOLARYNGOLOGISTS (ENT),22,Famous Specialized Hospital Ltd.,Dhaka,,,,,,,,,,,,,,,,,,,,,
2334,Dr. Satinath Chandra Sarkar Sumon,"['MBBS', 'BCS', 'FCPS']",OTOLARYNGOLOGISTS (ENT),16,Famous Specialized Hospital Ltd.,Dhaka,,,,,,,,,,,,,,,,,,,,,
2335,Shahnaz Parveen,"['BSC', 'MS', 'CND (BIRDEM)']",PEDIATRICIAN,24,Famous Specialized Hospital Ltd.,Dhaka,,,,,,,,,,,,,,,,,,,,,
2335,Shahnaz Parveen,"['BSC', 'MS', 'CND (BIRDEM)']",NUTRITIONIST,24,Famous Specialized Hospital Ltd.,Dhaka,,,,,,,,,,,,,,,,,,,,,
2336,Dr. Sheikh Hosneara,"['MBBS', 'BCS', 'MCPS', 'DM']",GYNECOLOGIST & OBSTETRICIAN,24,Famous Specialized Hospital Ltd.,Dhaka,,,,,,,,,,,,,,,,,,,,,
2337,Prof. Dr. Laila Nur,"['MBBS', 'FCPS', 'MCPS']",GYNECOLOGIST & OBSTETRICIAN,33,Famous Specialized Hospital Ltd.,Dhaka,,,,,,,,,,,,,,,,,,,,,
2338,Dr. Asif Ur Rahman,"['MBBS', 'BCS', 'DA (DMC)', 'MCPS', 'MRCM', 'RCM (LONDON-UK)', 'FIPM (INDIA)']",PAIN MANAGEMENT SPECIALIST,18,Famous Specialized Hospital Ltd.,Dhaka,,,,,,,,,,,,,,,,,,,,,
2339,Dr. Md. Ashikur Rahman,"['MBBS', 'BCS', 'FCPS']",MEDICINE SPECIALIST,19,Famous Specialized Hospital Ltd.,Dhaka,,,,,,,,,,,,,,,,,,,,,
2340,Dr. Shahriar,"['BDS', 'PGT']",MAXILLOFACIAL AND DENTAL SURGEON,16,Yamagata Dhaka Friendship Hospital Ltd.,Dhaka,,,,,,,,,,,,,,,,,,,,,
2341,Dr. Nazir Shah,"['BDS', 'MPH']",MAXILLOFACIAL AND DENTAL SURGEON,19,Yamagata Dhaka Friendship Hospital Ltd.,Dhaka,,,,,,,,,,,,,,,,,,,,,
2342,Dr. Omar Ibna Faizur Rahman Ebad,"['BDS', 'PHD']",MAXILLOFACIAL AND DENTAL SURGEON,18,Yamagata Dhaka Friendship Hospital Ltd.,Dhaka,,,,,,,,,,,,,,,,,,,,,
2343,Dr. A K M Ashraful Haque,"['MBBS', 'BCS', 'MCPS']",PAIN MANAGEMENT SPECIALIST,22,Yamagata Dhaka Friendship Hospital Ltd.,Dhaka,,,,,,,,,,,,,,,,,,,,,
2344,Dr. ABM Siddique,"['MBBS', 'DA', 'FIPM']",PAIN MANAGEMENT SPECIALIST,24,Yamagata Dhaka Friendship Hospital Ltd.,Dhaka,,,,,,,,,,,,,,,,,,,,,
2345,Dr. A. R. M. Masum Bhuiyan,"['MBBS', 'BCS', 'MS']",ORTHOPEDIST,24,Yamagata Dhaka Friendship Hospital Ltd.,Dhaka,,,,,,,,,,,,,,,,,,,,,
2346,Dr. Khaled Mahmud Komol,"['MBBS', 'FCPS', 'BCS']",ORTHOPEDIC SURGEON,16,Yamagata Dhaka Friendship Hospital Ltd.,Dhaka,,,,,,,,,,,,,,,,,,,,,
2347,Dr. Md. Ekhlasur Rahman,"['MBBS', 'PHD']",ORTHOPEDIST,18,Yamagata Dhaka Friendship Hospital Ltd.,Dhaka,,,,,,,,,,,,,,,,,,,,,
2348,Dr. Muhammad Asaduzzaman,"['MBBS', 'BCS', 'MCPS', 'MS', 'MRCS (GLASSGROW)']",UROLOGIST,22,Yamagata Dhaka Friendship Hospital Ltd.,Dhaka,,,,,,,,,,,,,,,,,,,,,
2349,Dr. M. H. Shahriar Sabet,"['MBBS', 'FCPS', 'MD']",NEUROLOGIST,17,Yamagata Dhaka Friendship Hospital Ltd.,Dhaka,,,,,,,,,,,,,,,,,,,,,
2350,Dr. Md. Monir Hossain,"['MBBS', 'FCPS', 'MD']",PEDIATRIC NEUROLOGIST,17,Yamagata Dhaka Friendship Hospital Ltd.,Dhaka,,,,,,,,,,,,,,,,,,,,,
2351,Dr. Umme Hani Mita,"['MBBS', 'BCS', 'MCPS', 'FCPS']",GYNECOLOGIST & OBSTETRICIAN,18,Yamagata Dhaka Friendship Hospital Ltd.,Dhaka,,,,,,,,,,,,,,,,,,,,,
2352,Dr. Abdullah Al-Masud,"['MBBS', 'CCD', 'DTCD']",RESPIRATORY SPECIALIST,25,Yamagata Dhaka Friendship Hospital Ltd.,Dhaka,,,,,,,,,,,,,,,,,,,,,
2353,Prof. Dr. Md. Rajibul Haque,"['MBBS', 'MS', 'FRCS', 'FACS (USA)']",OTOLARYNGOLOGISTS (ENT),28,Yamagata Dhaka Friendship Hospital Ltd.,Dhaka,,,,,,,,,,,,,,,,,,,,,
2354,Dr. Tania Sultana,"['MBBS', 'FCPS']",ONCOLOGIST,22,Advance Hospital Ltd.,Dhaka,,,,,,,,,,,,,,,,,,,,,
2355,Samreen Tasdique,"['MPH', 'MS']",NUTRITIONIST,12,Advance Hospital Ltd.,Dhaka,,,,,,,,,,,,,,,,,,,,,
2356,Akhtarun Nahar Alo,"['MS', ' DU)', 'TDM (INDIA)', 'CPD (INDIA)']",NUTRITIONIST,24,Popular Diagnostic Centre Ltd. | Shyamoli,Dhaka,,,,,,,,,,,,,,,,,,,,,
2357,Dr. Saziya Afrin Zakia,"['MBBS', 'FCGP (MEDICINE)', 'PGT', 'CCD', 'MRCP', 'D- ECZAMA']",GENERAL PHYSICIAN,24,Advance Hospital Ltd.,Dhaka,,,,,,,,,,,,,,,,,,,,,
2358,Dr. Mohammad Asaduzzaman,"['MBBS', 'BCS', 'MCPS', 'MS']",UROLOGIST,28,Advance Hospital Ltd.,Dhaka,,,,,,,,,,,,,,,,,,,,,
2359,Dr. Sadia Afroz Mouri,"['BDS', 'PGT']",DENTIST,14,Advance Hospital Ltd.,Dhaka,,,,,,,,,,,,,,,,,,,,,
2360,Dr. Fozilatun Akhter,"['MBBS', 'FCPS', 'BCS']",ONCOLOGIST,18,Advance Hospital Ltd.,Dhaka,,,,,,,,,,,,,,,,,,,,,
2360,Dr. Fozilatun Akhter,"['MBBS', 'FCPS', 'BCS']",SURGEON,18,Advance Hospital Ltd.,Dhaka,,,,,,,,,,,,,,,,,,,,,
2361,Dr. Wasih Uddin Ahmed,"['MBBS', 'BCS', 'FCPS', 'CCD']",COLORECTAL & LAPAROSCOPIC SURGEON,19,Advance Hospital Ltd.,Dhaka,,,,,,,,,,,,,,,,,,,,,
2362,Dr. Mohammad Reza Hossain Khan,"['MBBS', 'BCS', 'MS']",ORTHOPEDIC SURGEON,19,Advance Hospital Ltd.,Dhaka,,,,,,,,,,,,,,,,,,,,,
2363,Assoc. Prof. Dr. Md. Khurshed Alam,"['MBBS', 'MS']",ORTHOPEDIC SURGEON,22,Central Hospital Limited,Dhaka,,,,,,,,,,,,,,,,,,,,,
2364,Dr. Md. Shahriar Kabir,"['MBBS', 'BCS', 'PGT', ' GASTROENTEROLOGY)', 'MD']",MEDICINE SPECIALIST,19,Advance Hospital Ltd.,Dhaka,,,,,,,,,,,,,,,,,,,,,
2365,Dr. Salma Sabir,"['MBBS', 'DDV', 'MCPS']",DERMATOLOGIST,18,Advance Hospital Ltd.,Dhaka,,,,,,,,,,,,,,,,,,,,,
2366,Dr. Imrose Mohit,"['MBBS', 'DD (THAILAND)']",DERMATOLOGIST,18,Advance Hospital Ltd.,Dhaka,,,,,,,,,,,,,,,,,,,,,
2367,Asst. Prof. Dr. Arunanshu Raha Alok,"['MBBS', 'BCS', 'MD']",GASTROENTEROLOGIST,20,Advance Hospital Ltd.,Dhaka,,,,,,,,,,,,,,,,,,,,,
2368,Dr. Mahmudul Hasan Khan,"['MBBS', 'IDM (FRANCE)', 'CCD', 'CCCD (CARDIOLOGY)', 'MPH', 'MCCP (CHEST DISEASE)']",RESPIRATORY SPECIALIST,19,Advance Hospital Ltd.,Dhaka,,,,,,,,,,,,,,,,,,,,,
2369,Asst. Prof. Dr. Kamruzzaman Md. Zahir,"['MBBS', 'MCPS', 'MD']",RESPIRATORY SPECIALIST,19,Advance Hospital Ltd.,Dhaka,,,,,,,,,,,,,,,,,,,,,
2370,Dr. Shailesh Shah,"['MBBS', 'MD']",INTERNAL MEDICINE SPECIALIST,29,Advance Hospital Ltd.,Dhaka,,,,,,,,,,,,,,,,,,,,,
2371,Dr. Md. Rafiul Hasan,"['MBBS', 'BCS', 'MD']",NEUROMEDICINE SPECIALIST,15,Advance Hospital Ltd.,Dhaka,,,,,,,,,,,,,,,,,,,,,
2371,Dr. Md. Rafiul Hasan,"['MBBS', 'BCS', 'MD']",MEDICINE SPECIALIST,15,Advance Hospital Ltd.,Dhaka,,,,,,,,,,,,,,,,,,,,,
2372,Dr. Ragib Ahsan,"['MBBS', 'FCPS', 'CCD']",MEDICINE SPECIALIST,16,Advance Hospital Ltd.,Dhaka,,,,,,,,,,,,,,,,,,,,,
2372,Dr. Ragib Ahsan,"['MBBS', 'FCPS', 'CCD']",DIABETES SPECIALIST,16,Advance Hospital Ltd.,Dhaka,,,,,,,,,,,,,,,,,,,,,
2373,Dr. Md. Amir Abdullah,"['MBBS', 'BCS', 'FCPS', 'MD', ' NEUROLOGY)']",MEDICINE SPECIALIST,17,Advance Hospital Ltd.,Dhaka,,,,,,,,,,,,,,,,,,,,,
2373,Dr. Md. Amir Abdullah,"['MBBS', 'BCS', 'FCPS', 'MD', ' NEUROLOGY)']",NEUROMEDICINE SPECIALIST,17,Advance Hospital Ltd.,Dhaka,,,,,,,,,,,,,,,,,,,,,
2374,Dr. Md. Ziaul Kabir,"['MBBS', 'PGT', 'D-CARD']",MEDICINE SPECIALIST,19,Advance Hospital Ltd.,Dhaka,,,,,,,,,,,,,,,,,,,,,
2374,Dr. Md. Ziaul Kabir,"['MBBS', 'PGT', 'D-CARD']",CARDIOLOGIST,19,Advance Hospital Ltd.,Dhaka,,,,,,,,,,,,,,,,,,,,,
2375,Dr. M. Wahiduzzaman,"['MBBS', 'MRCP', 'FCPS']",MEDICINE SPECIALIST,26,Advance Hospital Ltd.,Dhaka,,,,,,,,,,,,,,,,,,,,,
2375,Dr. M. Wahiduzzaman,"['MBBS', 'MRCP', 'FCPS']",DIABETES SPECIALIST,26,Advance Hospital Ltd.,Dhaka,,,,,,,,,,,,,,,,,,,,,
2376,Dr. Asma Sharmin,"['MBBS', 'BCS', 'MS']",GYNECOLOGIST & OBSTETRICIAN,17,Advance Hospital Ltd.,Dhaka,,,,,,,,,,,,,,,,,,,,,
2376,Dr. Asma Sharmin,"['MBBS', 'BCS', 'MS']",INFERTILITY SPECIALIST,17,Advance Hospital Ltd.,Dhaka,,,,,,,,,,,,,,,,,,,,,
2377,Dr. Salima Akhter Zahan,"['MBBS', 'DGO', 'FCPS']",GYNECOLOGIST & OBSTETRICIAN,26,Advance Hospital Ltd.,Dhaka,,,,,,,,,,,,,,,,,,,,,
2378,Dr. Sabina Akter,"['MBBS', 'MS']",GYNECOLOGIST & OBSTETRICIAN,19,Advance Hospital Ltd.,Dhaka,,,,,,,,,,,,,,,,,,,,,
2379,Dr. Nasrin Akter,"['MBBS', 'BCS', 'FCPS']",GYNECOLOGIST & OBSTETRICIAN,22,Advance Hospital Ltd.,Dhaka,,,,,,,,,,,,,,,,,,,,,
2379,Dr. Nasrin Akter,"['MBBS', 'BCS', 'FCPS']",INFERTILITY SPECIALIST,22,Advance Hospital Ltd.,Dhaka,,,,,,,,,,,,,,,,,,,,,
2380,Dr. Selina Parvin,"['MBBS', 'BCS', 'FCPS']",GYNECOLOGIST & OBSTETRICIAN,32,Advance Hospital Ltd.,Dhaka,,,,,,,,,,,,,,,,,,,,,
2380,Dr. Selina Parvin,"['MBBS', 'BCS', 'FCPS']",INFERTILITY SPECIALIST,32,Advance Hospital Ltd.,Dhaka,,,,,,,,,,,,,,,,,,,,,
2381,Asst. Prof. Dr. Zinat Rehena Shilpi,"['MBBS', 'BCS', 'FCPS']",GYNECOLOGIST & OBSTETRICIAN,28,Advance Hospital Ltd.,Dhaka,,,,,,,,,,,,,,,,,,,,,
2382,Dr. Sajeda Sultana,"['MBBS', 'DCH']",PEDIATRICIAN,18,Advance Hospital Ltd.,Dhaka,,,,,,,,,,,,,,,,,,,,,
2383,Dr. Fazlur Rahman Chowdhury,"['MBBS', 'PGT', 'DCH', 'PGPN']",PEDIATRICIAN,19,Advance Hospital Ltd.,Dhaka,,,,,,,,,,,,,,,,,,,,,
2384,Dr. Arup krishna Choudhury,"['MBBS', 'FCPS', 'DO (BSMMU)']",OPHTHALMOLOGIST,18,Dristi Eye Hospital | Banasree,Dhaka,,,,,,,,,,,,,,,,,,,,,
2385,Dr. Farzana Afzal,"['MBBS', 'MCPS', 'FCPS', 'FICO (UK)', 'MRCS (UK)']",OPHTHALMOLOGIST,19,Dristi Eye Hospital | Banasree,Dhaka,,,,,,,,,,,,,,,,,,,,,
2386,Dr. Masudul Hasan,"['MBBS', 'FCPS', 'DO', 'MCPS']",OPHTHALMOLOGIST,23,Dristi Eye Hospital | Banasree,Dhaka,,,,,,,,,,,,,,,,,,,,,
2387,Dr. Md. Afjal Mahfujullah,"['MBBS', 'MCPS', 'FCPS']",OPHTHALMOLOGIST,19,Dristi Eye Hospital | Banasree,Dhaka,,,,,,,,,,,,,,,,,,,,,
2388,Dr. Md. Abid Akbor,"['MBBS', 'DO (OPHTHALMOLOGY)']",OPHTHALMOLOGIST,22,Dristi Eye Hospital | Banasree,Dhaka,,,,,,,,,,,,,,,,,,,,,
2389,Asst. Prof. Dr. Muhd. Al-Amin,"['MBBS', 'DO', 'BCS']",OPHTHALMOLOGIST,20,Hikmah Eye Hospital,Dhaka,,,,,,,,,,,,,,,,,,,,,
2390,Dr. Mir Ashraful Kabir,"['MBBS', 'MS']",OPHTHALMOLOGIST,14,Dristi Eye Hospital | Banasree,Dhaka,,,,,,,,,,,,,,,,,,,,,
2391,Dr. Mahbubur Rahman Bhuiyan,"['MBBS', 'BCS', 'MS']",OPHTHALMOLOGIST,22,Dristi Eye Hospital | Banasree,Dhaka,,,,,,,,,,,,,,,,,,,,,
2392,Dr. Mohammed Shahin,"['MBBS', 'DO (OPHTHALMOLOGY)']",OPHTHALMOLOGIST,20,Dristi Eye Hospital | Banasree,Dhaka,,,,,,,,,,,,,,,,,,,,,
2393,Dr. Samia M. Koli,"['MBBS', 'DO', 'CCD']",OPHTHALMOLOGIST,12,Dristi Eye Hospital | Banasree,Dhaka,,,,,,,,,,,,,,,,,,,,,
2394,Dr. Razia Sultana,"['MBBS', 'DO (B.S.M.M.U)']",OPHTHALMOLOGIST,15,Dristi Eye Hospital | Banasree,Dhaka,,,,,,,,,,,,,,,,,,,,,
2395,Dr. Zakia Sultana Neela,"['MBBS', 'MS', 'DO', 'BCS']",OPHTHALMOLOGIST,12,Dristi Eye Hospital | Banasree,Dhaka,,,,,,,,,,,,,,,,,,,,,
2396,Dr. K. Jannat,"['MBBS', 'DO (B.S.M.M.U)']",OPHTHALMOLOGIST,14,Dristi Eye Hospital | Banasree,Dhaka,,,,,,,,,,,,,,,,,,,,,
2397,Dr. Nafiz Mahmood,"['MBBS', 'DO']",OPHTHALMOLOGIST,17,Dristi Eye Hospital | Banasree,Dhaka,,,,,,,,,,,,,,,,,,,,,
2398,Dr. Omar Faroque,"['MBBS', 'DO (DU)', 'ICO (UK)']",OPHTHALMOLOGIST,19,Dristi Eye Hospital | Banasree,Dhaka,,,,,,,,,,,,,,,,,,,,,
2399,Asst. Prof. Dr. Md. Shah Alam,"['MBBS', 'FCPS', 'MD']",UROLOGIST,18,Peoples Hospital Ltd.,Dhaka,,,,,,,,,,,,,,,,,,,,,
2400,Prof. Dr. Md. Jalish Mahmud,"['MBBS', 'MRCS (ENGLAND)', 'FCPS']",UROLOGIST,16,Peoples Hospital Ltd.,Dhaka,,,,,,,,,,,,,,,,,,,,,
2401,Dr. Satyajit Kumar Saha,"['MBBS', 'BCS', 'MD']",NEPHROLOGIST,23,Peoples Hospital Ltd.,Dhaka,,,,,,,,,,,,,,,,,,,,,
2402,Dr. Md. Tariqul Matin,"['MBBS', 'D-ORTHO']",ORTHOPEDIST,17,Peoples Hospital Ltd.,Dhaka,,,,,,,,,,,,,,,,,,,,,
2403,Dr. Sajjadul Islam Sajjad,"['MBBS', 'DCH']",PEDIATRICIAN,26,Peoples Hospital Ltd.,Dhaka,,,,,,,,,,,,,,,,,,,,,
2404,Dr. Raka Mustari Khan,"['MBBS', 'MS', 'MRCS (UK)']",GENERAL SURGEON,17,Peoples Hospital Ltd.,Dhaka,,,,,,,,,,,,,,,,,,,,,
2404,Dr. Raka Mustari Khan,"['MBBS', 'MS', 'MRCS (UK)']",COLORECTAL & LAPAROSCOPIC SURGEON,17,Peoples Hospital Ltd.,Dhaka,,,,,,,,,,,,,,,,,,,,,
2405,Dr. Tahira Akhter Nahid,"['MBBS', 'BCS', 'MS']",PLASTIC SURGEON,18,Peoples Hospital Ltd.,Dhaka,,,,,,,,,,,,,,,,,,,,,
2406,Dr. A. M. M. Mukarrabbin Pulak,"['MBBS', 'BCS', 'MS']",NEUROSURGEON,24,Peoples Hospital Ltd.,Dhaka,,,,,,,,,,,,,,,,,,,,,
2407,Dr. M M Momtazul Haque,"['MBBS', 'FCPS', 'CCD', 'DIABETOLOGIST (BOSTON UNIVERSITY', ' USA)', 'PGDM U (BOU)', 'CMU (ULTRASONOGRAPHY)', 'DOC (SKIN & DV)', 'PGT']",DERMATOLOGIST,25,Peoples Hospital Ltd.,Dhaka,,,,,,,,,,,,,,,,,,,,,
2407,Dr. M M Momtazul Haque,"['MBBS', 'FCPS', 'CCD', 'DIABETOLOGIST (BOSTON UNIVERSITY', ' USA)', 'PGDM U (BOU)', 'CMU (ULTRASONOGRAPHY)', 'DOC (SKIN & DV)', 'PGT']",MEDICINE SPECIALIST,25,Peoples Hospital Ltd.,Dhaka,,,,,,,,,,,,,,,,,,,,,
2407,Dr. M M Momtazul Haque,"['MBBS', 'FCPS', 'CCD', 'DIABETOLOGIST (BOSTON UNIVERSITY', ' USA)', 'PGDM U (BOU)', 'CMU (ULTRASONOGRAPHY)', 'DOC (SKIN & DV)', 'PGT']",DIABETOLOGIST,25,Peoples Hospital Ltd.,Dhaka,,,,,,,,,,,,,,,,,,,,,
2408,Dr. Solaiman,"['MBBS', 'DVD (DERMATOLOGY)', 'DLP (DIABETOLOGY)']",DERMATOLOGIST,20,Peoples Hospital Ltd.,Dhaka,,,,,,,,,,,,,,,,,,,,,
2409,Dr. A.K.M. Mahmudul Hoque Khair,"['MBBS', 'BCS', 'DDV', 'MACP', 'FRSH']",DERMATOLOGIST,20,Peoples Hospital Ltd.,Dhaka,,,,,,,,,,,,,,,,,,,,,
2410,Dr. Subarna Islam,"['MBBS', 'BCS', 'FCPS']",GENERAL SURGEON,18,Peoples Hospital Ltd.,Dhaka,,,,,,,,,,,,,,,,,,,,,
2411,Dr. Md. Motiur Rahman,"['MBBS', 'BCS', 'MS']",GENERAL SURGEON,18,Peoples Hospital Ltd.,Dhaka,,,,,,,,,,,,,,,,,,,,,
2412,Asst. Prof. Dr. Alamgir Hossain Sikder,"['MBBS', 'MS']",GENERAL SURGEON,22,Peoples Hospital Ltd.,Dhaka,,,,,,,,,,,,,,,,,,,,,
2412,Asst. Prof. Dr. Alamgir Hossain Sikder,"['MBBS', 'MS']",LAPAROSCOPIC SURGEON,22,Peoples Hospital Ltd.,Dhaka,,,,,,,,,,,,,,,,,,,,,
2413,Dr. A K Sarkar,"['MBBS', 'CCD']",DIABETOLOGIST,17,Peoples Hospital Ltd.,Dhaka,,,,,,,,,,,,,,,,,,,,,
2414,Dr. Wahidul Azad Polash,"['MBBS', 'FCPS']",CARDIAC SURGEON,22,Peoples Hospital Ltd.,Dhaka,,,,,,,,,,,,,,,,,,,,,
2414,Dr. Wahidul Azad Polash,"['MBBS', 'FCPS']",CARDIOTHORACIC AND VASCULAR SURGEON,22,Peoples Hospital Ltd.,Dhaka,,,,,,,,,,,,,,,,,,,,,
2415,Asst. Prof. Dr. Munni Momtaz,"['MBBS', 'FCPS', 'MS']",PLASTIC SURGEON,20,Peoples Hospital Ltd.,Dhaka,,,,,,,,,,,,,,,,,,,,,
2416,Dr. A K Azad,"['MBBS', 'MS']",HEPATOBILIARY SURGEON,16,Peoples Hospital Ltd.,Dhaka,,,,,,,,,,,,,,,,,,,,,
2417,Asst. Prof. Dr. Md. Jobair Hasan Chowdhury,"['MBBS', 'BCS', 'MS']",GENERAL SURGEON,28,Peoples Hospital Ltd.,Dhaka,,,,,,,,,,,,,,,,,,,,,
2417,Asst. Prof. Dr. Md. Jobair Hasan Chowdhury,"['MBBS', 'BCS', 'MS']",HEPATOBILIARY SURGEON,28,Peoples Hospital Ltd.,Dhaka,,,,,,,,,,,,,,,,,,,,,
2417,Asst. Prof. Dr. Md. Jobair Hasan Chowdhury,"['MBBS', 'BCS', 'MS']",COLORECTAL & LAPAROSCOPIC SURGEON,28,Peoples Hospital Ltd.,Dhaka,,,,,,,,,,,,,,,,,,,,,
2418,Asst. Prof. Dr. Md. Mamtajul Haque,"['MBBS', 'BCS', 'MS']",PEDIATRIC SURGEON,19,Peoples Hospital Ltd.,Dhaka,,,,,,,,,,,,,,,,,,,,,
2419,Dr. MD. Saidul Islam Sumon,"['MBBS', 'BCS', 'MD', 'DCH', 'FCPS']",PEDIATRICIAN & NEONATOLOGIST,22,Peoples Hospital Ltd.,Dhaka,,,,,,,,,,,,,,,,,,,,,
2420,Dr. Israt Elahi Ela,"['MBBS', 'PGT', 'CCD']",GYNECOLOGIST & OBSTETRICIAN,15,Peoples Hospital Ltd.,Dhaka,,,,,,,,,,,,,,,,,,,,,
2421,Prof. Dr. Rasheda Begum,"['MBBS', 'DM', 'MPH', 'CCD', 'FCPS']",GYNECOLOGIST & OBSTETRICIAN,27,Peoples Hospital Ltd.,Dhaka,,,,,,,,,,,,,,,,,,,,,
2422,Dr. Aleya Sultana,"['MBBS', 'MS']",GYNECOLOGIST & OBSTETRICIAN,19,Peoples Hospital Ltd.,Dhaka,,,,,,,,,,,,,,,,,,,,,
2423,Dr. Kamrunnahar,"['MBBS', 'BCS', 'MCPS', 'FCPS']",GYNECOLOGIST & OBSTETRICIAN,19,Peoples Hospital Ltd.,Dhaka,,,,,,,,,,,,,,,,,,,,,
2424,Asst. Prof. Dr. Jannat Parvin,"['MBBS', 'BCS', 'FCPS']",GYNECOLOGIST & OBSTETRICIAN,26,Peoples Hospital Ltd.,Dhaka,,,,,,,,,,,,,,,,,,,,,
2425,Dr. Munmun Islam,"['MBBS', 'BCS', 'FCPS', 'MS']",GYNECOLOGIST & OBSTETRICIAN,18,Peoples Hospital Ltd.,Dhaka,,,,,,,,,,,,,,,,,,,,,
2426,Asst. Prof. Dr. Jannatul Hosna,"['MBBS', 'DGO', 'MCPS']",GYNECOLOGIST & OBSTETRICIAN,20,Peoples Hospital Ltd.,Dhaka,,,,,,,,,,,,,,,,,,,,,
2427,Dr. Md. Imam Hossain,"['MBBS', 'BCS', 'MACP', 'MRCP', 'MD']",CARDIOLOGIST,22,Peoples Hospital Ltd.,Dhaka,,,,,,,,,,,,,,,,,,,,,
2428,Dr. A K M Kudrat E Hasan Rubel,"['MBBS', 'BCS']",CARDIOLOGIST,20,Peoples Hospital Ltd.,Dhaka,,,,,,,,,,,,,,,,,,,,,
2429,Dr. Md. Iftikhar Uddin Masud,"['MBBS', 'D-CARD', 'BCS']",CARDIOLOGIST,20,Peoples Hospital Ltd.,Dhaka,,,,,,,,,,,,,,,,,,,,,
2430,Dr. Ahmed Saiful Bari,"['MBBS', 'D-CARD', 'CCD']",CARDIOLOGIST,17,Peoples Hospital Ltd.,Dhaka,,,,,,,,,,,,,,,,,,,,,
2431,Dr. Mahmud Asif Rifat,"['MBBS', 'BCS', 'FCPS']",OTOLARYNGOLOGISTS (ENT),17,Peoples Hospital Ltd.,Dhaka,,,,,,,,,,,,,,,,,,,,,
2432,Asst. Prof. Dr. Md. Osman Goni,"['MBBS', 'BCS', 'MS']",THORACIC SURGEON,15,Peoples Hospital Ltd.,Dhaka,,,,,,,,,,,,,,,,,,,,,
2433,Dr. Md. Jahangir Alam,"['MBBS', 'BCS', 'MD']",ONCOLOGIST,19,Khidmah Hospital Private Limited,Dhaka,,,,,,,,,,,,,,,,,,,,,
2434,Dr. Farooque Azam,"['MBBS', 'DTM&H (LIVERPOOL UNIVERSITY', 'UK)']",NEPHROLOGIST,17,Peoples Hospital Ltd.,Dhaka,,,,,,,,,,,,,,,,,,,,,
2435,Asst. Prof. Dr. Nurul Afsar Shakil,"['MBBS', 'MS']",ORTHOPEDIST,13,Peoples Hospital Ltd.,Dhaka,,,,,,,,,,,,,,,,,,,,,
2436,Asst. Prof. Dr. Ripon Kumar Ghosh,"['MBBS', 'BCS', 'MS']",ORTHOPEDIST,16,Peoples Hospital Ltd.,Dhaka,,,,,,,,,,,,,,,,,,,,,
2437,Dr. Mofizur Rahman Sobuj,"['MBBS', 'DLO', 'DA (DMC)']",ANESTHESIOLOGIST,16,Peoples Hospital Ltd.,Dhaka,,,,,,,,,,,,,,,,,,,,,
2438,Dr. Muhammad sahinur tusher,"['MBBS', 'MPH', 'DA']",ANESTHESIOLOGIST,18,Peoples Hospital Ltd.,Dhaka,,,,,,,,,,,,,,,,,,,,,
2439,Prof. Dr. Md. Abdul Aziz,"['MBBS', 'FCPS']",GASTROENTEROLOGIST,27,Peoples Hospital Ltd.,Dhaka,,,,,,,,,,,,,,,,,,,,,
2439,Prof. Dr. Md. Abdul Aziz,"['MBBS', 'FCPS']",MEDICINE SPECIALIST,27,Peoples Hospital Ltd.,Dhaka,,,,,,,,,,,,,,,,,,,,,
2439,Prof. Dr. Md. Abdul Aziz,"['MBBS', 'FCPS']",DIABETES SPECIALIST,27,Peoples Hospital Ltd.,Dhaka,,,,,,,,,,,,,,,,,,,,,
2440,Dr. M. A. Mannan,"['MBBS', 'DA', 'MS']",ANESTHESIOLOGIST,15,Peoples Hospital Ltd.,Dhaka,,,,,,,,,,,,,,,,,,,,,
2441,Prof. Dr. Md. Abu Saleh Alamgir,"['BPT (DU)', 'MD', 'MPH', 'PHD', 'MD']",PHYSIOTHERAPIST,15,A - One Hospital Ltd.,Dhaka,,,,,,,,,,,,,,,,,,,,,
2442,Asst. Prof. mehebub Ahsan,"['MBBS', 'MCPS', 'MD']",ONCOLOGIST,15,A - One Hospital Ltd.,Dhaka,,,,,,,,,,,,,,,,,,,,,
2443,Dr. Asif Yazdani,"['MBBS', 'BCS', 'FCPS']",GENERAL SURGEON,16,A - One Hospital Ltd.,Dhaka,,,,,,,,,,,,,,,,,,,,,
2443,Dr. Asif Yazdani,"['MBBS', 'BCS', 'FCPS']",COLORECTAL & LAPAROSCOPIC SURGEON,16,A - One Hospital Ltd.,Dhaka,,,,,,,,,,,,,,,,,,,,,
2444,Dr. Md. Mehedi Hasan,"['MBBS', 'BCS', 'FCPS']",GENERAL SURGEON,18,A - One Hospital Ltd.,Dhaka,,,,,,,,,,,,,,,,,,,,,
2444,Dr. Md. Mehedi Hasan,"['MBBS', 'BCS', 'FCPS']",COLORECTAL & LAPAROSCOPIC SURGEON,18,A - One Hospital Ltd.,Dhaka,,,,,,,,,,,,,,,,,,,,,
2445,Dr. Mostak Ahmed,"['MBBS', 'BCS', 'FCPS']",GENERAL SURGEON,19,A - One Hospital Ltd.,Dhaka,,,,,,,,,,,,,,,,,,,,,
2445,Dr. Mostak Ahmed,"['MBBS', 'BCS', 'FCPS']",COLORECTAL & LAPAROSCOPIC SURGEON,19,A - One Hospital Ltd.,Dhaka,,,,,,,,,,,,,,,,,,,,,
2446,Dr. Md. Johirul Islam,"['MBBS', 'BCS', 'FCPS', 'FACS']",COLORECTAL & LAPAROSCOPIC SURGEON,23,A - One Hospital Ltd.,Dhaka,,,,,,,,,,,,,,,,,,,,,
2446,Dr. Md. Johirul Islam,"['MBBS', 'BCS', 'FCPS', 'FACS']",GENERAL SURGEON,23,A - One Hospital Ltd.,Dhaka,,,,,,,,,,,,,,,,,,,,,
2447,Asst. Prof. Dr. Munni Momtaz,"['MBBS', 'FCPS', 'MS']",PLASTIC SURGEON,18,A - One Hospital Ltd.,Dhaka,,,,,,,,,,,,,,,,,,,,,
2448,Asst. Prof. Dr. Hasibur Rahman,"['MBBS', 'FCPS', 'MS']",PLASTIC SURGEON,25,A - One Hospital Ltd.,Dhaka,,,,,,,,,,,,,,,,,,,,,
2449,Asst. Prof. Dr. Mohammad Mizanur Rahman,"['MBBS', 'BCS', 'MS']",CARDIAC SURGEON,25,A - One Hospital Ltd.,Dhaka,,,,,,,,,,,,,,,,,,,,,
2450,Dr. Md. Khairul Islam,"['MBBS', 'BCS', 'D - CARD']",CARDIOLOGIST,17,A - One Hospital Ltd.,Dhaka,,,,,,,,,,,,,,,,,,,,,
2451,Asst. Prof. Lokkhon Chandra Bare,"['MBBS', 'MCPS', 'D.CARD']",CARDIOLOGIST,22,A - One Hospital Ltd.,Dhaka,,,,,,,,,,,,,,,,,,,,,
2452,Asst. Prof. Dr. Mohiuddin Ahmed,"['MBBS', 'BCS', 'FCPS', 'MD', 'MACP']",NEUROLOGIST,17,Popular Diagnostic Centre Ltd. | Uttara (Unit 1),Dhaka,,,,,,,,,,,,,,,,,,,,,
2453,Dr. Nazmus Sakeb,"['MBBS', 'DO', 'MCPS', 'FCPS']",OPHTHALMOLOGIST,16,Bangladesh Eye Hospital | Malibagh,Dhaka,,,,,,,,,,,,,,,,,,,,,
2454,Dr. Mohammed Nasir Uddin,"['MBBS', 'DO', 'FCPS']",OPHTHALMOLOGIST,24,Bangladesh Eye Hospital | Malibagh,Dhaka,,,,,,,,,,,,,,,,,,,,,
2455,Dr. Sanjoy Kumer Das,"['MBBS', 'D.O (NIOH)']",OPHTHALMOLOGIST,17,Bangladesh Eye Hospital | Malibagh,Dhaka,,,,,,,,,,,,,,,,,,,,,
2456,Dr. Shafique Rahman,"['MBBS', 'BCS', 'MS']",OPHTHALMOLOGIST,19,Bangladesh Eye Hospital | Malibagh,Dhaka,,,,,,,,,,,,,,,,,,,,,
2457,Dr. Tasnim Khanom,"['MBBS', 'FCPS']",OPHTHALMOLOGIST,13,Bangladesh Eye Hospital | Malibagh,Dhaka,,,,,,,,,,,,,,,,,,,,,
2458,Prof. Dr. Md. Sanwar Hossain,"['MBBS', 'FCPS']",OPHTHALMOLOGIST,26,Bangladesh Eye Hospital | Malibagh,Dhaka,,,,,,,,,,,,,,,,,,,,,
2459,Dr. Md. Mazharul Islam,"['MBBS', 'FCPS']",OPHTHALMOLOGIST,23,Bangladesh Eye Hospital | Malibagh,Dhaka,,,,,,,,,,,,,,,,,,,,,
2460,Dr. Md. Zan-E-Alam Mridha,"['MBBS', 'MCPS', 'MS']",OPHTHALMOLOGIST,26,Bangladesh Eye Hospital | Malibagh,Dhaka,,,,,,,,,,,,,,,,,,,,,
2461,Dr. M. Shish Rahman,"['MBBS', 'DO', 'FCPS']",OPHTHALMOLOGIST,15,Bangladesh Eye Hospital | Malibagh,Dhaka,,,,,,,,,,,,,,,,,,,,,
2462,Dr. Syed Shahin Iqbal,"['MBBS', 'FCPS']",OPHTHALMOLOGIST,21,Bangladesh Eye Hospital | Malibagh,Dhaka,,,,,,,,,,,,,,,,,,,,,
2463,Dr. M. A. Masud Hashmee,"['MBBS', 'DO', 'FICO (UK)']",OPHTHALMOLOGIST,23,Khidmah Hospital Private Limited,Dhaka,,,,,,,,,,,,,,,,,,,,,
2464,Dr. AMR Rahman Masud Kabul,"['MBBS', 'DO (DU)']",OPHTHALMOLOGIST,26,Bangladesh Eye Hospital | Malibagh,Dhaka,,,,,,,,,,,,,,,,,,,,,
2465,Dr. Azizur Rahman Alam,"['MBBS', 'FCPS', 'FICO (UK)']",OPHTHALMOLOGIST,19,Bangladesh Eye Hospital | Malibagh,Dhaka,,,,,,,,,,,,,,,,,,,,,
2466,Prof. Dr. Iftekhar Md. Munir,"['MBBS', 'FCPS']",OPHTHALMOLOGIST,27,Bangladesh Eye Hospital | Malibagh,Dhaka,,,,,,,,,,,,,,,,,,,,,
2467,Dr. Md. Lutfor Rahman,"['MBBS', 'FCPS']",OPHTHALMOLOGIST,26,Bangladesh Eye Hospital | Malibagh,Dhaka,,,,,,,,,,,,,,,,,,,,,
2468,Dr. Md. Arifuzzaman,"['MBBS', 'MS']",OPHTHALMOLOGIST,17,Bangladesh Eye Hospital | Malibagh,Dhaka,,,,,,,,,,,,,,,,,,,,,
2469,Dr. Afroza khanam,"['MBBS', 'DO']",OPHTHALMOLOGIST,26,Bangladesh Eye Hospital | Malibagh,Dhaka,,,,,,,,,,,,,,,,,,,,,
2470,Prof. Dr. Md. Arif Miah,"['MBBS', 'DO (DU)', 'FCPS']",OPHTHALMOLOGIST,33,Bangladesh Eye Hospital | Malibagh,Dhaka,,,,,,,,,,,,,,,,,,,,,
2471,Prof. Dr. Syed Maruf Ali,"['MBBS', 'FCPS']",OPHTHALMOLOGIST,32,Bangladesh Eye Hospital | Malibagh,Dhaka,,,,,,,,,,,,,,,,,,,,,
2472,Dr. Md. Ali Akbar,"['MBBS', 'DO (DU)', 'MCPS', 'FCPS']",OPHTHALMOLOGIST,22,Bangladesh Eye Hospital | Malibagh,Dhaka,,,,,,,,,,,,,,,,,,,,,
2473,Dr. Bulbul Parvin Boni,"['MBBS', 'MD', 'BCS']",PULMONOLOGIST,18,Delta Health Care | Jatrabari,Dhaka,,,,,,,,,,,,,,,,,,,,,
2474,Dr. Sanchita Biswas,"['MBBS', 'FCPS']",PEDIATRICIAN,19,Delta Health Care | Jatrabari,Dhaka,,,,,,,,,,,,,,,,,,,,,
2475,Dr. Md. Washif Shakir,"['MBBS', 'BCS', 'MS']",ONCOLOGIST,15,Delta Health Care | Jatrabari,Dhaka,,,,,,,,,,,,,,,,,,,,,
2476,Prof. Dr. Harunur Rashid Khan,"['MBBS', 'M.PHIL', 'MD']",PATHOLOGIST,30,Delta Health Care | Jatrabari,Dhaka,,,,,,,,,,,,,,,,,,,,,
2477,Dr. Md. Tofail Hossain,"['PHD', 'D-ORTHO', 'BPT (DHAKA)', 'MPH', 'CMT (INDIA)', 'MCCONNELL APROS (LBP)']",PHYSIOTHERAPIST,19,Delta Health Care | Jatrabari,Dhaka,,,,,,,,,,,,,,,,,,,,,
2478,Dr. Anika Afrin,"['BDS', 'PGT', ' DMK)']",MAXILLOFACIAL AND DENTAL SURGEON,10,Delta Health Care | Jatrabari,Dhaka,,,,,,,,,,,,,,,,,,,,,
2479,Dr. Tanvir Rezwan,"['BDS', 'PGT']",MAXILLOFACIAL AND DENTAL SURGEON,15,Delta Health Care | Jatrabari,Dhaka,,,,,,,,,,,,,,,,,,,,,
2480,Asst. Prof. Dr. Mohammad Nasim Haider,"['BDS', 'MS', 'FICD (AMERICA)', 'BCS']",MAXILLOFACIAL AND DENTAL SURGEON,19,Delta Health Care | Jatrabari,Dhaka,,,,,,,,,,,,,,,,,,,,,
2481,Asst. Prof. Dr. Niamat Elahi,"['MBBS', 'DVD (SKIN & SEX)', 'FCPS']",DERMATOLOGIST,18,Delta Health Care | Jatrabari,Dhaka,,,,,,,,,,,,,,,,,,,,,
2482,Prof. Dr. Md. Abdus Sadir,"['MBBS', 'DD (THAILAND)']",DERMATOLOGIST,24,Delta Health Care | Jatrabari,Dhaka,,,,,,,,,,,,,,,,,,,,,
2483,Asst. Prof. Dr. Md. Mujibur Rahman,"['MBBS', 'DCH', 'FCPS']",PEDIATRICIAN & NEONATOLOGIST,24,Delta Health Care | Jatrabari,Dhaka,,,,,,,,,,,,,,,,,,,,,
2484,Asst. Prof. Dr. Yamin Shahriar Chowdhury,"['MBBS', 'MD']",PEDIATRIC NEUROLOGIST,19,Popular Diagnostic Centre Ltd. | Shyamoli,Dhaka,,,,,,,,,,,,,,,,,,,,,
2485,Dr. Md. Abdullah Al Mamun,"['MBBS', 'MD']",GASTROENTEROLOGIST,17,Delta Health Care | Jatrabari,Dhaka,,,,,,,,,,,,,,,,,,,,,
2485,Dr. Md. Abdullah Al Mamun,"['MBBS', 'MD']",MEDICINE SPECIALIST,17,Delta Health Care | Jatrabari,Dhaka,,,,,,,,,,,,,,,,,,,,,
2486,Dr. Md. Al Faisal,"['MBBS', 'BCS', 'A', 'O (BASIC TRAUMA)', 'D-ORTHO']",ORTHOPEDIST,25,Delta Health Care | Jatrabari,Dhaka,,,,,,,,,,,,,,,,,,,,,
2487,Asst. Prof. Dr. Nasima Begum Nila,"['MBBS', 'BCS', 'MS']",GYNECOLOGIST & OBSTETRICIAN,20,Delta Health Care | Jatrabari,Dhaka,,,,,,,,,,,,,,,,,,,,,
2487,Asst. Prof. Dr. Nasima Begum Nila,"['MBBS', 'BCS', 'MS']",SURGEON,20,Delta Health Care | Jatrabari,Dhaka,,,,,,,,,,,,,,,,,,,,,
2488,Dr. Tahmina Khan Shammi,"['MBBS', 'BCS', 'DGO', 'MCPS', 'FCPS']",GYNECOLOGIST & OBSTETRICIAN,19,Delta Health Care | Jatrabari,Dhaka,,,,,,,,,,,,,,,,,,,,,
2488,Dr. Tahmina Khan Shammi,"['MBBS', 'BCS', 'DGO', 'MCPS', 'FCPS']",SURGEON,19,Delta Health Care | Jatrabari,Dhaka,,,,,,,,,,,,,,,,,,,,,
2489,Dr. Nasima Akhter,"['MBBS', 'DGO', 'FCPS', 'MS']",GYNECOLOGIST & OBSTETRICIAN,18,Delta Health Care | Jatrabari,Dhaka,,,,,,,,,,,,,,,,,,,,,
2489,Dr. Nasima Akhter,"['MBBS', 'DGO', 'FCPS', 'MS']",INFERTILITY SPECIALIST,18,Delta Health Care | Jatrabari,Dhaka,,,,,,,,,,,,,,,,,,,,,
2490,Asst. Prof. Dr. Mahbuba Afroz,"['MBBS', 'DGO', 'FCPS']",GYNECOLOGIST & OBSTETRICIAN,20,Delta Health Care | Jatrabari,Dhaka,,,,,,,,,,,,,,,,,,,,,
2491,Asso. Prof. Dr. Md. Kabiruzzaman,"['MBBS', 'BCS', 'MD']",NEUROLOGIST,22,Delta Health Care | Jatrabari,Dhaka,,,,,,,,,,,,,,,,,,,,,
2492,Asst. Prof. Dr. Md. Rafiqul Islam,"['MBBS', 'BCS', 'MS']",NEUROSURGEON,18,Delta Health Care | Jatrabari,Dhaka,,,,,,,,,,,,,,,,,,,,,
2493,Dr. Md. Mosharraf Hossain,"['MBBS', 'FCPS']",GENERAL SURGEON,18,Delta Health Care | Jatrabari,Dhaka,,,,,,,,,,,,,,,,,,,,,
2493,Dr. Md. Mosharraf Hossain,"['MBBS', 'FCPS']",COLORECTAL & LAPAROSCOPIC SURGEON,18,Delta Health Care | Jatrabari,Dhaka,,,,,,,,,,,,,,,,,,,,,
2494,Dr. Jewel Chowdhury,"['MBBS', 'BCS', 'FCPS']",MEDICINE SPECIALIST,19,Delta Health Care | Jatrabari,Dhaka,,,,,,,,,,,,,,,,,,,,,
2494,Dr. Jewel Chowdhury,"['MBBS', 'BCS', 'FCPS']",RHEUMATOLOGIST,19,Delta Health Care | Jatrabari,Dhaka,,,,,,,,,,,,,,,,,,,,,
2495,Prof. Dr. Rajibul Alam,"['MBBS', 'FCPS', 'MD', 'MACP']",MEDICINE SPECIALIST,30,Delta Health Care | Jatrabari,Dhaka,,,,,,,,,,,,,,,,,,,,,
2496,Dr. Rebeka Sultana,['MBBS'],PEDIATRIC NEUROLOGIST,17,Delta Health Care | Rampura,Dhaka,,,,,,,,,,,,,,,,,,,,,
2497,Assoc. Prof. Dr. Md. Rustam Ali,"['MBBS', 'MS']",NEUROSURGEON,17,Popular Diagnostic Centre Ltd. | Shyamoli,Dhaka,,,,,,,,,,,,,,,,,,,,,
2498,Dr. Abdullah Al Shahnewaz,"['MBBS', 'BCS', 'MD']",GASTROENTEROLOGIST,24,Delta Health Care | Rampura,Dhaka,,,,,,,,,,,,,,,,,,,,,
2498,Dr. Abdullah Al Shahnewaz,"['MBBS', 'BCS', 'MD']",HEPATOLOGIST,24,Delta Health Care | Rampura,Dhaka,,,,,,,,,,,,,,,,,,,,,
2499,Prof. Dr. Hasina Afroz,"['MBBS', 'BCS', 'MCPS', 'FCPS', 'MS']",GYNECOLOGIST & OBSTETRICIAN,17,Delta Health Care | Rampura,Dhaka,,,,,,,,,,,,,,,,,,,,,
2499,Prof. Dr. Hasina Afroz,"['MBBS', 'BCS', 'MCPS', 'FCPS', 'MS']",INFERTILITY SPECIALIST,17,Delta Health Care | Rampura,Dhaka,,,,,,,,,,,,,,,,,,,,,
2499,Prof. Dr. Hasina Afroz,"['MBBS', 'BCS', 'MCPS', 'FCPS', 'MS']",SURGEON,17,Delta Health Care | Rampura,Dhaka,,,,,,,,,,,,,,,,,,,,,
2500,Asst. Prof. Dr. Mezbahul Bahar,"['MBBS', 'FCPS', 'MRCS (EDIN)', 'FRCS', ' UK)']",GENERAL SURGEON,23,Delta Health Care | Rampura,Dhaka,,,,,,,,,,,,,,,,,,,,,
2500,Asst. Prof. Dr. Mezbahul Bahar,"['MBBS', 'FCPS', 'MRCS (EDIN)', 'FRCS', ' UK)']",COLORECTAL & LAPAROSCOPIC SURGEON,23,Delta Health Care | Rampura,Dhaka,,,,,,,,,,,,,,,,,,,,,
2501,Assoc. Prof. Dr. Md. Mujibur Rahman,"['MBBS', 'BCS', 'D-ORTHO', 'MS']",ORTHOPEDIC SURGEON,25,Delta Health Care | Rampura,Dhaka,,,,,,,,,,,,,,,,,,,,,
2502,Asst. Prof. Dr. Md. Faruq Amin Talukder,"['MBBS', 'BCS', 'MD']",NEPHROLOGIST,19,Delta Health Care | Rampura,Dhaka,,,,,,,,,,,,,,,,,,,,,
2503,Prof. Dr. ASM Lokman Hossain Chowdhury,"['MBBS', 'MS']",PEDIATRIC SURGEON,29,Delta Health Care | Rampura,Dhaka,,,,,,,,,,,,,,,,,,,,,
2504,Dr. A.S.M. Shafiul Azam Tuhin,"['MBBS', 'MS']",UROLOGIST,27,Delta Health Care | Rampura,Dhaka,,,,,,,,,,,,,,,,,,,,,
2505,Asst. Prof. Dr. Subir Dey,"['MBBS', 'FCPS', 'MRCP']",PEDIATRICIAN & NEONATOLOGIST,23,Delta Health Care | Rampura,Dhaka,,,,,,,,,,,,,,,,,,,,,
2506,Asst. Prof. Dr. Md. Ibrahim Khalil Feroze,"['MBBS', 'BCS', 'MCPS', 'FCPS', 'MD']",PEDIATRICIAN & NEONATOLOGIST,22,Delta Health Care | Rampura,Dhaka,,,,,,,,,,,,,,,,,,,,,
2507,Dr. Shah M. Hafizur Rahman Mujahid,"['MBBS', 'MS', 'MMED']",ORTHOPEDIC SURGEON,22,Delta Health Care | Rampura,Dhaka,,,,,,,,,,,,,,,,,,,,,
2508,Dr. Md. Jahangir Rashid Colin,"['MBBS', 'BCS', 'DTCD', 'FCPS']",PULMONOLOGIST,18,Delta Health Care | Rampura,Dhaka,,,,,,,,,,,,,,,,,,,,,
2509,Asst. Prof. Dr. Md. Aminur Rashid Liton,"['MBBS', 'MCPS']",DERMATOLOGIST,19,Delta Health Care | Rampura,Dhaka,,,,,,,,,,,,,,,,,,,,,
2510,Asst. Prof. Dr. Md. Anowar Hossain Khan,"['MBBS', 'D-CARD', 'FCPS']",CARDIOLOGIST,19,Delta Health Care | Rampura,Dhaka,,,,,,,,,,,,,,,,,,,,,
2511,Asst. Prof. Dr. Md. Abdul Halim,"['MBBS', 'BCS', 'D-CARD', 'CCD', 'MPH']",CARDIOLOGIST,18,Delta Health Care | Rampura,Dhaka,,,,,,,,,,,,,,,,,,,,,
2512,Dr. S M Rahman Sobuj,"['MBBS', 'BCS', 'DLO', 'IWP (THROAT)', 'IWR (NOSE)']",OTOLARYNGOLOGISTS (ENT),17,Delta Health Care | Rampura,Dhaka,,,,,,,,,,,,,,,,,,,,,
2513,Dr. Masudur Rahman Shawon,"['MBBS', 'BCS', 'DLO']",OTOLARYNGOLOGISTS (ENT),10,Delta Health Care | Rampura,Dhaka,,,,,,,,,,,,,,,,,,,,,
2514,Dr. Md. Abu Bakar Siddique,"['BDS', 'CPR (DMCH)', 'MPH', 'PGT']",MAXILLOFACIAL AND DENTAL SURGEON,25,Delta Health Care | Rampura,Dhaka,,,,,,,,,,,,,,,,,,,,,
2515,Asst Prof. Dr. Md. Asaduzzaman,"['MBBS', 'D-ORTHO', 'CCD']",ORTHOPEDIST,18,Delta Health Care | Rampura,Dhaka,,,,,,,,,,,,,,,,,,,,,
2516,Asst. Prof. Dr. Md. Abdul Halim,"['MBBS', 'BCS', 'D-CARD', 'CCD', 'MPH']",CARDIOLOGIST,22,Delta Health Care | Rampura,Dhaka,,,,,,,,,,,,,,,,,,,,,
2517,Dr. Monika Parvin,"['MBBS', 'DDV']",DERMATOLOGIST,15,Delta Health Care | Rampura,Dhaka,,,,,,,,,,,,,,,,,,,,,
2518,Dr. Sabrina Sultana Mishty,"['MBBS', 'BCS', 'MS']",GYNECOLOGIST & OBSTETRICIAN,15,Delta Health Care | Rampura,Dhaka,,,,,,,,,,,,,,,,,,,,,
2519,Asst. Prof. Dr. Khaleda Jahan,"['MBBS', 'BCS', 'FCPS', 'MS']",GYNECOLOGIST & OBSTETRICIAN,24,Delta Health Care | Rampura,Dhaka,,,,,,,,,,,,,,,,,,,,,
2520,Asst. Prof. Dr. Md. Shahidul Islam Khan,"['MBBS', 'FCPS']",GENERAL SURGEON,18,Delta Health Care | Rampura,Dhaka,,,,,,,,,,,,,,,,,,,,,
2520,Asst. Prof. Dr. Md. Shahidul Islam Khan,"['MBBS', 'FCPS']",LAPAROSCOPIC SURGEON,18,Delta Health Care | Rampura,Dhaka,,,,,,,,,,,,,,,,,,,,,
2521,Dr. Mosammot Mira Parvin,"['MBBS', 'FCPS', 'MRCS (EDINE)', 'FRCS', ' UK)']",GENERAL SURGEON,21,Delta Health Care | Rampura,Dhaka,,,,,,,,,,,,,,,,,,,,,
2521,Dr. Mosammot Mira Parvin,"['MBBS', 'FCPS', 'MRCS (EDINE)', 'FRCS', ' UK)']",COLORECTAL & LAPAROSCOPIC SURGEON,21,Delta Health Care | Rampura,Dhaka,,,,,,,,,,,,,,,,,,,,,
2522,Assoc. Prof. Dr. Md. Zahid Raihan,"['MBBS', 'BCS', 'MS', 'DGHS (DHAKA)']",NEUROSURGEON,25,Delta Health Care | Rampura,Dhaka,,,,,,,,,,,,,,,,,,,,,
2523,Dr. Mohammad Rezaul Haque,"['MBBS', 'BCS', 'MRCP', 'UK). MACP (USA)', 'CCD']",MEDICINE SPECIALIST,18,Delta Health Care | Rampura,Dhaka,,,,,,,,,,,,,,,,,,,,,
2524,Asst. Prof. Dr. Muhammed Kudrat-E-Khuda,"['MBBS', 'MRCP']",MEDICINE SPECIALIST,17,Delta Health Care | Rampura,Dhaka,,,,,,,,,,,,,,,,,,,,,
2525,Dr. Md Anamul Haque,"['MBBS', 'BCS', 'MCPS', 'MMCP']",MEDICINE SPECIALIST,16,Delta Health Care | Rampura,Dhaka,,,,,,,,,,,,,,,,,,,,,
2526,Dr. Md. Masudul Hassan,"['MBBS', 'MD', 'FCPS', 'FCPS']",MEDICINE SPECIALIST,17,Delta Health Care | Rampura,Dhaka,,,,,,,,,,,,,,,,,,,,,
2527,Assoc. Prof. Dr. Md. Abdul Quddus,"['MBBS', 'DO (DHAKA)']",OPHTHALMOLOGIST,22,Delta Health Care | Rampura,Dhaka,,,,,,,,,,,,,,,,,,,,,
2528,Dr. Homayera Fahmida,"['MBBS', 'BCS', 'D-CARD']",CARDIOLOGIST,19,Selina General Hospital & Diagnostic Centre Ltd.,Dhaka,,,,,,,,,,,,,,,,,,,,,
2529,Dr. Md. Rashedul Hassan,['BDS'],DENTIST,20,Selina General Hospital & Diagnostic Centre Ltd.,Dhaka,,,,,,,,,,,,,,,,,,,,,
2530,Dr. Shyamal Sarkar,"['MBBS', 'BCS', 'FCPS']",PEDIATRIC NEUROLOGIST,15,Selina General Hospital & Diagnostic Centre Ltd.,Dhaka,,,,,,,,,,,,,,,,,,,,,
2531,Dr. Md. Mosharraf Hossain,"['MBBS', 'MS', 'FOTS (HONG KONG)']",ORTHOPEDIC SURGEON,20,Selina General Hospital & Diagnostic Centre Ltd.,Dhaka,,,,,,,,,,,,,,,,,,,,,
2532,Prof. Dr. Md. Abdus Sabur,"['MBBS', 'D-ORTHO']",ORTHOPEDIC SURGEON,25,Alliance Hospital Ltd.,Dhaka,,,,,,,,,,,,,,,,,,,,,
2533,Prof. Dr. Md. Abdul Quader,"['MBBS', 'D-ORTHO', 'MS']",ORTHOPEDIC SURGEON,21,Selina General Hospital & Diagnostic Centre Ltd.,Dhaka,,,,,,,,,,,,,,,,,,,,,
2534,Dr. Md. Kahful Wara,"['MBBS', 'DTMH (LONDON)']",FAMILY MEDICINE SPECIALIST,18,Selina General Hospital & Diagnostic Centre Ltd.,Dhaka,,,,,,,,,,,,,,,,,,,,,
2535,Assoc. Prof. Dr. Masiul Alam Hossen,"['MBBS', 'DDV']",DERMATOLOGIST,28,Selina General Hospital & Diagnostic Centre Ltd.,Dhaka,,,,,,,,,,,,,,,,,,,,,
2536,Asst. Prof. Dr. Sanjib Choudhury,['MBBS'],CARDIOLOGIST,23,Selina General Hospital & Diagnostic Centre Ltd.,Dhaka,,,,,,,,,,,,,,,,,,,,,
2537,Dr. Shormistha Ghoshal,"['MBBS', 'FCPS']",PEDIATRICIAN & NEONATOLOGIST,19,Mirpur General Hospital | Kalshi,Dhaka,,,,,,,,,,,,,,,,,,,,,
2538,Asst. Prof. Dr. Golam Sagir Apu,"['MBBS', 'BCS', 'FCPS', 'FCPS', ' THESIS)']",NEUROMEDICINE SPECIALIST,15,Popular Diagnostic Centre Ltd. | Shyamoli,Dhaka,,,,,,,,,,,,,,,,,,,,,
2539,Asst. Prof. Dr. Mahbub Morshed,"['MBBS', 'MD']",CARDIOLOGIST,19,Islami Bank Central Hospital | Mirpur,Dhaka,,,,,,,,,,,,,,,,,,,,,
2540,Dr. Md. Shafiul Akram,"['MBBS', 'BCS', 'MS']",OTOLARYNGOLOGISTS (ENT),18,Mirpur General Hospital | Kalshi,Dhaka,,,,,,,,,,,,,,,,,,,,,
2541,Dr. Mohammad Shaokat Hossain Khan,"['MBBS', 'DCH', 'BCS']",PEDIATRICIAN & NEONATOLOGIST,19,Mirpur General Hospital | Kalshi,Dhaka,,,,,,,,,,,,,,,,,,,,,
2542,Dr. Farhana Rahman,"['MBBS', 'DGO', 'FCPS']",GYNECOLOGIST & OBSTETRICIAN,15,Mirpur General Hospital | Kalshi,Dhaka,,,,,,,,,,,,,,,,,,,,,
2543,Asst. Prof. Dr. Nasrin Sultana Rumi,"['MBBS', 'BCS', 'DM', 'MCPS', 'MS']",GYNECOLOGIST & OBSTETRICIAN,17,Popular Diagnostic Centre Ltd. | Shyamoli,Dhaka,,,,,,,,,,,,,,,,,,,,,
2544,Dr. Parvez Sohel Ahmed,"['MBBS', 'FCGP (FMED)', 'MD', 'FELO (WHO)']",MEDICINE SPECIALIST,15,Mirpur General Hospital | Kalshi,Dhaka,,,,,,,,,,,,,,,,,,,,,
2545,Asst. Prof. Dr. Muhammad Faizur Rahman Fahim,"['MBBS', 'BCS', 'FCPS']",MEDICINE SPECIALIST,17,Mirpur General Hospital | Kalshi,Dhaka,,,,,,,,,,,,,,,,,,,,,
2546,Asst. Prof. Dr. A. K. M. Shamsuddin,"['MBBS', 'BCS', 'MS']",PEDIATRIC SURGEON,23,Mirpur General Hospital | Kalshi,Dhaka,,,,,,,,,,,,,,,,,,,,,
2547,Dr. Nilufa Akhter,['BDS'],DENTIST,7,Ashiyan Medical College Hospital Ltd.,Dhaka,,,,,,,,,,,,,,,,,,,,,
2548,Dr. Fouzia Ahmed,['MBBS'],SONOLOGIST,10,Ashiyan Medical College Hospital Ltd.,Dhaka,,,,,,,,,,,,,,,,,,,,,
2549,Dr. Md. Samir Asif,['MBBS'],ORTHOPEDIST,8,Ashiyan Medical College Hospital Ltd.,Dhaka,,,,,,,,,,,,,,,,,,,,,
2550,Dr. Mozumder Golam Rabbi,['MBBS'],OPHTHALMOLOGIST,7,Ashiyan Medical College Hospital Ltd.,Dhaka,,,,,,,,,,,,,,,,,,,,,
2551,Dr. Sumyya Aziz,['MBBS'],SURGEON,8,Ashiyan Medical College Hospital Ltd.,Dhaka,,,,,,,,,,,,,,,,,,,,,
2552,Dr. Md. Ekramul haque,"['MBBS', 'DA']",ANESTHESIOLOGIST,10,Ashiyan Medical College Hospital Ltd.,Dhaka,,,,,,,,,,,,,,,,,,,,,
2553,Dr. Md. Ahsanul Alam,['MBBS'],ANESTHESIOLOGIST,5,Ashiyan Medical College Hospital Ltd.,Dhaka,,,,,,,,,,,,,,,,,,,,,
2554,Dr. Abdullah Al Mamun,"['MBBS', 'CCD', 'PGT']",ANESTHESIOLOGIST,12,Ashiyan Medical College Hospital Ltd.,Dhaka,,,,,,,,,,,,,,,,,,,,,
2555,Dr. Sheikh Mohammad Sohel,['MBBS'],ANESTHESIOLOGIST,5,Ashiyan Medical College Hospital Ltd.,Dhaka,,,,,,,,,,,,,,,,,,,,,
2556,Dr. Hafizul Islam Golder,['MBBS'],OPHTHALMOLOGIST,6,Ashiyan Medical College Hospital Ltd.,Dhaka,,,,,,,,,,,,,,,,,,,,,
2557,Dr. Zamal Uddin,['MBBS'],SURGEON,6,Ashiyan Medical College Hospital Ltd.,Dhaka,,,,,,,,,,,,,,,,,,,,,
2558,Dr. Mohammad Khaled Morshed,"['MBBS', 'D-ORTHO']",ORTHOPEDIST,18,Ashiyan Medical College Hospital Ltd.,Dhaka,,,,,,,,,,,,,,,,,,,,,
2559,Dr. Arif Jubayer,"['MBBS', 'MCPS', 'BCPS']",MEDICINE SPECIALIST,5,Ashiyan Medical College Hospital Ltd.,Dhaka,,,,,,,,,,,,,,,,,,,,,
2560,Dr. Musammat Suraia Ali,"['MBBS', 'DCH']",PEDIATRICIAN,17,Ashiyan Medical College Hospital Ltd.,Dhaka,,,,,,,,,,,,,,,,,,,,,
2561,Dr. Abdullah Al-Mamun,"['MBBS', 'MD']",NEPHROLOGIST,25,Ashiyan Medical College Hospital Ltd.,Dhaka,,,,,,,,,,,,,,,,,,,,,
2562,Dr. Mutasim Billah,"['MBBS', 'D-CARD', 'M-CARD (EUROPE)', 'NST FELLOW (MEDICINE)', 'FCCS (USA)']",CARDIOLOGIST,22,Ashiyan Medical College Hospital Ltd.,Dhaka,,,,,,,,,,,,,,,,,,,,,
2563,Dr. Khaled Shawkat Ali,"['MBBS', 'CCD', 'MRCP', 'MD']",DIABETOLOGIST,22,Ashiyan Medical College Hospital Ltd.,Dhaka,,,,,,,,,,,,,,,,,,,,,
2564,Asst. Prof. Dr. Sadya Tarannum,"['MBBS', 'MD']",PSYCHIATRIST,20,Ashiyan Medical College Hospital Ltd.,Dhaka,,,,,,,,,,,,,,,,,,,,,
2565,Asst. Prof. Dr. Rezaul Haque,"['MBBS', 'BCS', 'MD', 'FCPS']",MEDICINE SPECIALIST,15,Ashiyan Medical College Hospital Ltd.,Dhaka,,,,,,,,,,,,,,,,,,,,,
2566,Prof. Dr. Ehsan Kadir,"['MBBS', 'DCH']",PEDIATRICIAN,22,Ashiyan Medical College Hospital Ltd.,Dhaka,,,,,,,,,,,,,,,,,,,,,
2567,Prof. Dr. Gouranga Kumar Saha,"['MBBS', 'MD', 'FASE (EU)', 'FACC (USA)', 'FRCP']",CARDIOLOGIST,27,Ashiyan Medical College Hospital Ltd.,Dhaka,,,,,,,,,,,,,,,,,,,,,
2568,Dr. A. K. M Rezaul Islam,"['MBBS', 'BCS', 'MCPS', 'MS']",OPHTHALMOLOGIST,20,Ashiyan Medical College Hospital Ltd.,Dhaka,,,,,,,,,,,,,,,,,,,,,
2569,Prof. Dr. Md. Jamal Abu Nasser,"['MBBS', 'FCPS', 'FMAS (INDIA)']",SURGEON,20,Ashiyan Medical College Hospital Ltd.,Dhaka,,,,,,,,,,,,,,,,,,,,,
2570,Dr. Shahidul Islam,"['MBBS', 'MCPS']",OTOLARYNGOLOGISTS (ENT),23,Ashiyan Medical College Hospital Ltd.,Dhaka,,,,,,,,,,,,,,,,,,,,,
2571,Prof. Dr. Golam Muktadir,"['MBBS', 'DLO', 'MS']",OTOLARYNGOLOGISTS (ENT),24,Ashiyan Medical College Hospital Ltd.,Dhaka,,,,,,,,,,,,,,,,,,,,,
2572,Dr. Mohammad Shamim Al Mamun,"['BDS', 'FCPS']",DENTIST,21,Ashiyan Medical College Hospital Ltd.,Dhaka,,,,,,,,,,,,,,,,,,,,,
2573,Dr. Farhana Mushtary,"['BDS', 'PGT', 'MPH']",MAXILLOFACIAL AND DENTAL SURGEON,16,Ashiyan Medical College Hospital Ltd.,Dhaka,,,,,,,,,,,,,,,,,,,,,
2574,Dr. Tamanna Akter Azim,"['MBBS', 'DM', 'ADMF', 'PGT']",RADIOLOGIST,18,Ashiyan Medical College Hospital Ltd.,Dhaka,,,,,,,,,,,,,,,,,,,,,
2575,Dr. Fatema Tuz Zahara Tuli,"['MBBS', 'HONORARY TRAINING (ANESTHESIA)']",ANESTHESIOLOGIST,26,Ashiyan Medical College Hospital Ltd.,Dhaka,,,,,,,,,,,,,,,,,,,,,
2576,Dr. A.K.M Shariful Haque,"['MBBS', 'PGT']",ANESTHESIOLOGIST,19,Ashiyan Medical College Hospital Ltd.,Dhaka,,,,,,,,,,,,,,,,,,,,,
2577,Dr. Mohammad Shariful Islam,"['MBBS', 'PGT']",ANESTHESIOLOGIST,25,Ashiyan Medical College Hospital Ltd.,Dhaka,,,,,,,,,,,,,,,,,,,,,
2578,Dr. Md. Nazmul Hossain,"['MBBS', 'DCH', 'MD']",PEDIATRICIAN,19,Ashiyan Medical College Hospital Ltd.,Dhaka,,,,,,,,,,,,,,,,,,,,,
2579,Asst. Prof. Dr. Salma Akter,"['MBBS', 'MD']",PEDIATRICIAN,15,Ashiyan Medical College Hospital Ltd.,Dhaka,,,,,,,,,,,,,,,,,,,,,
2580,Dr. Prof. Col. Syed Nurun Nabi,"['MBBS', 'MCPS', 'DCP', 'FCPS']",PATHOLOGIST,28,Ashiyan Medical College Hospital Ltd.,Dhaka,,,,,,,,,,,,,,,,,,,,,
2581,Dr. Major (Rtd) Akel Mohammad,"['MBBS', 'DLO', 'MCPS']",OTOLARYNGOLOGISTS (ENT),26,Ashiyan Medical College Hospital Ltd.,Dhaka,,,,,,,,,,,,,,,,,,,,,
2582,Prof. Dr. Sadeq Ahmed,"['MBBS', 'DO (DU)', 'MCPS', 'FCPS']",OPHTHALMOLOGIST,28,Ashiyan Medical College Hospital Ltd.,Dhaka,,,,,,,,,,,,,,,,,,,,,
2583,Dr. Md. Kibria Alam,"['MBBS', 'DO', 'MS']",OPHTHALMOLOGIST,24,Ashiyan Medical College Hospital Ltd.,Dhaka,,,,,,,,,,,,,,,,,,,,,
2584,Dr. Farhana Ahsan,['MBBS'],GYNECOLOGIST & OBSTETRICIAN,18,Ashiyan Medical College Hospital Ltd.,Dhaka,,,,,,,,,,,,,,,,,,,,,
2585,Dr. Farzana Sharmin,"['MBBS', 'DGO', 'FCPS']",GYNECOLOGIST & OBSTETRICIAN,16,Ashiyan Medical College Hospital Ltd.,Dhaka,,,,,,,,,,,,,,,,,,,,,
2586,Asst. Prof. Dr. Tamanna Kawsar,"['MBBS', 'MCPS', 'DGO']",GYNECOLOGIST & OBSTETRICIAN,15,Ashiyan Medical College Hospital Ltd.,Dhaka,,,,,,,,,,,,,,,,,,,,,
2587,Asst. Prof. Dr. Kawsar Ahmad,"['MBBS', 'BCS', 'FCPS']",ORTHOPEDIC SURGEON,17,Ashiyan Medical College Hospital Ltd.,Dhaka,,,,,,,,,,,,,,,,,,,,,
2588,Dr. Md. Majedul Islam,"['MBBS', 'FCPS']",GENERAL SURGEON,19,Ashiyan Medical College Hospital Ltd.,Dhaka,,,,,,,,,,,,,,,,,,,,,
2588,Dr. Md. Majedul Islam,"['MBBS', 'FCPS']",LAPAROSCOPIC SURGEON,19,Ashiyan Medical College Hospital Ltd.,Dhaka,,,,,,,,,,,,,,,,,,,,,
2589,Dr. Ekramul Basher Jihad,['MBBS'],ORTHOPEDIST,5,Ashiyan Medical College Hospital Ltd.,Dhaka,,,,,,,,,,,,,,,,,,,,,
2590,Assoc. Prof. Dr. R. A. M Kausarul Islam,"['MBBS', 'DO', 'MCPS']",ORTHOPEDIST,21,Ashiyan Medical College Hospital Ltd.,Dhaka,,,,,,,,,,,,,,,,,,,,,
2591,Assoc. Prof. Dr. Mahbuba Akhter,"['MBBS', 'MD']",NEPHROLOGIST,22,Ashiyan Medical College Hospital Ltd.,Dhaka,,,,,,,,,,,,,,,,,,,,,
2592,Asst. Prof. Dr. Salma Akhter,"['MBBS', 'BCS', 'ADMS (CANADA)']",RESPIRATORY SPECIALIST,18,Ashiyan Medical College Hospital Ltd.,Dhaka,,,,,,,,,,,,,,,,,,,,,
2593,Asst. Prof. Dr. Shahriar Iqbal,"['MBBS', 'MD']",CARDIOLOGIST,19,Ashiyan Medical College Hospital Ltd.,Dhaka,,,,,,,,,,,,,,,,,,,,,
2594,Prof. Dr. M.Mahmudul Islam Sinha,"['MBBS', 'M.PHIL', 'D.CARD']",CARDIOLOGIST,27,Ashiyan Medical College Hospital Ltd.,Dhaka,,,,,,,,,,,,,,,,,,,,,
2595,Asst. Prof. Dr. Wahidujjaman Jaman,"['BDS', 'MS', 'FCPS']",MAXILLOFACIAL AND DENTAL SURGEON,16,Farazy Dental and Research Center,Dhaka,,,,,,,,,,,,,,,,,,,,,
2596,Sharmin Sultana,['MS'],NUTRITIONIST,10,Ibn Sina Diagnostic & Consultation Center | Mirpur,Dhaka,,,,,,,,,,,,,,,,,,,,,
2597,Dr. Suraiya Islam Dina,"['BDS', 'FCPS', 'MCPS']",DENTIST,14,Farazy Dental and Research Center,Dhaka,,,,,,,,,,,,,,,,,,,,,
2598,Dr. Jotirmoy Sharma,"['BDS', 'PGT']",MAXILLOFACIAL AND DENTAL SURGEON,12,Farazy Dental and Research Center,Dhaka,,,,,,,,,,,,,,,,,,,,,
2599,Dr. Sharmeen Zaman,"['BDS', 'PGT']",MAXILLOFACIAL AND DENTAL SURGEON,13,Farazy Dental and Research Center,Dhaka,,,,,,,,,,,,,,,,,,,,,
2600,Dr. Ofelia Binte Ayub Sinthia,"['BDS', 'PGT', 'MPH']",MAXILLOFACIAL AND DENTAL SURGEON,14,Farazy Dental and Research Center,Dhaka,,,,,,,,,,,,,,,,,,,,,
2601,Dr. Monjurul Islam,"['BDS', 'PGT', 'MPH']",MAXILLOFACIAL AND DENTAL SURGEON,10,Farazy Dental and Research Center,Dhaka,,,,,,,,,,,,,,,,,,,,,
2602,Dr. Faisal Ahmed,"['BDS', 'PGT']",MAXILLOFACIAL AND DENTAL SURGEON,10,Farazy Dental and Research Center,Dhaka,,,,,,,,,,,,,,,,,,,,,
2603,Dr. Al-Amin Sarkar,"['BDS', 'BCS', 'FCPS']",MAXILLOFACIAL AND DENTAL SURGEON,14,Farazy Dental and Research Center,Dhaka,,,,,,,,,,,,,,,,,,,,,
2604,Dr. M. A. Khaleque Raju,"['BDS', 'PGT']",MAXILLOFACIAL AND DENTAL SURGEON,13,Farazy Dental and Research Center,Dhaka,,,,,,,,,,,,,,,,,,,,,
2605,Dr. Jariatul Kareem,"['BDS', 'PGT']",MAXILLOFACIAL AND DENTAL SURGEON,10,Farazy Dental and Research Center,Dhaka,,,,,,,,,,,,,,,,,,,,,
2606,Dr. Rubayea Jereen,"['MBBS', 'DM', 'CCU']",SONOLOGIST,15,Farazy diagnostic & Hospital | Natun Bazar,Dhaka,,,,,,,,,,,,,,,,,,,,,
2607,Prof. Dr. Md. Monirul Islam,"['MBBS', 'DM']",RADIOLOGIST,24,Farazy diagnostic & Hospital | Natun Bazar,Dhaka,,,,,,,,,,,,,,,,,,,,,
2608,Dr. Taslima Sharmin,"['MBBS', 'DM', 'PGT']",SONOLOGIST,21,Farazy diagnostic & Hospital | Natun Bazar,Dhaka,,,,,,,,,,,,,,,,,,,,,
2609,Dr. Bilkis Jahan,"['MBBS', 'PGT']",GYNECOLOGIST & OBSTETRICIAN,15,Farazy diagnostic & Hospital | Natun Bazar,Dhaka,,,,,,,,,,,,,,,,,,,,,
2610,Dr. Md. Amanullah Chowdhury,"['MBBS', 'BCS', 'MD']",PULMONOLOGIST,22,Farazy diagnostic & Hospital | Natun Bazar,Dhaka,,,,,,,,,,,,,,,,,,,,,
2611,Dr. Md. Mohaiminul Islam Anik,"['BDS', 'PGT']",MAXILLOFACIAL AND DENTAL SURGEON,18,Farazy diagnostic & Hospital | Natun Bazar,Dhaka,,,,,,,,,,,,,,,,,,,,,
2612,Dr. Sadia Tabassum,"['MBBS', 'DDV']",DERMATOLOGIST,15,Farazy diagnostic & Hospital | Natun Bazar,Dhaka,,,,,,,,,,,,,,,,,,,,,
2613,Dr. Faizul Hafiz Chowdhury,"['MBBS', 'BCS', 'CCD', 'MRCP', 'MD']",CARDIOLOGIST,19,Popular Diagnostic Centre Ltd. | Badda,Dhaka,,,,,,,,,,,,,,,,,,,,,
2613,Dr. Faizul Hafiz Chowdhury,"['MBBS', 'BCS', 'CCD', 'MRCP', 'MD']",MEDICINE SPECIALIST,19,Popular Diagnostic Centre Ltd. | Badda,Dhaka,,,,,,,,,,,,,,,,,,,,,
2613,Dr. Faizul Hafiz Chowdhury,"['MBBS', 'BCS', 'CCD', 'MRCP', 'MD']",DIABETES SPECIALIST,19,Popular Diagnostic Centre Ltd. | Badda,Dhaka,,,,,,,,,,,,,,,,,,,,,
2614,Dr. Aminul Islam Partho,"['MBBS', 'BCS', 'MD', 'FCPS', ' FP)']",RESPIRATORY SPECIALIST,17,Farazy diagnostic & Hospital | Natun Bazar,Dhaka,,,,,,,,,,,,,,,,,,,,,
2615,Dr. Sharmin Akter,"['BPT (DU)', 'NITOR (PONGU HOSPITAL)', 'MPH', 'TRAINED ON MANUAL THERAPY (CMTB)']",PHYSIOTHERAPIST,18,Farazy diagnostic & Hospital | Natun Bazar,Dhaka,,,,,,,,,,,,,,,,,,,,,
2616,Dr. Eva Parvine,"['MBBS', 'EMPH (MATERNAL & CHILD HEALTH)', 'DGO', 'DM']",GYNECOLOGIST & OBSTETRICIAN,18,Farazy diagnostic & Hospital | Natun Bazar,Dhaka,,,,,,,,,,,,,,,,,,,,,
2617,Assoc. Prof. Dr. Rowshan Ara Begum,"['MBBS', 'MCPS', 'FCPS']",GYNECOLOGIST & OBSTETRICIAN,25,Farazy diagnostic & Hospital | Natun Bazar,Dhaka,,,,,,,,,,,,,,,,,,,,,
2618,Asst. Prof. Dr. Md. Zahidul Hasan,"['MBBS', 'DCH', 'MCPS', 'FCPS']",PEDIATRICIAN & NEONATOLOGIST,21,Farazy diagnostic & Hospital | Natun Bazar,Dhaka,,,,,,,,,,,,,,,,,,,,,
2619,Dr. Md. Aminul Islam,"['MBBS', 'BCS', 'MD']",NEPHROLOGIST,20,Popular Diagnostic Centre Ltd. | Badda,Dhaka,,,,,,,,,,,,,,,,,,,,,
2620,Dr. AKM Fazle Rabbi Khan,"['MBBS', 'BCS', 'FCPS']",GENERAL SURGEON,19,Farazy diagnostic & Hospital | Natun Bazar,Dhaka,,,,,,,,,,,,,,,,,,,,,
2620,Dr. AKM Fazle Rabbi Khan,"['MBBS', 'BCS', 'FCPS']",LAPAROSCOPIC SURGEON,19,Farazy diagnostic & Hospital | Natun Bazar,Dhaka,,,,,,,,,,,,,,,,,,,,,
2621,Dr. Miraj Mahmud Dipu,"['MBBS', 'FCPS', 'FCPS', 'THESIS PART']",MEDICINE SPECIALIST,19,Farazy diagnostic & Hospital | Natun Bazar,Dhaka,,,,,,,,,,,,,,,,,,,,,
2621,Dr. Miraj Mahmud Dipu,"['MBBS', 'FCPS', 'FCPS', 'THESIS PART']",PULMONOLOGIST,19,Farazy diagnostic & Hospital | Natun Bazar,Dhaka,,,,,,,,,,,,,,,,,,,,,
2622,Dr. Kamrul Islam,"['BDS', 'PGT', 'PGT']",MAXILLOFACIAL AND DENTAL SURGEON,20,Farazy diagnostic & Hospital | Natun Bazar,Dhaka,,,,,,,,,,,,,,,,,,,,,
2623,Dr. Hasina Akhtar Begum,"['BDS', 'PGT', 'MPH']",MAXILLOFACIAL AND DENTAL SURGEON,22,Farazy diagnostic & Hospital | Natun Bazar,Dhaka,,,,,,,,,,,,,,,,,,,,,
2624,Asst. Prof. Dr. Mahmudul Hasan,"['MBBS', 'BCS']",OTOLARYNGOLOGISTS (ENT),20,Farazy diagnostic & Hospital | Natun Bazar,Dhaka,,,,,,,,,,,,,,,,,,,,,
2625,Dr. Farzana Islam,"['MBBS', 'FCPS', 'CCD']",GYNECOLOGIC ONCOLOGIST,18,Farazy diagnostic & Hospital | Natun Bazar,Dhaka,,,,,,,,,,,,,,,,,,,,,
2626,Dr. Khaliquzzaman,"['MBBS', 'DTM', 'DCH']",PEDIATRICIAN,30,Farazy diagnostic & Hospital | Natun Bazar,Dhaka,,,,,,,,,,,,,,,,,,,,,
2627,Dr. Mim Shahrin,"['MBBS', 'FCPS']",GYNECOLOGIST & OBSTETRICIAN,13,Farazy diagnostic & Hospital | Natun Bazar,Dhaka,,,,,,,,,,,,,,,,,,,,,
2628,Dr. Rifat Taher Anne,"['MBBS', 'BCS', 'FCPS']",PEDIATRICIAN,18,Farazy diagnostic & Hospital | Natun Bazar,Dhaka,,,,,,,,,,,,,,,,,,,,,
2629,Dr. Shah Syed Md. Iqbal Huda,"['MBBS', ' DU)', 'DTCD (BSMMU)', 'MD', ' DU)']",PULMONOLOGIST,20,Farazy diagnostic & Hospital | Natun Bazar,Dhaka,,,,,,,,,,,,,,,,,,,,,
2630,Asst. Prof. Dr. Hamudur Rahman,"['MBBS', 'FCPS', 'MS']",UROLOGIST,27,Farazy diagnostic & Hospital | Natun Bazar,Dhaka,,,,,,,,,,,,,,,,,,,,,
2631,Asst. Prof. Dr. Mohd. Shamim Bin Shaid Khan,"['MBBS', 'BCS', 'MS']",OTOLARYNGOLOGISTS (ENT),25,Farazy diagnostic & Hospital | Natun Bazar,Dhaka,,,,,,,,,,,,,,,,,,,,,
2632,Dr. Fuad Mohammad Shaheed Hossain,"['MBBS', 'DLO', 'MS']",OTOLARYNGOLOGISTS (ENT),19,Farazy diagnostic & Hospital | Natun Bazar,Dhaka,,,,,,,,,,,,,,,,,,,,,
2633,Dr. Nasrin Kabir,"['MBBS', 'MS', ' UK)', 'MPH', 'PGT']",DERMATOLOGIST,13,Farazy diagnostic & Hospital | Natun Bazar,Dhaka,,,,,,,,,,,,,,,,,,,,,
2634,Dr. Riaj Mahamud Sumon,"['BPT (BMC)', 'MPH', 'CMTB (BIHS)', 'CSP (BISS)']",PHYSIOTHERAPIST,22,Farazy Hospital | Banasree,Dhaka,,,,,,,,,,,,,,,,,,,,,
2635,Dr. Tania Ahmed,"['BPT (BMC)', 'PGT']",PHYSIOTHERAPIST,18,Farazy Hospital | Banasree,Dhaka,,,,,,,,,,,,,,,,,,,,,
2636,Dr. Sharif Md. Shahadat Ali Khan,"['MBBS', 'BCS', 'MS']",UROLOGIST,15,Farazy Hospital | Banasree,Dhaka,,,,,,,,,,,,,,,,,,,,,
2637,Dr. Shariful Islam Khan Sharif,"['MBBS', 'BCS', 'MS']",UROLOGIST,27,Farazy Hospital | Banasree,Dhaka,,,,,,,,,,,,,,,,,,,,,
2638,Asst. Prof. Dr. Nurul Alam,"['MBBS', 'BCS', 'MS']",PLASTIC SURGEON,19,Farazy Hospital | Banasree,Dhaka,,,,,,,,,,,,,,,,,,,,,
2639,Asst. Prof. Dr. Mustafizur Rahman,"['MBBS', 'BCS', 'FCPS', 'MS']",HEPATOBILIARY SURGEON,19,Farazy Hospital | Banasree,Dhaka,,,,,,,,,,,,,,,,,,,,,
2640,Dr. Muhammad Nazrul Islam,"['MBBS', 'BCS', 'FCPS', 'FACS (AMERICA)', 'MS']",COLORECTAL & LAPAROSCOPIC SURGEON,26,Farazy Hospital | Banasree,Dhaka,,,,,,,,,,,,,,,,,,,,,
2640,Dr. Muhammad Nazrul Islam,"['MBBS', 'BCS', 'FCPS', 'FACS (AMERICA)', 'MS']",GENERAL SURGEON,26,Farazy Hospital | Banasree,Dhaka,,,,,,,,,,,,,,,,,,,,,
2641,Dr. A.K.M. Fazle Rabbi Khan,"['MBBS', 'BCS', 'FCPS']",SURGEON,22,Farazy Hospital | Banasree,Dhaka,,,,,,,,,,,,,,,,,,,,,
2642,Dr. Anup Kumar,"['MBBS', 'MPH', 'PHD', 'FRSH (UK)']",SURGEON,29,Farazy Hospital | Banasree,Dhaka,,,,,,,,,,,,,,,,,,,,,
2643,Asst. Prof. Dr. Nasrin Akhter,"['MBBS', 'MPH', 'MCPS', 'M.PHIL']",PSYCHIATRIST,24,Farazy Hospital | Banasree,Dhaka,,,,,,,,,,,,,,,,,,,,,
2644,Asst. Prof. Dr. Mohammad Yusuf Harun,"['MBBS', 'CCD', 'D.ORTHO ( PG)', 'A.O. SPINE MEMBER ( SWITZARLAND)']",ORTHOPEDIST,19,Farazy Hospital | Banasree,Dhaka,,,,,,,,,,,,,,,,,,,,,
2645,Dr. Md. Tanzir Bin Kashem,"['MBBS', 'BCS', 'MS']",ORTHOPEDIST,18,Farazy Hospital | Banasree,Dhaka,,,,,,,,,,,,,,,,,,,,,
2646,Dr. M. A. Azad,"['MBBS', 'MS']",ORTHOPEDIST,18,Farazy Hospital | Banasree,Dhaka,,,,,,,,,,,,,,,,,,,,,
2647,Asst. Prof. Dr. Mohammad Arif Hossain,"['MBBS', 'MS']",ORTHOPEDIST,20,Farazy Hospital | Banasree,Dhaka,,,,,,,,,,,,,,,,,,,,,
2648,Asst. Prof. Dr. Abdul Khaleque,"['MBBS', 'MS']",ORTHOPEDIST,23,Farazy Hospital | Banasree,Dhaka,,,,,,,,,,,,,,,,,,,,,
2649,Asst. Prof. Dr. Rozina Sultana,"['MBBS', 'MS', 'BCS']",GYNECOLOGIST & OBSTETRICIAN,18,Farazy Hospital | Banasree,Dhaka,,,,,,,,,,,,,,,,,,,,,
2650,Asst. Prof. Dr. Tasnuva Akter,"['MBBS', 'FCPS']",GYNECOLOGIST & OBSTETRICIAN,19,Farazy Hospital | Banasree,Dhaka,,,,,,,,,,,,,,,,,,,,,
2650,Asst. Prof. Dr. Tasnuva Akter,"['MBBS', 'FCPS']",INFERTILITY SPECIALIST,19,Farazy Hospital | Banasree,Dhaka,,,,,,,,,,,,,,,,,,,,,
2651,Dr. Reshma Akter,"['MBBS', 'BCS', 'FCPS']",GYNECOLOGIST & OBSTETRICIAN,24,Farazy Hospital | Banasree,Dhaka,,,,,,,,,,,,,,,,,,,,,
2652,Dr. Tahrina Akter,"['MBBS', 'MS', 'BCS']",GYNECOLOGIST & OBSTETRICIAN,18,Farazy Hospital | Banasree,Dhaka,,,,,,,,,,,,,,,,,,,,,
2653,Dr. Amena khan,"['MBBS', 'FCPS']",GYNECOLOGIST & OBSTETRICIAN,22,Farazy Hospital | Banasree,Dhaka,,,,,,,,,,,,,,,,,,,,,
2654,Asst. Prof. Dr. Ayesha Nigar Nur,"['MBBS', 'MCPS', 'MS']",GYNECOLOGIST & OBSTETRICIAN,28,Farazy Hospital | Banasree,Dhaka,,,,,,,,,,,,,,,,,,,,,
2655,Dr. Hafiza Farzana,"['MBBS', 'BCS', 'MCPS', 'FCPS']",GYNECOLOGIST & OBSTETRICIAN,18,Farazy Hospital | Banasree,Dhaka,,,,,,,,,,,,,,,,,,,,,
2656,Assoc. Prof. Dr. Mah Zabin-Naz,"['MBBS', 'FCPS']",GYNECOLOGIST & OBSTETRICIAN,28,Farazy Hospital | Banasree,Dhaka,,,,,,,,,,,,,,,,,,,,,
2657,Asst. Prof. Dr. Rokeya Khatun,"['MBBS', 'DGO', 'MCPS']",GYNECOLOGIST & OBSTETRICIAN,30,Farazy Hospital | Banasree,Dhaka,,,,,,,,,,,,,,,,,,,,,
2658,Prof. Dr. Sharmin Rahman,"['MBBS', 'FCPS']",GYNECOLOGIST & OBSTETRICIAN,30,Farazy Hospital | Banasree,Dhaka,,,,,,,,,,,,,,,,,,,,,
2659,Dr. Nusrat Jahan Daisy,"['BDS', 'PGT']",DENTIST,17,Farazy Hospital | Banasree,Dhaka,,,,,,,,,,,,,,,,,,,,,
2660,Dr. Ismat Ara,"['BDS', 'PGT']",DENTIST,13,Farazy Hospital | Banasree,Dhaka,,,,,,,,,,,,,,,,,,,,,
2661,Rubaia Parvin Reety,"['BSC', 'MS']",NUTRITIONIST,16,Farazy Hospital | Banasree,Dhaka,,,,,,,,,,,,,,,,,,,,,
2662,Asst. Prof. Dr. Reaz Mahmud,"['MBBS', 'FCPS', 'MD']",NEUROLOGIST,17,Farazy Hospital | Banasree,Dhaka,,,,,,,,,,,,,,,,,,,,,
2663,Dr. M. K. A. Chowdhury,"['MBBS', 'MAMS (VIENA)', 'CCD']",MEDICINE SPECIALIST,16,Farazy Hospital | Banasree,Dhaka,,,,,,,,,,,,,,,,,,,,,
2664,Assoc. Prof. Dr. Alamgir Mustak Ahammad,"['MBBS', 'FCPS', 'MD']",MEDICINE SPECIALIST,25,Farazy Hospital | Banasree,Dhaka,,,,,,,,,,,,,,,,,,,,,
2664,Assoc. Prof. Dr. Alamgir Mustak Ahammad,"['MBBS', 'FCPS', 'MD']",RHEUMATOLOGIST,25,Farazy Hospital | Banasree,Dhaka,,,,,,,,,,,,,,,,,,,,,
2665,Assoc. Prof. Dr. Md. Mostarshid Billah,"['MBBS', 'FCPS']",MEDICINE SPECIALIST,22,Farazy Hospital | Banasree,Dhaka,,,,,,,,,,,,,,,,,,,,,
2666,Assoc. Prof. Dr. Mir Jakib Hossain,"['MBBS', 'FCPS', 'MD']",MEDICINE SPECIALIST,23,Farazy Hospital | Banasree,Dhaka,,,,,,,,,,,,,,,,,,,,,
2666,Assoc. Prof. Dr. Mir Jakib Hossain,"['MBBS', 'FCPS', 'MD']",GASTROENTEROLOGIST,23,Farazy Hospital | Banasree,Dhaka,,,,,,,,,,,,,,,,,,,,,
2667,Prof. Dr. Mohammad Rafiqul Islam,"['MBBS', 'BCS', 'FCPS', 'FACP', 'FRCP']",MEDICINE SPECIALIST,22,Farazy Hospital | Banasree,Dhaka,,,,,,,,,,,,,,,,,,,,,
2668,Asst. Prof. Dr. Salina Haque,"['MBBS', 'BCS', 'FCPS']",HEMATOLOGIST,19,Farazy Hospital | Banasree,Dhaka,,,,,,,,,,,,,,,,,,,,,
2669,Dr. Tanmay Roy Shuvo,"['MBBS', 'BCS', 'MCPS', 'MS']",OPHTHALMOLOGIST,16,Farazy Hospital | Banasree,Dhaka,,,,,,,,,,,,,,,,,,,,,
2670,Dr. Humayra Afrin,"['MBBS', 'BCS', 'FCPS']",OPHTHALMOLOGIST,18,Farazy Hospital | Banasree,Dhaka,,,,,,,,,,,,,,,,,,,,,
2671,Asst. Prof. Dr. Md. Nazrul Islam,"['MBBS', 'FCPS', 'ICO (UK)']",OPHTHALMOLOGIST,21,Farazy Hospital | Banasree,Dhaka,,,,,,,,,,,,,,,,,,,,,
2672,Dr. Golam Musfiqur,"['MBBS', 'BCS', 'MCPS']",OPHTHALMOLOGIST,15,Farazy Hospital | Banasree,Dhaka,,,,,,,,,,,,,,,,,,,,,
2673,Prof. Dr. Neyamat Ullah Khan,"['MBBS', 'FCPS']",OTOLARYNGOLOGISTS (ENT),20,Farazy Hospital | Banasree,Dhaka,,,,,,,,,,,,,,,,,,,,,
2674,Dr. Mohammad Lutfar Rahman,"['MBBS', 'BCS', 'MD']",DERMATOLOGIST,15,Farazy Hospital | Banasree,Dhaka,,,,,,,,,,,,,,,,,,,,,
2675,Prof. Dr. Abu Saeed Mohammad,"['MBBS', 'BCS', 'DDV', 'FCPS']",DERMATOLOGIST,28,Farazy Hospital | Banasree,Dhaka,,,,,,,,,,,,,,,,,,,,,
2676,Dr. Arifur Rahman,"['MBBS', 'BCS', 'MD']",PEDIATRICIAN,17,Farazy Hospital | Banasree,Dhaka,,,,,,,,,,,,,,,,,,,,,
2677,Asst. Prof. Dr. Md. Alamgir Hossain,"['MBBS', 'MS']",PEDIATRIC SURGEON,17,Farazy Hospital | Banasree,Dhaka,,,,,,,,,,,,,,,,,,,,,
2678,Dr. Shabnam Shahidullah,"['MBBS', 'BCS', 'MCPS', 'MD', 'ICPPN (SINGAPORE)']",PEDIATRIC NEPHROLOGIST,16,Farazy Hospital | Banasree,Dhaka,,,,,,,,,,,,,,,,,,,,,
2679,Dr. Md. Nurul Islam Shikdar,"['MBBS', 'DCH', 'CCD']",PEDIATRICIAN,15,Farazy Hospital | Banasree,Dhaka,,,,,,,,,,,,,,,,,,,,,
2680,Dr. Begum Rahila Akhtar,"['MBBS', 'DCH']",PEDIATRICIAN,23,Farazy Hospital | Banasree,Dhaka,,,,,,,,,,,,,,,,,,,,,
2681,Dr. Rashidul Hasan Shafin,"['MBBS', 'BCS', 'FCPS', 'FCPS']",PEDIATRICIAN,14,Farazy Hospital | Banasree,Dhaka,,,,,,,,,,,,,,,,,,,,,
2682,Prof. Dr. Syed Shafi Ahmed Muaz,"['MBBS', 'DCH', 'MD', 'PH.D (DU)']",PEDIATRICIAN,31,Farazy Hospital | Banasree,Dhaka,,,,,,,,,,,,,,,,,,,,,
2683,Dr. Md. Shahjahan Siddique Shakil,"['MBBS', 'MD']",PULMONOLOGIST,17,Farazy Hospital | Banasree,Dhaka,,,,,,,,,,,,,,,,,,,,,
2684,Dr. Md. Delwar Hossain Rajib,"['MBBS', 'BCS', 'MD']",PULMONOLOGIST,16,Farazy Hospital | Banasree,Dhaka,,,,,,,,,,,,,,,,,,,,,
2685,Asst. Prof. Dr. Dewan Azmal Hussain,"['MBBS', 'MCPS', 'MD']",PULMONOLOGIST,21,Farazy Hospital | Banasree,Dhaka,,,,,,,,,,,,,,,,,,,,,
2686,Dr. Sree kashab Acharjee,"['MBBS', 'PGT']",CARDIOLOGIST,15,Farazy Hospital | Banasree,Dhaka,,,,,,,,,,,,,,,,,,,,,
2687,Dr. Mohammad Khairul Islam,"['MBBS', 'D-CARD', 'CCD', 'BCS']",CARDIOLOGIST,19,Farazy Hospital | Banasree,Dhaka,,,,,,,,,,,,,,,,,,,,,
2687,Dr. Mohammad Khairul Islam,"['MBBS', 'D-CARD', 'CCD', 'BCS']",RHEUMATOLOGIST,19,Farazy Hospital | Banasree,Dhaka,,,,,,,,,,,,,,,,,,,,,
2687,Dr. Mohammad Khairul Islam,"['MBBS', 'D-CARD', 'CCD', 'BCS']",DIABETES SPECIALIST,19,Farazy Hospital | Banasree,Dhaka,,,,,,,,,,,,,,,,,,,,,
2688,Dr. Abdullah Al Maruf,"['MBBS', 'BCS', 'MD']",CARDIOLOGIST,18,Farazy Hospital | Banasree,Dhaka,,,,,,,,,,,,,,,,,,,,,
2689,Dr. Md. Elias Ali,"['MBBS', 'MCPS', 'MD', 'AMACC (USA)']",CARDIOLOGIST,20,Farazy Hospital | Banasree,Dhaka,,,,,,,,,,,,,,,,,,,,,
2690,Asst. Prof. Dr. Newaz Ahmed Chandan,"['MBBS', 'MD']",CARDIOLOGIST,16,Farazy Hospital | Banasree,Dhaka,,,,,,,,,,,,,,,,,,,,,
2691,Dr. Kamrun Nahar Tania,"['MBBS', 'BCS', 'MD']",ONCOLOGIST,15,Farazy Hospital | Banasree,Dhaka,,,,,,,,,,,,,,,,,,,,,
2692,Dr. Md. Moinul Hoque,"['MBBS', 'MS', 'FELLOW ORBIT & OCULOPLASTY']",OPHTHALMOLOGIST,17,Green Eye Hospital Ltd.,Dhaka,,,,,,,,,,,,,,,,,,,,,
2693,Dr. Asma Rahman,"['MBBS', 'MS']",OPHTHALMOLOGIST,11,Green Eye Hospital Ltd.,Dhaka,,,,,,,,,,,,,,,,,,,,,
2694,Dr. Faria Tilat Tima,"['MBBS', 'BCS']",OPHTHALMOLOGIST,12,Green Eye Hospital Ltd.,Dhaka,,,,,,,,,,,,,,,,,,,,,
2695,Dr. Sabia Salam,"['MBBS', 'MCPS']",OPHTHALMOLOGIST,10,Green Eye Hospital Ltd.,Dhaka,,,,,,,,,,,,,,,,,,,,,
2696,Dr. Palash Kanti Mistry,"['MBBS', 'BCS', 'MS']",OPHTHALMOLOGIST,12,Green Eye Hospital Ltd.,Dhaka,,,,,,,,,,,,,,,,,,,,,
2697,Dr. Nawreen Anwar,"['MBBS', 'FCPS']",OPHTHALMOLOGIST,12,Green Eye Hospital Ltd.,Dhaka,,,,,,,,,,,,,,,,,,,,,
2698,Dr. Major Tanvir Ahmed,"['MBBS', 'CCD', 'MS', 'FICO (ENGLAND)']",OPHTHALMOLOGIST,17,Green Eye Hospital Ltd.,Dhaka,,,,,,,,,,,,,,,,,,,,,
2699,Dr. Farjana Sharmeen Shimu,"['MBBS', 'MS']",OPHTHALMOLOGIST,10,Green Eye Hospital Ltd.,Dhaka,,,,,,,,,,,,,,,,,,,,,
2700,Asst. Prof. Dr. Jamsed Faridi Jami,"['MBBS', 'DO (BSMMU)', 'BCS', 'CCD']",OPHTHALMOLOGIST,16,Green Eye Hospital Ltd.,Dhaka,,,,,,,,,,,,,,,,,,,,,
2701,Dr. Nowshin Afroze Ranchi,"['MBBS', 'BCS', 'FCPS']",OPHTHALMOLOGIST,16,Green Eye Hospital Ltd.,Dhaka,,,,,,,,,,,,,,,,,,,,,
2702,Asst. Prof. Dr. Nasima Akter,"['MBBS', 'FCPS']",OPHTHALMOLOGIST,16,Green Eye Hospital Ltd.,Dhaka,,,,,,,,,,,,,,,,,,,,,
2703,Asst. Prof. Dr. Israt Jahan,"['MBBS', 'MCPS', 'FCPS']",OPHTHALMOLOGIST,15,Green Eye Hospital Ltd.,Dhaka,,,,,,,,,,,,,,,,,,,,,
2704,Asst. Prof. Dr. Nusrat Shahrin,"['MBBS', 'BCS', 'MCPS', 'FCPS']",PEDIATRICIAN,16,Green Eye Hospital Ltd.,Dhaka,,,,,,,,,,,,,,,,,,,,,
2704,Asst. Prof. Dr. Nusrat Shahrin,"['MBBS', 'BCS', 'MCPS', 'FCPS']",OPHTHALMOLOGIST,16,Green Eye Hospital Ltd.,Dhaka,,,,,,,,,,,,,,,,,,,,,
2705,Assoc. Prof. Dr. Utpal Kumar Kundu,"['MBBS', 'DO', 'MCPS', 'MS']",OPHTHALMOLOGIST,22,Green Eye Hospital Ltd.,Dhaka,,,,,,,,,,,,,,,,,,,,,
2706,Dr. Sanjay Kumar Sarkar,"['FCPS', 'MCPS', 'MBBS', 'BCS']",OPHTHALMOLOGIST,17,Green Eye Hospital Ltd.,Dhaka,,,,,,,,,,,,,,,,,,,,,
2707,Dr. Al Mahmud Lemon,"['MBBS', 'BCS', 'FCPS', 'ICO (LONDON)']",OPHTHALMOLOGIST,10,Green Eye Hospital Ltd.,Dhaka,,,,,,,,,,,,,,,,,,,,,
2708,Asst. Prof. Dr. A Q M Omar Sharif,"['MBBS', 'MS', 'MCPS']",OPHTHALMOLOGIST,19,Green Eye Hospital Ltd.,Dhaka,,,,,,,,,,,,,,,,,,,,,
2709,Dr. Debashish Ghosh,"['MBBS', 'BCS', 'MS']",OPHTHALMOLOGIST,18,Green Eye Hospital Ltd.,Dhaka,,,,,,,,,,,,,,,,,,,,,
2710,Asst. Prof. Dr. M.M.H. Monir,"['MBBS', 'BCS', 'MS', 'MCPS']",OPHTHALMOLOGIST,18,Green Eye Hospital Ltd.,Dhaka,,,,,,,,,,,,,,,,,,,,,
2711,Asst. Prof. Dr. Samarendra Nath Adhikary,"['MBBS', 'MS']",OPHTHALMOLOGIST,22,Green Eye Hospital Ltd.,Dhaka,,,,,,,,,,,,,,,,,,,,,
2712,Asst. Prof. Dr. Shayamal Kumar Sarkar,"['MBBS', 'MS', 'ICO (LONDON)']",OPHTHALMOLOGIST,19,Green Eye Hospital Ltd.,Dhaka,,,,,,,,,,,,,,,,,,,,,
2713,Asst. Prof. Dr. Tarzia Asma Zafrullah,"['MBBS', 'DO (D.U.)', 'FCPS', 'MCPS']",OPHTHALMOLOGIST,18,Green Eye Hospital Ltd.,Dhaka,,,,,,,,,,,,,,,,,,,,,
2713,Asst. Prof. Dr. Tarzia Asma Zafrullah,"['MBBS', 'DO (D.U.)', 'FCPS', 'MCPS']",PEDIATRICIAN,18,Green Eye Hospital Ltd.,Dhaka,,,,,,,,,,,,,,,,,,,,,
2714,Dr. S M Enamul Haque,"['MBBS', 'MS']",OPHTHALMOLOGIST,19,Green Eye Hospital Ltd.,Dhaka,,,,,,,,,,,,,,,,,,,,,
2715,Asst. Prof. Dr. Md. Abdus Salam,"['MBBS', 'BCS', 'FCPS', 'MS']",OPHTHALMOLOGIST,19,Green Eye Hospital Ltd.,Dhaka,,,,,,,,,,,,,,,,,,,,,
2716,Assoc. Prof. Dr. Dilip Kumar Debnath,"['MBBS', 'DO (B.S.M.M.U)', 'ICO (LONDON)']",OPHTHALMOLOGIST,26,Green Eye Hospital Ltd.,Dhaka,,,,,,,,,,,,,,,,,,,,,
2717,Prof. Dr. Md. Mostak Ahmed,"['MBBS', 'MS']",OPHTHALMOLOGIST,24,Green Eye Hospital Ltd.,Dhaka,,,,,,,,,,,,,,,,,,,,,
2718,Prof. Dr. A I M Anisuddin Serniabat,"['MBBS', 'DO', 'FCPS']",OPHTHALMOLOGIST,24,Green Eye Hospital Ltd.,Dhaka,,,,,,,,,,,,,,,,,,,,,
2719,Prof. Dr. Md. Anisur Rahman Anjum,"['MBBS', 'DO', 'FCPS']",OPHTHALMOLOGIST,16,Green Eye Hospital Ltd.,Dhaka,,,,,,,,,,,,,,,,,,,,,
2720,Dr. Col. (Retd) Ashraful Haque,['MBBS'],MEDICINE SPECIALIST,14,Bangladesh Lions Eye Hospital Ltd.,Dhaka,,,,,,,,,,,,,,,,,,,,,
2721,Dr. Ismail Hossain,['MBBS'],OPHTHALMOLOGIST,12,Bangladesh Lions Eye Hospital Ltd.,Dhaka,,,,,,,,,,,,,,,,,,,,,
2722,Dr. Hanif Md. Rakibul Hasan,['MBBS'],OPHTHALMOLOGIST,13,Bangladesh Lions Eye Hospital Ltd.,Dhaka,,,,,,,,,,,,,,,,,,,,,
2723,Dr. Md. Shafayet Jamil Mithu,['MBBS'],OPHTHALMOLOGIST,14,Bangladesh Lions Eye Hospital Ltd.,Dhaka,,,,,,,,,,,,,,,,,,,,,
2724,Dr. F.M.A.H. Maria,['MBBS'],OPHTHALMOLOGIST,13,Bangladesh Lions Eye Hospital Ltd.,Dhaka,,,,,,,,,,,,,,,,,,,,,
2725,Dr. Kakoli Dey,['MBBS'],OPHTHALMOLOGIST,19,Bangladesh Lions Eye Hospital Ltd.,Dhaka,,,,,,,,,,,,,,,,,,,,,
2726,Dr. Md. Atiqur Rahman,['MBBS'],OPHTHALMOLOGIST,17,Bangladesh Lions Eye Hospital Ltd.,Dhaka,,,,,,,,,,,,,,,,,,,,,
2727,Dr. Md. Fardous Rahman,['BDS'],MAXILLOFACIAL AND DENTAL SURGEON,19,Bangladesh Lions Eye Hospital Ltd.,Dhaka,,,,,,,,,,,,,,,,,,,,,
2728,Dr. Tapan Kumar Ghosh,"['BDS', 'PGT']",MAXILLOFACIAL AND DENTAL SURGEON,16,BRAC Healthcare | Mirpur,Dhaka,,,,,,,,,,,,,,,,,,,,,
2729,Dr. Faria Khirun,['BDS'],MAXILLOFACIAL AND DENTAL SURGEON,13,Bangladesh Lions Eye Hospital Ltd.,Dhaka,,,,,,,,,,,,,,,,,,,,,
2730,Dr. A. F. M Saifur Rahman,['MBBS'],ANESTHESIOLOGIST,18,Bangladesh Lions Eye Hospital Ltd.,Dhaka,,,,,,,,,,,,,,,,,,,,,
2731,Dr. Kamal Sultan,"['MBBS', 'M.PHIL']",PATHOLOGIST,19,Bangladesh Lions Eye Hospital Ltd.,Dhaka,,,,,,,,,,,,,,,,,,,,,
2732,Dr. Shajeda Akter,['MBBS'],OPHTHALMOLOGIST,15,Bangladesh Lions Eye Hospital Ltd.,Dhaka,,,,,,,,,,,,,,,,,,,,,
2733,Dr. A.H.M. Ehsanur Reza,['MBBS'],OPHTHALMOLOGIST,17,Bangladesh Lions Eye Hospital Ltd.,Dhaka,,,,,,,,,,,,,,,,,,,,,
2734,Dr. Rejaul Karim,['MBBS'],OPHTHALMOLOGIST,12,Bangladesh Lions Eye Hospital Ltd.,Dhaka,,,,,,,,,,,,,,,,,,,,,
2735,Dr. Taslima Mazid,"['MBBS', 'MCPS', 'FCPS']",OPHTHALMOLOGIST,14,Bangladesh Lions Eye Hospital Ltd.,Dhaka,,,,,,,,,,,,,,,,,,,,,
2736,Assoc. Prof. Dr. Rinku Paul,"['MBBS', 'MCPS', 'DO']",OPHTHALMOLOGIST,19,Bangladesh Lions Eye Hospital Ltd.,Dhaka,,,,,,,,,,,,,,,,,,,,,
2737,Dr. Md. Abu Afza,"['MBBS', 'DOMS']",OPHTHALMOLOGIST,19,Bangladesh Lions Eye Hospital Ltd.,Dhaka,,,,,,,,,,,,,,,,,,,,,
2738,Dr. Md. Abul Hossain,"['MBBS', 'DO (DU)', 'PGT']",OPHTHALMOLOGIST,20,Bangladesh Lions Eye Hospital Ltd.,Dhaka,,,,,,,,,,,,,,,,,,,,,
2739,Prof. Dr. Sohana Sharmin Gazi,"['MBBS', 'DO', 'MCPS']",OPHTHALMOLOGIST,23,Bangladesh Lions Eye Hospital Ltd.,Dhaka,,,,,,,,,,,,,,,,,,,,,
2740,Assoc. Prof. Dr. Maliha Sharmin,"['MBBS', 'FCPS', 'FICO (UK)']",OPHTHALMOLOGIST,19,Bangladesh Lions Eye Hospital Ltd.,Dhaka,,,,,,,,,,,,,,,,,,,,,
2741,Prof. Dr. Sabrina Rahmatullah,"['MBBS', 'FCPS']",OPHTHALMOLOGIST,24,Bangladesh Lions Eye Hospital Ltd.,Dhaka,,,,,,,,,,,,,,,,,,,,,
2742,Asst. Prof. Dr. Rezaul Karim,"['MBBS', 'MCPS', 'DO']",OPHTHALMOLOGIST,28,Bangladesh Lions Eye Hospital Ltd.,Dhaka,,,,,,,,,,,,,,,,,,,,,
2743,Prof. Zakia Wadud,"['MBBS', 'FCPS']",OPHTHALMOLOGIST,22,Bangladesh Lions Eye Hospital Ltd.,Dhaka,,,,,,,,,,,,,,,,,,,,,
2744,Assoc. Prof. Dr. Md. Shahidul Haque,"['MBBS', 'DOMS', 'MPH']",OPHTHALMOLOGIST,15,Bangladesh Lions Eye Hospital Ltd.,Dhaka,,,,,,,,,,,,,,,,,,,,,
2745,Assoc. Prof. Dr. Liakat Ali Talukder,"['MBBS', 'DO', 'MPH']",OPHTHALMOLOGIST,19,Bangladesh Lions Eye Hospital Ltd.,Dhaka,,,,,,,,,,,,,,,,,,,,,
2746,Prof. Dr. Mohammad Mahbubur Rahman,"['MBBS', 'DO', 'MPH']",OPHTHALMOLOGIST,31,Bangladesh Lions Eye Hospital Ltd.,Dhaka,,,,,,,,,,,,,,,,,,,,,
2747,Dr. Chowdhury Samir Shawkat,"['MBBS', 'DLO', 'MRCS (FINAL PART)']",OTOLARYNGOLOGISTS (ENT),17,Anwer Khan Modern Diagnostic Centre | Banani,Dhaka,,,,,,,,,,,,,,,,,,,,,
2748,Dr. Afroza Khanam,"['MBBS', 'MS']",OTOLARYNGOLOGISTS (ENT),25,Anwer Khan Modern Diagnostic Centre | Banani,Dhaka,,,,,,,,,,,,,,,,,,,,,
2749,Dr. Tanveer Ahmed Chowdhury,"['MBBS', 'BCS', 'DTCD (BSMMU)']",RESPIRATORY SPECIALIST,19,Anwer Khan Modern Diagnostic Centre | Banani,Dhaka,,,,,,,,,,,,,,,,,,,,,
2750,Dr. Asif Mujtaba Mahmud,"['MBBS', 'DTCD', 'PH.D (JAPAN)']",RESPIRATORY SPECIALIST,25,Anwer Khan Modern Diagnostic Centre | Banani,Dhaka,,,,,,,,,,,,,,,,,,,,,
2751,Dr. S. K. M. Rasel,"['MBBS', 'BCS', 'M.PHIL']",ONCOLOGIST,17,Anwer Khan Modern Diagnostic Centre | Banani,Dhaka,,,,,,,,,,,,,,,,,,,,,
2752,Olima Akter Mim,"['BSC (PSYCHOLOGY)', 'MS']",PHYSIOTHERAPIST,6,Anwer Khan Modern Diagnostic Centre | Banani,Dhaka,,,,,,,,,,,,,,,,,,,,,
2753,Tasnuva Mullick,"['MS', 'MS']",PHYSIOTHERAPIST,18,Anwer Khan Modern Diagnostic Centre | Banani,Dhaka,,,,,,,,,,,,,,,,,,,,,
2754,Dr. Raisul Islam Parag,"['MBBS', 'BCS', 'MD']",PSYCHIATRIST,15,Anwer Khan Modern Diagnostic Centre | Banani,Dhaka,,,,,,,,,,,,,,,,,,,,,
2755,Dr. Sanjit Kumar Banik,"['MBBS', 'BCS', 'FCPS']",GENERAL SURGEON,18,Anwer Khan Modern Diagnostic Centre | Banani,Dhaka,,,,,,,,,,,,,,,,,,,,,
2755,Dr. Sanjit Kumar Banik,"['MBBS', 'BCS', 'FCPS']",LAPAROSCOPIC SURGEON,18,Anwer Khan Modern Diagnostic Centre | Banani,Dhaka,,,,,,,,,,,,,,,,,,,,,
2756,Assoc. Prof. Dr. S. M. Imrul Anwar,"['MBBS', 'BCS', 'MD']",NEPHROLOGIST,20,Popular Diagnostic Centre Ltd. | Shyamoli,Dhaka,,,,,,,,,,,,,,,,,,,,,
2757,Dr. Sharmeen Sajedeen,"['MBBS', 'MS']",GYNECOLOGIST & OBSTETRICIAN,20,Anwer Khan Modern Diagnostic Centre | Banani,Dhaka,,,,,,,,,,,,,,,,,,,,,
2758,Dr. Ayesha Nazma Nur,"['MBBS', 'FCPS']",GYNECOLOGIST & OBSTETRICIAN,25,Anwer Khan Modern Diagnostic Centre | Banani,Dhaka,,,,,,,,,,,,,,,,,,,,,
2759,Prof. Dr. Sarmin Quddus,"['MBBS', 'MD']",ENDOCRINOLOGIST,22,Anwer Khan Modern Diagnostic Centre | Banani,Dhaka,,,,,,,,,,,,,,,,,,,,,
2760,Dr. Rabbi Mahmud,"['MBBS', 'MS']",ORTHOPEDIC SURGEON,19,Anwer Khan Modern Diagnostic Centre | Banani,Dhaka,,,,,,,,,,,,,,,,,,,,,
2761,Assoc. Prof. Dr. Iqram A. Rahman,"['MBBS', 'D. ORTHO(AUSTRIA)']",ORTHOPEDIST,31,Anwer Khan Modern Diagnostic Centre | Banani,Dhaka,,,,,,,,,,,,,,,,,,,,,
2762,Prof. Dr. Akram Ullah Sikder,"['MBBS', 'DDV']",DERMATOLOGIST,33,Anwer Khan Modern Medical College Hospital,Dhaka,,,,,,,,,,,,,,,,,,,,,
2763,Asst. Prof. Dr. Shaila Ahmed,"['MBBS', 'DDV']",DERMATOLOGIST,40,Anwer Khan Modern Diagnostic Centre | Banani,Dhaka,,,,,,,,,,,,,,,,,,,,,
2764,Prof. Dr. Mohammad Mahmuduzzaman,"['MBBS', 'MD', 'MACG', 'FACP', 'MRCP', 'FRCP']",GASTROENTEROLOGIST,32,Anwer Khan Modern Diagnostic Centre | Banani,Dhaka,,,,,,,,,,,,,,,,,,,,,
2765,Asst. Prof. Dr. Nusrat Sultana,"['MBBS', 'FCPS', 'MD']",ENDOCRINOLOGIST,28,Anwer Khan Modern Diagnostic Centre | Banani,Dhaka,,,,,,,,,,,,,,,,,,,,,
2766,Prof. Dr. M. A. Sabur,"['MBBS', 'FCPS']",MEDICINE SPECIALIST,31,Anwer Khan Modern Diagnostic Centre | Banani,Dhaka,,,,,,,,,,,,,,,,,,,,,
2766,Prof. Dr. M. A. Sabur,"['MBBS', 'FCPS']",NEPHROLOGIST,31,Anwer Khan Modern Diagnostic Centre | Banani,Dhaka,,,,,,,,,,,,,,,,,,,,,
2767,Prof. Dr. Nurul Alam Talukder,"['MBBS', 'MCPS', 'D.CARD']",CARDIOLOGIST,17,Al-Manar Hospital Ltd.,Dhaka,,,,,,,,,,,,,,,,,,,,,
2768,Dr. Md. Fayez Ahmed,"['MBBS', 'BCS', 'D-ORTHO', 'MS']",ORTHOPEDIC SURGEON,26,Al-Manar Hospital Ltd.,Dhaka,,,,,,,,,,,,,,,,,,,,,
2769,Dr. Afsana Negar,"['MBBS', 'DM', 'C.ULTRA (BSU). JUREI (USA)']",SONOLOGIST,15,Al-Manar Hospital Ltd.,Dhaka,,,,,,,,,,,,,,,,,,,,,
2770,Dr. Sajedur Reza Faruquee,"['MBBS', 'MS']",ORTHOPEDIST,19,Al-Manar Hospital Ltd.,Dhaka,,,,,,,,,,,,,,,,,,,,,
2771,Asst. Prof. Dr. Md. Asaduzzaman,"['MBBS', 'DTM (DUBLIN)', 'DPP (PSYCHIATRY)']",PSYCHIATRIST,19,Al-Manar Hospital Ltd.,Dhaka,,,,,,,,,,,,,,,,,,,,,
2772,Dr. Md. Abdur Rashid,"['MBBS', 'MD']",FAMILY MEDICINE SPECIALIST,15,Al-Manar Hospital Ltd.,Dhaka,,,,,,,,,,,,,,,,,,,,,
2773,Dr. Md. A. B. Siddique,"['MBBS', 'BCS', 'MD']",MEDICINE SPECIALIST,20,Al-Manar Hospital Ltd.,Dhaka,,,,,,,,,,,,,,,,,,,,,
2773,Dr. Md. A. B. Siddique,"['MBBS', 'BCS', 'MD']",DIABETES SPECIALIST,20,Al-Manar Hospital Ltd.,Dhaka,,,,,,,,,,,,,,,,,,,,,
2774,Assoc. Prof. Dr. Md. Aminul Islam,"['MBBS', 'FCPS', 'MCPS', 'CCD']",DERMATOLOGIST,31,Al-Manar Hospital Ltd.,Dhaka,,,,,,,,,,,,,,,,,,,,,
2775,Asst. Prof. Dr. Md. Shahinur Rahman,"['MBBS', 'DDV']",DERMATOLOGIST,22,Al-Manar Hospital Ltd.,Dhaka,,,,,,,,,,,,,,,,,,,,,
2776,Asst. Prof. Dr. Md. Shahidul Islam Akon,"['MBBS', 'BCS', 'MS']",ORTHOPEDIC SURGEON,19,Al-Manar Hospital Ltd.,Dhaka,,,,,,,,,,,,,,,,,,,,,
2777,Dr. Md. Iqbal Mahmud Choudhury Rony,"['MBBS', 'FCPS']",PLASTIC SURGEON,17,Al-Manar Hospital Ltd.,Dhaka,,,,,,,,,,,,,,,,,,,,,
2778,Asst. Prof. Dr. Dewan Shamsul Asif,"['MBBS', 'FCPS']",NEUROSURGEON,28,Anwer Khan Modern Medical College Hospital,Dhaka,,,,,,,,,,,,,,,,,,,,,
2779,Dr. China Kusum,"['MBBS', 'DM', 'JUREI (USA)']",SONOLOGIST,18,Al-Manar Hospital Ltd.,Dhaka,,,,,,,,,,,,,,,,,,,,,
2780,Asst. Prof. Dr. Anharur Rahman,"['MBBS', 'FCPS', 'FMAS IN INDIA']",GENERAL SURGEON,20,Al-Manar Hospital Ltd.,Dhaka,,,,,,,,,,,,,,,,,,,,,
2780,Asst. Prof. Dr. Anharur Rahman,"['MBBS', 'FCPS', 'FMAS IN INDIA']",LAPAROSCOPIC SURGEON,20,Al-Manar Hospital Ltd.,Dhaka,,,,,,,,,,,,,,,,,,,,,
2781,Assoc. Prof. Dr. Ainul Islam Joarder,"['MBBS', 'D-ORTHO']",ORTHOPEDIC SURGEON,23,Al-Manar Hospital Ltd.,Dhaka,,,,,,,,,,,,,,,,,,,,,
2782,Assoc Prof. Dr. Ahmad Seraji,"['MBBS', 'FCPS', 'MCPS', 'MS', 'MS', 'MRCS (UK)']",PLASTIC SURGEON,6,Al-Manar Hospital Ltd.,Dhaka,,,,,,,,,,,,,,,,,,,,,
2783,Asst. Prof. Dr. Shaikh Adnan Rakib,"['MBBS', 'MS']",GENERAL SURGEON,17,Al-Manar Hospital Ltd.,Dhaka,,,,,,,,,,,,,,,,,,,,,
2784,Dr. Nilufar Shabnam,"['MBBS', 'FCPS', 'MRCS (EDINBURGH)', 'MRCP', 'CCD']",COLORECTAL SURGEON,20,Al-Manar Hospital Ltd.,Dhaka,,,,,,,,,,,,,,,,,,,,,
2785,Dr. Abu Siddique,"['MBBS', 'FCPS']",GENERAL SURGEON,17,Al-Manar Hospital Ltd.,Dhaka,,,,,,,,,,,,,,,,,,,,,
2785,Dr. Abu Siddique,"['MBBS', 'FCPS']",LAPAROSCOPIC SURGEON,17,Al-Manar Hospital Ltd.,Dhaka,,,,,,,,,,,,,,,,,,,,,
2786,Assoc. Prof. Dr. A. T. M. Ashadullah,"['MBBS', 'MS']",NEUROSURGEON,25,Al-Manar Hospital Ltd.,Dhaka,,,,,,,,,,,,,,,,,,,,,
2787,Dr. Md. Farid Uddin Milki,"['MBBS', 'DLO']",OTOLARYNGOLOGISTS (ENT),22,Al-Manar Hospital Ltd.,Dhaka,,,,,,,,,,,,,,,,,,,,,
2788,Dr. Akhil Chandra Biswas,"['MBBS', 'MS']",OTOLARYNGOLOGISTS (ENT),24,Al-Manar Hospital Ltd.,Dhaka,,,,,,,,,,,,,,,,,,,,,
2789,Prof. Dr. Chowdhury Md. Haider Ali,"['MBBS', 'DCH', 'DCH', 'RCPS (IRELAND)']",PEDIATRICIAN,24,Al-Manar Hospital Ltd.,Dhaka,,,,,,,,,,,,,,,,,,,,,
2790,Dr. Mohammad Abdul Hai,"['MBBS', 'DCH', 'FRSH (UK)']",PEDIATRICIAN,22,Al-Manar Hospital Ltd.,Dhaka,,,,,,,,,,,,,,,,,,,,,
2791,Dr. Kazi Md. Noor Ul Ferdous,"['MBBS', 'MS']",PEDIATRIC SURGEON,22,Al-Manar Hospital Ltd.,Dhaka,,,,,,,,,,,,,,,,,,,,,
2792,Assoc. Prof. Dr. Farid Uddin Ahmed,"['MBBS', 'MS', 'DCH', 'DCH']",PEDIATRICIAN,28,Al-Manar Hospital Ltd.,Dhaka,,,,,,,,,,,,,,,,,,,,,
2793,Prof. Dr. M.A.K. Azad Chowdhury,"['MBBS', 'DCH', 'FCPS', 'MRCP', 'MRCP', 'FRCP']",PEDIATRICIAN & NEONATOLOGIST,35,Al-Manar Hospital Ltd.,Dhaka,,,,,,,,,,,,,,,,,,,,,
2794,Capt. Dr. Md. Serajul Islam,"['MBBS', 'MD', 'MCPS']",PEDIATRICIAN,30,Al-Manar Hospital Ltd.,Dhaka,,,,,,,,,,,,,,,,,,,,,
2795,Dr. Naheed Fatema,"['MBBS', 'MCPS', 'FCPS']",GYNECOLOGIST & OBSTETRICIAN,10,Apollo Clinic Dhanmondi & JMI Specialized Hospital,Dhaka,,,,,,,,,,,,,,,,,,,,,
2796,Dr. Tania Islam Chowdhury,"['MBBS', 'FCPS', 'CCD']",GYNECOLOGIST & OBSTETRICIAN,25,Al-Manar Hospital Ltd.,Dhaka,,,,,,,,,,,,,,,,,,,,,
2797,Dr. Nilufa Parvin,"['MBBS', 'BCS', 'DGO', 'MS']",GYNECOLOGIST & OBSTETRICIAN,15,Al-Manar Hospital Ltd.,Dhaka,,,,,,,,,,,,,,,,,,,,,
2798,Dr. Fazle Noor E Tawhida,"['MBBS', 'FCPS']",GYNECOLOGIST & OBSTETRICIAN,16,Al-Manar Hospital Ltd.,Dhaka,,,,,,,,,,,,,,,,,,,,,
2799,Asst. Prof. Dr. Fazilatunnesa Naznin,"['MBBS', 'FCPS']",GYNECOLOGIST & OBSTETRICIAN,17,Al-Manar Hospital Ltd.,Dhaka,,,,,,,,,,,,,,,,,,,,,
2800,Prof. Dr. Arifa Akter Zahan Shoma,"['MBBS', 'FCPS']",GYNECOLOGIST & OBSTETRICIAN,19,Al-Manar Hospital Ltd.,Dhaka,,,,,,,,,,,,,,,,,,,,,
2801,Asst. Prof. Dr. Sumaiya Akter,"['MBBS', 'MD']",RADIOLOGIST,22,International Medical College Hospital Ltd.,Dhaka,,,,,,,,,,,,,,,,,,,,,
2802,Dr. Md. Mostaque Hossain,"['MBBS', 'M.PHIL']",RADIOLOGIST,22,International Medical College Hospital Ltd.,Dhaka,,,,,,,,,,,,,,,,,,,,,
2803,Dr. Haradhon Das Ajay,"['MBBS', 'FCPS']",ORTHOPEDIST,15,International Medical College Hospital Ltd.,Dhaka,,,,,,,,,,,,,,,,,,,,,
2804,Dr. Sheikh Iqbal Hossain,"['MBBS', 'FCPS']",MEDICINE SPECIALIST,22,International Medical College Hospital Ltd.,Dhaka,,,,,,,,,,,,,,,,,,,,,
2805,Dr. Md. Anwarul Islam,"['MBBS', 'FCPS']",MEDICINE SPECIALIST,19,International Medical College Hospital Ltd.,Dhaka,,,,,,,,,,,,,,,,,,,,,
2806,Dr. Md. Zahid Hasan,"['MBBS', 'FCPS', ' FP)', 'MD', 'CCD', 'PGT']",MEDICINE SPECIALIST,19,International Medical College Hospital Ltd.,Dhaka,,,,,,,,,,,,,,,,,,,,,
2806,Dr. Md. Zahid Hasan,"['MBBS', 'FCPS', ' FP)', 'MD', 'CCD', 'PGT']",NEPHROLOGIST,19,International Medical College Hospital Ltd.,Dhaka,,,,,,,,,,,,,,,,,,,,,
2806,Dr. Md. Zahid Hasan,"['MBBS', 'FCPS', ' FP)', 'MD', 'CCD', 'PGT']",DIABETES SPECIALIST,19,International Medical College Hospital Ltd.,Dhaka,,,,,,,,,,,,,,,,,,,,,
2807,Brig. Gen. Prof. Dr. Md. Saidur Rahman,"['MBBS', 'FCPS']",MEDICINE SPECIALIST,32,International Medical College Hospital Ltd.,Dhaka,,,,,,,,,,,,,,,,,,,,,
2808,Dr. Mohammad Mahbubul Haque,"['MBBS', 'FCPS', 'MD']",MEDICINE SPECIALIST,23,International Medical College Hospital Ltd.,Dhaka,,,,,,,,,,,,,,,,,,,,,
2809,Dr. Russel Ahmed Khan Lodi,"['MBBS', 'MCPS', 'FCPS']",SURGEON,19,International Medical College Hospital Ltd.,Dhaka,,,,,,,,,,,,,,,,,,,,,
2810,Dr. Shahana Akhter,"['MBBS', 'FCPS']",GENERAL SURGEON,15,International Medical College Hospital Ltd.,Dhaka,,,,,,,,,,,,,,,,,,,,,
2811,Dr. Golam Mostafa Mia,"['MBBS', 'MD']",GASTROENTEROLOGIST,22,International Medical College Hospital Ltd.,Dhaka,,,,,,,,,,,,,,,,,,,,,
2812,Dr. Abu Musa,"['MBBS', 'DLO']",OTOLARYNGOLOGISTS (ENT),18,International Medical College Hospital Ltd.,Dhaka,,,,,,,,,,,,,,,,,,,,,
2813,Asst. Prof. Dr. Maruf Hossain,"['BDS', 'MPH']",DENTIST,17,International Medical College Hospital Ltd.,Dhaka,,,,,,,,,,,,,,,,,,,,,
2814,Prof. Dr. Brig Gen Hasan Murshed,"['MBBS', 'FCPS']",ANESTHESIOLOGIST,29,International Medical College Hospital Ltd.,Dhaka,,,,,,,,,,,,,,,,,,,,,
2815,Prof. Dr. Meherun Nessa Mita,"['MBBS', 'MCPS', 'DGO', 'FCPS']",GYNECOLOGIST & OBSTETRICIAN,23,International Medical College Hospital Ltd.,Dhaka,,,,,,,,,,,,,,,,,,,,,
2816,Prof. Dr. Ferdows Ahmed Chowdhury,"['MBBS', 'MS', 'CCD', 'PGC']",GASTROENTEROLOGIST,17,International Medical College Hospital Ltd.,Dhaka,,,,,,,,,,,,,,,,,,,,,
2817,Prof. Dr. Moydul Haque,"['MBBS', 'DTCD']",PULMONOLOGIST,32,International Medical College Hospital Ltd.,Dhaka,,,,,,,,,,,,,,,,,,,,,
2818,Asst. Prof. Dr. Tanjila Ferdousi,"['MBBS', 'MD']",DIABETES SPECIALIST,16,International Medical College Hospital Ltd.,Dhaka,,,,,,,,,,,,,,,,,,,,,
2818,Asst. Prof. Dr. Tanjila Ferdousi,"['MBBS', 'MD']",MEDICINE SPECIALIST,16,International Medical College Hospital Ltd.,Dhaka,,,,,,,,,,,,,,,,,,,,,
2818,Asst. Prof. Dr. Tanjila Ferdousi,"['MBBS', 'MD']",RHEUMATOLOGIST,16,International Medical College Hospital Ltd.,Dhaka,,,,,,,,,,,,,,,,,,,,,
2819,Asst. Prof. Shakil Younus,"['MBBS', 'FCPS']",PHYSICAL MEDICINE,21,International Medical College Hospital Ltd.,Dhaka,,,,,,,,,,,,,,,,,,,,,
2820,Prof. Dr. Md. Rofiquddin,"['MBBS', 'IAEA FELLOW TRAINING (SOUTH KOREA)']",ONCOLOGIST,31,International Medical College Hospital Ltd.,Dhaka,,,,,,,,,,,,,,,,,,,,,
2821,Asst. Prof. Taskina Nazmin,"['BDS', 'FCPS']",DENTIST,20,International Medical College Hospital Ltd.,Dhaka,,,,,,,,,,,,,,,,,,,,,
2822,Asst. Prof. Snigdha Sarkar,"['MBBS', 'MD']",NEUROLOGIST,15,International Medical College Hospital Ltd.,Dhaka,,,,,,,,,,,,,,,,,,,,,
2823,Asst. Prof. Dr. Fahad Bin Alauddin,"['MBBS', 'MD']",PSYCHIATRIST,18,International Medical College Hospital Ltd.,Dhaka,,,,,,,,,,,,,,,,,,,,,
2824,Prof. Dr. Md. Abdullah-Al-Faruk,"['MBBS', 'FCPS']",PSYCHIATRIST,24,International Medical College Hospital Ltd.,Dhaka,,,,,,,,,,,,,,,,,,,,,
2825,Asso. Prof. Dr. Rajat Shuvra Paul,"['MBBS', 'MD']",NEPHROLOGIST,20,International Medical College Hospital Ltd.,Dhaka,,,,,,,,,,,,,,,,,,,,,
2826,Asst. Prof. Dr. Sayeda Moni Chowdhury,"['MBBS', 'MD']",DIABETES SPECIALIST,18,International Medical College Hospital Ltd.,Dhaka,,,,,,,,,,,,,,,,,,,,,
2826,Asst. Prof. Dr. Sayeda Moni Chowdhury,"['MBBS', 'MD']",MEDICINE SPECIALIST,18,International Medical College Hospital Ltd.,Dhaka,,,,,,,,,,,,,,,,,,,,,
2826,Asst. Prof. Dr. Sayeda Moni Chowdhury,"['MBBS', 'MD']",RHEUMATOLOGIST,18,International Medical College Hospital Ltd.,Dhaka,,,,,,,,,,,,,,,,,,,,,
2827,Dr. Mohammad Johirul Kaiyum,"['MBBS', 'MPH', 'DCH']",PEDIATRICIAN,20,International Medical College Hospital Ltd.,Dhaka,,,,,,,,,,,,,,,,,,,,,
2828,Prof. Dr. Nondita Nazma,"['MBBS', 'DCH', 'FCPS', 'MCPS']",PEDIATRICIAN,28,International Medical College Hospital Ltd.,Dhaka,,,,,,,,,,,,,,,,,,,,,
2829,Asst. Prof. Dr. Ali Akber,"['MBBS', 'DLO']",OTOLARYNGOLOGISTS (ENT),18,International Medical College Hospital Ltd.,Dhaka,,,,,,,,,,,,,,,,,,,,,
2830,Prof. Dr. Md. Amirul Islam,"['MBBS', 'DLO', 'FCPS']",OTOLARYNGOLOGISTS (ENT),23,International Medical College Hospital Ltd.,Dhaka,,,,,,,,,,,,,,,,,,,,,
2831,Asst. Prof. Dr. Tamima Sultana Alin,"['MBBS', 'MS']",GYNECOLOGIST & OBSTETRICIAN,14,International Medical College Hospital Ltd.,Dhaka,,,,,,,,,,,,,,,,,,,,,
2832,Asst. Prof. Dr. Sarmin Sajedin,"['MBBS', 'MS']",GYNECOLOGIST & OBSTETRICIAN,29,International Medical College Hospital Ltd.,Dhaka,,,,,,,,,,,,,,,,,,,,,
2833,Assoc. Prof. Dr. Sarah Ambarin Chowdhury,"['MBBS', 'MCPS', 'FCPS']",GYNECOLOGIST & OBSTETRICIAN,26,International Medical College Hospital Ltd.,Dhaka,,,,,,,,,,,,,,,,,,,,,
2834,Dr. Surul Huda Nasid,"['MBBS', 'DLO']",OTOLARYNGOLOGISTS (ENT),18,Central Bashabo General Hospital Ltd.,Dhaka,,,,,,,,,,,,,,,,,,,,,
2835,Dr. Mohammad Sorif Bulbul,"['MBBS', 'D-ORTHO']",ORTHOPEDIST,20,Central Bashabo General Hospital Ltd.,Dhaka,,,,,,,,,,,,,,,,,,,,,
2836,Asst. Prof. Mohammad Kamal Hossain,"['MBBS', 'BCS']",ORTHOPEDIST,20,Central Bashabo General Hospital Ltd.,Dhaka,,,,,,,,,,,,,,,,,,,,,
2837,Asst. Prof. Dr. Md. Mahmudul Islam Rumel,"['MBBS', 'BCS', 'FCPS']",GENERAL SURGEON,18,Central Bashabo General Hospital Ltd.,Dhaka,,,,,,,,,,,,,,,,,,,,,
2837,Asst. Prof. Dr. Md. Mahmudul Islam Rumel,"['MBBS', 'BCS', 'FCPS']",LAPAROSCOPIC SURGEON,18,Central Bashabo General Hospital Ltd.,Dhaka,,,,,,,,,,,,,,,,,,,,,
2838,Dr. Tasadduk Ahmed,"['MBBS', 'BCS', 'PGT']",MEDICINE SPECIALIST,20,Central Bashabo General Hospital Ltd.,Dhaka,,,,,,,,,,,,,,,,,,,,,
2839,Dr. Md. Khairul Islam,"['MBBS', 'CCD', 'BCS', 'D-CARD', 'PGT']",MEDICINE SPECIALIST,15,Central Bashabo General Hospital Ltd.,Dhaka,,,,,,,,,,,,,,,,,,,,,
2840,Dr. Rizia Begum,"['MBBS', 'CCD']",DIABETOLOGIST,19,Central Bashabo General Hospital Ltd.,Dhaka,,,,,,,,,,,,,,,,,,,,,
2841,Dr. Jubayer Sayeed,"['MBBS', 'FCPS']",PEDIATRICIAN,17,Central Bashabo General Hospital Ltd.,Dhaka,,,,,,,,,,,,,,,,,,,,,
2842,Dr. Sabari Islam Sumi,"['MBBS', 'PGT']",GYNECOLOGIST & OBSTETRICIAN,16,Central Bashabo General Hospital Ltd.,Dhaka,,,,,,,,,,,,,,,,,,,,,
2843,Dr. Salina Rahman Lipi,"['MBBS', 'PGT', 'C-ALTRA']",GYNECOLOGIST & OBSTETRICIAN,19,Central Bashabo General Hospital Ltd.,Dhaka,,,,,,,,,,,,,,,,,,,,,
2844,Dr. Shahin Akhter,"['MBBS', 'DGO', 'FRSH']",GYNECOLOGIST & OBSTETRICIAN,16,Central Bashabo General Hospital Ltd.,Dhaka,,,,,,,,,,,,,,,,,,,,,
2845,Asst. Prof. Dr. Mohammad Sahajadul Alam,"['MBBS', 'BCS', 'FCPS', 'MS']",GENERAL SURGEON,19,Central Bashabo General Hospital Ltd.,Dhaka,,,,,,,,,,,,,,,,,,,,,
2845,Asst. Prof. Dr. Mohammad Sahajadul Alam,"['MBBS', 'BCS', 'FCPS', 'MS']",LAPAROSCOPIC SURGEON,19,Central Bashabo General Hospital Ltd.,Dhaka,,,,,,,,,,,,,,,,,,,,,
2846,Dr. shahnewaz Hasan Sajib,"['MBBS', 'BCS', 'D-ORTHO']",ORTHOPEDIST,15,Central Bashabo General Hospital Ltd.,Dhaka,,,,,,,,,,,,,,,,,,,,,
2847,Dr. Abu Rafat Mohammad dimon,"['MBBS', 'D-CARD']",CARDIOLOGIST,20,Central Bashabo General Hospital Ltd.,Dhaka,,,,,,,,,,,,,,,,,,,,,
2848,Asst. Prof. Dr. Kamrun Nahar Nargis,"['MBBS', 'MS', 'MCPS', 'DGO']",GYNECOLOGIST & OBSTETRICIAN,21,Central Bashabo General Hospital Ltd.,Dhaka,,,,,,,,,,,,,,,,,,,,,
2849,Dr. Mohammad Mostafa Kamal,"['MBBS', 'BCS', 'MD', 'MD']",INTERNAL MEDICINE,21,Central Bashabo General Hospital Ltd.,Dhaka,,,,,,,,,,,,,,,,,,,,,
2850,Dr. A.H.M Emrul Tareq,"['MBBS', 'BCS', 'MS']",UROLOGIST,25,Dhaka Imperial Hospital Ltd.,Dhaka,,,,,,,,,,,,,,,,,,,,,
2851,Dr. James Robert Gomez,"['MBBS', 'DD', 'PGT']",DERMATOLOGIST,20,Dhaka Imperial Hospital Ltd.,Dhaka,,,,,,,,,,,,,,,,,,,,,
2852,Dr. Mohsena Khatun,"['MBBS', 'BCS', 'DDV']",DERMATOLOGIST,18,Dhaka Imperial Hospital Ltd.,Dhaka,,,,,,,,,,,,,,,,,,,,,
2853,Asst. Prof. Dr. Hasmot Ali,"['MBBS', 'PH.D. (NEUROSURGERY)']",NEUROMEDICINE SPECIALIST,19,Dhaka Imperial Hospital Ltd.,Dhaka,,,,,,,,,,,,,,,,,,,,,
2854,Dr. Musfika Mohsin,"['MBBS', 'BCS', 'FCPS']",GYNECOLOGIST & OBSTETRICIAN,16,Dhaka Imperial Hospital Ltd.,Dhaka,,,,,,,,,,,,,,,,,,,,,
2855,Asst. Prof. Prof. Dr. Abul Kalam Azad,"['MBBS', 'MS']",LAPAROSCOPIC SURGEON,14,Dhaka Imperial Hospital Ltd.,Dhaka,,,,,,,,,,,,,,,,,,,,,
2856,Dr. Mohammad Rashidul Islam,"['MBBS', 'BCS', 'FCPS', 'MD']",GASTROENTEROLOGIST,19,Dhaka Imperial Hospital Ltd.,Dhaka,,,,,,,,,,,,,,,,,,,,,
2857,Dr. Nahida Akter,"['BDS', 'PGT']",DENTIST,14,Dhaka Imperial Hospital Ltd.,Dhaka,,,,,,,,,,,,,,,,,,,,,
2858,Dr. Maksuda Parvin Shikha,"['MBBS', 'BCS', 'FCPS']",GYNECOLOGIST & OBSTETRICIAN,18,Module General Hospital Ltd.,Dhaka,,,,,,,,,,,,,,,,,,,,,
2859,Prof. Dr. Jesmine Banu,"['MBBS', 'MS']",GYNECOLOGIST & OBSTETRICIAN,24,Module General Hospital Ltd.,Dhaka,,,,,,,,,,,,,,,,,,,,,
2860,Assoc. Prof. Dr. Farzana Diba,"['MBBS', 'FCPS', 'MS', 'FCPS']",GYNECOLOGIST & OBSTETRICIAN,15,Module General Hospital Ltd.,Dhaka,,,,,,,,,,,,,,,,,,,,,
2861,Dr. Abu Saleh Md. Abu Obaida Ratan,"['MBBS', 'MS']",NEUROSURGEON,14,Comfort Diagnostic Center (Pvt.) Ltd | Dhanmondi,Dhaka,,,,,,,,,,,,,,,,,,,,,
2862,Dr. Nazmul Karim Manik,"['MBBS', 'MS', 'DVD (DU)']",DERMATOLOGIST,17,Module General Hospital Ltd.,Dhaka,,,,,,,,,,,,,,,,,,,,,
2863,Dr. Fazlul Kabir,"['MBBS', 'DPH (LONDON)', 'MS', 'CHDC (LONDON)', 'FRSTMH (UK)']",MEDICINE SPECIALIST,28,Module General Hospital Ltd.,Dhaka,,,,,,,,,,,,,,,,,,,,,
2864,Prof. Dr. A. Allam Chowdhury,"['MBBS', 'DLO', 'MS']",OTOLARYNGOLOGISTS (ENT),23,Module General Hospital Ltd.,Dhaka,,,,,,,,,,,,,,,,,,,,,
2864,Prof. Dr. A. Allam Chowdhury,"['MBBS', 'DLO', 'MS']",SURGEON,23,Module General Hospital Ltd.,Dhaka,,,,,,,,,,,,,,,,,,,,,
2865,Assoc. Prof. Dr. Md. Faruk Hossain Munsi,"['MBBS', 'MS', 'FACS (USA)']",UROLOGIST,18,Module General Hospital Ltd.,Dhaka,,,,,,,,,,,,,,,,,,,,,
2866,Prof. Dr. A.K.M. Zahid Hossain,"['MBBS', 'MS', 'FACS (USA)']",PEDIATRIC SURGEON,27,Module General Hospital Ltd.,Dhaka,,,,,,,,,,,,,,,,,,,,,
2867,Assoc. Prof. Dr. Md. Shahidul Islam Jahin,"['MBBS', 'DM', 'PH.D']",ONCOLOGIST,18,Module General Hospital Ltd.,Dhaka,,,,,,,,,,,,,,,,,,,,,
2868,Prof. Dr. Md. Abdul Bari,"['MBBS', 'MPH']",ONCOLOGIST,27,Module General Hospital Ltd.,Dhaka,,,,,,,,,,,,,,,,,,,,,
2869,Dr. Md. Nazrul Islam Akash,"['MBBS', 'MS']",PEDIATRIC SURGEON,14,Module General Hospital Ltd.,Dhaka,,,,,,,,,,,,,,,,,,,,,
2870,Prof. Dr. Md. Tosaddeque Hossain Siddiqui Jamal,"['MBBS', 'MS', 'FACS (USA)', 'FRCS']",PEDIATRIC SURGEON,18,Module General Hospital Ltd.,Dhaka,,,,,,,,,,,,,,,,,,,,,
2871,Assoc. Prof. Dr. K M Didarul Islam,"['MBBS', 'MS']",PEDIATRIC SURGEON,19,Module General Hospital Ltd.,Dhaka,,,,,,,,,,,,,,,,,,,,,
2872,Prof. Dr. Mohiuddin Matubbar,"['MBBS', 'FCPS', 'BCS']",GENERAL SURGEON,28,Module General Hospital Ltd.,Dhaka,,,,,,,,,,,,,,,,,,,,,
2872,Prof. Dr. Mohiuddin Matubbar,"['MBBS', 'FCPS', 'BCS']",LAPAROSCOPIC SURGEON,28,Module General Hospital Ltd.,Dhaka,,,,,,,,,,,,,,,,,,,,,
2873,Dr. Md. Shahadat Hossain,"['MBBS', 'CLINICAL ATTACHMENT', 'QUEEN ELIZABETH HOSPITAL (LONDON)']",PEDIATRIC SURGEON,16,Module General Hospital Ltd.,Dhaka,,,,,,,,,,,,,,,,,,,,,
2874,Dr. Aklima Sultana,"['MBBS', 'DGO']",GYNECOLOGIST & OBSTETRICIAN,14,Module General Hospital Ltd.,Dhaka,,,,,,,,,,,,,,,,,,,,,
2875,Dr. Imran Mahmud,"['MBBS', 'BCS', 'FCPS', 'CCD']",MEDICINE SPECIALIST,18,US-Bangla Medical College & Hospital,Narayanganj,,,,,,,,,,,,,,,,,,,,,
2876,Prof. Dr. Md. Mahfuzur Rahman,"['MBBS', 'BCS', 'FCPS']",MEDICINE SPECIALIST,28,US-Bangla Medical College & Hospital,Narayanganj,,,,,,,,,,,,,,,,,,,,,
2877,Maj Gen Prof. Dr. Bijoy Kumar Sarkar retd,"['MBBS', 'MCPS', 'FCPS']",SURGEON,24,US-Bangla Medical College & Hospital,Narayanganj,,,,,,,,,,,,,,,,,,,,,
2878,Col. (retd) Dr. Khaleda Parven,"['MBBS', 'MCPS']",RADIOLOGIST,17,US-Bangla Medical College & Hospital,Narayanganj,,,,,,,,,,,,,,,,,,,,,
2879,Lt. Col. Dr. Mosaddque Billah (Retd.),"['MBBS', 'D-OPHTHALMOLOGY']",OPHTHALMOLOGIST,22,US-Bangla Medical College & Hospital,Narayanganj,,,,,,,,,,,,,,,,,,,,,
2880,Dr. Md. Saruar Alam,"['MBBS', 'BCS', 'MS']",UROLOGIST,18,US-Bangla Medical College & Hospital,Narayanganj,,,,,,,,,,,,,,,,,,,,,
2881,Dr. Didar Mohammed Ibrahim Bhuiyan,"['MBBS', 'DLO']",OTOLARYNGOLOGISTS (ENT),18,US-Bangla Medical College & Hospital,Narayanganj,,,,,,,,,,,,,,,,,,,,,
2882,Dr. Ruhi Komol,['MBBS'],GYNECOLOGIST & OBSTETRICIAN,12,US-Bangla Medical College & Hospital,Narayanganj,,,,,,,,,,,,,,,,,,,,,
2883,Dr. M. M. Sunny,"['MBBS', 'D-CARD']",CARDIOLOGIST,14,US-Bangla Medical College & Hospital,Narayanganj,,,,,,,,,,,,,,,,,,,,,
2884,Prof. Dr. Md. Rojibul Haque,"['MBBS', 'MS', 'FRCS']",OTOLARYNGOLOGISTS (ENT),25,US-Bangla Medical College & Hospital,Narayanganj,,,,,,,,,,,,,,,,,,,,,
2885,Prof. Dr. Md. Abdur Rashid,"['MBBS', 'MCPS', 'DO', 'FCPS']",OPHTHALMOLOGIST,27,US-Bangla Medical College & Hospital,Narayanganj,,,,,,,,,,,,,,,,,,,,,
2886,Asst. Prof. Dr. Sabia Siddika,"['MBBS', 'FCPS', 'DA']",ANESTHESIOLOGIST,16,US-Bangla Medical College & Hospital,Narayanganj,,,,,,,,,,,,,,,,,,,,,
2887,Dr. Marufa Yasmin,"['MBBS', 'MD']",RADIOLOGIST,20,US-Bangla Medical College & Hospital,Narayanganj,,,,,,,,,,,,,,,,,,,,,
2888,Dr. Taneem Bin Haider,"['MBBS', 'FCPS']",SURGEON,15,US-Bangla Medical College & Hospital,Narayanganj,,,,,,,,,,,,,,,,,,,,,
2889,Asst. Prof. Dr. Mohammad Tanvir Hasan,"['MBBS', 'FCPS']",GENERAL SURGEON,19,US-Bangla Medical College & Hospital,Narayanganj,,,,,,,,,,,,,,,,,,,,,
2889,Asst. Prof. Dr. Mohammad Tanvir Hasan,"['MBBS', 'FCPS']",COLORECTAL & LAPAROSCOPIC SURGEON,19,US-Bangla Medical College & Hospital,Narayanganj,,,,,,,,,,,,,,,,,,,,,
2890,Prof. Brig. Gen. (Retd) Dr. Md. Abdul Matin,"['MBBS', 'FCPS', 'MMED']",GENERAL SURGEON,32,US-Bangla Medical College & Hospital,Narayanganj,,,,,,,,,,,,,,,,,,,,,
2891,Assoc. Prof. Dr. Mohammad Afjal Hossain,"['MBBS', 'MD']",ENDOCRINOLOGIST,20,US-Bangla Medical College & Hospital,Narayanganj,,,,,,,,,,,,,,,,,,,,,
2892,Prof. Dr. Md. Shafiqul Islam Bhuiyan,"['MBBS', 'MD', 'BSMMU']",GASTROENTEROLOGIST,17,US-Bangla Medical College & Hospital,Narayanganj,,,,,,,,,,,,,,,,,,,,,
2893,Asst. Prof. Dr. Taslima Afroz,"['MBBS', 'MD']",CARDIOLOGIST,21,US-Bangla Medical College & Hospital,Narayanganj,,,,,,,,,,,,,,,,,,,,,
2894,Asst. Prof. Dr. Mohammad Enamul Karim,"['MBBS', 'DCH', 'FCPS']",PEDIATRICIAN,14,US-Bangla Medical College & Hospital,Narayanganj,,,,,,,,,,,,,,,,,,,,,
2895,Assoc. Prof. Dr. Sadeque Hasan,"['MBBS', 'DCH']",PEDIATRICIAN,18,US-Bangla Medical College & Hospital,Narayanganj,,,,,,,,,,,,,,,,,,,,,
2896,Asst. Prof. Dr. Shanjina Sharmin,"['MBBS', 'DDV']",DERMATOLOGIST,14,US-Bangla Medical College & Hospital,Narayanganj,,,,,,,,,,,,,,,,,,,,,
2897,Assoc. Prof. Dr. Rashidul Hasan,"['MBBS', 'DDV', 'FCPS']",DERMATOLOGIST,28,US-Bangla Medical College & Hospital,Narayanganj,,,,,,,,,,,,,,,,,,,,,
2898,Asst. Prof. Dr. Atikuzzaman,"['MBBS', 'FCPS']",MEDICINE SPECIALIST,17,US-Bangla Medical College & Hospital,Narayanganj,,,,,,,,,,,,,,,,,,,,,
2899,Prof. Dr. Shekhar Bhattacharjee,"['MBBS', 'FCPS', 'D-CARD', 'MRCP']",MEDICINE SPECIALIST,32,US-Bangla Medical College & Hospital,Narayanganj,,,,,,,,,,,,,,,,,,,,,
2899,Prof. Dr. Shekhar Bhattacharjee,"['MBBS', 'FCPS', 'D-CARD', 'MRCP']",CARDIOLOGIST,32,US-Bangla Medical College & Hospital,Narayanganj,,,,,,,,,,,,,,,,,,,,,
2900,Dr. Mushrefa Chowdhury,"['MBBS', 'FCPS']",GYNECOLOGIST & OBSTETRICIAN,15,US-Bangla Medical College & Hospital,Narayanganj,,,,,,,,,,,,,,,,,,,,,
2901,Dr. Khandokar Farhana Ferdous,"['MBBS', 'MPH']",GYNECOLOGIST & OBSTETRICIAN,21,US-Bangla Medical College & Hospital,Narayanganj,,,,,,,,,,,,,,,,,,,,,
2902,Asst. Prof. Dr. Sabiha Shimul,"['MBBS', 'FCPS']",GYNECOLOGIST & OBSTETRICIAN,25,US-Bangla Medical College & Hospital,Narayanganj,,,,,,,,,,,,,,,,,,,,,
2903,Prof. Dr. Rawshan Ara Khanam,"['MBBS', 'MS', 'MMED']",GYNECOLOGIST & OBSTETRICIAN,26,US-Bangla Medical College & Hospital,Narayanganj,,,,,,,,,,,,,,,,,,,,,
2904,Prof. Dr. A. K. M. Ishaq,"['MBBS', 'D-ORTHO', 'MS', 'FPOA']",ORTHOPEDIST,29,Monowara Hospital Private Limited,Dhaka,,,,,,,,,,,,,,,,,,,,,
2905,Dr. Sultana Rehana Akhter,"['MBBS', 'CCD']",DIABETOLOGIST,18,Monowara Hospital Private Limited,Dhaka,,,,,,,,,,,,,,,,,,,,,
2906,Dr. Mostofa Kaiser,"['MBBS', 'DEM', 'CCD']",DIABETOLOGIST,19,Monowara Hospital Private Limited,Dhaka,,,,,,,,,,,,,,,,,,,,,
2906,Dr. Mostofa Kaiser,"['MBBS', 'DEM', 'CCD']",ENDOCRINOLOGIST,19,Monowara Hospital Private Limited,Dhaka,,,,,,,,,,,,,,,,,,,,,
2907,Dr. Debasish Saha,"['MBBS', 'BCS']",NEPHROLOGIST,18,Monowara Hospital Private Limited,Dhaka,,,,,,,,,,,,,,,,,,,,,
2908,Dr. Lima Saha,"['MBBS', 'BCS', 'MD']",PULMONOLOGIST,19,Monowara Hospital Private Limited,Dhaka,,,,,,,,,,,,,,,,,,,,,
2909,Dr. Sharmin Afroz,"['MBBS', 'BCS', 'MRCP', 'CCD', 'MD']",PULMONOLOGIST,15,Monowara Hospital Private Limited,Dhaka,,,,,,,,,,,,,,,,,,,,,
2910,Dr. Sadia Binte Momen,"['MBBS', 'BCS', 'MD']",HEMATOLOGIST,17,Monowara Hospital Private Limited,Dhaka,,,,,,,,,,,,,,,,,,,,,
2911,Dr. Md. Nahid Hossain,"['MBBS', 'BCS', 'MD']",ONCOLOGIST,18,Monowara Hospital Private Limited,Dhaka,,,,,,,,,,,,,,,,,,,,,
2912,Dr. Lillian Katherine Gomez,"['MBBS', 'FCPS']",PHYSICAL MEDICINE,19,Monowara Hospital Private Limited,Dhaka,,,,,,,,,,,,,,,,,,,,,
2913,Dr.Munshi Akid Mostofa,"['MBBS', 'BCS', 'MS']",UROLOGIST,19,Monowara Hospital Private Limited,Dhaka,,,,,,,,,,,,,,,,,,,,,
2914,Asst. Prof. Dr. Md Faruk Hussain Sheikh,"['MBBS', 'BCS', 'MS']",UROLOGIST,22,Monowara Hospital Private Limited,Dhaka,,,,,,,,,,,,,,,,,,,,,
2915,Assoc. Prof. Dr. A.K.M. Rezaul Haque,"['MBBS', 'BCS', 'MD']",DERMATOLOGIST,22,Monowara Hospital Private Limited,Dhaka,,,,,,,,,,,,,,,,,,,,,
2916,Asst. Prof. Dr. Mohammad Hanif,"['MBBS', 'BCS', 'FCPS']",OTOLARYNGOLOGISTS (ENT),29,Monowara Hospital Private Limited,Dhaka,,,,,,,,,,,,,,,,,,,,,
2917,Prof. Syed Hasan Imam Al-Masum,"['MBBS', 'MCPS', 'DLO']",OTOLARYNGOLOGISTS (ENT),32,Comfort Diagnostic Center (Pvt.) Ltd | Dhanmondi,Dhaka,,,,,,,,,,,,,,,,,,,,,
2918,Assoc. Prof. Dr. Amiruzzaman Khan,"['MBBS', 'DTM & H (LONDON)', 'D-CARD']",INTERVENTIONAL CARDIOLOGIST,17,Monowara Hospital Private Limited,Dhaka,,,,,,,,,,,,,,,,,,,,,
2919,Dr. Chinmoy Saha,"['MBBS', 'BCS', 'MD', 'CCD']",GASTROENTEROLOGIST,20,Monowara Hospital Private Limited,Dhaka,,,,,,,,,,,,,,,,,,,,,
2920,Assoc. Prof. Dr. Munni Momotaz,"['MBBS', 'FCPS']",PLASTIC SURGEON,17,Monowara Hospital Private Limited,Dhaka,,,,,,,,,,,,,,,,,,,,,
2921,Assoc. Prof. Dr. Sadia Armin Khan,"['MBBS', 'FCPS']",COLORECTAL & LAPAROSCOPIC SURGEON,19,Monowara Hospital Private Limited,Dhaka,,,,,,,,,,,,,,,,,,,,,
2922,Prof. Dr. Mustafizur Rahman,"['MBBS', 'FCPS', 'MRCS', 'FMAS (DELHI)', 'FACS(USA)', 'FRCS']",GENERAL SURGEON,21,Monowara Hospital Private Limited,Dhaka,,,,,,,,,,,,,,,,,,,,,
2923,Prof. Syed Mahbubul Alam,"['MBBS', 'FCPS', 'FICS']",GENERAL SURGEON,33,Monowara Hospital Private Limited,Dhaka,,,,,,,,,,,,,,,,,,,,,
2924,Dr. Md. Aminul Islam,"['MBBS', 'BCS', 'MD']",NEUROLOGIST,28,Monowara Hospital Private Limited,Dhaka,,,,,,,,,,,,,,,,,,,,,
2925,Dr. Md. Maidul Islam,"['MBBS', 'BCS']",INTERNAL MEDICINE SPECIALIST,17,Monowara Hospital Private Limited,Dhaka,,,,,,,,,,,,,,,,,,,,,
2926,Dr. Ishrat Jabeen,"['MBBS', 'BCS', 'MD']",INTERNAL MEDICINE SPECIALIST,22,Royal Aid Hospital Ltd.,Dhaka,,,,,,,,,,,,,,,,,,,,,
2927,Prof. Dr. Md. Abdul Matin,"['MBBS', 'PHD', 'PDF (JAPAN)', 'GOLD MEDAL (BD)']",PEDIATRIC SURGEON,28,Monowara Hospital Private Limited,Dhaka,,,,,,,,,,,,,,,,,,,,,
2928,Dr. Md. Arif Hossain,"['MBBS', 'MD']",PEDIATRICIAN & NEONATOLOGIST,18,Monowara Hospital Private Limited,Dhaka,,,,,,,,,,,,,,,,,,,,,
2929,Assoc. Prof. Dr. A. W. Shamsur Rob,"['MBBS', 'DCH']",PEDIATRICIAN & NEONATOLOGIST,33,Monowara Hospital Private Limited,Dhaka,,,,,,,,,,,,,,,,,,,,,
2930,Assoc. Prof. Dr. Shakhawat Alam,"['MBBS', 'FCPS', 'ECHO-CHD (ESC-EACVI/APEC)']",PEDIATRIC CARDIOLOGIST,25,Monowara Hospital Private Limited,Dhaka,,,,,,,,,,,,,,,,,,,,,
2931,Prof. Dr. Mohammed L E Fatmy,['MBBS'],PEDIATRICIAN,19,Monowara Hospital Private Limited,Dhaka,,,,,,,,,,,,,,,,,,,,,
2932,Dr. Rajshree Debnath,"['MBBS', 'FCPS', 'BCS']",GYNECOLOGIST & OBSTETRICIAN,25,Popular Diagnostic Centre Ltd. | Shyamoli,Dhaka,,,,,,,,,,,,,,,,,,,,,
2933,Dr. Sanjida Mahmud,"['MBBS', 'FCPS']",GYNECOLOGIST & OBSTETRICIAN,15,Monowara Hospital Private Limited,Dhaka,,,,,,,,,,,,,,,,,,,,,
2934,Dr. Tajmira Sultana,"['MBBS', 'FCPS']",GYNECOLOGIST & OBSTETRICIAN,19,Monowara Hospital Private Limited,Dhaka,,,,,,,,,,,,,,,,,,,,,
2935,Dr. Mst. Arifa Sharmin,"['MBBS', 'FCPS']",GYNECOLOGIST & OBSTETRICIAN,20,Monowara Hospital Private Limited,Dhaka,,,,,,,,,,,,,,,,,,,,,
2936,Dr. Khaleda Akter Bhuiyan,"['MBBS', 'BCS']",GYNECOLOGIST & OBSTETRICIAN,18,Monowara Hospital Private Limited,Dhaka,,,,,,,,,,,,,,,,,,,,,
2937,Dr. Shamsun Nahar Moni,"['MBBS', 'BCS', 'FCPS']",GYNECOLOGIST & OBSTETRICIAN,17,Monowara Hospital Private Limited,Dhaka,,,,,,,,,,,,,,,,,,,,,
2938,Asst. Prof. Dr. Noor-E-Ferdous Nimmi,"['MBBS', 'FCPS']",GYNECOLOGIC ONCOLOGIST,17,Monowara Hospital Private Limited,Dhaka,,,,,,,,,,,,,,,,,,,,,
2939,Asst. Prof. Mahfuza Asma,"['MBBS', 'BCS']",GYNECOLOGIST & OBSTETRICIAN,17,Monowara Hospital Private Limited,Dhaka,,,,,,,,,,,,,,,,,,,,,
2940,Assoc. Prof. Dr. Tania Noor,"['MBBS', 'FCPS']",GYNECOLOGIST & OBSTETRICIAN,19,Monowara Hospital Private Limited,Dhaka,,,,,,,,,,,,,,,,,,,,,
2941,Dr. Abu Hena Mostofa Kamal,"['MBBS', 'BCS', 'FCPS']",LAPAROSCOPIC SURGEON,22,Aurora Specialized Hospital Ltd.,Dhaka,,,,,,,,,,,,,,,,,,,,,
2942,Dr. Mizu Ahmed,"['MBBS', 'DDV', 'MD']",DERMATOLOGIST,17,Aurora Specialized Hospital Ltd.,Dhaka,,,,,,,,,,,,,,,,,,,,,
2943,Dr. Tamanna Yasmin Shena,"['MBBS', 'MRCP', 'MD']",MEDICINE SPECIALIST,17,Aurora Specialized Hospital Ltd.,Dhaka,,,,,,,,,,,,,,,,,,,,,
2944,Dr. Sirajum Monira,"['MBBS', 'FCPS']",PEDIATRICIAN,20,Aurora Specialized Hospital Ltd.,Dhaka,,,,,,,,,,,,,,,,,,,,,
2945,Dr. Kaniz Fatema,"['MBBS', 'BCS', 'MD', 'MCPS']",PEDIATRIC GASTROENTEROLOGIST,16,Aurora Specialized Hospital Ltd.,Dhaka,,,,,,,,,,,,,,,,,,,,,
2946,Asst. Prof. Dr. Md. Tajul Islam Roby,"['MBBS', 'MS', 'FACS (USA)']",ORTHOPEDIC SURGEON,20,Aurora Specialized Hospital Ltd.,Dhaka,,,,,,,,,,,,,,,,,,,,,
2947,Dr. Md. Shahadat Hossain,"['MBBS', 'DA (BSMMU)']",ANESTHESIOLOGIST,30,Aurora Specialized Hospital Ltd.,Dhaka,,,,,,,,,,,,,,,,,,,,,
2948,Prof. Dr. Ahmed Mortuza Chowdhury,"['MBBS', 'FCPS']",PEDIATRICIAN,28,Aurora Specialized Hospital Ltd.,Dhaka,,,,,,,,,,,,,,,,,,,,,
2949,Prof. Dr. Md. Abdus Salam,"['MBBS', 'MS']",NEUROSURGEON,25,Aurora Specialized Hospital Ltd.,Dhaka,,,,,,,,,,,,,,,,,,,,,
2950,Dr. Md. Mamun Newaz,"['MBBS', 'BCS', 'MD']",PULMONOLOGIST,15,Aurora Specialized Hospital Ltd.,Dhaka,,,,,,,,,,,,,,,,,,,,,
2951,Dr. Md. Nahiduzzamane Shazzad,"['MBBS', 'FCPS', 'MD', 'MACP']",MEDICINE SPECIALIST,30,Aurora Specialized Hospital Ltd.,Dhaka,,,,,,,,,,,,,,,,,,,,,
2951,Dr. Md. Nahiduzzamane Shazzad,"['MBBS', 'FCPS', 'MD', 'MACP']",RHEUMATOLOGIST,30,Aurora Specialized Hospital Ltd.,Dhaka,,,,,,,,,,,,,,,,,,,,,
2952,Dr. Md. Bayezid Bostami,"['MBBS', 'BSC (HEALTH)', 'MS']",PLASTIC SURGEON,17,Aurora Specialized Hospital Ltd.,Dhaka,,,,,,,,,,,,,,,,,,,,,
2953,Assoc. Prof. Dr. Shamsul Alam Sabuj,"['MBBS', 'MD']",NEUROSURGEON,15,Aurora Specialized Hospital Ltd.,Dhaka,,,,,,,,,,,,,,,,,,,,,
2954,Dr. Nubab Adnan,"['BDS', 'FCPS']",DENTIST,19,Aurora Specialized Hospital Ltd.,Dhaka,,,,,,,,,,,,,,,,,,,,,
2955,Dr. Md. Abdul Aziz Sohel,"['BDS', 'MS']",DENTIST,16,Aurora Specialized Hospital Ltd.,Dhaka,,,,,,,,,,,,,,,,,,,,,
2956,Dr. Feroza Begum,"['BDS', 'FRSH', 'MPH']",DENTIST,22,Aurora Specialized Hospital Ltd.,Dhaka,,,,,,,,,,,,,,,,,,,,,
2957,Dr. Md. Shawkat Osman,"['MBBS', 'FCGP (MEDICINE)', 'PGT', 'CCD']",DIABETOLOGIST,32,Aurora Specialized Hospital Ltd.,Dhaka,,,,,,,,,,,,,,,,,,,,,
2958,Dr. Tawhida Nazneen,"['MBBS', 'BCS', 'FCPS']",GYNECOLOGIST & OBSTETRICIAN,17,Aurora Specialized Hospital Ltd.,Dhaka,,,,,,,,,,,,,,,,,,,,,
2959,Dr. Tahmina Shirin Mini,"['MBBS', 'DGO', 'MCPS']",GYNECOLOGIST & OBSTETRICIAN,15,Aurora Specialized Hospital Ltd.,Dhaka,,,,,,,,,,,,,,,,,,,,,
2960,Dr. Nur Jahan Begum,"['MBBS', 'BCS', 'DGO', 'MCPS']",GYNECOLOGIST & OBSTETRICIAN,27,Aurora Specialized Hospital Ltd.,Dhaka,,,,,,,,,,,,,,,,,,,,,
2961,Dr. Mst. Nazmun Nahar Mina,"['MBBS', 'FCPS']",GYNECOLOGIST & OBSTETRICIAN,30,Aurora Specialized Hospital Ltd.,Dhaka,,,,,,,,,,,,,,,,,,,,,
2962,Assoc. Prof. Dr. Farjana Begum,"['MBBS', 'FCPS']",GYNECOLOGISTS,19,Aurora Specialized Hospital Ltd.,Dhaka,,,,,,,,,,,,,,,,,,,,,
2962,Assoc. Prof. Dr. Farjana Begum,"['MBBS', 'FCPS']",INFERTILITY SPECIALIST,19,Aurora Specialized Hospital Ltd.,Dhaka,,,,,,,,,,,,,,,,,,,,,
2963,Dr. Delowara Begum,"['MBBS', 'FCPS']",GYNECOLOGISTS,32,Aurora Specialized Hospital Ltd.,Dhaka,,,,,,,,,,,,,,,,,,,,,
2964,Dr. Arifa Sharmin,"['MBBS', 'FCPS', 'FCPS']",GYNECOLOGIST & OBSTETRICIAN,25,Aurora Specialized Hospital Ltd.,Dhaka,,,,,,,,,,,,,,,,,,,,,
2965,Prof. Dr. Md. Abdul Wahab Khan,"['MBBS', 'FCPS', 'MMAD (GOLD MEDALIST)']",GENERAL SURGEON,15,Aurora Specialized Hospital Ltd.,Dhaka,,,,,,,,,,,,,,,,,,,,,
2965,Prof. Dr. Md. Abdul Wahab Khan,"['MBBS', 'FCPS', 'MMAD (GOLD MEDALIST)']",LAPAROSCOPIC SURGEON,15,Aurora Specialized Hospital Ltd.,Dhaka,,,,,,,,,,,,,,,,,,,,,
2966,Dr. Samia Mustari,"['MBBS', 'MS']",COLORECTAL SURGEON,19,Aurora Specialized Hospital Ltd.,Dhaka,,,,,,,,,,,,,,,,,,,,,
2967,Dr. Abu Hena Mostofa Kamal,"['MBBS', 'BCS', 'FCPS', 'FIAGIS (INDIA)']",SURGEON,20,Aurora Specialized Hospital Ltd.,Dhaka,,,,,,,,,,,,,,,,,,,,,
2968,Dr. Md. Saifuddaula,"['MBBS', 'MCPS', 'MD']",GASTROENTEROLOGIST,25,Aurora Specialized Hospital Ltd.,Dhaka,,,,,,,,,,,,,,,,,,,,,
2969,Dr. Mahbubul Haque,"['MBBS', 'BCS', 'MS']",OTOLARYNGOLOGISTS (ENT),13,Aurora Specialized Hospital Ltd.,Dhaka,,,,,,,,,,,,,,,,,,,,,
2970,Assoc. Prof. Dr. Md. Salah Uddin,"['MBBS', 'FCPS']",OTOLARYNGOLOGISTS (ENT),19,Aurora Specialized Hospital Ltd.,Dhaka,,,,,,,,,,,,,,,,,,,,,
2971,Dr. Syed Nazmul Islam,"['MBBS', 'BCS', 'MD', 'BSMMU', 'FCPS']",CARDIOLOGIST,17,Aurora Specialized Hospital Ltd.,Dhaka,,,,,,,,,,,,,,,,,,,,,
2972,Asst. Prof. Dr. Md. Abul Hossen,"['MBBS', 'BCS', 'D-CARD', 'CCD']",CARDIOLOGIST,18,Aurora Specialized Hospital Ltd.,Dhaka,,,,,,,,,,,,,,,,,,,,,
2973,Dr. Manjuma Rahman,"['MBBS', 'MD']",HEMATOLOGIST,21,Square Hospitals Ltd,Dhaka,,,,,,,,,,,,,,,,,,,,,
2974,Dr. Shoheli Sultana,"['MBBS', 'MD']",RADIOLOGIST,18,Square Hospitals Ltd,Dhaka,,,,,,,,,,,,,,,,,,,,,
2975,Prof. Brig Gen (Retd.) Jahangir Alam,"['MBBS', 'MCPS', 'FCPS']",RADIOLOGIST,29,Square Hospitals Ltd,Dhaka,,,,,,,,,,,,,,,,,,,,,
2976,Dr. Sheikh Nafis - ur Rahman,"['MBBS', 'MD']",RADIOLOGIST,19,Square Hospitals Ltd,Dhaka,,,,,,,,,,,,,,,,,,,,,
2977,Prof. Dr. Sohely Rahman,"['MBBS', 'FCPS']",PHYSICAL MEDICINE,32,Square Hospitals Ltd,Dhaka,,,,,,,,,,,,,,,,,,,,,
2978,Prof. Dr. M. A. Rashid,"['MBBS', 'FCPS', ' PARALYSIS & RHEUMATIC DISEASES)']",PHYSICAL MEDICINE,23,Square Hospitals Ltd,Dhaka,,,,,,,,,,,,,,,,,,,,,
2979,Prof. Syed Md. Akram Hussain,"['MBBS', 'FCPS', 'FRCP', 'FRCP', 'FACP', 'MRCR (UK)']",ONCOLOGIST,32,Square Hospitals Ltd,Dhaka,,,,,,,,,,,,,,,,,,,,,
2980,Dr. Md. Salim Reza,"['MBBS', 'DM', 'FCPS']",ONCOLOGIST,28,Square Hospitals Ltd,Dhaka,,,,,,,,,,,,,,,,,,,,,
2981,Dr. Arunangshu Das,"['MBBS', 'FCPS']",ONCOLOGIST,17,Square Hospitals Ltd,Dhaka,,,,,,,,,,,,,,,,,,,,,
2982,Dr. Md. Sirazul Haque Ershad,"['MBBS', 'MS']",NEUROSURGEON,18,Square Hospitals Ltd,Dhaka,,,,,,,,,,,,,,,,,,,,,
2983,Dr. A M Rejaus Satter,"['MBBS', 'FCPS', 'MS']",NEUROSURGEON,19,Square Hospitals Ltd,Dhaka,,,,,,,,,,,,,,,,,,,,,
2984,Prof. Dr. Md. Abu Bakar,"['MBBS', 'FCPS', 'FACP', 'FRCP']",INTERNAL MEDICINE SPECIALIST,29,Square Hospitals Ltd,Dhaka,,,,,,,,,,,,,,,,,,,,,
2985,Dr. Tasnova Mahin,"['MBBS', 'FCPS', 'MRCP']",INTERNAL MEDICINE SPECIALIST,13,Square Hospitals Ltd,Dhaka,,,,,,,,,,,,,,,,,,,,,
2986,Dr. Shihan Mahmud Redwanul Huq,"['MBBS', 'MRCP', 'MRCP']",INTERNAL MEDICINE SPECIALIST,20,Square Hospitals Ltd,Dhaka,,,,,,,,,,,,,,,,,,,,,
2987,Dr. Raziuddin Ahmed,"['MBBS', 'MRCP', 'EDIC (BELGIUM)']",INTERNAL MEDICINE SPECIALIST,15,Square Hospitals Ltd,Dhaka,,,,,,,,,,,,,,,,,,,,,
2988,Dr. Jahangir Alam,"['MBBS', 'MRCP', 'FRCP']",INTERNAL MEDICINE SPECIALIST,25,Square Hospitals Ltd,Dhaka,,,,,,,,,,,,,,,,,,,,,
2988,Dr. Jahangir Alam,"['MBBS', 'MRCP', 'FRCP']",DIABETES SPECIALIST,25,Square Hospitals Ltd,Dhaka,,,,,,,,,,,,,,,,,,,,,
2989,Dr. Deepankar Kumar Basak,"['MBBS', 'FCPS']",INTERNAL MEDICINE SPECIALIST,19,Square Hospitals Ltd,Dhaka,,,,,,,,,,,,,,,,,,,,,
2990,Prof. Dr. Laila Shirin,"['MBBS', 'FCPS', 'MS']",GENERAL SURGEON,21,Islami Bank Hospital | Motijheel,Dhaka,,,,,,,,,,,,,,,,,,,,,
2990,Prof. Dr. Laila Shirin,"['MBBS', 'FCPS', 'MS']",COLORECTAL & LAPAROSCOPIC SURGEON,21,Islami Bank Hospital | Motijheel,Dhaka,,,,,,,,,,,,,,,,,,,,,
2991,Dr. Ataur Rahman Khan,"['MBBS', 'MD']",INTERNAL MEDICINE SPECIALIST,30,Square Hospitals Ltd,Dhaka,,,,,,,,,,,,,,,,,,,,,
2992,Dr. Ahmad Mursel Anam,"['MBBS', 'MRCP', 'MS', 'FRCP']",INTERNAL MEDICINE,17,Square Hospitals Ltd,Dhaka,,,,,,,,,,,,,,,,,,,,,
2993,Prof. Sk. Md. Bahar Hussain,"['MBBS', 'FCPS', 'FACP', 'FRCP', 'F. GASTRO (SHANGHAI)', 'FRCP']",GASTROENTEROLOGIST,32,Square Hospitals Ltd,Dhaka,,,,,,,,,,,,,,,,,,,,,
2994,Dr. Fowaz Hussain Shuvo,"['MBBS', 'MD']",GASTROENTEROLOGIST,25,Square Hospitals Ltd,Dhaka,,,,,,,,,,,,,,,,,,,,,
2995,Tapati Shaha,"['MS', ' DU)', 'BSC', ' DU)']",NUTRITIONIST,16,Square Hospitals Ltd,Dhaka,,,,,,,,,,,,,,,,,,,,,
2996,Nujhat Manzoor,"['MS', ' DU)', 'BSC', ' DU)']",NUTRITIONIST,17,Square Hospitals Ltd,Dhaka,,,,,,,,,,,,,,,,,,,,,
2997,Fatema Akter,"['MS', ' DU)', 'BSC', ' DU)']",NUTRITIONIST,15,Square Hospitals Ltd,Dhaka,,,,,,,,,,,,,,,,,,,,,
2998,Dr. S. M. Shahedul Amin Robin,"['MBBS', 'DIP (CARDIOLOGY)']",CARDIOLOGIST,22,Square Hospitals Ltd,Dhaka,,,,,,,,,,,,,,,,,,,,,
2999,Dr. Md. Towhiduzzaman,"['MBBS', 'MD', 'FIC (SINGAPORE)']",CARDIOLOGIST,31,Square Hospitals Ltd,Dhaka,,,,,,,,,,,,,,,,,,,,,
3000,Dr. Mahbub Mansur,"['MBBS', 'MD']",INTERVENTIONAL CARDIOLOGIST,28,Square Hospitals Ltd,Dhaka,,,,,,,,,,,,,,,,,,,,,
3001,Brig. Gen. Prof. Dr. Md. Shameem Haidar,"['MBBS', 'FCPS']",RHEUMATOLOGIST,26,Square Hospitals Ltd,Dhaka,,,,,,,,,,,,,,,,,,,,,
3002,Prof. Dr. Md. Waziul Alam Chowdhury,"['MBBS', 'FCPS']",PSYCHIATRIST,25,Anwer Khan Modern Medical College Hospital,Dhaka,,,,,,,,,,,,,,,,,,,,,
3003,Prof. Dr. Brig. Gen. Md. Azizul Islam,"['MBBS', 'FCPS', 'FRCP', 'FACP']",PSYCHIATRIST,32,Square Hospitals Ltd,Dhaka,,,,,,,,,,,,,,,,,,,,,
3004,Prof. Dr. Md. Anowar Hossain,"['MBBS', 'MCPS', 'MCAP (CLINICAL PATHOLOGY)', 'IFCAP']",PATHOLOGIST,30,Square Hospitals Ltd,Dhaka,,,,,,,,,,,,,,,,,,,,,
3005,Dr. Bidoura Naznin,"['MBBS', 'MCPS', 'MD']",PATHOLOGIST,17,Square Hospitals Ltd,Dhaka,,,,,,,,,,,,,,,,,,,,,
3006,Dr. Mesbah Uddin Ahmed,"['MBBS', 'D. (ORTHO)', 'MS']",ORTHOPEDIST,30,Square Hospitals Ltd,Dhaka,,,,,,,,,,,,,,,,,,,,,
3007,Dr. Md. O.F.G Kibria,"['MBBS', 'MS']",ORTHOPEDIST,29,Square Hospitals Ltd,Dhaka,,,,,,,,,,,,,,,,,,,,,
3008,Brig. Gen. Prof. Dr. Moklesur Rahman,"['MBBS', 'MS', 'FACS (USA)']",ORTHOPEDIST,27,Square Hospitals Ltd,Dhaka,,,,,,,,,,,,,,,,,,,,,
3009,Dr. Silvia Hossain,"['MBBS', 'DGO', 'FCPS', 'FCPS']",GYNECOLOGIC ONCOLOGIST,20,Square Hospitals Ltd,Dhaka,,,,,,,,,,,,,,,,,,,,,
3010,Dr. Foujia Sharmin,"['MBBS', 'FCPS']",GYNECOLOGIC ONCOLOGIST,17,Square Hospitals Ltd,Dhaka,,,,,,,,,,,,,,,,,,,,,
3011,Dr. Ayesha Siddiqua,"['MBBS', 'FCPS']",GYNECOLOGIC ONCOLOGIST,17,Square Hospitals Ltd,Dhaka,,,,,,,,,,,,,,,,,,,,,
3012,Dr. Sanjoy Banerjee,"['MBBS', 'FCPS']",OTOLARYNGOLOGISTS (ENT),19,Square Hospitals Ltd,Dhaka,,,,,,,,,,,,,,,,,,,,,
3013,Dr. Md. Nasimul Jamal,"['MBBS', 'DLO', 'FCPS']",OTOLARYNGOLOGISTS (ENT),29,Square Hospitals Ltd,Dhaka,,,,,,,,,,,,,,,,,,,,,
3014,Dr. M. H. Shaheel Mahmood,"['MBBS', 'FCPS', 'MS']",OTOLARYNGOLOGISTS (ENT),24,Square Hospitals Ltd,Dhaka,,,,,,,,,,,,,,,,,,,,,
3015,Prof. Dr. Md. Siraj Uddin,"['MBBS', 'DDV', 'DD (BANGKOK)']",DERMATOLOGIST,32,Square Hospitals Ltd,Dhaka,,,,,,,,,,,,,,,,,,,,,
3016,Dr. Syeda Ishrat Jahan,"['MBBS', 'DDV', 'MS', 'MS']",DERMATOLOGIST,20,Square Hospitals Ltd,Dhaka,,,,,,,,,,,,,,,,,,,,,
3017,Prof. Brig. Gen. Faruk Ahmed (Retd.),"['MBBS', 'MCPS', 'FCPS']",HEMATOLOGIST,32,Square Hospitals Ltd,Dhaka,,,,,,,,,,,,,,,,,,,,,
3018,Dr. Saikat Das Gupta,"['MBBS', 'MS', 'FACS (USA)', 'FICS (USA)']",CARDIAC SURGEON,15,Square Hospitals Ltd,Dhaka,,,,,,,,,,,,,,,,,,,,,
3019,Dr. Prasanta K Chanda,"['MBBS', 'MS']",CARDIAC SURGEON,24,Square Hospitals Ltd,Dhaka,,,,,,,,,,,,,,,,,,,,,
3020,Dr. Md. Sultan Sarwar Parvez,"['MBBS', 'MS', 'FACS (USA)']",CARDIAC SURGEON,28,Square Hospitals Ltd,Dhaka,,,,,,,,,,,,,,,,,,,,,
3021,Dr. Md. Mesbah Uddin,"['MBBS', 'MS', 'FACS (USA)']",CARDIAC SURGEON,17,Square Hospitals Ltd,Dhaka,,,,,,,,,,,,,,,,,,,,,
3022,Dr. Md. Akhtanur Rahman Joarder,"['MBBS', 'MS']",CARDIAC SURGEON,24,Square Hospitals Ltd,Dhaka,,,,,,,,,,,,,,,,,,,,,
3023,Prof. Dr. A. K. M. Anwarul Islam,"['MBBS', 'FCPS', 'FRCS', 'FICS (UROLOGY)']",UROLOGIST,29,Square Hospitals Ltd,Dhaka,,,,,,,,,,,,,,,,,,,,,
3024,Dr. Md. Ashraful Islam,"['MBBS', 'MS', 'FACS (USA)', 'FRCS']",CARDIAC SURGEON,29,Square Hospitals Ltd,Dhaka,,,,,,,,,,,,,,,,,,,,,
3025,Dr. Md. Kamal Pasha,"['MBBS', 'FCPS', 'FICS']",UROLOGIST,29,Square Hospitals Ltd,Dhaka,,,,,,,,,,,,,,,,,,,,,
3026,Dr. Sarabon Tahura,"['MBBS', 'FCPS']",PEDIATRIC PULMONOLOGIST,18,Square Hospitals Ltd,Dhaka,,,,,,,,,,,,,,,,,,,,,
3027,Dr. Md. Mamunur Rashid,"['MBBS', 'FCPS', 'MD']",RESPIRATORY SPECIALIST,21,Square Hospitals Ltd,Dhaka,,,,,,,,,,,,,,,,,,,,,
3028,Dr. Fazle Rabbi Mohammed,"['MBBS', 'MD']",RESPIRATORY SPECIALIST,20,Square Hospitals Ltd,Dhaka,,,,,,,,,,,,,,,,,,,,,
3029,Prof. Dr. Shafquat Hussain Khundkar,"['MBBS', 'FCPS']",PLASTIC SURGEON,29,Square Hospitals Ltd,Dhaka,,,,,,,,,,,,,,,,,,,,,
3030,Dr. Mahbub Hasan,"['MBBS', 'FCPS', 'FCPS', 'MRCS (EDINBURGH)']",PLASTIC SURGEON,18,Square Hospitals Ltd,Dhaka,,,,,,,,,,,,,,,,,,,,,
3031,Prof. Dr. Muhammad Ataul Haqq,"['MBBS', 'MD', 'MD']",PEDIATRIC CARDIOLOGIST,26,Square Hospitals Ltd,Dhaka,,,,,,,,,,,,,,,,,,,,,
3032,Dr. Sushama Roy,"['MBBS', 'FCPS']",PEDIATRICIAN,19,Square Hospitals Ltd,Dhaka,,,,,,,,,,,,,,,,,,,,,
3033,Dr. Shukla Saha,"['MBBS', 'FCPS']",PEDIATRIC CARDIOLOGIST,15,Square Hospitals Ltd,Dhaka,,,,,,,,,,,,,,,,,,,,,
3034,Dr. Md. Abdul Qader,"['MBBS', 'MD']",PEDIATRIC NEPHROLOGIST,16,Square Hospitals Ltd,Dhaka,,,,,,,,,,,,,,,,,,,,,
3035,Dr. Lutfun Nahar Begum,"['MBBS', 'MD', 'FCPS']",PEDIATRICIAN & NEONATOLOGIST,23,Square Hospitals Ltd,Dhaka,,,,,,,,,,,,,,,,,,,,,
3036,Dr. Kamrunnaher Shultana,"['MBBS', 'FCPS']",PEDIATRICIAN,15,Square Hospitals Ltd,Dhaka,,,,,,,,,,,,,,,,,,,,,
3037,Dr. Fatema Salam,"['MBBS', 'DCH', 'FCPS']",PEDIATRICIAN & NEONATOLOGIST,28,Square Hospitals Ltd,Dhaka,,,,,,,,,,,,,,,,,,,,,
3038,Dr. Nasima Akter,"['MBBS', 'DCH', 'FCPS']",PEDIATRIC CARDIOLOGIST,19,Square Hospitals Ltd,Dhaka,,,,,,,,,,,,,,,,,,,,,
3039,Dr. Rama Biswas,"['MBBS', 'FCPS', 'MD']",NEONATOLOGIST,20,Square Hospitals Ltd,Dhaka,,,,,,,,,,,,,,,,,,,,,
3040,Dr. Mohammed Wahidur Rahman,"['MBBS', 'DA', 'MD', 'DO (USA)', 'NEUROLOGY RESIDENCY (USA)']",NEUROLOGIST,18,Square Hospitals Ltd,Dhaka,,,,,,,,,,,,,,,,,,,,,
3041,Dr. Mofizur Rahman,"['MBBS', 'DIPLOMA IN CLINICAL NEUROLOGY (UK)', 'MS']",NEUROLOGIST,33,Square Hospitals Ltd,Dhaka,,,,,,,,,,,,,,,,,,,,,
3042,Assoc. Prof. Dr. Sk. Mahbub Alam,"['MBBS', 'MD']",NEUROLOGIST,20,Square Hospitals Ltd,Dhaka,,,,,,,,,,,,,,,,,,,,,
3043,Prof. Dr. Ratan Das Gupta,"['MBBS', 'FCPS', 'MD']",NEPHROLOGIST,26,Square Hospitals Ltd,Dhaka,,,,,,,,,,,,,,,,,,,,,
3044,Dr. Nizam Uddin Ahmed Chowdhury,"['MBBS', 'MD']",NEPHROLOGIST,25,Square Hospitals Ltd,Dhaka,,,,,,,,,,,,,,,,,,,,,
3045,Dr. Mosaddeque Ahmed,"['MBBS', 'USMLE', 'MRCP']",NEPHROLOGIST,26,Square Hospitals Ltd,Dhaka,,,,,,,,,,,,,,,,,,,,,
3046,Dr. AKM Abu Mottaleb,"['MBBS', 'MS']",NEPHROLOGIST,24,Square Hospitals Ltd,Dhaka,,,,,,,,,,,,,,,,,,,,,
3047,Dr. Farzana Rashid,"['MBBS', 'FCPS']",GYNECOLOGIST & OBSTETRICIAN,16,Square Hospitals Ltd,Dhaka,,,,,,,,,,,,,,,,,,,,,
3048,Prof. Dr. Mohammad Abdullah Al Mamun,"['MBBS', 'FCPS', 'MRCS']",COLORECTAL & LAPAROSCOPIC SURGEON,20,Square Hospitals Ltd,Dhaka,,,,,,,,,,,,,,,,,,,,,
3049,Prof. Dr. Md. Sanawar Hossain,"['MBBS', 'MD', 'FCPS', 'FAMASI']",GENERAL SURGEON,33,Square Hospitals Ltd,Dhaka,,,,,,,,,,,,,,,,,,,,,
3050,Prof. Dr. Arif Salam Khan,"['MBBS', 'FCPS']",HEPATOBILIARY SURGEON,28,Square Hospitals Ltd,Dhaka,,,,,,,,,,,,,,,,,,,,,
3051,Dr. Mohammad Yasin Chowdhury,"['MBBS', 'FCPS', 'MS', 'FMAS (INDIA)', 'FACS (USA)']",GENERAL SURGEON,22,Square Hospitals Ltd,Dhaka,,,,,,,,,,,,,,,,,,,,,
3051,Dr. Mohammad Yasin Chowdhury,"['MBBS', 'FCPS', 'MS', 'FMAS (INDIA)', 'FACS (USA)']",LAPAROSCOPIC SURGEON,22,Square Hospitals Ltd,Dhaka,,,,,,,,,,,,,,,,,,,,,
3052,Dr. Mohammad Israt Faisal,"['MBBS', 'FCPS']",GENERAL SURGEON,18,Square Hospitals Ltd,Dhaka,,,,,,,,,,,,,,,,,,,,,
3053,Dr. Sadiqa Tuqan,"['MBBS', 'FCPS']",ENDOCRINOLOGIST,13,Square Hospitals Ltd,Dhaka,,,,,,,,,,,,,,,,,,,,,
3054,Prof. Dr. Sufia Nasrin Rita,"['BDS', 'FCPS']",MAXILLOFACIAL AND DENTAL SURGEON,19,Square Hospitals Ltd,Dhaka,,,,,,,,,,,,,,,,,,,,,
3055,Dr. Subrata Kumar Barai,"['BDS', 'ADVANCED TRAINING IN DENTAL SURGERY (INDIA)', 'DENT']",MAXILLOFACIAL AND DENTAL SURGEON,14,Square Hospitals Ltd,Dhaka,,,,,,,,,,,,,,,,,,,,,
3056,Brig Gen Prof. Dr. Md Abdul Bari Mollick,"['BDS', 'FCPS']",MAXILLOFACIAL AND DENTAL SURGEON,25,Square Hospitals Ltd,Dhaka,,,,,,,,,,,,,,,,,,,,,
3057,Assoc. Prof. Dr. S. M. Anwar Sadat,"['BDS', 'MCPS', 'FCPS', 'MS']",MAXILLOFACIAL AND DENTAL SURGEON,24,Square Hospitals Ltd,Dhaka,,,,,,,,,,,,,,,,,,,,,
3058,Prof. Wahiuddin Mahmood,"['MBBS', 'DA', 'FCPS']",ANESTHESIOLOGIST,25,Square Hospitals Ltd,Dhaka,,,,,,,,,,,,,,,,,,,,,
3059,Prof. Dr. Md. Zulfiqar Hasan,"['MBBS', 'MD']",ANESTHESIOLOGIST,29,Square Hospitals Ltd,Dhaka,,,,,,,,,,,,,,,,,,,,,
3060,Dr. Tahmina Banu,"['MBBS', 'DA', 'MD']",ANESTHESIOLOGIST,26,Square Hospitals Ltd,Dhaka,,,,,,,,,,,,,,,,,,,,,
3061,Dr. Shah Muhammad Ali,"['MBBS', 'DA', 'FCPS']",ANESTHESIOLOGIST,30,Square Hospitals Ltd,Dhaka,,,,,,,,,,,,,,,,,,,,,
3062,Dr. Ranadhir Kumar Kundu,"['MBBS', 'MD']",ANESTHESIOLOGIST,23,Square Hospitals Ltd,Dhaka,,,,,,,,,,,,,,,,,,,,,
3063,Dr. Md. Quamrul Islam,"['MBBS', 'MD']",ANESTHESIOLOGIST,18,Square Hospitals Ltd,Dhaka,,,,,,,,,,,,,,,,,,,,,
3064,Dr. Istaque Ahmed Milton,"['MBBS', 'FCPS', 'DA']",ANESTHESIOLOGIST,13,Square Hospitals Ltd,Dhaka,,,,,,,,,,,,,,,,,,,,,
3065,Dr. Bhabesh Chandra Mondal,"['MBBS', 'DA', 'FCPS']",ANESTHESIOLOGIST,29,Square Hospitals Ltd,Dhaka,,,,,,,,,,,,,,,,,,,,,
3066,Dr. M. M. Jayed Hossain Chowdhury,"['MBBS', 'DA', 'FCPS']",ANESTHESIOLOGIST,17,Square Hospitals Ltd,Dhaka,,,,,,,,,,,,,,,,,,,,,
3067,Dr. Farhana Afroz,"['MBBS', 'FCPS', 'CCD']",MEDICINE SPECIALIST,22,City Hospital Ltd.,Dhaka,,,,,,,,,,,,,,,,,,,,,
3067,Dr. Farhana Afroz,"['MBBS', 'FCPS', 'CCD']",DIABETOLOGIST,22,City Hospital Ltd.,Dhaka,,,,,,,,,,,,,,,,,,,,,
3068,Dr. Md. Ejaj Bari Choudhury,"['MBBS', 'CCD', 'POST GRADUATE IN DIABETES (JOHNS HOPKINS', ' AMERICA)']",MEDICINE SPECIALIST,18,City Hospital Ltd.,Dhaka,,,,,,,,,,,,,,,,,,,,,
3068,Dr. Md. Ejaj Bari Choudhury,"['MBBS', 'CCD', 'POST GRADUATE IN DIABETES (JOHNS HOPKINS', ' AMERICA)']",DIABETES SPECIALIST,18,City Hospital Ltd.,Dhaka,,,,,,,,,,,,,,,,,,,,,
3069,Dr. Khundkar Alamin Rumi,"['MBBS', 'MRCP', 'CCD']",MEDICINE SPECIALIST,19,City Hospital Ltd.,Dhaka,,,,,,,,,,,,,,,,,,,,,
3069,Dr. Khundkar Alamin Rumi,"['MBBS', 'MRCP', 'CCD']",DIABETES SPECIALIST,19,City Hospital Ltd.,Dhaka,,,,,,,,,,,,,,,,,,,,,
3070,Dr. Nayeema Ahmed,"['MBBS', 'MCPS', 'DGO']",GYNECOLOGIST & OBSTETRICIAN,16,City Hospital Ltd.,Dhaka,,,,,,,,,,,,,,,,,,,,,
3071,Dr. Sayda Hosna Akter,"['MBBS', 'FCPS', 'DGO']",GYNECOLOGIST & OBSTETRICIAN,24,City Hospital Ltd.,Dhaka,,,,,,,,,,,,,,,,,,,,,
3072,Dr. Jesmin Ara Begum,"['MBBS', 'DGO', 'FRSH (ENGLAND)']",GYNECOLOGIST & OBSTETRICIAN,19,City Hospital Ltd.,Dhaka,,,,,,,,,,,,,,,,,,,,,
3073,Prof. Dr. Qamrul Alam Saleh,"['MBBS', 'FCPS']",ORTHOPEDIST,26,Popular Diagnostic Centre Ltd. | Shantinagar (Unit 1),Dhaka,,,,,,,,,,,,,,,,,,,,,
3074,Dr. Syed Abdul Adil Rupas,"['MBBS', 'MS']",PEDIATRIC SURGEON,19,City Hospital Ltd.,Dhaka,,,,,,,,,,,,,,,,,,,,,
3075,Assoc. Prof. Dr. Ehsan Quadir,"['MBBS', 'FCPS', 'DCH']",PEDIATRICIAN,20,City Hospital Ltd.,Dhaka,,,,,,,,,,,,,,,,,,,,,
3076,Asst. Prof. Dr. Aleem Al Razee Khan,"['MBBS', 'FCPS']",PLASTIC SURGEON,18,City Hospital Ltd.,Dhaka,,,,,,,,,,,,,,,,,,,,,
3077,Asst. Prof. Dr. Avijit Sarker,"['MBBS', 'MS']",PLASTIC SURGEON,18,City Hospital Ltd.,Dhaka,,,,,,,,,,,,,,,,,,,,,
3078,Prof. Dr. Md. Ataur Rahman,"['MBBS', 'MCPS', 'FCPS']",GENERAL SURGEON,18,City Hospital Ltd.,Dhaka,,,,,,,,,,,,,,,,,,,,,
3078,Prof. Dr. Md. Ataur Rahman,"['MBBS', 'MCPS', 'FCPS']",LAPAROSCOPIC SURGEON,18,City Hospital Ltd.,Dhaka,,,,,,,,,,,,,,,,,,,,,
3079,Prof. Dr. Md. Ehteshamul Hoque,"['MBBS', 'BCS', 'M.PHIL']",ONCOLOGIST,29,City Hospital Ltd.,Dhaka,,,,,,,,,,,,,,,,,,,,,
3080,Dr. Tuhfie Jannat,"['MBBS', 'BCS', 'MD']",NEUROMEDICINE SPECIALIST,17,City Hospital Ltd.,Dhaka,,,,,,,,,,,,,,,,,,,,,
3081,Dr. Mainul Hossain,"['MBBS', 'BCS', 'MS']",NEUROSURGEON,16,City Hospital Ltd.,Dhaka,,,,,,,,,,,,,,,,,,,,,
3082,Dr. Ishtiaque Ahmed Khan Mojlish,"['MBBS', 'DLO', 'FRSH (LONDON)']",OTOLARYNGOLOGISTS (ENT),18,City Hospital Ltd.,Dhaka,,,,,,,,,,,,,,,,,,,,,
3083,Dr. Md. Nasir Uddin,"['MBBS', 'MD']",GASTROENTEROLOGIST,22,City Hospital Ltd.,Dhaka,,,,,,,,,,,,,,,,,,,,,
3084,Dr. Md. Arif Hossain,"['MBBS', 'BCS', 'MD']",INTERVENTIONAL CARDIOLOGIST,25,City Hospital Ltd.,Dhaka,,,,,,,,,,,,,,,,,,,,,
3085,Assoc. Prof. Dr. Md. Mozaffar Hossain,"['MBBS', 'DA', 'FCPS']",ANESTHESIOLOGIST,19,City Hospital Ltd.,Dhaka,,,,,,,,,,,,,,,,,,,,,
3086,Prof. Dr. Nasir Uddin,"['MS', 'BDS']",MAXILLOFACIAL AND DENTAL SURGEON,28,City Hospital Ltd.,Dhaka,,,,,,,,,,,,,,,,,,,,,
3087,Dr. Md. Hedayetul Islam Pappu,"['MBBS', 'CCD', 'DTCD', 'PHD', 'FCCP', 'PHD']",NEPHROLOGIST,19,City Hospital Ltd.,Dhaka,,,,,,,,,,,,,,,,,,,,,
3088,Prof. Brig. Gen. A K. Md Mustafa Abedin (Retd),"['MBBS', 'MCPS', 'FCPS']",HEMATOLOGIST,28,City Hospital Ltd.,Dhaka,,,,,,,,,,,,,,,,,,,,,
3089,Dr. Abdullah Al Hasan,"['MBBS', 'DTCD', 'FCCP']",RESPIRATORY SPECIALIST,19,City Hospital Ltd.,Dhaka,,,,,,,,,,,,,,,,,,,,,
3090,Prof. Dr. Mahbub Anwar,"['MBBS', 'DTCD', 'MD', 'FCCP', 'FRCP']",PULMONOLOGIST,25,City Hospital Ltd.,Dhaka,,,,,,,,,,,,,,,,,,,,,
3091,Nandita Tarafder,"['MS', 'BSC', 'CCD']",NUTRITIONIST,15,City Hospital Ltd.,Dhaka,,,,,,,,,,,,,,,,,,,,,
3092,Asst. Prof. Dr. Md. Mamunur Rashid,"['MBBS', 'FCPS', 'MS', 'MRCS (UK)']",UROLOGIST,17,City Hospital Ltd.,Dhaka,,,,,,,,,,,,,,,,,,,,,
3093,Prof. Dr. Rezaur Rahman Talukder,"['MBBS', 'FCPS']",GENERAL SURGEON,28,City Hospital Ltd.,Dhaka,,,,,,,,,,,,,,,,,,,,,
3093,Prof. Dr. Rezaur Rahman Talukder,"['MBBS', 'FCPS']",LAPAROSCOPIC SURGEON,28,City Hospital Ltd.,Dhaka,,,,,,,,,,,,,,,,,,,,,
3094,Prof. Dr. M. M. Mafizur Rahman,"['MBBS', 'PHD', 'MD', 'MS']",GENERAL SURGEON,27,City Hospital Ltd.,Dhaka,,,,,,,,,,,,,,,,,,,,,
3095,Assoc. Prof. Dr. Mehran Hossain,"['MBBS', 'DDV']",DERMATOLOGIST,17,City Hospital Ltd.,Dhaka,,,,,,,,,,,,,,,,,,,,,
3096,Prof. Dr. Md. Abdul Mannan,"['MBBS', 'DDV', 'FELLOW WHO (BANGKOK)', 'FRSH (LONDON)']",DERMATOLOGIST,30,City Hospital Ltd.,Dhaka,,,,,,,,,,,,,,,,,,,,,
3097,Prof. Dr. Md. Shahidul Bari,"['MBBS', 'FCPS']",PLASTIC SURGEON,20,City Hospital Ltd.,Dhaka,,,,,,,,,,,,,,,,,,,,,
3098,Dr. AC Saha,"['MBBS', 'D-ORTHO', 'MS', 'AO (TRAUMA)', 'AO (SPINE)']",ORTHOPEDIST,25,City Hospital Ltd.,Dhaka,,,,,,,,,,,,,,,,,,,,,
3099,Asst. Prof. Dr. Md. Manirul Islam,"['MBBS', 'BCS', 'MS']",NEUROSURGEON,20,City Hospital Ltd.,Dhaka,,,,,,,,,,,,,,,,,,,,,
3100,Dr. Khandaker Alamin Rumi,"['MBBS', 'MRCP', 'MD']",CRITICAL CARE MEDICINE SPECIALIST,19,City Hospital Ltd.,Dhaka,,,,,,,,,,,,,,,,,,,,,
3101,Prof. Dr. Md. Harun-Ur-Rashid,"['MBBS', 'FCPS']",MEDICINE SPECIALIST,20,City Hospital Ltd.,Dhaka,,,,,,,,,,,,,,,,,,,,,
3101,Prof. Dr. Md. Harun-Ur-Rashid,"['MBBS', 'FCPS']",DIABETES SPECIALIST,20,City Hospital Ltd.,Dhaka,,,,,,,,,,,,,,,,,,,,,
3102,Dr. Manik Chandra Mondal,"['MBBS', 'MD']",NEPHROLOGIST,18,City Hospital Ltd.,Dhaka,,,,,,,,,,,,,,,,,,,,,
3102,Dr. Manik Chandra Mondal,"['MBBS', 'MD']",MEDICINE SPECIALIST,18,City Hospital Ltd.,Dhaka,,,,,,,,,,,,,,,,,,,,,
3103,Assoc. Prof. Dr. Suraya Ahmed Chowdhury,"['MBBS', 'FCPS']",GYNECOLOGIST & OBSTETRICIAN,26,City Hospital Ltd.,Dhaka,,,,,,,,,,,,,,,,,,,,,
3103,Assoc. Prof. Dr. Suraya Ahmed Chowdhury,"['MBBS', 'FCPS']",INFERTILITY SPECIALIST,26,City Hospital Ltd.,Dhaka,,,,,,,,,,,,,,,,,,,,,
3103,Assoc. Prof. Dr. Suraya Ahmed Chowdhury,"['MBBS', 'FCPS']",SURGEON,26,City Hospital Ltd.,Dhaka,,,,,,,,,,,,,,,,,,,,,
3104,Dr. Morsheda Akter,"['MBBS', 'MCPS', 'DGO', 'DRH (UK)']",GYNECOLOGIST & OBSTETRICIAN,30,City Hospital Ltd.,Dhaka,,,,,,,,,,,,,,,,,,,,,
3104,Dr. Morsheda Akter,"['MBBS', 'MCPS', 'DGO', 'DRH (UK)']",SURGEON,30,City Hospital Ltd.,Dhaka,,,,,,,,,,,,,,,,,,,,,
3105,Dr. Rezina Chowdhury,"['MBBS', 'DGO', 'FRSH', 'C-ULTRA']",GYNECOLOGIST & OBSTETRICIAN,26,City Hospital Ltd.,Dhaka,,,,,,,,,,,,,,,,,,,,,
3106,Dr. Monira Rafat Chowdhury,"['MBBS', 'MCPS', 'DGO']",GYNECOLOGIST & OBSTETRICIAN,25,City Hospital Ltd.,Dhaka,,,,,,,,,,,,,,,,,,,,,
3106,Dr. Monira Rafat Chowdhury,"['MBBS', 'MCPS', 'DGO']",SURGEON,25,City Hospital Ltd.,Dhaka,,,,,,,,,,,,,,,,,,,,,
3107,Dr. Md. Abdur Razzak,"['MBBS', 'FCPS']",OTOLARYNGOLOGISTS (ENT),19,City Hospital Ltd.,Dhaka,,,,,,,,,,,,,,,,,,,,,
3108,Prof. Dr. Tamanna Begum,"['MBBS', 'DCH', 'MD']",PEDIATRICIAN,27,City Hospital Ltd.,Dhaka,,,,,,,,,,,,,,,,,,,,,
3109,Dr. Tasnima Ahmed,"['MBBS', 'FCPS']",PEDIATRICIAN & NEONATOLOGIST,16,City Hospital Ltd.,Dhaka,,,,,,,,,,,,,,,,,,,,,
3110,Assoc. Prof. Dr. Jebunnesa,"['MBBS', 'DCH', 'FCPS']",PEDIATRICIAN,16,City Hospital Ltd.,Dhaka,,,,,,,,,,,,,,,,,,,,,
3111,Prof. Dr. K.M.H.S Sirajul Haque,"['MBBS', 'FCPS', 'FCPS', 'FACC (USA)']",CARDIOLOGIST,25,City Hospital Ltd.,Dhaka,,,,,,,,,,,,,,,,,,,,,
3112,Dr. A. K. M. Asaduzzaman,"['MBBS', 'DA (DU)', 'FIPM (INDIA)']",ANESTHESIOLOGIST,20,City Hospital Ltd.,Dhaka,,,,,,,,,,,,,,,,,,,,,
3113,Dr. Md. Nasir Uddin Ahmed,"['MBBS', 'MD']",CRITICAL CARE MEDICINE SPECIALIST,23,B N K Hospital Ltd.,Dhaka,,,,,,,,,,,,,,,,,,,,,
3114,Dr. Md. Serajul Islam,"['MBBS', 'BCS', 'MD', 'MCPS']",CRITICAL CARE MEDICINE SPECIALIST,18,B N K Hospital Ltd.,Dhaka,,,,,,,,,,,,,,,,,,,,,
3115,Dr. Khondokar Mustaq Adnan,"['MBBS', 'MD']",PULMONOLOGIST,23,B N K Hospital Ltd.,Dhaka,,,,,,,,,,,,,,,,,,,,,
3116,Dr. A K M Golam Mohiuddin Omar,"['MBBS', 'BCS', 'MD', 'CCD']",FAMILY MEDICINE SPECIALIST,20,B N K Hospital Ltd.,Dhaka,,,,,,,,,,,,,,,,,,,,,
3116,Dr. A K M Golam Mohiuddin Omar,"['MBBS', 'BCS', 'MD', 'CCD']",DIABETES SPECIALIST,20,B N K Hospital Ltd.,Dhaka,,,,,,,,,,,,,,,,,,,,,
3117,Dr. Asif Rahman,"['MBBS', 'CCD', 'PGT']",DIABETES SPECIALIST,15,B N K Hospital Ltd.,Dhaka,,,,,,,,,,,,,,,,,,,,,
3118,Dr. Mousumi Sanel,"['MBBS', 'MRCP', 'FCPS']",MEDICINE SPECIALIST,16,B N K Hospital Ltd.,Dhaka,,,,,,,,,,,,,,,,,,,,,
3119,Dr. Nusrat jahan,"['MBBS', 'DM']",SONOLOGIST,14,B N K Hospital Ltd.,Dhaka,,,,,,,,,,,,,,,,,,,,,
3120,Dr. Zubaida Mahfuza Kamal Sonia,"['MBBS', 'MPH', 'CCD']",DERMATOLOGIST,18,B N K Hospital Ltd.,Dhaka,,,,,,,,,,,,,,,,,,,,,
3121,Dr. Labani Momin,"['MBBS', 'DDV']",DERMATOLOGIST,16,B N K Hospital Ltd.,Dhaka,,,,,,,,,,,,,,,,,,,,,
3122,Dr. Md. Mustafizur Rahman Momen,"['MBBS', 'FCPS']",ORTHOPEDIST,18,Comfort Diagnostic Center (Pvt.) Ltd | Dhanmondi,Dhaka,,,,,,,,,,,,,,,,,,,,,
3123,Dr. Sonia Rahman,"['MBBS', 'MRCS (UK)', 'FCPS', 'MCPS', 'MS']",SURGEON,17,Popular Diagnostic Centre Ltd. | Badda,Dhaka,,,,,,,,,,,,,,,,,,,,,
3124,Dr. Tarun Kanti Pal,"['MBBS', 'BCS', 'FCPS', 'MS']",ONCOLOGIST,19,B N K Hospital Ltd.,Dhaka,,,,,,,,,,,,,,,,,,,,,
3125,Dr. Fayem Chowdhury Sony,"['MBBS', 'BCS', 'FCPS', 'FACS', 'FMAS']",COLORECTAL & LAPAROSCOPIC SURGEON,20,Popular Diagnostic Centre Ltd. | Shyamoli,Dhaka,,,,,,,,,,,,,,,,,,,,,
3126,Dr. Rakibul Hasan,"['MBBS', 'MRCS (EDIN)', 'MRCS (ENGLAND)', 'FCPS']",SURGEON,19,B N K Hospital Ltd.,Dhaka,,,,,,,,,,,,,,,,,,,,,
3127,Dr. Md. Bazlur Rashid,"['MBBS', 'MD']",CARDIOLOGIST,17,Khidmah Hospital Private Limited,Dhaka,,,,,,,,,,,,,,,,,,,,,
3128,Dr. Farhana Akter,"['MBBS', 'BCS', 'MCPS']",GYNECOLOGIST & OBSTETRICIAN,10,B N K Hospital Ltd.,Dhaka,,,,,,,,,,,,,,,,,,,,,
3129,Dr. Ananya Zakia,"['MBBS', 'BCS', 'FCPS']",GYNECOLOGIST & OBSTETRICIAN,12,B N K Hospital Ltd.,Dhaka,,,,,,,,,,,,,,,,,,,,,
3130,Dr. Rafat Nawaz,"['MBBS', 'MRCOG (LONDON)', 'FRCOG (LONDON)']",GYNECOLOGISTS,17,B N K Hospital Ltd.,Dhaka,,,,,,,,,,,,,,,,,,,,,
3131,Dr. Sabira Rahman,"['MBBS', 'FCPS']",PEDIATRICIAN,10,B N K Hospital Ltd.,Dhaka,,,,,,,,,,,,,,,,,,,,,
3132,Dr. Muhammad Ehsan Jalil,"['MBBS', 'MD']",NEPHROLOGIST,20,B N K Hospital Ltd.,Dhaka,,,,,,,,,,,,,,,,,,,,,
3133,Dr. Mostafa Kamal Arefin,"['MBBS', 'BCS', 'MCPS', 'FCPS', 'FICS (USA)', 'DLSB']",OTOLARYNGOLOGISTS (ENT),18,B N K Hospital Ltd.,Dhaka,,,,,,,,,,,,,,,,,,,,,
3134,Prof. Dr. Md. Azharul Islam,"['MBBS', 'FCPS', 'FICS (USA)']",OTOLARYNGOLOGISTS (ENT),28,B N K Hospital Ltd.,Dhaka,,,,,,,,,,,,,,,,,,,,,
3135,Dr. Akram Hossain Naim,"['MBBS', 'BCS']",PLASTIC SURGEON,17,B N K Hospital Ltd.,Dhaka,,,,,,,,,,,,,,,,,,,,,
3136,Dr. Shariful Islam Masum,"['MBBS', 'MPT (ORTHOPAEDICS)', 'MPH', 'BPT (DU-NITOR)']",PHYSIOTHERAPIST,12,B N K Hospital Ltd.,Dhaka,,,,,,,,,,,,,,,,,,,,,
3137,Musrika Rakhe,"['BSC', 'MPH', 'NSU INTERNSHIP']",NUTRITIONIST,7,B N K Hospital Ltd.,Dhaka,,,,,,,,,,,,,,,,,,,,,
3138,Dr. Afroza Sultana,"['BDS', 'BCS', 'MS', 'FCPS']",MAXILLOFACIAL AND DENTAL SURGEON,13,B N K Hospital Ltd.,Dhaka,,,,,,,,,,,,,,,,,,,,,
3139,Dr. Mohammad Mohsin Mia,"['MBBS', 'BCS', 'MS']",ORTHOPEDIC SURGEON,17,B N K Hospital Ltd.,Dhaka,,,,,,,,,,,,,,,,,,,,,
3140,Dr. Golam Muktadir Khan,"['MBBS', 'BCS', 'MS']",CARDIOTHORACIC AND VASCULAR SURGEON,19,B N K Hospital Ltd.,Dhaka,,,,,,,,,,,,,,,,,,,,,
3140,Dr. Golam Muktadir Khan,"['MBBS', 'BCS', 'MS']",THORACIC SURGEON,19,B N K Hospital Ltd.,Dhaka,,,,,,,,,,,,,,,,,,,,,
3141,Dr. Hasib Uddin Khan,"['MBBS', 'BCS', 'FCPS', 'MD', 'MACP']",MEDICINE SPECIALIST,23,Islami Bank Central Hospital | Kakrail,Dhaka,,,,,,,,,,,,,,,,,,,,,
3142,Dr. Israt Zerin Rahman,"['MBBS', 'MD']",NEPHROLOGIST,13,B N K Hospital Ltd.,Dhaka,,,,,,,,,,,,,,,,,,,,,
3143,Asst. Prof. Dr. Sadia Zerifa,"['MBBS', 'BCS', 'MCPS', 'FCPS']",GYNECOLOGIST & OBSTETRICIAN,18,B N K Hospital Ltd.,Dhaka,,,,,,,,,,,,,,,,,,,,,
3144,Dr. Mahfuzul Hasan,"['MBBS', 'CCD', ' BARDEM)', 'CCVD (CARDIOLOGY)', 'PGT']",MEDICINE SPECIALIST,17,B N K Hospital Ltd.,Dhaka,,,,,,,,,,,,,,,,,,,,,
3145,Dr. Asif Chowdhury,"['MBBS', 'PGT', 'CCD']",MEDICINE SPECIALIST,12,B N K Hospital Ltd.,Dhaka,,,,,,,,,,,,,,,,,,,,,
3145,Dr. Asif Chowdhury,"['MBBS', 'PGT', 'CCD']",DIABETES SPECIALIST,12,B N K Hospital Ltd.,Dhaka,,,,,,,,,,,,,,,,,,,,,
3146,Assoc. Prof. Dr. S. M. A. Mamun,"['MBBS', 'FMD', 'MCPS']",MEDICINE SPECIALIST,20,B N K Hospital Ltd.,Dhaka,,,,,,,,,,,,,,,,,,,,,
3147,Dr. Laboni Momin,"['MBBS', 'DDV']",DERMATOLOGIST,15,B N K Hospital Ltd.,Dhaka,,,,,,,,,,,,,,,,,,,,,
3148,Dr. Md. Rubayet Siraj,"['MBBS', 'DTCD (BSMMU)', 'CCD']",PULMONOLOGIST,17,B N K Hospital Ltd.,Dhaka,,,,,,,,,,,,,,,,,,,,,
3149,Asst. Prof. Dr. Md. Kamrul Ahsan Khan,"['MBBS', 'BCS', 'MD', 'MD']",PEDIATRICIAN & NEONATOLOGIST,20,B N K Hospital Ltd.,Dhaka,,,,,,,,,,,,,,,,,,,,,
3150,Assoc. Prof. Dr. Quazi Rakibus Sultan,"['MBBS', 'MCPS', 'DDV']",DERMATOLOGIST,26,Dhaka Community Medical College & Hospital Ltd.,Dhaka,,,,,,,,,,,,,,,,,,,,,
3151,Dr. Abul Kaiser,"['MBBS', 'FCGP', 'CCD', 'DVD']",DERMATOLOGIST,25,Dhaka Community Medical College & Hospital Ltd.,Dhaka,,,,,,,,,,,,,,,,,,,,,
3152,Prof. Dr. Md. Kabirul Islam,"['MBBS', 'MS']",PEDIATRIC SURGEON,27,Dhaka Community Medical College & Hospital Ltd.,Dhaka,,,,,,,,,,,,,,,,,,,,,
3153,Dr. Md. Fajlul Rahman,"['MBBS', 'MD']",PEDIATRICIAN,18,Dhaka Community Medical College & Hospital Ltd.,Dhaka,,,,,,,,,,,,,,,,,,,,,
3154,Prof. Dr. Md Omar Sharif Ibne Hasan,"['MBBS', 'DCH']",PEDIATRICIAN,19,Dhaka Community Medical College & Hospital Ltd.,Dhaka,,,,,,,,,,,,,,,,,,,,,
3155,Asst. Prof. Dr. Masum Billah,['MBBS'],ORTHOPEDIST,25,Dhaka Community Medical College & Hospital Ltd.,Dhaka,,,,,,,,,,,,,,,,,,,,,
3156,Prof. A S M Monirul Alam,"['MBBS', 'MS', 'MMED']",ORTHOPEDIC SURGEON,26,Dhaka Community Medical College & Hospital Ltd.,Dhaka,,,,,,,,,,,,,,,,,,,,,
3157,Assoc. Prof. Dr. Tahmina Parvin,"['MBBS', 'FCPS']",GYNECOLOGIST & OBSTETRICIAN,22,Dhaka Community Medical College & Hospital Ltd.,Dhaka,,,,,,,,,,,,,,,,,,,,,
3158,Asst. Prof. Dr. Razia Akhter,"['MBBS', 'FCPS', 'CCD', 'MPH']",GYNECOLOGIST & OBSTETRICIAN,28,Dhaka Community Medical College & Hospital Ltd.,Dhaka,,,,,,,,,,,,,,,,,,,,,
3159,Prof. Dr. Nahid Sultana,"['MBBS', 'MS']",GYNECOLOGIST & OBSTETRICIAN,29,Dhaka Community Medical College & Hospital Ltd.,Dhaka,,,,,,,,,,,,,,,,,,,,,
3160,Dr. Md. Harun Or Rashid,"['MBBS', 'FCPS', 'MPH', 'CCD']",MEDICINE SPECIALIST,22,Dhaka Community Medical College & Hospital Ltd.,Dhaka,,,,,,,,,,,,,,,,,,,,,
3160,Dr. Md. Harun Or Rashid,"['MBBS', 'FCPS', 'MPH', 'CCD']",DIABETES SPECIALIST,22,Dhaka Community Medical College & Hospital Ltd.,Dhaka,,,,,,,,,,,,,,,,,,,,,
3161,Dr. M A Malek,"['MBBS', 'MD', 'CCD']",MEDICINE SPECIALIST,22,Dhaka Community Medical College & Hospital Ltd.,Dhaka,,,,,,,,,,,,,,,,,,,,,
3161,Dr. M A Malek,"['MBBS', 'MD', 'CCD']",DIABETES SPECIALIST,22,Dhaka Community Medical College & Hospital Ltd.,Dhaka,,,,,,,,,,,,,,,,,,,,,
3162,Asst. Prof. Dr. Abdullah Al Mamun,"['MBBS', 'MD', 'CCD']",GASTROENTEROLOGIST,14,Dhaka Community Medical College & Hospital Ltd.,Dhaka,,,,,,,,,,,,,,,,,,,,,
3162,Asst. Prof. Dr. Abdullah Al Mamun,"['MBBS', 'MD', 'CCD']",MEDICINE SPECIALIST,14,Dhaka Community Medical College & Hospital Ltd.,Dhaka,,,,,,,,,,,,,,,,,,,,,
3162,Asst. Prof. Dr. Abdullah Al Mamun,"['MBBS', 'MD', 'CCD']",DIABETES SPECIALIST,14,Dhaka Community Medical College & Hospital Ltd.,Dhaka,,,,,,,,,,,,,,,,,,,,,
3163,Prof. Dr. F.M. Mofakkharul Islam,"['MBBS', 'FCPS']",MEDICINE SPECIALIST,28,Dhaka Community Medical College & Hospital Ltd.,Dhaka,,,,,,,,,,,,,,,,,,,,,
3164,Dr. Mohammad Hasnat,"['MBBS', 'BCS', 'MS', 'CCD']",ORTHOPEDIST,18,Noble Care Hospital & Diagnostic Ltd.,Dhaka,,,,,,,,,,,,,,,,,,,,,
3165,Dr. Tamanna Bahar,"['MBBS', 'FCPS']",MEDICINE SPECIALIST,14,Noble Care Hospital & Diagnostic Ltd.,Dhaka,,,,,,,,,,,,,,,,,,,,,
3166,Dr. Abdullah AL Mamun,"['MBBS', 'BCS', 'D-CARD', 'CCD']",CARDIOLOGIST,19,Noble Care Hospital & Diagnostic Ltd.,Dhaka,,,,,,,,,,,,,,,,,,,,,
3167,Asst. Prof. Dr. Rashidul Hasan,"['MBBS', 'DDV', 'FCPS']",DERMATOLOGIST,17,Noble Care Hospital & Diagnostic Ltd.,Dhaka,,,,,,,,,,,,,,,,,,,,,
3168,Asst. Prof. Dr. Reaz Mahmud Huda,"['MBBS', 'FCPS', 'FCPS']",CARDIOLOGIST,18,BRAC Healthcare | Mirpur,Dhaka,,,,,,,,,,,,,,,,,,,,,
3169,Dr. Anirban Kishor Singh,"['MBBS', 'BCS', 'MD']",NEPHROLOGIST,16,Noble Care Hospital & Diagnostic Ltd.,Dhaka,,,,,,,,,,,,,,,,,,,,,
3170,Dr. Tania Ferdous,"['MBBS', 'FCPS']",PEDIATRICIAN,14,Noble Care Hospital & Diagnostic Ltd.,Dhaka,,,,,,,,,,,,,,,,,,,,,
3171,Dr. Muhammad Anisur Rasheed,"['MBBS', 'BCS', 'MD']",PEDIATRICIAN,18,Noble Care Hospital & Diagnostic Ltd.,Dhaka,,,,,,,,,,,,,,,,,,,,,
3172,Dr. Tanjina Saddiqui Trisha,"['BDS', 'PGT']",MAXILLOFACIAL AND DENTAL SURGEON,20,Noble Care Hospital & Diagnostic Ltd.,Dhaka,,,,,,,,,,,,,,,,,,,,,
3173,Dr. Md. Asaduzzaman Rajib,"['MBBS', 'BCS', 'MS']",UROLOGIST,16,Noble Care Hospital & Diagnostic Ltd.,Dhaka,,,,,,,,,,,,,,,,,,,,,
3174,Dr. Ferdousi Hossain Poly,"['MBBS', 'BCS', 'FCPS', ' NEUROLOGY & DEVELOPMENT)']",PEDIATRIC NEUROLOGIST,17,Noble Care Hospital & Diagnostic Ltd.,Dhaka,,,,,,,,,,,,,,,,,,,,,
3175,Assoc. Prof. Dr. Md. Ashafuzzaman Khan,"['MBBS', 'MD', 'MACP']",NEUROMEDICINE SPECIALIST,19,Noble Care Hospital & Diagnostic Ltd.,Dhaka,,,,,,,,,,,,,,,,,,,,,
3176,Dr. Md. Abul Khair Yousuf,"['MBBS', 'BCS', 'MCPS', 'MD']",GASTROENTEROLOGIST,16,Noble Care Hospital & Diagnostic Ltd.,Dhaka,,,,,,,,,,,,,,,,,,,,,
3177,Asst. Prof. Dr. Zakia Yasmin Junthy,"['MBBS', 'D-OPHTH (BSMMU)']",OPHTHALMOLOGIST,16,Noble Care Hospital & Diagnostic Ltd.,Dhaka,,,,,,,,,,,,,,,,,,,,,
3178,Dr. Muhammad Ibraheem,"['MBBS', 'FCPS']",PHYSICAL MEDICINE,20,Noble Care Hospital & Diagnostic Ltd.,Dhaka,,,,,,,,,,,,,,,,,,,,,
3179,Dr. Ahamed Mostofa Zaman,"['MBBS', 'D-CARD', 'MRCP']",CARDIOLOGIST,24,Noble Care Hospital & Diagnostic Ltd.,Dhaka,,,,,,,,,,,,,,,,,,,,,
3179,Dr. Ahamed Mostofa Zaman,"['MBBS', 'D-CARD', 'MRCP']",MEDICINE SPECIALIST,24,Noble Care Hospital & Diagnostic Ltd.,Dhaka,,,,,,,,,,,,,,,,,,,,,
3180,Dr. Nafisa Jesmin,"['MBBS', 'FCPS', 'DGO']",GYNECOLOGIST & OBSTETRICIAN,14,Noble Care Hospital & Diagnostic Ltd.,Dhaka,,,,,,,,,,,,,,,,,,,,,
3181,Dr.Shahnaz Akther,"['MBBS', 'FCPS', 'CCD']",GYNECOLOGIST & OBSTETRICIAN,24,Noble Care Hospital & Diagnostic Ltd.,Dhaka,,,,,,,,,,,,,,,,,,,,,
3182,Dr. Julakha Sayma Sultana,"['MBBS', 'DGO', 'CCD']",GYNECOLOGIST & OBSTETRICIAN,23,Noble Care Hospital & Diagnostic Ltd.,Dhaka,,,,,,,,,,,,,,,,,,,,,
3183,Asst. Prof. Dr. Md. Jafrul Hannan,"['MBBS', 'MS']",PEDIATRIC SURGEON,18,Monno Medical College & Hospital Ltd.,Dhaka,,,,,,,,,,,,,,,,,,,,,
3184,Prof. Dr. Md. Mizanur Rahman,"['MBBS', 'FCPS']",SURGEON,28,Monno Medical College & Hospital Ltd.,Dhaka,,,,,,,,,,,,,,,,,,,,,
3185,Dr. Md. Kamal Uddin,"['MBBS', 'FCPS']",SURGEON,25,Monno Medical College & Hospital Ltd.,Dhaka,,,,,,,,,,,,,,,,,,,,,
3186,Dr. Jasmin Arefin,"['MBBS', 'FCPS']",SURGEON,26,Monno Medical College & Hospital Ltd.,Dhaka,,,,,,,,,,,,,,,,,,,,,
3187,Asst. Prof. Dr. Md. Majedul Islam,"['MBBS', 'FCPS']",SURGEON,22,Monno Medical College & Hospital Ltd.,Dhaka,,,,,,,,,,,,,,,,,,,,,
3188,Dr. Mahbubul Alam Bhuiyan,"['MBBS', 'CCD', 'DM']",RADIOLOGIST,15,Monno Medical College & Hospital Ltd.,Dhaka,,,,,,,,,,,,,,,,,,,,,
3189,Dr. Sonya Wahid,"['MBBS', 'DM', 'PGT', 'CCD']",RADIOLOGIST,12,Monno Medical College & Hospital Ltd.,Dhaka,,,,,,,,,,,,,,,,,,,,,
3190,Dr. Farhana Bahar,"['MBBS', 'DM', 'MPH']",RADIOLOGIST,14,Monno Medical College & Hospital Ltd.,Dhaka,,,,,,,,,,,,,,,,,,,,,
3191,Assoc. Prof. Dr. Md. Shafiqul Alam,"['MBBS', 'MPH', 'MD']",RADIOLOGIST,19,Monno Medical College & Hospital Ltd.,Dhaka,,,,,,,,,,,,,,,,,,,,,
3192,Asst. Prof. Dr. Md. Ibraheem,"['MBBS', 'FCPS']",PHYSICAL MEDICINE,15,Monno Medical College & Hospital Ltd.,Dhaka,,,,,,,,,,,,,,,,,,,,,
3193,Asst. Prof. Dr. Md. Shakh Farid,"['MBBS', 'DCH']",PEDIATRICIAN,18,Monno Medical College & Hospital Ltd.,Dhaka,,,,,,,,,,,,,,,,,,,,,
3194,Prof. Dr. Shafi Ahmed,"['MBBS', 'MCPS', 'DCH', 'FCPS']",PEDIATRICIAN,27,Monno Medical College & Hospital Ltd.,Dhaka,,,,,,,,,,,,,,,,,,,,,
3195,Assoc. Prof. Dr. S. M. Moniruzzaman,"['MBBS', 'DCH']",PEDIATRICIAN,20,Monno Medical College & Hospital Ltd.,Dhaka,,,,,,,,,,,,,,,,,,,,,
3196,Asst. Prof. Dr. Md. Kamrul Hasan,"['MBBS', 'DCH']",PEDIATRICIAN,17,Monno Medical College & Hospital Ltd.,Dhaka,,,,,,,,,,,,,,,,,,,,,
3197,Prof. Dr. Mahmud Hossain,"['MBBS', 'DCH']",PEDIATRICIAN,29,Monno Medical College & Hospital Ltd.,Dhaka,,,,,,,,,,,,,,,,,,,,,
3198,Dr. Md. Moniruzzaman,"['MBBS', 'CCD', 'PGT']",ORTHOPEDIST,14,Monno Medical College & Hospital Ltd.,Dhaka,,,,,,,,,,,,,,,,,,,,,
3199,Asst. Prof. Dr. Md. Almahmud Mallik,"['MBBS', 'D-ORTHO']",ORTHOPEDIST,19,Monno Medical College & Hospital Ltd.,Dhaka,,,,,,,,,,,,,,,,,,,,,
3200,Dr. A.K.M. Samiul Haque,"['MBBS', 'DO (OPHTHALMOLOGY)']",OPHTHALMOLOGIST,14,Monno Medical College & Hospital Ltd.,Dhaka,,,,,,,,,,,,,,,,,,,,,
3201,Asst. Prof. Dr. Sayeed Saleh Khan,"['MBBS', 'DO (OPHTHALMOLOGY)']",OPHTHALMOLOGIST,17,Monno Medical College & Hospital Ltd.,Dhaka,,,,,,,,,,,,,,,,,,,,,
3202,Assoc. Prof. Dr. Shah Didar Imam,"['MBBS', 'CCD', 'MPH', 'MD']",NEUROMEDICINE SPECIALIST,16,Monno Medical College & Hospital Ltd.,Dhaka,,,,,,,,,,,,,,,,,,,,,
3203,Prof. Dr. Md. Nurul Huda,"['MBBS', 'MCPS', 'MD', 'FCPS']",MEDICINE SPECIALIST,26,Monno Medical College & Hospital Ltd.,Dhaka,,,,,,,,,,,,,,,,,,,,,
3203,Prof. Dr. Md. Nurul Huda,"['MBBS', 'MCPS', 'MD', 'FCPS']",NEPHROLOGIST,26,Monno Medical College & Hospital Ltd.,Dhaka,,,,,,,,,,,,,,,,,,,,,
3204,Dr. Md. Afsin Islam,"['MBBS', 'FCPS']",MEDICINE SPECIALIST,25,Monno Medical College & Hospital Ltd.,Dhaka,,,,,,,,,,,,,,,,,,,,,
3205,Dr. Mahbuba Akter,"['MBBS', 'FCPS']",GYNECOLOGIST & OBSTETRICIAN,18,Monno Medical College & Hospital Ltd.,Dhaka,,,,,,,,,,,,,,,,,,,,,
3206,Dr. Sabina Siddiqua,"['MBBS', 'MS']",GYNECOLOGIST & OBSTETRICIAN,13,Monno Medical College & Hospital Ltd.,Dhaka,,,,,,,,,,,,,,,,,,,,,
3207,Assoc. Prof. Dr. Afroza Khanom,"['MBBS', 'FCPS', 'DGO', 'MCPS']",GYNECOLOGIST & OBSTETRICIAN,21,Monno Medical College & Hospital Ltd.,Dhaka,,,,,,,,,,,,,,,,,,,,,
3208,Asst. Prof. Dr. Silvia Rahman,"['MBBS', 'FCPS']",GYNECOLOGIST & OBSTETRICIAN,17,Monno Medical College & Hospital Ltd.,Dhaka,,,,,,,,,,,,,,,,,,,,,
3209,Prof. Dr. Hashina Banu,"['MBBS', 'MS']",GYNECOLOGIST & OBSTETRICIAN,30,Monno Medical College & Hospital Ltd.,Dhaka,,,,,,,,,,,,,,,,,,,,,
3210,Dr. Md. Nakibul Hasan,"['MBBS', 'DLO']",OTOLARYNGOLOGISTS (ENT),15,Monno Medical College & Hospital Ltd.,Dhaka,,,,,,,,,,,,,,,,,,,,,
3211,Asst. Prof. Dr. Md. Sazzadul Haque,"['MBBS', 'FCPS']",OTOLARYNGOLOGISTS (ENT),19,Monno Medical College & Hospital Ltd.,Dhaka,,,,,,,,,,,,,,,,,,,,,
3212,Prof. Dr. Md. Shahiduzzaman Raton,"['MBBS', 'DLO']",OTOLARYNGOLOGISTS (ENT),28,Monno Medical College & Hospital Ltd.,Dhaka,,,,,,,,,,,,,,,,,,,,,
3213,Asst. Prof. Dr. Gazi Manjurul Islam,"['MBBS', 'DLO']",OTOLARYNGOLOGISTS (ENT),15,Monno Medical College & Hospital Ltd.,Dhaka,,,,,,,,,,,,,,,,,,,,,
3214,Asst. Prof. Dr. Shazia Afrine Eva,"['MBBS', 'MD']",ENDOCRINOLOGIST,17,Monno Medical College & Hospital Ltd.,Dhaka,,,,,,,,,,,,,,,,,,,,,
3215,Asst. Prof. Dr. Md. Al-Sadi,"['MBBS', 'DEM', 'CCD', 'MACE']",ENDOCRINOLOGIST,16,Popular Diagnostic Centre Ltd. | Shyamoli,Dhaka,,,,,,,,,,,,,,,,,,,,,
3216,Assoc. Prof. Dr. Kamrul Islam,"['MBBS', 'DDV', 'FCPS']",DERMATOLOGIST,17,Monno Medical College & Hospital Ltd.,Dhaka,,,,,,,,,,,,,,,,,,,,,
3217,Asst. Prof. Dr. Md. Afzal Hossain,"['MBBS', 'D-CARD']",CARDIOLOGIST,18,Monno Medical College & Hospital Ltd.,Dhaka,,,,,,,,,,,,,,,,,,,,,
3218,Prof. Dr. Md. Abdul Karim,"['MBBS', 'D-CARD']",CARDIOLOGIST,25,Monno Medical College & Hospital Ltd.,Dhaka,,,,,,,,,,,,,,,,,,,,,
3219,Dr. Md. Abdul Kader Sarker,"['MBBS', 'DM']",CARDIOLOGIST,17,Monno Medical College & Hospital Ltd.,Dhaka,,,,,,,,,,,,,,,,,,,,,
3220,Assoc. Prof. Dr. Atikuzzaman Sohel,"['MBBS', 'D-CARD']",CARDIOLOGIST,19,Monno Medical College & Hospital Ltd.,Dhaka,,,,,,,,,,,,,,,,,,,,,
3221,Dr. Mehedi Hasan,"['MBBS', 'DA']",ANESTHESIOLOGIST,16,Monno Medical College & Hospital Ltd.,Dhaka,,,,,,,,,,,,,,,,,,,,,
3222,Prof. Dr. Md. Fazlul Huq,"['MBBS', 'DCM', 'D.A']",ANESTHESIOLOGIST,30,Monno Medical College & Hospital Ltd.,Dhaka,,,,,,,,,,,,,,,,,,,,,
3223,Prof. Dr. Asit Baran Adhikary,"['MBBS', 'MS', 'PHD', 'DSC (CTS)', 'FICS', 'FIACS', 'FRCS', 'FRCS']",THORACIC SURGEON,26,Impulse Hospital Ltd.,Dhaka,,,,,,,,,,,,,,,,,,,,,
3223,Prof. Dr. Asit Baran Adhikary,"['MBBS', 'MS', 'PHD', 'DSC (CTS)', 'FICS', 'FIACS', 'FRCS', 'FRCS']",CARDIAC SURGEON,26,Impulse Hospital Ltd.,Dhaka,,,,,,,,,,,,,,,,,,,,,
3223,Prof. Dr. Asit Baran Adhikary,"['MBBS', 'MS', 'PHD', 'DSC (CTS)', 'FICS', 'FIACS', 'FRCS', 'FRCS']",VASCULAR SURGEON,26,Impulse Hospital Ltd.,Dhaka,,,,,,,,,,,,,,,,,,,,,
3224,Prof. Dr. K. C. Ganguly,"['MBBS', 'DTCD', 'MD', 'FCCP', 'MACP']",RESPIRATORY SPECIALIST,29,Impulse Hospital Ltd.,Dhaka,,,,,,,,,,,,,,,,,,,,,
3225,Prof. Dr. M. Jalaluddin,"['MBBS', 'FCPS']",INTERVENTIONAL CARDIOLOGIST,29,Impulse Hospital Ltd.,Dhaka,,,,,,,,,,,,,,,,,,,,,
3226,Prof. Dr. Lt. Col. Rtd Chowdhury Md. Ikramul Latif,"['MBBS', 'FCPS', 'MCPS']",PSYCHIATRIST,30,Impulse Hospital Ltd.,Dhaka,,,,,,,,,,,,,,,,,,,,,
3227,Prof. Dr. Col. Nazma Siddiquee,"['MBBS', 'DGO', 'FCPS']",GYNECOLOGIC ONCOLOGIST,28,Impulse Hospital Ltd.,Dhaka,,,,,,,,,,,,,,,,,,,,,
3228,Prof. Dr. Aloke Kumar Saha,"['MBBS', 'FCPS']",PEDIATRICIAN,29,Impulse Hospital Ltd.,Dhaka,,,,,,,,,,,,,,,,,,,,,
3229,Prof. Dr. Md. Atoar Rahman,"['BDS', 'DDS(DU) & FICD(USA)']",DENTIST,27,Impulse Hospital Ltd.,Dhaka,,,,,,,,,,,,,,,,,,,,,
3230,Prof. Dr. Col. Muhammad Ariful Islam Miah,"['MBBS', 'FCPS', 'OJT RHEUMATOLOGY']",MEDICINE SPECIALIST,27,Impulse Hospital Ltd.,Dhaka,,,,,,,,,,,,,,,,,,,,,
3230,Prof. Dr. Col. Muhammad Ariful Islam Miah,"['MBBS', 'FCPS', 'OJT RHEUMATOLOGY']",RHEUMATOLOGIST,27,Impulse Hospital Ltd.,Dhaka,,,,,,,,,,,,,,,,,,,,,
3231,Prof. Dr. Mohammad Sirajul Haque,"['MBBS', 'FCPS', 'MS']",UROLOGIST,27,Impulse Hospital Ltd.,Dhaka,,,,,,,,,,,,,,,,,,,,,
3232,Prof. Col. Rtd. Dr. Abdul Hai,"['MBBS', 'MCPS', 'FCPS']",HEMATOLOGIST,25,Impulse Hospital Ltd.,Dhaka,,,,,,,,,,,,,,,,,,,,,
3233,Asst. Prof. Dr. Md. Latifur Rahman Miah,"['MBBS', 'BCS', 'MS', 'FCPS']",UROLOGIST,25,Impulse Hospital Ltd.,Dhaka,,,,,,,,,,,,,,,,,,,,,
3234,Dr. Umme Salma,"['MBBS', 'CCD', 'DM']",DIABETOLOGIST,26,Impulse Hospital Ltd.,Dhaka,,,,,,,,,,,,,,,,,,,,,
3235,Dr. Zahangir Mia,"['MBBS', 'FRCS']",GENERAL SURGEON,22,Impulse Hospital Ltd.,Dhaka,,,,,,,,,,,,,,,,,,,,,
3236,Dr. A. K. M. Shahjahan,"['MBBS', 'MD', 'PGST (PEDIATRICS)']",PEDIATRICIAN,24,Impulse Hospital Ltd.,Dhaka,,,,,,,,,,,,,,,,,,,,,
3237,Dr. Nazia Sultana,"['MBBS', 'FCPS']",GYNECOLOGIST & OBSTETRICIAN,21,Impulse Hospital Ltd.,Dhaka,,,,,,,,,,,,,,,,,,,,,
3238,Asst. Prof. Dr. Mohammad Nasimul Goni,"['MBBS', 'D-CARD']",CARDIOLOGIST,19,Impulse Hospital Ltd.,Dhaka,,,,,,,,,,,,,,,,,,,,,
3239,Dr. Mohammad Zillur Rahman,"['MBBS', 'FCPS']",ONCOLOGIST,21,Impulse Hospital Ltd.,Dhaka,,,,,,,,,,,,,,,,,,,,,
3240,Dr. K. M. Hossain Tawhid,"['MBBS', 'MD', 'CLINICAL ORDINATURA (UROLOGY)']",UROLOGIST,15,Impulse Hospital Ltd.,Dhaka,,,,,,,,,,,,,,,,,,,,,
3241,Assoc. Prof. Dr. A. Hasnat Shaheen,"['MBBS', 'DEM', 'MPH', 'MACE']",DIABETOLOGIST,19,Impulse Hospital Ltd.,Dhaka,,,,,,,,,,,,,,,,,,,,,
3241,Assoc. Prof. Dr. A. Hasnat Shaheen,"['MBBS', 'DEM', 'MPH', 'MACE']",ENDOCRINOLOGIST,19,Impulse Hospital Ltd.,Dhaka,,,,,,,,,,,,,,,,,,,,,
3242,Dr. Q M Maruf Mahbub Asif,"['MBBS', 'MD']",DERMATOLOGIST,15,Impulse Hospital Ltd.,Dhaka,,,,,,,,,,,,,,,,,,,,,
3243,Dr. Saima Arif,"['BDS', 'PGT']",MAXILLOFACIAL AND DENTAL SURGEON,14,Impulse Hospital Ltd.,Dhaka,,,,,,,,,,,,,,,,,,,,,
3244,Dr. Ayesha Siddika,"['MBBS', 'BCS', 'MCPS']",DERMATOLOGIST,12,Impulse Hospital Ltd.,Dhaka,,,,,,,,,,,,,,,,,,,,,
3245,Dr. Shamima Haider Moon,"['MBBS', 'MPH', 'MS']",GYNECOLOGIST & OBSTETRICIAN,20,Impulse Hospital Ltd.,Dhaka,,,,,,,,,,,,,,,,,,,,,
3246,Dr. Begum Shamsun Nahar Kana,"['MBBS', 'FCPS', 'DM']",GYNECOLOGIST & OBSTETRICIAN,15,Impulse Hospital Ltd.,Dhaka,,,,,,,,,,,,,,,,,,,,,
3247,Dr. Md. Rashidul Hasan Hasan,"['MBBS', 'BCS', 'MS']",NEUROSURGEON,18,Impulse Hospital Ltd.,Dhaka,,,,,,,,,,,,,,,,,,,,,
3248,Dr. Farhana Islam,"['MBBS', 'DPD (CARDIFF', ' UK)']",DERMATOLOGIST,14,Impulse Hospital Ltd.,Dhaka,,,,,,,,,,,,,,,,,,,,,
3249,Lt. Col Dr. Md Shakhawat Hossain,"['MBBS', 'MS', 'FACS (USA)', 'BCS']",PEDIATRIC SURGEON,14,Impulse Hospital Ltd.,Dhaka,,,,,,,,,,,,,,,,,,,,,
3250,Dr. Shantanu Biswas,"['MBBS', 'BCS', 'FCPS']",HEPATOBILIARY SURGEON,18,Impulse Hospital Ltd.,Dhaka,,,,,,,,,,,,,,,,,,,,,
3251,Dr. Jannatul Mawa,"['MBBS', 'DCH']",PEDIATRICIAN,17,Impulse Hospital Ltd.,Dhaka,,,,,,,,,,,,,,,,,,,,,
3252,Dr. Abul Hayat Manik,"['MBBS', 'BCS', 'MD']",HEPATOLOGIST,18,Impulse Hospital Ltd.,Dhaka,,,,,,,,,,,,,,,,,,,,,
3253,Dr. Mahfuza Nasreen Shampa,"['BSC', 'MS']",NUTRITIONIST,20,BRAC Healthcare | Siddheswari,Dhaka,,,,,,,,,,,,,,,,,,,,,
3254,Dr. Muhammad Sayedul Arefin,"['MBBS', 'BCS', 'MD']",GASTROENTEROLOGIST,18,Impulse Hospital Ltd.,Dhaka,,,,,,,,,,,,,,,,,,,,,
3255,Prof. Dr. Md. Zahangir Kabir,"['MBBS', 'FCPS', 'COMMONWEALTH FELLOW NEPHROLOGY (UK)']",NEPHROLOGIST,30,Impulse Hospital Ltd.,Dhaka,,,,,,,,,,,,,,,,,,,,,
3255,Prof. Dr. Md. Zahangir Kabir,"['MBBS', 'FCPS', 'COMMONWEALTH FELLOW NEPHROLOGY (UK)']",MEDICINE SPECIALIST,30,Impulse Hospital Ltd.,Dhaka,,,,,,,,,,,,,,,,,,,,,
3256,Lt. Col. Dr. Kishore Kumar Das,"['MBBS', 'FCPS', 'BAPRAS FELLOW (UK)']",PLASTIC SURGEON,27,Impulse Hospital Ltd.,Dhaka,,,,,,,,,,,,,,,,,,,,,
3257,Dr. Md Mosaddeque Hasan Asif,"['MBBS', 'FCPS', 'MRCS (ENGLAND)', 'MRCSED', 'MRCS (GLASGOW)']",PLASTIC SURGEON,16,Impulse Hospital Ltd.,Dhaka,,,,,,,,,,,,,,,,,,,,,
3258,Prof. Dr. Md. Abul Kalam,"['MBBS', 'FCPS']",PLASTIC SURGEON,29,Impulse Hospital Ltd.,Dhaka,,,,,,,,,,,,,,,,,,,,,
3259,Dr. Dewan Hasan,"['MBBS', 'DLO']",OTOLARYNGOLOGISTS (ENT),22,Impulse Hospital Ltd.,Dhaka,,,,,,,,,,,,,,,,,,,,,
3260,Prof. Dr. Zaheer Al Amin,"['MBBS', 'DLO', 'FRCS', 'FRCS']",OTOLARYNGOLOGISTS (ENT),20,SIBL Foundation Hospital & Diagnostic Center,Dhaka,,,,,,,,,,,,,,,,,,,,,
3261,Prof. Dr. S.M. Amir Hossain,"['MBBS', 'MCPS', 'MS', 'A.O (INDIA)']",ORTHOPEDIC SURGEON,29,Impulse Hospital Ltd.,Dhaka,,,,,,,,,,,,,,,,,,,,,
3262,Brig. Gen. Prof. Dr. Md. Anisur Rahman Howlader,"['MBBS', 'MS']",ORTHOPEDIC SURGEON,28,Impulse Hospital Ltd.,Dhaka,,,,,,,,,,,,,,,,,,,,,
3263,Prof. Dr. Parviz Shahidi,"['MBBS', 'MS']",ORTHOPEDIST,28,Impulse Hospital Ltd.,Dhaka,,,,,,,,,,,,,,,,,,,,,
3263,Prof. Dr. Parviz Shahidi,"['MBBS', 'MS']",ORTHOPEDIC SURGEON,28,Impulse Hospital Ltd.,Dhaka,,,,,,,,,,,,,,,,,,,,,
3264,Prof. Dr. Sadia Sultana,"['MBBS', 'DNM', 'MS']",SONOLOGIST,23,The Barakah General Hospital Ltd.,Dhaka,,,,,,,,,,,,,,,,,,,,,
3265,Dr. Md. Nasim Uddin Chowdhury,"['MBBS', 'BCS', 'DM', 'M.PHIL', 'DEM']",MEDICINE SPECIALIST,20,The Barakah General Hospital Ltd.,Dhaka,,,,,,,,,,,,,,,,,,,,,
3265,Dr. Md. Nasim Uddin Chowdhury,"['MBBS', 'BCS', 'DM', 'M.PHIL', 'DEM']",DIABETES SPECIALIST,20,The Barakah General Hospital Ltd.,Dhaka,,,,,,,,,,,,,,,,,,,,,
3266,Dr. K M Tarikul Islam,"['MBBS', 'MS']",PEDIATRIC NEUROSURGEON,18,The Barakah General Hospital Ltd.,Dhaka,,,,,,,,,,,,,,,,,,,,,
3267,Dr. M N Ahmed,"['MBBS', 'CCD']",FAMILY MEDICINE SPECIALIST,16,The Barakah General Hospital Ltd.,Dhaka,,,,,,,,,,,,,,,,,,,,,
3267,Dr. M N Ahmed,"['MBBS', 'CCD']",DIABETES SPECIALIST,16,The Barakah General Hospital Ltd.,Dhaka,,,,,,,,,,,,,,,,,,,,,
3268,Asst. Prof. Dr. Syeda Ireen Parveen,"['MBBS', 'MD']",RADIOLOGIST,15,The Barakah General Hospital Ltd.,Dhaka,,,,,,,,,,,,,,,,,,,,,
3269,Prof. Dr. Md. Nowfel Islam,"['MBBS', 'MCPS', 'M.PHIL', 'FCPS']",NEURO PHYSICIAN,25,The Barakah General Hospital Ltd.,Dhaka,,,,,,,,,,,,,,,,,,,,,
3270,Asst. Prof. Dr. Toufique Hasan Firoz,"['MBBS', 'BCS', 'MFIL (ONCOLOGY', ' BSMMU)']",ONCOLOGIST,18,The Barakah General Hospital Ltd.,Dhaka,,,,,,,,,,,,,,,,,,,,,
3271,Assoc. Prof. Dr. Asma Siddiqua,"['MBBS', 'BCS', 'MCPS', 'FCPS']",ONCOLOGIST,25,The Barakah General Hospital Ltd.,Dhaka,,,,,,,,,,,,,,,,,,,,,
3272,Dr. Sheikh Amirul Islam,"['MBBS', 'MS']",UROLOGIST,13,The Barakah General Hospital Ltd.,Dhaka,,,,,,,,,,,,,,,,,,,,,
3273,Asst. Prof. Dr. Md. Al Kamal Abdul Wahab,"['MBBS', 'FCPS', 'MS']",UROLOGIST,19,The Barakah General Hospital Ltd.,Dhaka,,,,,,,,,,,,,,,,,,,,,
3274,Assoc. Prof. Dr. Md. Hasanuzzaman,"['MBBS', 'PH.D (UROLOGY)']",UROLOGIST,24,The Barakah General Hospital Ltd.,Dhaka,,,,,,,,,,,,,,,,,,,,,
3275,Asst. Prof. Dr. Tanvir Ahmed Chowdhury,"['MBBS', 'BCS', 'FCPS']",UROLOGIST,19,Khidmah Hospital Private Limited,Dhaka,,,,,,,,,,,,,,,,,,,,,
3276,Dr. Md. Solaman Siddique Bhuiyan,"['MBBS', 'DTCD', 'NCCP (INDIA)', 'FCCP', 'MD']",PULMONOLOGIST,19,The Barakah General Hospital Ltd.,Dhaka,,,,,,,,,,,,,,,,,,,,,
3277,Prof. Dr. Md. Shah Alam,"['MBBS', 'DTCD', 'MCPS', 'MMAD']",PULMONOLOGIST,29,The Barakah General Hospital Ltd.,Dhaka,,,,,,,,,,,,,,,,,,,,,
3278,Assoc. Prof. Dr. Md. Sumon Rahman,"['MBBS', 'FCPS', 'FACS (USA)']",GENERAL SURGEON,18,The Barakah General Hospital Ltd.,Dhaka,,,,,,,,,,,,,,,,,,,,,
3278,Assoc. Prof. Dr. Md. Sumon Rahman,"['MBBS', 'FCPS', 'FACS (USA)']",LAPAROSCOPIC SURGEON,18,The Barakah General Hospital Ltd.,Dhaka,,,,,,,,,,,,,,,,,,,,,
3279,Dr. Marzina Faruq Tonu,"['MBBS', 'BCS', 'FCPS']",GYNECOLOGIST & OBSTETRICIAN,15,The Barakah General Hospital Ltd.,Dhaka,,,,,,,,,,,,,,,,,,,,,
3279,Dr. Marzina Faruq Tonu,"['MBBS', 'BCS', 'FCPS']",GYNECOLOGIC ONCOLOGIST,15,The Barakah General Hospital Ltd.,Dhaka,,,,,,,,,,,,,,,,,,,,,
3280,Assoc. Prof. Dr. Mohammad Abu Syed,"['MBBS', 'MS']",NEUROSURGEON,21,The Barakah General Hospital Ltd.,Dhaka,,,,,,,,,,,,,,,,,,,,,
3281,Prof. Dr. Md. Sanwar Hossain,"['MBBS', 'FCPS']",OPHTHALMOLOGIST,20,The Barakah General Hospital Ltd.,Dhaka,,,,,,,,,,,,,,,,,,,,,
3282,Prof. Dr. Md. Rezaul Karim Khan,"['MBBS', 'FCPS', 'MD']",NEUROMEDICINE SPECIALIST,28,The Barakah General Hospital Ltd.,Dhaka,,,,,,,,,,,,,,,,,,,,,
3283,Dr. Naznin Akhter,"['BDS', 'PGT', 'PGT']",MAXILLOFACIAL AND DENTAL SURGEON,15,The Barakah General Hospital Ltd.,Dhaka,,,,,,,,,,,,,,,,,,,,,
3284,Dr. Mahmudul Hasan Akash,"['BDS', 'BCS', 'PGT', 'BSMMU']",MAXILLOFACIAL AND DENTAL SURGEON,15,The Barakah General Hospital Ltd.,Dhaka,,,,,,,,,,,,,,,,,,,,,
3285,Asst. Prof. Dr. Md. Abu Baker Liton,"['MBBS', 'DDV']",DERMATOLOGIST,22,The Barakah General Hospital Ltd.,Dhaka,,,,,,,,,,,,,,,,,,,,,
3286,Dr. Md. Shah Alam,"['MBBS', 'DTCD']",MEDICINE SPECIALIST,19,The Barakah General Hospital Ltd.,Dhaka,,,,,,,,,,,,,,,,,,,,,
3286,Dr. Md. Shah Alam,"['MBBS', 'DTCD']",CHEST SPECIALIST,19,The Barakah General Hospital Ltd.,Dhaka,,,,,,,,,,,,,,,,,,,,,
3287,Dr. Md. Ekramul Haque,"['MBBS', 'FCPS', 'BCS', 'MRCS']",GENERAL SURGEON,16,The Barakah General Hospital Ltd.,Dhaka,,,,,,,,,,,,,,,,,,,,,
3288,Prof. Dr. M. S. Zaman Shaheen,"['MBBS', 'MS']",ORTHOPEDIC SURGEON,18,The Barakah General Hospital Ltd.,Dhaka,,,,,,,,,,,,,,,,,,,,,
3289,Dr. S. M. Borhan Uddin,"['MBBS', 'MS']",PEDIATRIC SURGEON,15,The Barakah General Hospital Ltd.,Dhaka,,,,,,,,,,,,,,,,,,,,,
3290,Dr. Sudipta Roy Chowdhury,"['MBBS', 'MRCP', ' RCPCH)', 'MMED PEDIATRICS (SPORE)']",PEDIATRICIAN,24,The Barakah General Hospital Ltd.,Dhaka,,,,,,,,,,,,,,,,,,,,,
3291,Prof. Dr. Md. Bahadur Ali Miah,"['MBBS', 'MD']",NEUROLOGIST,24,The Barakah General Hospital Ltd.,Dhaka,,,,,,,,,,,,,,,,,,,,,
3292,Asst. Prof. Dr. Mohammad Moinul Hoque,"['MBBS', 'BCS', 'MS']",PEDIATRIC SURGEON,18,The Barakah General Hospital Ltd.,Dhaka,,,,,,,,,,,,,,,,,,,,,
3293,Prof. ARM Luthful Kabir,"['MBBS', 'FCPS']",PEDIATRICIAN,27,The Barakah General Hospital Ltd.,Dhaka,,,,,,,,,,,,,,,,,,,,,
3293,Prof. ARM Luthful Kabir,"['MBBS', 'FCPS']",PULMONOLOGIST,27,The Barakah General Hospital Ltd.,Dhaka,,,,,,,,,,,,,,,,,,,,,
3294,Prof. Nazneen Kabir,"['MBBS', 'FCPS', 'DAGO (LONDON)']",GYNECOLOGIST & OBSTETRICIAN,28,The Barakah General Hospital Ltd.,Dhaka,,,,,,,,,,,,,,,,,,,,,
3295,Assoc. Prof. Dr. M. Bahadur Ali Mia,"['MBBS', 'MD']",NEUROLOGIST,26,The Barakah General Hospital Ltd.,Dhaka,,,,,,,,,,,,,,,,,,,,,
3295,Assoc. Prof. Dr. M. Bahadur Ali Mia,"['MBBS', 'MD']",MEDICINE SPECIALIST,26,The Barakah General Hospital Ltd.,Dhaka,,,,,,,,,,,,,,,,,,,,,
3296,Prof. Dr. Md. Ibrahim Siddique,"['MBBS', 'FCPS', 'FRCS']",SURGEON,20,The Barakah General Hospital Ltd.,Dhaka,,,,,,,,,,,,,,,,,,,,,
3297,Prof. Dr. Mohammad Yusuf,"['MBBS', 'MCPS', 'DLO', 'FCPS']",OTOLARYNGOLOGISTS (ENT),25,The Barakah General Hospital Ltd.,Dhaka,,,,,,,,,,,,,,,,,,,,,
3298,Dr. Bakhtiar Ahmed,"['MBBS', 'MD', 'MPH', 'CCD', 'FCPS']",NEPHROLOGIST,18,Rushmono Specialized Hospital,Dhaka,,,,,,,,,,,,,,,,,,,,,
3299,Dr. Suman Chandra Banik,"['MBBS', 'BCS', 'FCPS']",MEDICINE SPECIALIST,18,Rushmono Specialized Hospital,Dhaka,,,,,,,,,,,,,,,,,,,,,
3299,Dr. Suman Chandra Banik,"['MBBS', 'BCS', 'FCPS']",DIABETES SPECIALIST,18,Rushmono Specialized Hospital,Dhaka,,,,,,,,,,,,,,,,,,,,,
3300,Assoc. Prof. Dr. Selina Akhter Banu,"['MBBS', 'FCPS', 'MS']",GYNECOLOGIST & OBSTETRICIAN,16,Rushmono Specialized Hospital,Dhaka,,,,,,,,,,,,,,,,,,,,,
3300,Assoc. Prof. Dr. Selina Akhter Banu,"['MBBS', 'FCPS', 'MS']",SURGEON,16,Rushmono Specialized Hospital,Dhaka,,,,,,,,,,,,,,,,,,,,,
3301,Dr. Muhammad Jamal Uddin,"['MBBS', 'BCS', 'MD', 'CCD']",DIABETOLOGIST,18,Rushmono Specialized Hospital,Dhaka,,,,,,,,,,,,,,,,,,,,,
3301,Dr. Muhammad Jamal Uddin,"['MBBS', 'BCS', 'MD', 'CCD']",INTERNAL MEDICINE,18,Rushmono Specialized Hospital,Dhaka,,,,,,,,,,,,,,,,,,,,,
3302,Prof. Dr. Anupam Das,"['MBBS', 'M.PHIL', 'MD']",PSYCHIATRIST,26,Rushmono Specialized Hospital,Dhaka,,,,,,,,,,,,,,,,,,,,,
3303,Asst. Prof. Dr. Md. Atiqul Rahman Khan,"['MBBS', 'D-ORTHO']",ORTHOPEDIST,26,Rushmono Specialized Hospital,Dhaka,,,,,,,,,,,,,,,,,,,,,
3303,Asst. Prof. Dr. Md. Atiqul Rahman Khan,"['MBBS', 'D-ORTHO']",ORTHOPEDIC SURGEON,26,Rushmono Specialized Hospital,Dhaka,,,,,,,,,,,,,,,,,,,,,
3304,Asst. Prof. Dr. Saima Rahman,"['MBBS', 'DEM']",DIABETES SPECIALIST,19,Rushmono Specialized Hospital,Dhaka,,,,,,,,,,,,,,,,,,,,,
3304,Asst. Prof. Dr. Saima Rahman,"['MBBS', 'DEM']",ENDOCRINOLOGIST,19,Rushmono Specialized Hospital,Dhaka,,,,,,,,,,,,,,,,,,,,,
3305,Asst. Prof. Dr. Ateed Muhammad Mollah,"['MBBS', 'BCS', 'MD', 'FIPM (INDIA)']",DIABETES SPECIALIST,19,Rushmono Specialized Hospital,Dhaka,,,,,,,,,,,,,,,,,,,,,
3305,Asst. Prof. Dr. Ateed Muhammad Mollah,"['MBBS', 'BCS', 'MD', 'FIPM (INDIA)']",MEDICINE SPECIALIST,19,Rushmono Specialized Hospital,Dhaka,,,,,,,,,,,,,,,,,,,,,
3306,Assoc. Prof. Dr. Shahabuddin Mahmud,"['MBBS', 'BCS', 'MD']",PEDIATRIC NEPHROLOGIST,25,Rushmono Specialized Hospital,Dhaka,,,,,,,,,,,,,,,,,,,,,
3307,Dr. Md. Fuadul Islam,"['MBBS', 'DCH', 'FCPS']",PEDIATRICIAN & NEONATOLOGIST,18,Rushmono Specialized Hospital,Dhaka,,,,,,,,,,,,,,,,,,,,,
3308,Dr. Asma Hossain,"['MBBS', 'CCD']",DIABETES SPECIALIST,17,Rushmono Specialized Hospital,Dhaka,,,,,,,,,,,,,,,,,,,,,
3308,Dr. Asma Hossain,"['MBBS', 'CCD']",GYNECOLOGIST & OBSTETRICIAN,17,Rushmono Specialized Hospital,Dhaka,,,,,,,,,,,,,,,,,,,,,
3308,Dr. Asma Hossain,"['MBBS', 'CCD']",INFERTILITY SPECIALIST,17,Rushmono Specialized Hospital,Dhaka,,,,,,,,,,,,,,,,,,,,,
3309,Dr. Shaikh Mominul Haque Rakib,"['MBBS', 'MCGP', 'CCD', 'PGT', 'MPH']",NEPHROLOGIST,5,Doctors4theWorld by e2D Education Services,Dhaka,,,,,,,,,,,,,,,,,,,,,
3310,Assoc. Prof. Dr. Akhtar Ahmed Shuvo,"['MBBS', 'BCS', 'FCPS', 'FACS (US)', 'AFIBS (THAILAND)', 'MS']",HEPATOBILIARY SURGEON,24,Popular Diagnostic Centre Ltd. | Shyamoli,Dhaka,,,,,,,,,,,,,,,,,,,,,
3311,Dr. Abu Sayem Ahmed,"['MBBS', 'CCD', 'CMU (ULTRASOUND)', 'PGT']",MEDICINE SPECIALIST,4,Doctors4theWorld by e2D Education Services,Dhaka,,,,,,,,,,,,,,,,,,,,,
3312,Dr. Farhana Begum,['BSC'],NUTRITIONIST,12,Rushmono Specialized Hospital,Dhaka,,,,,,,,,,,,,,,,,,,,,
3313,Dr. Md. Rafiqul Islam,"['MBBS', 'CCD']",MEDICINE SPECIALIST,17,Rushmono Specialized Hospital,Dhaka,,,,,,,,,,,,,,,,,,,,,
3314,Dr. Nafis Rahman,"['MBBS', 'BCS', 'DDV']",DERMATOLOGIST,15,Rushmono Specialized Hospital,Dhaka,,,,,,,,,,,,,,,,,,,,,
3315,Dr. Md. Zia Uddin,"['MBBS', 'MS']",NEUROSURGEON,18,Comfort Diagnostic Center (Pvt.) Ltd | Dhanmondi,Dhaka,,,,,,,,,,,,,,,,,,,,,
3315,Dr. Md. Zia Uddin,"['MBBS', 'MS']",PEDIATRIC NEUROSURGEON,18,Comfort Diagnostic Center (Pvt.) Ltd | Dhanmondi,Dhaka,,,,,,,,,,,,,,,,,,,,,
3316,Assoc. Prof. Dr. Ahmed Sharif,"['MBBS', 'MS', 'FACS']",UROLOGIST,11,Praava Health,Dhaka,,,,,,,,,,,,,,,,,,,,,
3317,Dr. Tanita Noor,"['MBBS', 'PHD']",RHEUMATOLOGIST,18,Praava Health,Dhaka,,,,,,,,,,,,,,,,,,,,,
3318,Prof. Dr. Md. Tarek Alam,"['MBBS', 'MD']",RESPIRATORY SPECIALIST,34,Praava Health,Dhaka,,,,,,,,,,,,,,,,,,,,,
3318,Prof. Dr. Md. Tarek Alam,"['MBBS', 'MD']",INTERNAL MEDICINE,34,Praava Health,Dhaka,,,,,,,,,,,,,,,,,,,,,
3319,Prof. Dr. A.K.M Mustafa Hussain,"['MBBS', 'DTCD (DU)', 'MD', 'FRCP', 'FCCP']",RESPIRATORY SPECIALIST,33,Praava Health,Dhaka,,,,,,,,,,,,,,,,,,,,,
3319,Prof. Dr. A.K.M Mustafa Hussain,"['MBBS', 'DTCD (DU)', 'MD', 'FRCP', 'FCCP']",INTERNAL MEDICINE,33,Praava Health,Dhaka,,,,,,,,,,,,,,,,,,,,,
3320,Dr. Jalal Mohsin Uddin,"['MBBS', 'DTCD (DU)', 'FCPS']",RESPIRATORY SPECIALIST,15,Praava Health,Dhaka,,,,,,,,,,,,,,,,,,,,,
3320,Dr. Jalal Mohsin Uddin,"['MBBS', 'DTCD (DU)', 'FCPS']",INTERNAL MEDICINE SPECIALIST,15,Praava Health,Dhaka,,,,,,,,,,,,,,,,,,,,,
3321,Dr. Renesa Sarah Anny,['BPT (DU)'],PHYSIOTHERAPIST,7,Praava Health,Dhaka,,,,,,,,,,,,,,,,,,,,,
3322,Dr. Perpetuo Dela Cruz,"['BSC', 'PHYSICAL THERAPY']",PHYSIOTHERAPIST,23,Praava Health,Dhaka,,,,,,,,,,,,,,,,,,,,,
3323,Prof. Sajjadur Rahman,"['FRCS', 'FICS']",PEDIATRICIAN,30,Praava Health,Dhaka,,,,,,,,,,,,,,,,,,,,,
3324,Dr. Parveen Akhter,"['MBBS', 'DCH', 'MCPS']",PEDIATRICIAN,37,Praava Health,Dhaka,,,,,,,,,,,,,,,,,,,,,
3325,Dr. Mahbub Ahmed,"['MBBS', 'DCH', 'FCPS']",PEDIATRICIAN,22,Praava Health,Dhaka,,,,,,,,,,,,,,,,,,,,,
3326,Dr. Laila Nurun Nahar,"['MBBS', 'DCH']",PEDIATRICIAN,16,Praava Health,Dhaka,,,,,,,,,,,,,,,,,,,,,
3327,Assoc. Prof. Dr. Afroza Haque,"['MBBS', 'MPH', 'FCPS']",PEDIATRICIAN,26,Praava Health,Dhaka,,,,,,,,,,,,,,,,,,,,,
3328,Prof. Dr. Md. Mofazzel Hoque,"['MBBS', 'MS']",ORTHOPEDIST,26,Praava Health,Dhaka,,,,,,,,,,,,,,,,,,,,,
3329,Dr. Harun ar Rashid,"['MBBS', 'MS', 'FICS']",ORTHOPEDIC SURGEON,21,Praava Health,Dhaka,,,,,,,,,,,,,,,,,,,,,
3330,Prof. Col. Dr. MD Abdur Rouf Siddique (Retd),"['MBBS', 'DO (DU)', 'FCPS']",OPHTHALMOLOGIST,31,Praava Health,Dhaka,,,,,,,,,,,,,,,,,,,,,
3331,Dr. Shahed Haider Chowdhury,"['MBBS', 'DO (DU)']",OPHTHALMOLOGIST,26,Praava Health,Dhaka,,,,,,,,,,,,,,,,,,,,,
3332,Dr. Kazi Reshad Agaz,"['MBBS', 'MS', 'FICO (UK)', 'MCPS', 'DO']",OPHTHALMOLOGIST,26,Praava Health,Dhaka,,,,,,,,,,,,,,,,,,,,,
3333,Prof. Dr. Md. Mahbub Ul Alam,"['MBBS', 'DM']",ONCOLOGIST,35,Praava Health,Dhaka,,,,,,,,,,,,,,,,,,,,,
3334,Prof. Dr. Farhana Dewan,"['MBBS', 'FCPS', 'FMAS (INDIA)']",GYNECOLOGIST & OBSTETRICIAN,18,Praava Health,Dhaka,,,,,,,,,,,,,,,,,,,,,
3335,Dr. Shajia Fatema Zafar,"['MBBS', 'MS', 'MCPS', 'FCPS']",GYNECOLOGIST & OBSTETRICIAN,10,Praava Health,Dhaka,,,,,,,,,,,,,,,,,,,,,
3336,Dr. Salma Akter,"['MBBS', 'FCPS']",GYNECOLOGIST & OBSTETRICIAN,13,Praava Health,Dhaka,,,,,,,,,,,,,,,,,,,,,
3337,Dr. Nowsheen Sharmin Purabi,"['MBBS', 'MCPS']",GYNECOLOGIST & OBSTETRICIAN,19,Praava Health,Dhaka,,,,,,,,,,,,,,,,,,,,,
3338,Dr. Mariha Alam Chowdhury,"['MBBS', 'FCPS', 'MRCOG PART 1 (UK)', 'DM']",GYNECOLOGIST & OBSTETRICIAN,13,Praava Health,Dhaka,,,,,,,,,,,,,,,,,,,,,
3339,Asst. Prof. Dr. Naz Yasmin,"['MBBS', 'FCPS', 'MS']",GYNECOLOGIST & OBSTETRICIAN,29,Praava Health,Dhaka,,,,,,,,,,,,,,,,,,,,,
3340,Dr. Tazreen Mallick,"['BSC (UK)', 'CIMA (UK)', 'BA HON. (UK)']",CLINICAL NUTRITIONIST,8,Praava Health,Dhaka,,,,,,,,,,,,,,,,,,,,,
3341,Dr. Noor-E-Jannat Fatema,"['BSC', 'FOOD & NUTRITION']",NUTRITIONIST,16,Praava Health,Dhaka,,,,,,,,,,,,,,,,,,,,,
3342,Dr. Ms Mahmuda Ferdous,['MS'],NUTRITIONIST,14,Praava Health,Dhaka,,,,,,,,,,,,,,,,,,,,,
3343,Dr. S.M. Saadi,"['MBBS', 'MRCP', 'MRCP', 'SPECIALTY CERTIFICATE IN NEUROLOGY (SCE', ' UK)']",NEUROLOGIST,10,Praava Health,Dhaka,,,,,,,,,,,,,,,,,,,,,
3344,Prof. Dr. Mujibul Haque Mollah,"['MBBS', 'MRCP', 'MS']",NEPHROLOGIST,30,Praava Health,Dhaka,,,,,,,,,,,,,,,,,,,,,
3345,Dr. Tania Mahbub,"['MBBS', 'MD']",NEPHROLOGIST,22,Praava Health,Dhaka,,,,,,,,,,,,,,,,,,,,,
3346,Dr. Muhammad Abul Hasnat,"['MBBS', 'MRCP', 'MS']",NEPHROLOGIST,10,Praava Health,Dhaka,,,,,,,,,,,,,,,,,,,,,
3347,Dr. Ms Nasima Akter,"['MS', 'DIPLOMA IN COUNCELING (TA & NLP)']",PHYSIOTHERAPIST,27,Praava Health,Dhaka,,,,,,,,,,,,,,,,,,,,,
3348,Dr. Shamim Firdaus Karim,"['PH.D. (INDIA)', 'MS', 'MA AND BA (DU)']",PSYCHIATRIST,33,Praava Health,Dhaka,,,,,,,,,,,,,,,,,,,,,
3349,Dr. Shoib Ahmed,"['MBBS', 'MPH', 'CCD', 'FELLOWSHIP ON NCD (UK)', 'MACP']",MEDICINE SPECIALIST,10,Popular Diagnostic Centre Ltd. | Badda,Dhaka,,,,,,,,,,,,,,,,,,,,,
3350,Dr. A. G. Tarikuzzaman,"['MBBS', 'D-CARD', 'FCPS']",MEDICINE SPECIALIST,15,Praava Health,Dhaka,,,,,,,,,,,,,,,,,,,,,
3350,Dr. A. G. Tarikuzzaman,"['MBBS', 'D-CARD', 'FCPS']",CARDIOLOGIST,15,Praava Health,Dhaka,,,,,,,,,,,,,,,,,,,,,
3351,Dr. Partho Pratik Roy,"['MBBS', 'MD', 'BCS']",GASTROENTEROLOGIST,11,Praava Health,Dhaka,,,,,,,,,,,,,,,,,,,,,
3351,Dr. Partho Pratik Roy,"['MBBS', 'MD', 'BCS']",HEPATOLOGIST,11,Praava Health,Dhaka,,,,,,,,,,,,,,,,,,,,,
3352,Dr. Taslima Akter,"['MBBS', 'CCD', 'DM', 'FCGP', 'DIP. IN ASTHMA (ICDDR', 'B)']",FAMILY MEDICINE SPECIALIST,14,Praava Health,Dhaka,,,,,,,,,,,,,,,,,,,,,
3353,Dr. Shoaib Ahmad,"['MBBS', 'MPH', 'CCD', 'CCCD (NHF)', 'PG. DIP. IN FAMILY MEDICINE']",FAMILY MEDICINE SPECIALIST,28,Praava Health,Dhaka,,,,,,,,,,,,,,,,,,,,,
3354,Dr. Paramita Karim,"['MBCHB (DUNDEE MEDICAL SCHOOL)', 'MRCP']",FAMILY MEDICINE SPECIALIST,14,Praava Health,Dhaka,,,,,,,,,,,,,,,,,,,,,
3355,Dr. Mosrose Salina,"['MBBS', 'FMD (USTC)', 'CCD', 'CCCD (NHF)', 'DOC (SKIN & VENERAL)', 'DM']",FAMILY MEDICINE SPECIALIST,14,Praava Health,Dhaka,,,,,,,,,,,,,,,,,,,,,
3356,Dr. Lt. Col. Md. Kabir Ahmed Khan,"['MBBS', 'CCD', 'FCGP', 'MPH', 'MCPS', 'FCPS']",FAMILY MEDICINE SPECIALIST,35,Praava Health,Dhaka,,,,,,,,,,,,,,,,,,,,,
3357,Dr. Ashutosh Saha,"['MBBS', 'CCD', 'CCCD (NHF)', 'DOC (SKIN & VD)']",MEDICINE SPECIALIST,10,Praava Health,Dhaka,,,,,,,,,,,,,,,,,,,,,
3358,Dr. ATM Faisal Rahman,"['MBBS', 'DLO', 'FCPS']",OTOLARYNGOLOGISTS (ENT),17,Praava Health,Dhaka,,,,,,,,,,,,,,,,,,,,,
3359,Dr. Tarafdar Mohammad Mujtaba Ali,"['MBBS', 'DTCD (DU)']",DIABETOLOGIST,27,Praava Health,Dhaka,,,,,,,,,,,,,,,,,,,,,
3359,Dr. Tarafdar Mohammad Mujtaba Ali,"['MBBS', 'DTCD (DU)']",PULMONOLOGIST,27,Praava Health,Dhaka,,,,,,,,,,,,,,,,,,,,,
3360,Dr. M.A. Mobin Talukder,"['MBBS', 'MCPS', 'CCD']",DIABETOLOGIST,25,Praava Health,Dhaka,,,,,,,,,,,,,,,,,,,,,
3361,Prof. Dr. Hosne Ara Begum,"['MBBS', 'DDV', 'FCPS']",DERMATOLOGIST,15,Praava Health,Dhaka,,,,,,,,,,,,,,,,,,,,,
3362,Dr. Shamim Ara Sarkar,"['MBBS', 'DDV', 'FCPS']",DERMATOLOGIST,16,Praava Health,Dhaka,,,,,,,,,,,,,,,,,,,,,
3363,Dr. Md. Shaukat Haidar,"['MBBS', 'DIPLOMA IN DERMATOLOGY']",DERMATOLOGIST,22,Comfort Diagnostic Center (Pvt.) Ltd | Dhanmondi,Dhaka,,,,,,,,,,,,,,,,,,,,,
3364,Dr. MD Rezaul Islam Hira,"['MBBS', 'MCPS', 'FCPS']",DERMATOLOGIST,23,Praava Health,Dhaka,,,,,,,,,,,,,,,,,,,,,
3365,Dr. Asif Imran Siddiqui,"['MBBS', 'DIP. DERMATOLOGY (INSTITUTE OF DERMATOLOGY', ' THAILAND)']",DERMATOLOGIST,16,Praava Health,Dhaka,,,,,,,,,,,,,,,,,,,,,
3366,Assoc. Prof. Dr. Yasmin Joarder,"['MBBS', 'DDV']",DERMATOLOGIST,18,Islami Bank Central Hospital | Kakrail,Dhaka,,,,,,,,,,,,,,,,,,,,,
3367,Prof. Dr. Nafees Uddin Chowdhury,"['BDS', 'PHD', ' JAPAN)']",DENTIST,28,Praava Health,Dhaka,,,,,,,,,,,,,,,,,,,,,
3368,Dr. Zubaer Ahmed,"['BDS', 'PH.D (JAPAN)', 'POST-DOC (JAPAN)', 'PGD (JAPAN)']",DENTIST,17,Praava Health,Dhaka,,,,,,,,,,,,,,,,,,,,,
3369,Dr. Lubna Sharmin,"['BDS', 'PGT']",DENTIST,22,Praava Health,Dhaka,,,,,,,,,,,,,,,,,,,,,
3370,Prof. Dr Mohsin Zillur Karim,"['MBBS', 'DTM & H', 'D CARD (LONDON)', 'MRCP', 'FRCP', 'FACC']",CARDIOLOGIST,28,Comfort Diagnostic Center (Pvt.) Ltd | Dhanmondi,Dhaka,,,,,,,,,,,,,,,,,,,,,
3370,Prof. Dr Mohsin Zillur Karim,"['MBBS', 'DTM & H', 'D CARD (LONDON)', 'MRCP', 'FRCP', 'FACC']",MEDICINE SPECIALIST,28,Comfort Diagnostic Center (Pvt.) Ltd | Dhanmondi,Dhaka,,,,,,,,,,,,,,,,,,,,,
3371,Prof. Dr. Mahboob Ali,"['MBBS', 'MD', 'FACC', 'FSCI']",CARDIOLOGIST,27,Praava Health,Dhaka,,,,,,,,,,,,,,,,,,,,,
3372,Dr. Mohammed Mizanur Rahman,"['MBBS', 'D. CARD (BSMMU)']",CARDIOLOGIST,18,Praava Health,Dhaka,,,,,,,,,,,,,,,,,,,,,
3373,Dr. Jubair Mahmud,"['MBBS', 'MD', 'NICVD']",CARDIOLOGIST,16,Praava Health,Dhaka,,,,,,,,,,,,,,,,,,,,,
3374,Dr. Jannatul Ferdous,"['MBBS', 'MD']",CARDIOLOGIST,20,Praava Health,Dhaka,,,,,,,,,,,,,,,,,,,,,
3375,Dr. AZM Ahsan Ullah,"['MBBS', 'D-CARD', 'CCD', 'DIPLOMA IN EMERGENCY MEDICINE (UK)']",CARDIOLOGIST,22,Praava Health,Dhaka,,,,,,,,,,,,,,,,,,,,,
3376,Dr. Raghib Manzoor,"['MBBS', 'DA']",ANESTHESIOLOGIST,22,Praava Health,Dhaka,,,,,,,,,,,,,,,,,,,,,
3377,Dr. Faisal Ahmed,"['MBBS', 'MPH', 'CCD']",DIABETOLOGIST,17,Global Specialized Hospital,Dhaka,,,,,,,,,,,,,,,,,,,,,
3377,Dr. Faisal Ahmed,"['MBBS', 'MPH', 'CCD']",MEDICINE SPECIALIST,17,Global Specialized Hospital,Dhaka,,,,,,,,,,,,,,,,,,,,,
3378,Asst. Prof. Dr. A M Fasiul Alam,"['MBBS', 'BCS', 'MS']",ORTHOPEDIST,17,Global Specialized Hospital,Dhaka,,,,,,,,,,,,,,,,,,,,,
3378,Asst. Prof. Dr. A M Fasiul Alam,"['MBBS', 'BCS', 'MS']",ORTHOPEDIC SURGEON,17,Global Specialized Hospital,Dhaka,,,,,,,,,,,,,,,,,,,,,
3379,Assoc. Prof. Dr. Tofail Hossain Biplab,"['MBBS', 'MS']",ORTHOPEDIST,24,Global Specialized Hospital,Dhaka,,,,,,,,,,,,,,,,,,,,,
3379,Assoc. Prof. Dr. Tofail Hossain Biplab,"['MBBS', 'MS']",ORTHOPEDIC SURGEON,24,Global Specialized Hospital,Dhaka,,,,,,,,,,,,,,,,,,,,,
3380,Dr. Morttika Islam,"['MBBS', 'CCD']",DIABETES SPECIALIST,12,Global Specialized Hospital,Dhaka,,,,,,,,,,,,,,,,,,,,,
3380,Dr. Morttika Islam,"['MBBS', 'CCD']",MEDICINE SPECIALIST,12,Global Specialized Hospital,Dhaka,,,,,,,,,,,,,,,,,,,,,
3380,Dr. Morttika Islam,"['MBBS', 'CCD']",ENDOCRINOLOGIST,12,Global Specialized Hospital,Dhaka,,,,,,,,,,,,,,,,,,,,,
3381,Assoc. Prof. Dr. Syed Shawkat Ahmed,"['MBBS', 'DTMH (BANGKOK)', 'MS']",DERMATOLOGIST,21,Global Specialized Hospital,Dhaka,,,,,,,,,,,,,,,,,,,,,
3382,Dr. Ayesha Parveen Tripti,"['MBBS', 'BCS', 'MPH', 'DGO', 'FCPS']",GYNECOLOGISTS,16,Global Specialized Hospital,Dhaka,,,,,,,,,,,,,,,,,,,,,
3382,Dr. Ayesha Parveen Tripti,"['MBBS', 'BCS', 'MPH', 'DGO', 'FCPS']",INFERTILITY SPECIALIST,16,Global Specialized Hospital,Dhaka,,,,,,,,,,,,,,,,,,,,,
3383,Prof. Dr. Kohinoor Khan,"['MBBS', 'FRSH (LONDON)', 'DGO', 'MCPS', 'FCPS']",GYNECOLOGIST & OBSTETRICIAN,28,Global Specialized Hospital,Dhaka,,,,,,,,,,,,,,,,,,,,,
3383,Prof. Dr. Kohinoor Khan,"['MBBS', 'FRSH (LONDON)', 'DGO', 'MCPS', 'FCPS']",INFERTILITY SPECIALIST,28,Global Specialized Hospital,Dhaka,,,,,,,,,,,,,,,,,,,,,
3384,Assoc. Prof. Dr. Israt Jahan Ila,"['MBBS', 'FCPS']",GYNECOLOGIST & OBSTETRICIAN,23,Global Specialized Hospital,Dhaka,,,,,,,,,,,,,,,,,,,,,
3384,Assoc. Prof. Dr. Israt Jahan Ila,"['MBBS', 'FCPS']",INFERTILITY SPECIALIST,23,Global Specialized Hospital,Dhaka,,,,,,,,,,,,,,,,,,,,,
3385,Dr. Khondkar Abul Basar,"['MBBS', 'BCS', 'FCPS', 'FCPS']",GASTROENTEROLOGIST,18,Global Specialized Hospital,Dhaka,,,,,,,,,,,,,,,,,,,,,
3385,Dr. Khondkar Abul Basar,"['MBBS', 'BCS', 'FCPS', 'FCPS']",HEPATOLOGIST,18,Global Specialized Hospital,Dhaka,,,,,,,,,,,,,,,,,,,,,
3385,Dr. Khondkar Abul Basar,"['MBBS', 'BCS', 'FCPS', 'FCPS']",MEDICINE SPECIALIST,18,Global Specialized Hospital,Dhaka,,,,,,,,,,,,,,,,,,,,,
3386,Assoc. Prof. Dr. Md. Abul Kalam Azad,"['MBBS', 'DLO']",OTOLARYNGOLOGISTS (ENT),23,Global Specialized Hospital,Dhaka,,,,,,,,,,,,,,,,,,,,,
3387,Asst. Prof. Dr. Gajendra Nath Mahato Sajal,"['MBBS', 'MS']",PEDIATRIC NEUROLOGIST,18,Global Specialized Hospital,Dhaka,,,,,,,,,,,,,,,,,,,,,
3388,Assoc. Prof. Dr. Ruma Parveen,"['MBBS', 'DCH', 'FCPS']",PEDIATRICIAN & NEONATOLOGIST,21,Global Specialized Hospital,Dhaka,,,,,,,,,,,,,,,,,,,,,
3389,Dr. AHM Mustafa Kamal,"['MBBS', 'BCS', 'MS']",UROLOGIST,14,Global Specialized Hospital,Dhaka,,,,,,,,,,,,,,,,,,,,,
3390,Asst. Prof. Dr. Md. Zobayed Hasan,"['MBBS', 'MRCS', 'MS']",VASCULAR SURGEON,18,Global Specialized Hospital,Dhaka,,,,,,,,,,,,,,,,,,,,,
3390,Asst. Prof. Dr. Md. Zobayed Hasan,"['MBBS', 'MRCS', 'MS']",THORACIC SURGEON,18,Global Specialized Hospital,Dhaka,,,,,,,,,,,,,,,,,,,,,
3390,Asst. Prof. Dr. Md. Zobayed Hasan,"['MBBS', 'MRCS', 'MS']",CARDIAC SURGEON,18,Global Specialized Hospital,Dhaka,,,,,,,,,,,,,,,,,,,,,
3391,Dr. Imrul Hasan Warsi,"['MBBS', 'MPH', 'PRSA FELLOWSHIP (UK)']",PLASTIC SURGEON,15,Global Specialized Hospital,Dhaka,,,,,,,,,,,,,,,,,,,,,
3392,Assoc. Prof. Dr. Shahana Akhter,"['MBBS', 'FCPS']",GENERAL SURGEON,20,Global Specialized Hospital,Dhaka,,,,,,,,,,,,,,,,,,,,,
3392,Assoc. Prof. Dr. Shahana Akhter,"['MBBS', 'FCPS']",LAPAROSCOPIC SURGEON,20,Global Specialized Hospital,Dhaka,,,,,,,,,,,,,,,,,,,,,
3393,Prof. Dr. SM Kamrul Akhtar Sanju,"['MBBS', 'FCPS', 'MRCS (EDIN', ' ENGLAND)', 'FMAS (INDIA)', 'FACS (USA)']",SURGEON,27,Global Specialized Hospital,Dhaka,,,,,,,,,,,,,,,,,,,,,
3394,Asst. Prof. Dr. Md. Mozammel Haque,"['MBBS', 'D-CARD', 'MD']",CARDIOLOGIST,19,Global Specialized Hospital,Dhaka,,,,,,,,,,,,,,,,,,,,,
3394,Asst. Prof. Dr. Md. Mozammel Haque,"['MBBS', 'D-CARD', 'MD']",MEDICINE SPECIALIST,19,Global Specialized Hospital,Dhaka,,,,,,,,,,,,,,,,,,,,,
3394,Asst. Prof. Dr. Md. Mozammel Haque,"['MBBS', 'D-CARD', 'MD']",RHEUMATOLOGIST,19,Global Specialized Hospital,Dhaka,,,,,,,,,,,,,,,,,,,,,
3395,Dr. Tanjina Akhtar,"['MBBS', 'BCS', 'FCPS', 'MCPS', 'MACP']",CHEST SPECIALIST,15,Global Specialized Hospital,Dhaka,,,,,,,,,,,,,,,,,,,,,
3395,Dr. Tanjina Akhtar,"['MBBS', 'BCS', 'FCPS', 'MCPS', 'MACP']",DIABETES SPECIALIST,15,Global Specialized Hospital,Dhaka,,,,,,,,,,,,,,,,,,,,,
3395,Dr. Tanjina Akhtar,"['MBBS', 'BCS', 'FCPS', 'MCPS', 'MACP']",MEDICINE SPECIALIST,15,Global Specialized Hospital,Dhaka,,,,,,,,,,,,,,,,,,,,,
3396,Dr. M Rahman,"['MBBS', 'MCPS', 'FCPS', 'MD', 'DSM (GASTRO)', 'FAMS (AUSTRIA)', 'IHM (MED', ' IRAN)', 'FGH (ENGLAND)']",GASTROENTEROLOGIST,20,Global Specialized Hospital,Dhaka,,,,,,,,,,,,,,,,,,,,,
3396,Dr. M Rahman,"['MBBS', 'MCPS', 'FCPS', 'MD', 'DSM (GASTRO)', 'FAMS (AUSTRIA)', 'IHM (MED', ' IRAN)', 'FGH (ENGLAND)']",HEPATOLOGIST,20,Global Specialized Hospital,Dhaka,,,,,,,,,,,,,,,,,,,,,
3396,Dr. M Rahman,"['MBBS', 'MCPS', 'FCPS', 'MD', 'DSM (GASTRO)', 'FAMS (AUSTRIA)', 'IHM (MED', ' IRAN)', 'FGH (ENGLAND)']",MEDICINE SPECIALIST,20,Global Specialized Hospital,Dhaka,,,,,,,,,,,,,,,,,,,,,
3397,Asst. Prof. Dr. Dewan M Hasan,"['MBBS', 'DLO']",OTOLARYNGOLOGISTS (ENT),19,Global Specialized Hospital,Dhaka,,,,,,,,,,,,,,,,,,,,,
3398,Asst. Prof. Dr. Provat Kumar Sarkar,"['MBBS', 'BCS', 'MCPS', 'MD']",NEUROLOGIST,18,Popular Diagnostic Centre Ltd. | Shyamoli,Dhaka,,,,,,,,,,,,,,,,,,,,,
3399,Dr. S M Masidul Alam,"['MBBS', 'BCS', 'DLO', 'FCPS']",OTOLARYNGOLOGISTS (ENT),15,Global Specialized Hospital,Dhaka,,,,,,,,,,,,,,,,,,,,,
3400,Dr. Minhajul Houqe Polas,"['MBBS', 'MPH', 'DDV']",DERMATOLOGIST,16,Global Specialized Hospital,Dhaka,,,,,,,,,,,,,,,,,,,,,
3401,Asst. Prof. Dr. Gogendro Nath Mahato,"['MBBS', 'MS']",PEDIATRIC SURGEON,18,Global Specialized Hospital,Dhaka,,,,,,,,,,,,,,,,,,,,,
3402,Dr. Md. Shahed Kamal,"['MBBS', 'BCS', 'FCPS']",GENERAL SURGEON,17,Global Specialized Hospital,Dhaka,,,,,,,,,,,,,,,,,,,,,
3402,Dr. Md. Shahed Kamal,"['MBBS', 'BCS', 'FCPS']",VASCULAR SURGEON,17,Global Specialized Hospital,Dhaka,,,,,,,,,,,,,,,,,,,,,
3403,Assoc. Prof. Dr. Nilima Jahan,"['MBBS', 'FCPS']",GENERAL SURGEON,20,Global Specialized Hospital,Dhaka,,,,,,,,,,,,,,,,,,,,,
3403,Assoc. Prof. Dr. Nilima Jahan,"['MBBS', 'FCPS']",LAPAROSCOPIC SURGEON,20,Global Specialized Hospital,Dhaka,,,,,,,,,,,,,,,,,,,,,
3404,Dr. Rashed Ahmed Khan Lodi,"['MBBS', 'MCPS', 'FCPS']",COLORECTAL & LAPAROSCOPIC SURGEON,17,Global Specialized Hospital,Dhaka,,,,,,,,,,,,,,,,,,,,,
3404,Dr. Rashed Ahmed Khan Lodi,"['MBBS', 'MCPS', 'FCPS']",GENERAL SURGEON,17,Global Specialized Hospital,Dhaka,,,,,,,,,,,,,,,,,,,,,
3405,Dr. Farhana Farul,"['MBBS', 'BCS', 'FCPS', 'MACP', 'CCD']",DIABETES SPECIALIST,15,Global Specialized Hospital,Dhaka,,,,,,,,,,,,,,,,,,,,,
3405,Dr. Farhana Farul,"['MBBS', 'BCS', 'FCPS', 'MACP', 'CCD']",MEDICINE SPECIALIST,15,Global Specialized Hospital,Dhaka,,,,,,,,,,,,,,,,,,,,,
3406,Dr. Khondoker Abul Basar,"['MBBS', 'BCS', 'FCPS', 'FCPS']",HEPATOLOGIST,15,Global Specialized Hospital,Dhaka,,,,,,,,,,,,,,,,,,,,,
3406,Dr. Khondoker Abul Basar,"['MBBS', 'BCS', 'FCPS', 'FCPS']",MEDICINE SPECIALIST,15,Global Specialized Hospital,Dhaka,,,,,,,,,,,,,,,,,,,,,
3407,Dr. Najiya Sultana Daisy,"['MBBS', 'BCS', 'FCPS']",GYNECOLOGIST & OBSTETRICIAN,14,Global Specialized Hospital,Dhaka,,,,,,,,,,,,,,,,,,,,,
3407,Dr. Najiya Sultana Daisy,"['MBBS', 'BCS', 'FCPS']",SURGEON,14,Global Specialized Hospital,Dhaka,,,,,,,,,,,,,,,,,,,,,
3408,Dr. Shamol Sorker,"['MBBS', 'FCPS', 'FCPS']",PEDIATRIC NEUROLOGIST,15,Global Specialized Hospital,Dhaka,,,,,,,,,,,,,,,,,,,,,
3409,Assoc. Prof. Dr. Ruma Parvin,"['MBBS', 'DCH', 'FCPS']",PEDIATRICIAN & NEONATOLOGIST,20,Global Specialized Hospital,Dhaka,,,,,,,,,,,,,,,,,,,,,
3410,Dr. Md. Soriful Islam,"['MBBS', 'D-ORTH']",ORTHOPEDIST,16,Global Specialized Hospital,Dhaka,,,,,,,,,,,,,,,,,,,,,
3411,Prof. Dr. Md. Abdul Kader,"['MBBS', 'MS']",ORTHOPEDIST,26,Global Specialized Hospital,Dhaka,,,,,,,,,,,,,,,,,,,,,
3412,Dr. Lizwana Chowdhury Liya,"['MBBS', 'BCS', 'MS']",GYNECOLOGISTS,13,Healthcare Diagnostic Center Ltd,Dhaka,,,,,,,,,,,,,,,,,,,,,
3413,Dr. Monzur A Khoda,"['MBBS', 'MRCP', ' UK)', 'EULER ECRD IN RHEUMATOLOGY']",RHEUMATOLOGIST,16,Healthcare Diagnostic Center Ltd,Dhaka,,,,,,,,,,,,,,,,,,,,,
3414,Dr. Hasna Hossain Akhi,"['MBBS', 'BCS', 'MS']",GYNECOLOGIST & OBSTETRICIAN,22,Healthcare Diagnostic Center Ltd,Dhaka,,,,,,,,,,,,,,,,,,,,,
3414,Dr. Hasna Hossain Akhi,"['MBBS', 'BCS', 'MS']",SURGEON,22,Healthcare Diagnostic Center Ltd,Dhaka,,,,,,,,,,,,,,,,,,,,,
3415,Dr. Susmita Pal,"['MBBS', 'BCS', 'MD']",DIABETES SPECIALIST,14,Healthcare Diagnostic Center Ltd,Dhaka,,,,,,,,,,,,,,,,,,,,,
3415,Dr. Susmita Pal,"['MBBS', 'BCS', 'MD']",ENDOCRINOLOGIST,14,Healthcare Diagnostic Center Ltd,Dhaka,,,,,,,,,,,,,,,,,,,,,
3416,Dr. Rowshan Jahan Akhter,"['MBBS', 'DCH', 'MD']",PEDIATRICIAN & NEONATOLOGIST,15,Healthcare Diagnostic Center Ltd,Dhaka,,,,,,,,,,,,,,,,,,,,,
3417,Dr. Md. Abdul Momin,"['MBBS', 'FCPS']",DIABETES SPECIALIST,17,Healthcare Diagnostic Center Ltd,Dhaka,,,,,,,,,,,,,,,,,,,,,
3417,Dr. Md. Abdul Momin,"['MBBS', 'FCPS']",MEDICINE SPECIALIST,17,Healthcare Diagnostic Center Ltd,Dhaka,,,,,,,,,,,,,,,,,,,,,
3418,Asst. Prof. Dr. Somaya Sidratul Montaha,"['MBBS', 'MCPS', 'DGO']",GYNECOLOGIST & OBSTETRICIAN,25,Healthcare Diagnostic Center Ltd,Dhaka,,,,,,,,,,,,,,,,,,,,,
3419,Prof. Dr. Md. Mizanur Rahman,"['MBBS', 'MD']",PEDIATRICIAN,17,Healthcare Diagnostic Center Ltd,Dhaka,,,,,,,,,,,,,,,,,,,,,
3420,Dr. Md. Khalid Mahmud,"['MBBS', 'MS']",OTOLARYNGOLOGISTS (ENT),25,Healthcare Diagnostic Center Ltd,Dhaka,,,,,,,,,,,,,,,,,,,,,
3421,Dr. Md. Merazul Islam Sheikh,"['MBBS', 'FCPS', 'FCPS']",NEUROMEDICINE SPECIALIST,17,Healthcare Diagnostic Center Ltd,Dhaka,,,,,,,,,,,,,,,,,,,,,
3422,Dr. Pijous Biswas,"['MBBS', 'D-CARD', 'MD']",CARDIOLOGIST,25,Healthcare Diagnostic Center Ltd,Dhaka,,,,,,,,,,,,,,,,,,,,,
3423,Dr. Nusrat Jahan,"['BSC(HONS)', 'MS']",NUTRITIONIST,12,Salauddin Specialized Hospital Ltd.,Dhaka,,,,,,,,,,,,,,,,,,,,,
3424,Assoc. Prof. Dr. Mirza Kamrul Zahid,"['MBBS', 'MS']",PEDIATRIC SURGEON,23,Salauddin Specialized Hospital Ltd.,Dhaka,,,,,,,,,,,,,,,,,,,,,
3425,Assoc. Prof. Dr. Shodesh Rokhit,['MBBS'],PEDIATRICIAN,21,Salauddin Specialized Hospital Ltd.,Dhaka,,,,,,,,,,,,,,,,,,,,,
3426,Dr. Md. Al Mamun Hossain,['MBBS'],PEDIATRICIAN,16,Salauddin Specialized Hospital Ltd.,Dhaka,,,,,,,,,,,,,,,,,,,,,
3427,Assoc. Prof. Dr. Sunirmol Roy,"['MBBS', 'MD', 'MD']",PEDIATRICIAN & NEONATOLOGIST,22,Salauddin Specialized Hospital Ltd.,Dhaka,,,,,,,,,,,,,,,,,,,,,
3428,Dr. Md. Shafiuddin,"['MBBS', 'D.T.M & H (BANKOK)', 'DCH']",PEDIATRICIAN & NEONATOLOGIST,20,Salauddin Specialized Hospital Ltd.,Dhaka,,,,,,,,,,,,,,,,,,,,,
3429,Asst. Prof. Dr. G M Hafizur Rahman Hafiz,"['MBBS', 'BCS', 'MD']",NEPHROLOGIST,22,Salauddin Specialized Hospital Ltd.,Dhaka,,,,,,,,,,,,,,,,,,,,,
3430,Asst. Prof. Dr. Md. Monir Hossain,"['MBBS', 'DCH', 'MD', 'MD']",PEDIATRICIAN & NEONATOLOGIST,22,Salauddin Specialized Hospital Ltd.,Dhaka,,,,,,,,,,,,,,,,,,,,,
3431,Asst. Prof. Dr. Farid Ahmed Titu,"['MBBS', 'MD']",GASTROENTEROLOGIST,15,Salauddin Specialized Hospital Ltd.,Dhaka,,,,,,,,,,,,,,,,,,,,,
3432,Asst. Prof. Dr. Biplob Paul,"['MBBS', 'BCS', 'MD']",NEUROMEDICINE SPECIALIST,18,Salauddin Specialized Hospital Ltd.,Dhaka,,,,,,,,,,,,,,,,,,,,,
3433,Asst. Prof. Dr. Anower Israil,"['MBBS', 'BCS', 'MD']",NEUROMEDICINE SPECIALIST,17,Salauddin Specialized Hospital Ltd.,Dhaka,,,,,,,,,,,,,,,,,,,,,
3434,Dr. Chaion Singh,"['MBBS', 'FCPS', 'MD']",CARDIOLOGIST,15,Salauddin Specialized Hospital Ltd.,Dhaka,,,,,,,,,,,,,,,,,,,,,
3434,Dr. Chaion Singh,"['MBBS', 'FCPS', 'MD']",MEDICINE SPECIALIST,15,Salauddin Specialized Hospital Ltd.,Dhaka,,,,,,,,,,,,,,,,,,,,,
3435,Asso. Prof. Dr. Md. Abu Salim,"['MBBS', 'D -CARD', 'MD']",CARDIOLOGIST,24,Salauddin Specialized Hospital Ltd.,Dhaka,,,,,,,,,,,,,,,,,,,,,
3436,Prof. Dr. Md. Zahrul Huq,"['MBBS', 'MD', 'FCCP']",CARDIOLOGIST,25,Salauddin Specialized Hospital Ltd.,Dhaka,,,,,,,,,,,,,,,,,,,,,
3437,Asst. Prof. Dr. Kazi Shamim Ahmed,"['MBBS', 'FCPS']",MEDICINE SPECIALIST,17,Salauddin Specialized Hospital Ltd.,Dhaka,,,,,,,,,,,,,,,,,,,,,
3437,Asst. Prof. Dr. Kazi Shamim Ahmed,"['MBBS', 'FCPS']",DIABETES SPECIALIST,17,Salauddin Specialized Hospital Ltd.,Dhaka,,,,,,,,,,,,,,,,,,,,,
3438,Prof. Brig. Gen. Dr. Md. Abdul Alim,"['MBBS', 'FCPS', 'FACP', 'FRCP']",MEDICINE SPECIALIST,30,Salauddin Specialized Hospital Ltd.,Dhaka,,,,,,,,,,,,,,,,,,,,,
3439,Dr. Md. Shakhawat Hossain Shakil,"['MBBS', 'MS']",CARDIAC SURGEON,18,Hi-Care General Hospital Ltd.,Dhaka,,,,,,,,,,,,,,,,,,,,,
3440,Dr. Golam Haider Rasul,"['MBBS', 'FCPS']",CARDIAC SURGEON,20,Hi-Care General Hospital Ltd.,Dhaka,,,,,,,,,,,,,,,,,,,,,
3441,Asst. Prof. Dr. Z. U. Humayra,"['MBBS', 'FCPS']",PLASTIC SURGEON,16,Hi-Care General Hospital Ltd.,Dhaka,,,,,,,,,,,,,,,,,,,,,
3442,Prof. Dr. Shah Alam Talukder,"['MBBS', 'MS']",PEDIATRIC SURGEON,16,Hi-Care General Hospital Ltd.,Dhaka,,,,,,,,,,,,,,,,,,,,,
3443,Dr. Md. Shah Jalalur Rahman Shahi,"['MBBS', 'MCPS', 'FCPS']",ONCOLOGIST,26,Hi-Care General Hospital Ltd.,Dhaka,,,,,,,,,,,,,,,,,,,,,
3444,Dr. Mohammad Abdus Salam,"['MBBS', 'MS']",UROLOGIST,30,Hi-Care General Hospital Ltd.,Dhaka,,,,,,,,,,,,,,,,,,,,,
3445,Asst. Prof. Dr. Nazim Uddin Md. Arif,"['MBBS', 'MS']",UROLOGIST,20,Hi-Care General Hospital Ltd.,Dhaka,,,,,,,,,,,,,,,,,,,,,
3446,Asst. Prof. Dr. Md. Sumon Rana,"['MBBS', 'BCS', 'MS']",NEUROSURGEON,18,Hi-Care General Hospital Ltd.,Dhaka,,,,,,,,,,,,,,,,,,,,,
3447,Dr. Mohammad Rabiul Haque,"['MBBS', 'BCS', 'MS']",NEUROSURGEON,12,Hi-Care General Hospital Ltd.,Dhaka,,,,,,,,,,,,,,,,,,,,,
3448,Dr. Shahriar Islam Khan,"['MBBS', 'MS']",NEUROSURGEON,18,Hi-Care General Hospital Ltd.,Dhaka,,,,,,,,,,,,,,,,,,,,,
3449,Dr. Md. Shahnawas Biswas,"['MBBS', 'MS', 'BCS']",NEUROSURGEON,16,Hi-Care General Hospital Ltd.,Dhaka,,,,,,,,,,,,,,,,,,,,,
3450,Asst. Prof. Dr. Md. Humayun Rashid,"['MBBS', 'MS']",NEUROSURGEON,15,Hi-Care General Hospital Ltd.,Dhaka,,,,,,,,,,,,,,,,,,,,,
3451,Assoc. Prof. Dr. A T M Hasibul Hasan Parag,"['MBBS', 'MCPS', 'MD']",NEUROLOGIST,16,Ibn Sina Diagnostic & Consultation Centre | Uttara,Dhaka,,,,,,,,,,,,,,,,,,,,,
3452,Prof. Dr. Md. Moniruzzaman Bhuiyan,"['MBBS', 'MD']",NEUROLOGIST,17,Hi-Care General Hospital Ltd.,Dhaka,,,,,,,,,,,,,,,,,,,,,
3453,Dr. Nazimul Islam,"['MBBS', 'CCD', 'MPH']",DIABETOLOGIST,22,Hi-Care General Hospital Ltd.,Dhaka,,,,,,,,,,,,,,,,,,,,,
3454,Dr. Shohrab Hossain Sagor,"['MBBS', 'DCH']",PEDIATRICIAN & NEONATOLOGIST,19,Hi-Care General Hospital Ltd.,Dhaka,,,,,,,,,,,,,,,,,,,,,
3455,Dr. Moushumi Malakar,"['MBBS', 'MCPS']",OTOLARYNGOLOGISTS (ENT),22,Hi-Care General Hospital Ltd.,Dhaka,,,,,,,,,,,,,,,,,,,,,
3456,Dr. Tawfique Aziz,"['MBBS', 'MRCP', 'MS']",GASTROENTEROLOGIST,20,Hi-Care General Hospital Ltd.,Dhaka,,,,,,,,,,,,,,,,,,,,,
3456,Dr. Tawfique Aziz,"['MBBS', 'MRCP', 'MS']",MEDICINE SPECIALIST,20,Hi-Care General Hospital Ltd.,Dhaka,,,,,,,,,,,,,,,,,,,,,
3457,Dr. Abdus Salam Osmani,"['MBBS', 'BCS', 'CCD', 'MD']",MEDICINE SPECIALIST,20,Hi-Care General Hospital Ltd.,Dhaka,,,,,,,,,,,,,,,,,,,,,
3457,Dr. Abdus Salam Osmani,"['MBBS', 'BCS', 'CCD', 'MD']",NEPHROLOGIST,20,Hi-Care General Hospital Ltd.,Dhaka,,,,,,,,,,,,,,,,,,,,,
3457,Dr. Abdus Salam Osmani,"['MBBS', 'BCS', 'CCD', 'MD']",DIABETES SPECIALIST,20,Hi-Care General Hospital Ltd.,Dhaka,,,,,,,,,,,,,,,,,,,,,
3458,Dr. Mahmud Khan,"['MBBS', 'D-ORTHO']",ORTHOPEDIST,17,Hi-Care General Hospital Ltd.,Dhaka,,,,,,,,,,,,,,,,,,,,,
3459,Dr. Ashim Chandra Ghosh,"['MBBS', 'BCS', 'D-ORTHO']",ORTHOPEDIST,17,Hi-Care General Hospital Ltd.,Dhaka,,,,,,,,,,,,,,,,,,,,,
3460,Prof. Dr. D. M Mohiduzzaman Tony,"['MBBS', 'FCPS', 'MS', 'CCD']",GENERAL SURGEON,26,Hi-Care General Hospital Ltd.,Dhaka,,,,,,,,,,,,,,,,,,,,,
3460,Prof. Dr. D. M Mohiduzzaman Tony,"['MBBS', 'FCPS', 'MS', 'CCD']",COLORECTAL & LAPAROSCOPIC SURGEON,26,Hi-Care General Hospital Ltd.,Dhaka,,,,,,,,,,,,,,,,,,,,,
3461,Asso. Prof. Dr. Md.Ashraful Alam,"['MBBS', 'MPH', 'MCPS', 'FCPS', ' BSMMU', ' BIRDEM)']",GENERAL SURGEON,17,Hi-Care General Hospital Ltd.,Dhaka,,,,,,,,,,,,,,,,,,,,,
3461,Asso. Prof. Dr. Md.Ashraful Alam,"['MBBS', 'MPH', 'MCPS', 'FCPS', ' BSMMU', ' BIRDEM)']",LAPAROSCOPIC SURGEON,17,Hi-Care General Hospital Ltd.,Dhaka,,,,,,,,,,,,,,,,,,,,,
3462,Dr. Muhammad Mohiuddin,"['MBBS', 'BCS', 'MACP']",INTERVENTIONAL CARDIOLOGIST,23,Hi-Care General Hospital Ltd.,Dhaka,,,,,,,,,,,,,,,,,,,,,
3463,Dr. N.A Khan Imran,"['MBBS', 'FCGP', 'FRSH (UK)', 'CCD']",MEDICINE SPECIALIST,18,Hi-Care General Hospital Ltd.,Dhaka,,,,,,,,,,,,,,,,,,,,,
3463,Dr. N.A Khan Imran,"['MBBS', 'FCGP', 'FRSH (UK)', 'CCD']",DIABETES SPECIALIST,18,Hi-Care General Hospital Ltd.,Dhaka,,,,,,,,,,,,,,,,,,,,,
3464,Dr. Minhaj Arefin,"['MBBS', 'BCS', 'CCD', 'FCPS', 'MD']",DIABETES SPECIALIST,16,Hi-Care General Hospital Ltd.,Dhaka,,,,,,,,,,,,,,,,,,,,,
3464,Dr. Minhaj Arefin,"['MBBS', 'BCS', 'CCD', 'FCPS', 'MD']",MEDICINE SPECIALIST,16,Hi-Care General Hospital Ltd.,Dhaka,,,,,,,,,,,,,,,,,,,,,
3464,Dr. Minhaj Arefin,"['MBBS', 'BCS', 'CCD', 'FCPS', 'MD']",CARDIOLOGIST,16,Hi-Care General Hospital Ltd.,Dhaka,,,,,,,,,,,,,,,,,,,,,
3465,Dr. Nahid Hassan,"['MBBS', 'BCS', 'MCPS', 'MACP']",MEDICINE SPECIALIST,13,Hi-Care General Hospital Ltd.,Dhaka,,,,,,,,,,,,,,,,,,,,,
3465,Dr. Nahid Hassan,"['MBBS', 'BCS', 'MCPS', 'MACP']",DIABETES SPECIALIST,13,Hi-Care General Hospital Ltd.,Dhaka,,,,,,,,,,,,,,,,,,,,,
3466,Dr. Momena Khatun Rosy,"['MBBS', 'CCD', 'MS']",GYNECOLOGIST & OBSTETRICIAN,15,Hi-Care General Hospital Ltd.,Dhaka,,,,,,,,,,,,,,,,,,,,,
3466,Dr. Momena Khatun Rosy,"['MBBS', 'CCD', 'MS']",INFERTILITY SPECIALIST,15,Hi-Care General Hospital Ltd.,Dhaka,,,,,,,,,,,,,,,,,,,,,
3467,Assoc. Prof. Dr. Shilpi Shaha,"['MBBS', 'FCPS']",GYNECOLOGIST & OBSTETRICIAN,20,Hi-Care General Hospital Ltd.,Dhaka,,,,,,,,,,,,,,,,,,,,,
3468,Asst. Prof. Dr. Aklima Akhter,"['MBBS', 'BCS', 'MPH', 'FCPS']",GYNECOLOGIST & OBSTETRICIAN,18,Hi-Care General Hospital Ltd.,Dhaka,,,,,,,,,,,,,,,,,,,,,
3469,Dr. Rubina Akhtar,"['MBBS', 'BCS', 'FCPS', 'MS']",GYNECOLOGISTS,17,Hi-Care General Hospital Ltd.,Dhaka,,,,,,,,,,,,,,,,,,,,,
3469,Dr. Rubina Akhtar,"['MBBS', 'BCS', 'FCPS', 'MS']",INFERTILITY SPECIALIST,17,Hi-Care General Hospital Ltd.,Dhaka,,,,,,,,,,,,,,,,,,,,,
3470,Assoc. Prof. Dr. Rima Afroz Alia,"['MBBS', 'FCPS']",PEDIATRICIAN & NEONATOLOGIST,25,Hi-Care General Hospital Ltd.,Dhaka,,,,,,,,,,,,,,,,,,,,,
3471,Dr. Md. Rashedul Alam,"['MBBS', 'BCS', 'MS', 'FCPS', 'FACS (AMERICA)']",UROLOGIST,16,Padma Diagnostic Centre Ltd,Dhaka,,,,,,,,,,,,,,,,,,,,,
3472,Asst. Prof. Dr. Md. Safiul Alam Babul,"['MBBS', 'BCS', 'MS', 'URC (SINGAPORE)']",UROLOGIST,17,Padma Diagnostic Centre Ltd,Dhaka,,,,,,,,,,,,,,,,,,,,,
3473,Assoc. Prof. Dr. Mohammad Shamsul Ahsan Maksud,"['MBBS', 'MPH', 'FCPS', 'ECPS', 'FECSM', 'ICAP-I']",PSYCHIATRIST,15,Padma Diagnostic Centre Ltd,Dhaka,,,,,,,,,,,,,,,,,,,,,
3474,Dr. Taslima Sultana,"['MBBS', 'BCS', 'FCPS', 'MD']",PEDIATRICIAN & NEONATOLOGIST,10,Padma Diagnostic Centre Ltd,Dhaka,,,,,,,,,,,,,,,,,,,,,
3475,Asst. Prof. Dr. Rubaiyat Alam Ruba,"['MBBS', 'MD']",PEDIATRICIAN,16,Padma Diagnostic Centre Ltd,Dhaka,,,,,,,,,,,,,,,,,,,,,
3476,Assoc. Prof. Dr. Md. Mosharaf Hossain,"['MBBS', 'DCH']",PEDIATRICIAN,23,Padma Diagnostic Centre Ltd,Dhaka,,,,,,,,,,,,,,,,,,,,,
3477,Assoc. Prof. Dr. Md. Atiar Rahman,"['MBBS', 'FCPS', 'MD']",PEDIATRICIAN,16,Padma Diagnostic Centre Ltd,Dhaka,,,,,,,,,,,,,,,,,,,,,
3478,Dr. Md. Ishtiaque Ahmed Chayon,"['MBBS', 'BCS', 'MS']",ORTHOPEDIC SURGEON,16,Padma Diagnostic Centre Ltd,Dhaka,,,,,,,,,,,,,,,,,,,,,
3479,Dr. Md. Abdul Alim Khan,"['MBBS', 'BCS', 'D-ORTHO']",ORTHOPEDIC SURGEON,23,Padma Diagnostic Centre Ltd,Dhaka,,,,,,,,,,,,,,,,,,,,,
3480,Dr. K. M. Rafiqul Islam Shetu,"['MBBS', 'MRCS (ENGLAND)', 'FCPS', 'MS', 'PHD']",ORTHOPEDIC SURGEON,16,Padma Diagnostic Centre Ltd,Dhaka,,,,,,,,,,,,,,,,,,,,,
3481,Prof. Dr. A. A. Mohiuddin,"['MBBS', 'FCPS']",OPHTHALMOLOGIST,25,Padma Diagnostic Centre Ltd,Dhaka,,,,,,,,,,,,,,,,,,,,,
3482,Dr. Md. Shaiful Hassan Shameem,"['MBBS', 'BCS', 'MD']",ONCOLOGIST,17,Padma Diagnostic Centre Ltd,Dhaka,,,,,,,,,,,,,,,,,,,,,
3483,Prof. Dr. Haradhon Deb Nath,"['MBBS', 'MS']",NEUROSURGEON,26,Padma Diagnostic Centre Ltd,Dhaka,,,,,,,,,,,,,,,,,,,,,
3484,Asst. Prof. Dr. Rakib Hasan Mohammad,"['MBBS', 'BCS', 'BSMMU.']",NEUROLOGIST,17,Padma Diagnostic Centre Ltd,Dhaka,,,,,,,,,,,,,,,,,,,,,
3485,Prof. Dr. Murshed Baqui,"['MBBS', 'BCS', 'MD']",NEUROLOGIST,26,Padma Diagnostic Centre Ltd,Dhaka,,,,,,,,,,,,,,,,,,,,,
3486,Prof. Dr. A. K. Takib Uddin Ahmed,"['MBBS', 'MD']",NEUROLOGIST,17,Padma Diagnostic Centre Ltd,Dhaka,,,,,,,,,,,,,,,,,,,,,
3487,Asst. Prof. Dr. Md. Ehasun Uddin Khan,"['MBBS', 'BCS', 'MD']",NEPHROLOGIST,24,Padma Diagnostic Centre Ltd,Dhaka,,,,,,,,,,,,,,,,,,,,,
3488,Assoc. Prof. Dr. Nasir Ahmed,"['MBBS', 'MCPS', 'MD']",NEPHROLOGIST,24,Padma Diagnostic Centre Ltd,Dhaka,,,,,,,,,,,,,,,,,,,,,
3489,Prof. Dr. Mohammed Ishaque Majumder,"['MBBS', 'BCS', 'MCPS', 'MD']",MEDICINE SPECIALIST,26,Padma Diagnostic Centre Ltd,Dhaka,,,,,,,,,,,,,,,,,,,,,
3489,Prof. Dr. Mohammed Ishaque Majumder,"['MBBS', 'BCS', 'MCPS', 'MD']",DIABETOLOGIST,26,Padma Diagnostic Centre Ltd,Dhaka,,,,,,,,,,,,,,,,,,,,,
3489,Prof. Dr. Mohammed Ishaque Majumder,"['MBBS', 'BCS', 'MCPS', 'MD']",ENDOCRINOLOGIST,26,Padma Diagnostic Centre Ltd,Dhaka,,,,,,,,,,,,,,,,,,,,,
3490,Prof. Dr. Gobinda Chandra Banik,"['MBBS', 'FCPS', 'FSCP (USA)']",MEDICINE SPECIALIST,27,Padma Diagnostic Centre Ltd,Dhaka,,,,,,,,,,,,,,,,,,,,,
3491,Prof. Dr. Kaniz Moula,"['MBBS', 'FCPS']",MEDICINE SPECIALIST,24,Padma Diagnostic Centre Ltd,Dhaka,,,,,,,,,,,,,,,,,,,,,
3492,Assoc. Prof. Dr. Shamim Ahmed,"['MBBS', 'FCPS']",MEDICINE SPECIALIST,22,Padma Diagnostic Centre Ltd,Dhaka,,,,,,,,,,,,,,,,,,,,,
3492,Assoc. Prof. Dr. Shamim Ahmed,"['MBBS', 'FCPS']",RHEUMATOLOGIST,22,Padma Diagnostic Centre Ltd,Dhaka,,,,,,,,,,,,,,,,,,,,,
3493,Prof. Dr. Md. Jalilur Rahman,"['MBBS', 'MPH', 'FCPS', 'FRCP', 'FRCP']",HEMATOLOGIST,28,Padma Diagnostic Centre Ltd,Dhaka,,,,,,,,,,,,,,,,,,,,,
3494,Asst. prof. Dr. Rokeya Ferdousi,"['MBBS', 'DGO', 'FCPS']",GYNECOLOGISTS,22,Padma Diagnostic Centre Ltd,Dhaka,,,,,,,,,,,,,,,,,,,,,
3495,Assoc. Prof. Dr. Nasrin Sultana,"['MBBS', 'FCPS']",GYNECOLOGIST & OBSTETRICIAN,20,Padma Diagnostic Centre Ltd,Dhaka,,,,,,,,,,,,,,,,,,,,,
3496,Assoc. Prof. Dr. Juthi Bhowmik,"['MBBS', 'FCPS', 'FCPS']",GYNECOLOGIST & OBSTETRICIAN,24,Padma Diagnostic Centre Ltd,Dhaka,,,,,,,,,,,,,,,,,,,,,
3496,Assoc. Prof. Dr. Juthi Bhowmik,"['MBBS', 'FCPS', 'FCPS']",INFERTILITY SPECIALIST,24,Padma Diagnostic Centre Ltd,Dhaka,,,,,,,,,,,,,,,,,,,,,
3497,Prof. Dr. Shamima Sultana,"['MBBS', 'DGO', 'MCPS', 'FCPS']",GYNECOLOGIST & OBSTETRICIAN,22,Padma Diagnostic Centre Ltd,Dhaka,,,,,,,,,,,,,,,,,,,,,
3498,Prof. Dr. Samsad Jahan Shelly,"['MBBS', 'MS']",GYNECOLOGIST & OBSTETRICIAN,26,Padma Diagnostic Centre Ltd,Dhaka,,,,,,,,,,,,,,,,,,,,,
3499,Dr. Dewan Abdul Hakim,['MBBS'],INTERNAL MEDICINE,20,Padma Diagnostic Centre Ltd,Dhaka,,,,,,,,,,,,,,,,,,,,,
3500,Dr. Md. Nahid Reza,"['MBBS', 'BCS', 'MS']",GENERAL SURGEON,15,Padma Diagnostic Centre Ltd,Dhaka,,,,,,,,,,,,,,,,,,,,,
3500,Dr. Md. Nahid Reza,"['MBBS', 'BCS', 'MS']",COLORECTAL & LAPAROSCOPIC SURGEON,15,Padma Diagnostic Centre Ltd,Dhaka,,,,,,,,,,,,,,,,,,,,,
3501,Dr. Mohammad Salim,"['MBBS', 'FCPS', 'MS']",GENERAL SURGEON,15,Padma Diagnostic Centre Ltd,Dhaka,,,,,,,,,,,,,,,,,,,,,
3501,Dr. Mohammad Salim,"['MBBS', 'FCPS', 'MS']",COLORECTAL & LAPAROSCOPIC SURGEON,15,Padma Diagnostic Centre Ltd,Dhaka,,,,,,,,,,,,,,,,,,,,,
3502,Asst. Prof. Dr. Ahmed Sami-Al-Hasan,"['MBBS', 'BCS', 'FCPS', 'MRCS (ENGLAND)']",GENERAL SURGEON,18,Padma Diagnostic Centre Ltd,Dhaka,,,,,,,,,,,,,,,,,,,,,
3502,Asst. Prof. Dr. Ahmed Sami-Al-Hasan,"['MBBS', 'BCS', 'FCPS', 'MRCS (ENGLAND)']",COLORECTAL & LAPAROSCOPIC SURGEON,18,Padma Diagnostic Centre Ltd,Dhaka,,,,,,,,,,,,,,,,,,,,,
3503,Asst. Prof. Dr. Gobinda Gain,"['MBBS', 'BCS', 'FCPS', 'MCPS', 'MD']",GASTROENTEROLOGIST,17,Padma Diagnostic Centre Ltd,Dhaka,,,,,,,,,,,,,,,,,,,,,
3503,Asst. Prof. Dr. Gobinda Gain,"['MBBS', 'BCS', 'FCPS', 'MCPS', 'MD']",MEDICINE SPECIALIST,17,Padma Diagnostic Centre Ltd,Dhaka,,,,,,,,,,,,,,,,,,,,,
3504,Assoc. Prof. Dr. Mohammad Moin Shahid,"['MBBS', 'DEM']",ENDOCRINOLOGIST,21,Padma Diagnostic Centre Ltd,Dhaka,,,,,,,,,,,,,,,,,,,,,
3504,Assoc. Prof. Dr. Mohammad Moin Shahid,"['MBBS', 'DEM']",DIABETOLOGIST,21,Padma Diagnostic Centre Ltd,Dhaka,,,,,,,,,,,,,,,,,,,,,
3505,Dr. Abu Nesar Taib,"['MBBS', 'DEM']",ENDOCRINOLOGIST,20,Padma Diagnostic Centre Ltd,Dhaka,,,,,,,,,,,,,,,,,,,,,
3506,Assoc. Prof. Dr. Ashim Kumar Biswas,"['MBBS', 'MS', 'FCPS']",OTOLARYNGOLOGISTS (ENT),20,Padma Diagnostic Centre Ltd,Dhaka,,,,,,,,,,,,,,,,,,,,,
3507,Dr. Khaleda Khatun,"['MS', 'MPH']",NUTRITIONIST,19,Padma Diagnostic Centre Ltd,Dhaka,,,,,,,,,,,,,,,,,,,,,
3508,Dr. Sharmin Chowdhury Rupa,"['MBBS', 'CCD', 'MCCEE (CANADA)', 'MRCP']",DIABETOLOGIST,15,Padma Diagnostic Centre Ltd,Dhaka,,,,,,,,,,,,,,,,,,,,,
3509,Dr. Farruk Shahin Rozy,"['MBBS', 'CCD']",DIABETES SPECIALIST,17,Padma Diagnostic Centre Ltd,Dhaka,,,,,,,,,,,,,,,,,,,,,
3510,Asst. Prof. Dr. Kaniz Shahali Reza Snigdha,"['MBBS', 'FCPS', 'MCPS']",DERMATOLOGIST,17,Padma Diagnostic Centre Ltd,Dhaka,,,,,,,,,,,,,,,,,,,,,
3511,Prof. Dr. A.K.M. Shariful Islam,"['MBBS', 'DCM', 'DDV']",DERMATOLOGIST,27,Padma Diagnostic Centre Ltd,Dhaka,,,,,,,,,,,,,,,,,,,,,
3512,Prof. Dr. S. M. Lutfor Rahman,"['MBBS', 'BCS', 'FCPS']",PULMONOLOGIST,26,Popular Diagnostic Centre Ltd. | Badda,Dhaka,,,,,,,,,,,,,,,,,,,,,
3512,Prof. Dr. S. M. Lutfor Rahman,"['MBBS', 'BCS', 'FCPS']",RESPIRATORY SPECIALIST,26,Popular Diagnostic Centre Ltd. | Badda,Dhaka,,,,,,,,,,,,,,,,,,,,,
3513,Dr. Porimol Kumar Das,"['MBBS', 'MD', 'BSMMU']",PEDIATRIC CARDIOLOGIST,17,Padma Diagnostic Centre Ltd,Dhaka,,,,,,,,,,,,,,,,,,,,,
3514,Dr. Mohammad Atikur Rahman,"['MBBS', 'BCS', 'MD']",INTERVENTIONAL CARDIOLOGIST,16,Padma Diagnostic Centre Ltd,Dhaka,,,,,,,,,,,,,,,,,,,,,
3515,Dr. Md. Rowsan Masud,"['MBBS', 'D-CARD']",CARDIOLOGIST,16,Padma Diagnostic Centre Ltd,Dhaka,,,,,,,,,,,,,,,,,,,,,
3516,Dr. Sohel Mahmud,"['MBBS', 'CCD', 'MD']",CARDIOLOGIST,17,Padma Diagnostic Centre Ltd,Dhaka,,,,,,,,,,,,,,,,,,,,,
3517,Assoc. Prof. Dr. U. H Nasera Begum,"['MBBS', 'D-CARD']",CARDIOLOGIST,19,Rainbow Heart Ltd. Diagnostic Center,Dhaka,,,,,,,,,,,,,,,,,,,,,
3517,Assoc. Prof. Dr. U. H Nasera Begum,"['MBBS', 'D-CARD']",MEDICINE SPECIALIST,19,Rainbow Heart Ltd. Diagnostic Center,Dhaka,,,,,,,,,,,,,,,,,,,,,
3518,Dr. Sanjay Chatterjee,['MBBS'],PEDIATRICIAN,15,Dhanmondi Diagnostic & Consultation Center,Dhaka,,,,,,,,,,,,,,,,,,,,,
3519,Asst. Prof. Dr. A.F.M. Saidur Rahman,"['MBBS', 'FCPS', 'D-CARD']",CARDIOLOGIST,20,Rainbow Heart Ltd. Diagnostic Center,Dhaka,,,,,,,,,,,,,,,,,,,,,
3519,Asst. Prof. Dr. A.F.M. Saidur Rahman,"['MBBS', 'FCPS', 'D-CARD']",MEDICINE SPECIALIST,20,Rainbow Heart Ltd. Diagnostic Center,Dhaka,,,,,,,,,,,,,,,,,,,,,
3520,Prof. Dr. Nasir Uddin Ahmed,"['MBBS', 'MS', 'FICS (USA)']",CARDIOTHORACIC AND VASCULAR SURGEON,26,Rainbow Heart Ltd. Diagnostic Center,Dhaka,,,,,,,,,,,,,,,,,,,,,
3521,Dr. Kazi Mostafa Sarwar,"['MBBS', 'DTCD', 'DTCE (JAPAN)']",MEDICINE SPECIALIST,16,Rainbow Heart Ltd. Diagnostic Center,Dhaka,,,,,,,,,,,,,,,,,,,,,
3521,Dr. Kazi Mostafa Sarwar,"['MBBS', 'DTCD', 'DTCE (JAPAN)']",PULMONOLOGIST,16,Rainbow Heart Ltd. Diagnostic Center,Dhaka,,,,,,,,,,,,,,,,,,,,,
3522,Dr. Abu Saleh Ahmed,"['MBBS', 'FCPS', 'MD']",NEPHROLOGIST,16,Rainbow Heart Ltd. Diagnostic Center,Dhaka,,,,,,,,,,,,,,,,,,,,,
3522,Dr. Abu Saleh Ahmed,"['MBBS', 'FCPS', 'MD']",MEDICINE SPECIALIST,16,Rainbow Heart Ltd. Diagnostic Center,Dhaka,,,,,,,,,,,,,,,,,,,,,
3523,Dr. Hasan Khalid Md. Munir,"['MBBS', 'D-ORTHO']",ORTHOPEDIC SURGEON,14,Rainbow Heart Ltd. Diagnostic Center,Dhaka,,,,,,,,,,,,,,,,,,,,,
3524,Dr. Nadeem Ahmed,"['MBBS', 'MS']",GENERAL SURGEON,17,Pan Pacific Hospital Ltd.,Dhaka,,,,,,,,,,,,,,,,,,,,,
3524,Dr. Nadeem Ahmed,"['MBBS', 'MS']",LAPAROSCOPIC SURGEON,17,Pan Pacific Hospital Ltd.,Dhaka,,,,,,,,,,,,,,,,,,,,,
3525,Prof. Dr. Rashid-E-Mahbub,"['MBBS', 'FCPS']",GENERAL SURGEON,16,Pan Pacific Hospital Ltd.,Dhaka,,,,,,,,,,,,,,,,,,,,,
3526,Dr. Ferdous Mahmud Faisal,"['MBBS', 'BCS']",UROLOGIST,20,Pan Pacific Hospital Ltd.,Dhaka,,,,,,,,,,,,,,,,,,,,,
3527,Prof. Dr. Masud Iqbal,['MBBS'],NEPHROLOGIST,25,Pan Pacific Hospital Ltd.,Dhaka,,,,,,,,,,,,,,,,,,,,,
3528,Prof. Dr. Swapan Bandyopadhyay,"['MBBS', 'MD', 'M', 'M.PHIL']",RADIOLOGIST,27,Pan Pacific Hospital Ltd.,Dhaka,,,,,,,,,,,,,,,,,,,,,
3529,Prof. Md. Mokhles Uddin,"['MBBS', 'FCPS']",RADIOLOGIST,28,Pan Pacific Hospital Ltd.,Dhaka,,,,,,,,,,,,,,,,,,,,,
3530,Prof. Dr. Abu Nasir Rizvi,"['MBBS', 'MD']",NEUROLOGIST,27,Comfort Diagnostic Center (Pvt.) Ltd | Dhanmondi,Dhaka,,,,,,,,,,,,,,,,,,,,,
3531,Dr. Abdul Kaium Chowdhury,"['MBBS', 'DDV']",DERMATOLOGIST,18,Pan Pacific Hospital Ltd.,Dhaka,,,,,,,,,,,,,,,,,,,,,
3532,Prof. Dr. Md. Jahangir Alom,"['MBBS', 'DCH', 'MCPS', 'FCPS']",PEDIATRICIAN,25,Pan Pacific Hospital Ltd.,Dhaka,,,,,,,,,,,,,,,,,,,,,
3533,Dr. Md. Shahjahan,['MBBS'],ORTHOPEDIC SURGEON,15,Pan Pacific Hospital Ltd.,Dhaka,,,,,,,,,,,,,,,,,,,,,
3534,Dr. Md. Shah Jalal,['MBBS'],ORTHOPEDIC SURGEON,17,Pan Pacific Hospital Ltd.,Dhaka,,,,,,,,,,,,,,,,,,,,,
3535,Dr. B. K. Biswas,"['MBBS', 'DTCD', 'ACCP']",RESPIRATORY SPECIALIST,19,Pan Pacific Hospital Ltd.,Dhaka,,,,,,,,,,,,,,,,,,,,,
3536,Dr. M. A. Kabir,"['MBBS', 'FCPS']",MEDICINE SPECIALIST,17,Pan Pacific Hospital Ltd.,Dhaka,,,,,,,,,,,,,,,,,,,,,
3536,Dr. M. A. Kabir,"['MBBS', 'FCPS']",DIABETOLOGIST,17,Pan Pacific Hospital Ltd.,Dhaka,,,,,,,,,,,,,,,,,,,,,
3537,Dr. Abhijit Pandit,"['MBBS', 'BCS', 'FCPS']",MEDICINE SPECIALIST,18,Pan Pacific Hospital Ltd.,Dhaka,,,,,,,,,,,,,,,,,,,,,
3538,Dr. A. K. M Aminul Haque,"['MBBS', 'MRCP']",MEDICINE SPECIALIST,19,Pan Pacific Hospital Ltd.,Dhaka,,,,,,,,,,,,,,,,,,,,,
3539,Dr. Aminul Hoque,"['MBBS', 'FCPS']",MEDICINE SPECIALIST,16,Pan Pacific Hospital Ltd.,Dhaka,,,,,,,,,,,,,,,,,,,,,
3540,Dr. Md. Mazharul Shahin,"['MBBS', 'FCPS', 'MS']",OTOLARYNGOLOGISTS (ENT),17,Pan Pacific Hospital Ltd.,Dhaka,,,,,,,,,,,,,,,,,,,,,
3541,Dr. Khondaker Mobasher Ahmed,"['MBBS', 'BCS', 'FCPS', 'MD', ' LIVER & DIGESTIVE SYSTEM)']",PEDIATRIC GASTROENTEROLOGIST,17,Pan Pacific Hospital Ltd.,Dhaka,,,,,,,,,,,,,,,,,,,,,
3542,Dr. Abdul Qayum Chowdhury,"['MBBS', 'DVD (DHAKA)', 'M-DERM (INDIA)']",DERMATOLOGIST,14,Pan Pacific Hospital Ltd.,Dhaka,,,,,,,,,,,,,,,,,,,,,
3543,Asst. Prof. Dr. Ashraful Alam,"['MBBS', 'D-CARD', 'BCS']",CARDIOLOGIST,18,Pan Pacific Hospital Ltd.,Dhaka,,,,,,,,,,,,,,,,,,,,,
3544,Assoc. Prof. Dr. Mustafizur Aziz Jami,"['MBBS', 'MCPS', 'MD', 'EP FELLOW (USA)']",CARDIOLOGIST,20,Pan Pacific Hospital Ltd.,Dhaka,,,,,,,,,,,,,,,,,,,,,
3544,Assoc. Prof. Dr. Mustafizur Aziz Jami,"['MBBS', 'MCPS', 'MD', 'EP FELLOW (USA)']",MEDICINE SPECIALIST,20,Pan Pacific Hospital Ltd.,Dhaka,,,,,,,,,,,,,,,,,,,,,
3545,Dr. Md. Shahidul Islam Rinku,"['MBBS', 'BCS', 'D-ORTHO']",ORTHOPEDIC SURGEON,18,Pan Pacific Hospital Ltd.,Dhaka,,,,,,,,,,,,,,,,,,,,,
3546,Asst. Prof. Dr. Md. Royes Uddin,"['MBBS', 'FCPS', 'MCPS', 'MD']",GASTROENTEROLOGIST,18,Pan Pacific Hospital Ltd.,Dhaka,,,,,,,,,,,,,,,,,,,,,
3546,Asst. Prof. Dr. Md. Royes Uddin,"['MBBS', 'FCPS', 'MCPS', 'MD']",MEDICINE SPECIALIST,18,Pan Pacific Hospital Ltd.,Dhaka,,,,,,,,,,,,,,,,,,,,,
3546,Asst. Prof. Dr. Md. Royes Uddin,"['MBBS', 'FCPS', 'MCPS', 'MD']",HEPATOLOGIST,18,Pan Pacific Hospital Ltd.,Dhaka,,,,,,,,,,,,,,,,,,,,,
3547,Prof. Dr. Masud Iqbal,"['MBBS', 'MD']",NEPHROLOGIST,25,Pan Pacific Hospital Ltd.,Dhaka,,,,,,,,,,,,,,,,,,,,,
3548,Prof. Dr. Swapan Kumar Bandyopadhay,"['MBBS', 'MD', 'MPH']",ONCOLOGIST,25,Pan Pacific Hospital Ltd.,Dhaka,,,,,,,,,,,,,,,,,,,,,
3549,Prof. Dr. Md. Mokles Uddin,"['MBBS', 'FCPS']",ONCOLOGIST,27,Pan Pacific Hospital Ltd.,Dhaka,,,,,,,,,,,,,,,,,,,,,
3550,Dr. Bilkis Begum,"['MBBS', 'BCS', 'MCPS']",GYNECOLOGIST & OBSTETRICIAN,28,Pan Pacific Hospital Ltd.,Dhaka,,,,,,,,,,,,,,,,,,,,,
3551,Prof. Dr. Md. Mazharul Shaheen,"['MBBS', 'FCPS', 'MS', 'MMED']",OTOLARYNGOLOGISTS (ENT),27,Pan Pacific Hospital Ltd.,Dhaka,,,,,,,,,,,,,,,,,,,,,
3552,Prof. Dr. BK Biswas,"['MBBS', 'DTCD (BSMMU)', 'DTCE (JAPAN)', 'FCCP', 'MPH']",CHEST SPECIALIST,22,Pan Pacific Hospital Ltd.,Dhaka,,,,,,,,,,,,,,,,,,,,,
3553,Prof. Dr. Md. Asadul Kabir,"['MBBS', 'FCPS']",MEDICINE SPECIALIST,27,Pan Pacific Hospital Ltd.,Dhaka,,,,,,,,,,,,,,,,,,,,,
3553,Prof. Dr. Md. Asadul Kabir,"['MBBS', 'FCPS']",DIABETOLOGIST,27,Pan Pacific Hospital Ltd.,Dhaka,,,,,,,,,,,,,,,,,,,,,
3554,Asst. Prof. Dr. Md. Nazmul Huda,"['MBBS', 'BCS', 'FCPS', 'MS']",ORTHOPEDIC SURGEON,18,Pan Pacific Hospital Ltd.,Dhaka,,,,,,,,,,,,,,,,,,,,,
3555,Prof. Dr. Sariya Tasnim,"['MBBS', 'FCPS', 'MS', 'M. ED. (ENGLAND). DIPLOMA IN EPIDEMIOLOGY (ENGLAND)']",GYNECOLOGISTS,18,Pan Pacific Hospital Ltd.,Dhaka,,,,,,,,,,,,,,,,,,,,,
3555,Prof. Dr. Sariya Tasnim,"['MBBS', 'FCPS', 'MS', 'M. ED. (ENGLAND). DIPLOMA IN EPIDEMIOLOGY (ENGLAND)']",INFERTILITY SPECIALIST,18,Pan Pacific Hospital Ltd.,Dhaka,,,,,,,,,,,,,,,,,,,,,
3556,Asst. Prof. Dr. Mohammad Fakhrul Islam,"['MBBS', 'BCS', 'MD']",NEUROMEDICINE SPECIALIST,18,Pan Pacific Hospital Ltd.,Dhaka,,,,,,,,,,,,,,,,,,,,,
3557,Dr. Dilara Kabir,"['MBBS', 'MD', 'FCPGS (GYNAE & OBS)']",INFERTILITY SPECIALIST,17,Pan Pacific Hospital Ltd.,Dhaka,,,,,,,,,,,,,,,,,,,,,
3557,Dr. Dilara Kabir,"['MBBS', 'MD', 'FCPGS (GYNAE & OBS)']",GYNECOLOGIST & OBSTETRICIAN,17,Pan Pacific Hospital Ltd.,Dhaka,,,,,,,,,,,,,,,,,,,,,
3558,Prof. Dr. A.K.M. Aminul Haque,"['MBBS', 'MRCP', 'MRCP', 'FRCP']",MEDICINE SPECIALIST,27,Pan Pacific Hospital Ltd.,Dhaka,,,,,,,,,,,,,,,,,,,,,
3559,Prof. Dr. Tapan Kumar Saha,"['MBBS', 'FCPS', 'FELLOW (MIS).']",GENERAL SURGEON,26,Pan Pacific Hospital Ltd.,Dhaka,,,,,,,,,,,,,,,,,,,,,
3559,Prof. Dr. Tapan Kumar Saha,"['MBBS', 'FCPS', 'FELLOW (MIS).']",LAPAROSCOPIC SURGEON,26,Pan Pacific Hospital Ltd.,Dhaka,,,,,,,,,,,,,,,,,,,,,
3560,Dr. Md. Shahjahan,"['MBBS', 'D-ORTHO']",ORTHOPEDIC SURGEON,19,Pan Pacific Hospital Ltd.,Dhaka,,,,,,,,,,,,,,,,,,,,,
3561,Dr. Md. Ruhul Amin Molla Chayan,"['MBBS', 'MS']",ORTHOPEDIST,19,Pan Pacific Hospital Ltd.,Dhaka,,,,,,,,,,,,,,,,,,,,,
3562,Dr. Nadim Ahmed,"['MBBS', 'MS', 'FMAS.']",GENERAL SURGEON,18,Pan Pacific Hospital Ltd.,Dhaka,,,,,,,,,,,,,,,,,,,,,
3562,Dr. Nadim Ahmed,"['MBBS', 'MS', 'FMAS.']",COLORECTAL & LAPAROSCOPIC SURGEON,18,Pan Pacific Hospital Ltd.,Dhaka,,,,,,,,,,,,,,,,,,,,,
3563,Dr. Sayefa Lubna Mili,"['MBBS', 'FCPS']",PEDIATRICIAN,15,Pan Pacific Hospital Ltd.,Dhaka,,,,,,,,,,,,,,,,,,,,,
3564,Assoc. Prof. Dr. Sheikh Azimul Hoque,"['MBBS', 'MD']",PEDIATRICIAN,20,Pan Pacific Hospital Ltd.,Dhaka,,,,,,,,,,,,,,,,,,,,,
3565,DR. M.A. Azad,['MBBS'],ORTHOPEDIST,17,Better Life Hospital,Dhaka,,,,,,,,,,,,,,,,,,,,,
3566,Dr. Mostafa Hasan Rajib,"['MBBS', 'MD']",DIABETOLOGIST,15,Better Life Hospital,Dhaka,,,,,,,,,,,,,,,,,,,,,
3566,Dr. Mostafa Hasan Rajib,"['MBBS', 'MD']",ENDOCRINOLOGIST,15,Better Life Hospital,Dhaka,,,,,,,,,,,,,,,,,,,,,
3567,Dr. M Farhad,"['MBBS', 'BCS', 'MCPS', 'MD']",MEDICINE SPECIALIST,12,Better Life Hospital,Dhaka,,,,,,,,,,,,,,,,,,,,,
3568,Dr. Sheikh Shamsuzzaman Shuvo,"['MBBS', 'BCS', 'MD']",RESPIRATORY SPECIALIST,15,Better Life Hospital,Dhaka,,,,,,,,,,,,,,,,,,,,,
3569,Dr. Md. Sirajul Islam Bhuiyan,"['MBBS', 'BCS', 'DCH']",PEDIATRICIAN,16,Better Life Hospital,Dhaka,,,,,,,,,,,,,,,,,,,,,
3570,Dr. Md. Wahiduzzaman Akanda,"['MBBS', 'DTCD', 'DTCE (JAPAN)', 'MRIT (JAPAN)']",RESPIRATORY SPECIALIST,18,Better Life Hospital,Dhaka,,,,,,,,,,,,,,,,,,,,,
3571,Dr. Md. Abdus Satter Chowdhury,"['MBBS', 'MS']",ORTHOPEDIST,18,Better Life Hospital,Dhaka,,,,,,,,,,,,,,,,,,,,,
3572,Asst. Prof. Dr. Md. Mobaraque Hossain Khan,"['MBBS', 'MS']",ORTHOPEDIC SURGEON,18,Better Life Hospital,Dhaka,,,,,,,,,,,,,,,,,,,,,
3573,Dr. Mohammad Anisur Rahman,"['MBBS', 'MD']",PAIN MANAGEMENT SPECIALIST,15,Better Life Hospital,Dhaka,,,,,,,,,,,,,,,,,,,,,
3574,Dr. Md. Shahriar Kabir,"['MBBS', 'MS']",NEUROSURGEON,17,Better Life Hospital,Dhaka,,,,,,,,,,,,,,,,,,,,,
3575,Dr. Saiful Islam,"['MBBS', 'MPH']",GENERAL PHYSICIAN,15,Better Life Hospital,Dhaka,,,,,,,,,,,,,,,,,,,,,
3576,Dr. M. M. Rahman,"['MBBS', 'DIP – E. MED (RSA)', 'FRACGP (AUSTRALIA)']",GENERAL PHYSICIAN,17,Better Life Hospital,Dhaka,,,,,,,,,,,,,,,,,,,,,
3577,Assoc. Prof. Dr. Syeda Tabassum Alam,"['MBBS', 'BCS', 'DCH', 'FCPS', 'MD']",PEDIATRIC NEUROLOGIST,20,Central Hospital Limited,Dhaka,,,,,,,,,,,,,,,,,,,,,
3578,Dr. Md. Humayun Kabir PT,"['BSPT', 'MD', 'MD', 'PHD']",PHYSIOTHERAPIST,18,Better Life Hospital,Dhaka,,,,,,,,,,,,,,,,,,,,,
3579,Dr. Md. Arif Uddin Khan,"['MBBS', 'BCS', 'FCPS']",GENERAL SURGEON,18,Better Life Hospital,Dhaka,,,,,,,,,,,,,,,,,,,,,
3579,Dr. Md. Arif Uddin Khan,"['MBBS', 'BCS', 'FCPS']",LAPAROSCOPIC SURGEON,18,Better Life Hospital,Dhaka,,,,,,,,,,,,,,,,,,,,,
3580,Asst. Prof. Dr. Mohammad Moshiur Rahman Rubel,"['MBBS', 'FCPS', 'MRCS (LONDON)', 'FICS (AMERICA)', 'MRCP', ' ENGLAND)']",GENERAL SURGEON,17,Better Life Hospital,Dhaka,,,,,,,,,,,,,,,,,,,,,
3580,Asst. Prof. Dr. Mohammad Moshiur Rahman Rubel,"['MBBS', 'FCPS', 'MRCS (LONDON)', 'FICS (AMERICA)', 'MRCP', ' ENGLAND)']",LAPAROSCOPIC SURGEON,17,Better Life Hospital,Dhaka,,,,,,,,,,,,,,,,,,,,,
3581,Asst. Prof. Dr. K.M Reza- Ul –Haq,"['MBBS', 'FCPS']",OTOLARYNGOLOGISTS (ENT),17,Better Life Hospital,Dhaka,,,,,,,,,,,,,,,,,,,,,
3582,Dr. Ahsanul Karim,['MBBS'],PEDIATRICIAN,10,Better Life Hospital,Dhaka,,,,,,,,,,,,,,,,,,,,,
3583,Dr. Motahhara Afrin,"['MBBS', 'DCH', ' BSMMU)']",PEDIATRICIAN,13,Better Life Hospital,Dhaka,,,,,,,,,,,,,,,,,,,,,
3584,Dr. Md. Mahbubur Rahman,"['MBBS', 'MRCP']",MEDICINE SPECIALIST,16,Better Life Hospital,Dhaka,,,,,,,,,,,,,,,,,,,,,
3585,Dr. Israt Jahan Shimu,"['MBBS', 'BCS', 'MD']",CARDIOLOGIST,13,Better Life Hospital,Dhaka,,,,,,,,,,,,,,,,,,,,,
3586,Dr. Mousumi Saynal,"['MBBS', 'MRCP', 'FCPS']",MEDICINE SPECIALIST,26,Better Life Hospital,Dhaka,,,,,,,,,,,,,,,,,,,,,
3587,Dr. Sharmin Jahan Quader,"['MBBS', 'PGFEM (GWU-USA)', 'FCCM (IBMS-USA)', 'FICM', 'BCCPM (WHO)']",CRITICAL CARE SPECIALIST,17,Better Life Hospital,Dhaka,,,,,,,,,,,,,,,,,,,,,
3588,Dr. Sheikh Munir Hussain,"['MBBS', 'PGFEM (GWU-USA)', 'FCCM (IBMS-USA)', 'FICM', 'BCCPM (WHO)']",CRITICAL CARE SPECIALIST,13,Better Life Hospital,Dhaka,,,,,,,,,,,,,,,,,,,,,
3589,Assoc. Prof. Dr. Shafiuddin Mahmood Hussain,"['MBBS', 'DTCD (DU)', 'MS', ' LONDON)']",GASTROENTEROLOGIST,18,Better Life Hospital,Dhaka,,,,,,,,,,,,,,,,,,,,,
3590,Dr. Mohammad Sajjad Hossain,"['MBBS', 'MRCP']",MEDICINE SPECIALIST,15,Better Life Hospital,Dhaka,,,,,,,,,,,,,,,,,,,,,
3590,Dr. Mohammad Sajjad Hossain,"['MBBS', 'MRCP']",ONCOLOGIST,15,Better Life Hospital,Dhaka,,,,,,,,,,,,,,,,,,,,,
3591,Dr. Shamima Amir Sumi,"['MBBS', 'BCS', 'FCPS']",GYNECOLOGIST & OBSTETRICIAN,15,Better Life Hospital,Dhaka,,,,,,,,,,,,,,,,,,,,,
3592,Dr. Faryal Mustary,"['MBBS', 'MS']",GYNECOLOGIST & OBSTETRICIAN,13,Better Life Hospital,Dhaka,,,,,,,,,,,,,,,,,,,,,
3593,Dr. Saila Sermin,"['MBBS', 'FCPS', 'PGT', 'FMD']",GYNECOLOGIST & OBSTETRICIAN,15,Better Life Hospital,Dhaka,,,,,,,,,,,,,,,,,,,,,
3594,Asst. Prof. Dr. Farhana Haque Choudhury,"['MBBS', 'FCPS']",GYNECOLOGIST & OBSTETRICIAN,18,Better Life Hospital,Dhaka,,,,,,,,,,,,,,,,,,,,,
3595,Dr. Masuda Khatun,"['MBBS', 'FCPS']",GYNECOLOGIST & OBSTETRICIAN,13,Better Life Hospital,Dhaka,,,,,,,,,,,,,,,,,,,,,
3596,Dr. Nur Jahan Begum,"['MBBS', 'MCPS']",GYNECOLOGIST & OBSTETRICIAN,16,Better Life Hospital,Dhaka,,,,,,,,,,,,,,,,,,,,,
3597,Dr. Lt. Col Sayed Imran Hossain,"['MBBS', 'FCPS']",PLASTIC SURGEON,16,Universal Medical College Hospital Limited,Dhaka,,,,,,,,,,,,,,,,,,,,,
3598,Col. Dr. Sayed Wahiduzzaman,"['MBBS', 'FCPS', 'MS']",PLASTIC SURGEON,17,Universal Medical College Hospital Limited,Dhaka,,,,,,,,,,,,,,,,,,,,,
3599,Asst. Prof. Dr. Armin Hasan Shoilly,"['MBBS', 'DDV', 'MCPS', 'FCPS']",DERMATOLOGIST,17,Universal Medical College Hospital Limited,Dhaka,,,,,,,,,,,,,,,,,,,,,
3599,Asst. Prof. Dr. Armin Hasan Shoilly,"['MBBS', 'DDV', 'MCPS', 'FCPS']",VENEREOLOGIST,17,Universal Medical College Hospital Limited,Dhaka,,,,,,,,,,,,,,,,,,,,,
3600,Prof. Dr. Md. Nazrul Islam Bhuyan,"['MBBS', 'DDV']",DERMATOLOGIST,25,Universal Medical College Hospital Limited,Dhaka,,,,,,,,,,,,,,,,,,,,,
3601,Asst. Prof. Dr. Fariba Majid,"['MBBS', 'FCPS']",DERMATOLOGIST,17,Universal Medical College Hospital Limited,Dhaka,,,,,,,,,,,,,,,,,,,,,
3602,Dr. Parvin Sultana,"['MBBS', 'DDV']",DERMATOLOGIST,16,Universal Medical College Hospital Limited,Dhaka,,,,,,,,,,,,,,,,,,,,,
3603,Lt. col. Khan Nazmul Haque,"['MBBS', 'MS']",THORACIC SURGEON,17,Universal Medical College Hospital Limited,Dhaka,,,,,,,,,,,,,,,,,,,,,
3604,Prof. Dr. Kamrul Islam,"['MBBS', 'MS']",THORACIC SURGEON,27,Universal Medical College Hospital Limited,Dhaka,,,,,,,,,,,,,,,,,,,,,
3605,Prof. Dr. Md. Shamiul Islam,"['MBBS', 'M.PHIL']",PATHOLOGIST,26,Universal Medical College Hospital Limited,Dhaka,,,,,,,,,,,,,,,,,,,,,
3606,Asst. Prof. Dr. Touhid Uddin Rupom rupom,"['MBBS', 'BCS', 'M.PHIL']",PATHOLOGIST,17,Universal Medical College Hospital Limited,Dhaka,,,,,,,,,,,,,,,,,,,,,
3607,Dr. Khandoker Meskat Hossain,"['MBBS', 'MCPS', 'M.PHIL', 'MD']",PATHOLOGIST,16,Universal Medical College Hospital Limited,Dhaka,,,,,,,,,,,,,,,,,,,,,
3608,Dr. Sm. Masud Alam,"['MBBS', 'M.PHIL']",PATHOLOGIST,26,Universal Medical College Hospital Limited,Dhaka,,,,,,,,,,,,,,,,,,,,,
3609,Prof. Dr. Md. Abdur Rahman,"['MBBS', 'M.PHIL']",PATHOLOGIST,25,Universal Medical College Hospital Limited,Dhaka,,,,,,,,,,,,,,,,,,,,,
3610,Prof. Dr. A.K. M. Khairuzzaman,"['MBBS', 'M.PHIL', 'CCD']",PATHOLOGIST,25,Universal Medical College Hospital Limited,Dhaka,,,,,,,,,,,,,,,,,,,,,
3611,Dr. Homaira Binte Hannan,"['BDS', 'MPH']",MAXILLOFACIAL AND DENTAL SURGEON,13,Universal Medical College Hospital Limited,Dhaka,,,,,,,,,,,,,,,,,,,,,
3612,Dr. Mohammad Ashraful Alam,"['BDS', 'MPH']",DENTIST,15,Universal Medical College Hospital Limited,Dhaka,,,,,,,,,,,,,,,,,,,,,
3613,Dr. Shoheni Nayna Taher,"['BDS', 'PGT']",DENTIST,15,Universal Medical College Hospital Limited,Dhaka,,,,,,,,,,,,,,,,,,,,,
3614,Dr. Farzana Akter Keya,"['BDS', 'PGT']",DENTIST,10,Universal Medical College Hospital Limited,Dhaka,,,,,,,,,,,,,,,,,,,,,
3615,Dr. M.H.M Tahsin Adnan,"['BDS', 'PGT']",MAXILLOFACIAL AND DENTAL SURGEON,15,Universal Medical College Hospital Limited,Dhaka,,,,,,,,,,,,,,,,,,,,,
3616,Prof. Dr. Enamul Haque Chowdhury,"['MBBS', 'FCPS']",RADIOLOGIST,20,Universal Medical College Hospital Limited,Dhaka,,,,,,,,,,,,,,,,,,,,,
3617,Dr. Ashraf Uddin Khan,"['MBBS', 'DM', 'FCPS']",RADIOLOGIST,15,Universal Medical College Hospital Limited,Dhaka,,,,,,,,,,,,,,,,,,,,,
3618,Dr. Saleema Ahmed,"['MBBS', 'DM', 'ADMS (CANADA)']",SONOLOGIST,14,Universal Medical College Hospital Limited,Dhaka,,,,,,,,,,,,,,,,,,,,,
3619,Dr. Umme kulsum Rahman Lucy,['MS'],NUTRITIONIST,12,Universal Medical College Hospital Limited,Dhaka,,,,,,,,,,,,,,,,,,,,,
3620,Dr. Monira Afroz Siddika,"['MBBS', 'FCPS']",INTERNAL MEDICINE SPECIALIST,12,Universal Medical College Hospital Limited,Dhaka,,,,,,,,,,,,,,,,,,,,,
3621,Prof. Dr. Syed Rezaul Huq,"['MBBS', 'MD', 'MCPS', 'DTCD (CHEST)', 'FCCP', 'BCS']",RESPIRATORY SPECIALIST,25,Universal Medical College Hospital Limited,Dhaka,,,,,,,,,,,,,,,,,,,,,
3621,Prof. Dr. Syed Rezaul Huq,"['MBBS', 'MD', 'MCPS', 'DTCD (CHEST)', 'FCCP', 'BCS']",MEDICINE SPECIALIST,25,Universal Medical College Hospital Limited,Dhaka,,,,,,,,,,,,,,,,,,,,,
3622,Professor Dr. Md. Zakir Hossain Sarkar,"['MBBS', 'DTCD', 'MD']",RESPIRATORY SPECIALIST,25,Universal Medical College Hospital Limited,Dhaka,,,,,,,,,,,,,,,,,,,,,
3623,Dr. Goutam Sen,"['MBBS', 'MD']",PULMONOLOGIST,14,Universal Medical College Hospital Limited,Dhaka,,,,,,,,,,,,,,,,,,,,,
3623,Dr. Goutam Sen,"['MBBS', 'MD']",MEDICINE SPECIALIST,14,Universal Medical College Hospital Limited,Dhaka,,,,,,,,,,,,,,,,,,,,,
3624,Assoc. Prof. Dr. F. M. Manjur Hasan,"['FCPS', 'MRCP', 'MRCP', 'MBBS', 'FCPS']",NEUROLOGIST,15,Universal Medical College Hospital Limited,Dhaka,,,,,,,,,,,,,,,,,,,,,
3624,Assoc. Prof. Dr. F. M. Manjur Hasan,"['FCPS', 'MRCP', 'MRCP', 'MBBS', 'FCPS']",MEDICINE SPECIALIST,15,Universal Medical College Hospital Limited,Dhaka,,,,,,,,,,,,,,,,,,,,,
3625,"Col. prof. dr, Ghulam Kawnayan","['MBBS', 'FCPS', 'FCPS']",NEUROLOGIST,26,Universal Medical College Hospital Limited,Dhaka,,,,,,,,,,,,,,,,,,,,,
3625,"Col. prof. dr, Ghulam Kawnayan","['MBBS', 'FCPS', 'FCPS']",MEDICINE SPECIALIST,26,Universal Medical College Hospital Limited,Dhaka,,,,,,,,,,,,,,,,,,,,,
3626,Brig. Gen. Dr. A B M Syeed Hossain,"['MBBS', 'DCN (LONDON)']",NEUROLOGIST,27,Universal Medical College Hospital Limited,Dhaka,,,,,,,,,,,,,,,,,,,,,
3627,Dr.Fazle Alahi Khan,"['MBBS', 'MD']",NEPHROLOGIST,14,Universal Medical College Hospital Limited,Dhaka,,,,,,,,,,,,,,,,,,,,,
3628,Asst. Prof. Dr. Sharaban Tahora,"['MBBS', 'MD']",NEPHROLOGIST,16,Universal Medical College Hospital Limited,Dhaka,,,,,,,,,,,,,,,,,,,,,
3629,Prof. Dr. Rana Mokaram Hossain,"['MBBS', 'CCD', 'MD']",NEPHROLOGIST,27,Universal Medical College Hospital Limited,Dhaka,,,,,,,,,,,,,,,,,,,,,
3630,Dr. Anonnya Rahman,"['MBBS', 'FCPS']",MEDICINE SPECIALIST,15,Universal Medical College Hospital Limited,Dhaka,,,,,,,,,,,,,,,,,,,,,
3631,Prof. Dr. Md. Abdul Mannan,"['MBBS', 'FCPS', 'MACP']",MEDICINE SPECIALIST,25,Universal Medical College Hospital Limited,Dhaka,,,,,,,,,,,,,,,,,,,,,
3632,Asso. Prof. Dr. Afsana Rahman,"['MBBS', 'FCPS']",MEDICINE SPECIALIST,16,Universal Medical College Hospital Limited,Dhaka,,,,,,,,,,,,,,,,,,,,,
3633,Dr. Rakibul Abedin,"['MBBS', 'FCPS', 'C-CARD (USA)', 'MACP']",MEDICINE SPECIALIST,16,Universal Medical College Hospital Limited,Dhaka,,,,,,,,,,,,,,,,,,,,,
3634,Prof. Dr. Md. Enamul Karim,"['MBBS', 'FCPS', 'FACP']",MEDICINE SPECIALIST,27,Universal Medical College Hospital Limited,Dhaka,,,,,,,,,,,,,,,,,,,,,
3635,Prof. Dr. Syed Md. Monowar Ali,"['MBBS', 'FCPS', 'MD']",RHEUMATOLOGIST,26,Universal Medical College Hospital Limited,Dhaka,,,,,,,,,,,,,,,,,,,,,
3635,Prof. Dr. Syed Md. Monowar Ali,"['MBBS', 'FCPS', 'MD']",MEDICINE SPECIALIST,26,Universal Medical College Hospital Limited,Dhaka,,,,,,,,,,,,,,,,,,,,,
3636,Asst. prof. Dr. Mohammad Ashraful Alam,"['MBBS', 'MPH', 'CCD']",DIABETOLOGIST,18,Universal Medical College Hospital Limited,Dhaka,,,,,,,,,,,,,,,,,,,,,
3636,Asst. prof. Dr. Mohammad Ashraful Alam,"['MBBS', 'MPH', 'CCD']",MEDICINE SPECIALIST,18,Universal Medical College Hospital Limited,Dhaka,,,,,,,,,,,,,,,,,,,,,
3637,Asst. Prof. Dr. Marufa Khatun,"['MBBS', 'MS']",GYNECOLOGIST & OBSTETRICIAN,16,Universal Medical College Hospital Limited,Dhaka,,,,,,,,,,,,,,,,,,,,,
3638,Asst. Prof. Dr. Nusur Akther,"['MBBS', 'FCPS']",GYNECOLOGIST & OBSTETRICIAN,18,Universal Medical College Hospital Limited,Dhaka,,,,,,,,,,,,,,,,,,,,,
3639,Dr. Ummey Nazmin Islam,"['MBBS', 'FCPS', 'FCPS']",GYNECOLOGIST & OBSTETRICIAN,13,Universal Medical College Hospital Limited,Dhaka,,,,,,,,,,,,,,,,,,,,,
3640,Dr. Sarabon Tahura,"['MBBS', 'DGO', 'FCPS']",GYNECOLOGIST & OBSTETRICIAN,13,Universal Medical College Hospital Limited,Dhaka,,,,,,,,,,,,,,,,,,,,,
3641,Asst. Prof. Dr. Rehana Arjuman Hye,"['MBBS', 'FCPS']",GYNECOLOGIST & OBSTETRICIAN,15,Universal Medical College Hospital Limited,Dhaka,,,,,,,,,,,,,,,,,,,,,
3642,Brig. Gen. Prof. Dr. Anjuman Ara Begum,"['MBBS', 'DGO', 'MS']",GYNECOLOGIST & OBSTETRICIAN,25,Universal Medical College Hospital Limited,Dhaka,,,,,,,,,,,,,,,,,,,,,
3643,Asst. Prof. Dr. Hasina Begum,"['MBBS', 'MS']",GYNECOLOGIST & OBSTETRICIAN,17,Universal Medical College Hospital Limited,Dhaka,,,,,,,,,,,,,,,,,,,,,
3644,Asst. Prof. Dr. Nigar Sultana,"['MBBS', 'FCPS']",GYNECOLOGIST & OBSTETRICIAN,18,Universal Medical College Hospital Limited,Dhaka,,,,,,,,,,,,,,,,,,,,,
3645,Assoc. Prof. Dr. Rabeya Akter,"['MBBS', 'DGO', 'FWHO (BANGKOK)']",GYNECOLOGIST & OBSTETRICIAN,20,Universal Medical College Hospital Limited,Dhaka,,,,,,,,,,,,,,,,,,,,,
3646,Prof. Dr. Nargis Akter,"['MBBS', 'FCPS', 'MS', 'MCPS', 'DGO', 'FICS (USA)']",GYNECOLOGIST & OBSTETRICIAN,25,Universal Medical College Hospital Limited,Dhaka,,,,,,,,,,,,,,,,,,,,,
3647,Lt. Col. Dr. Nurun Nahar Hossain,"['MBBS', 'DGO']",GYNECOLOGIST & OBSTETRICIAN,20,Universal Medical College Hospital Limited,Dhaka,,,,,,,,,,,,,,,,,,,,,
3648,Prof. Dr. Amol Kumar Chowdhury,"['MBBS', 'FCPS', 'MD', 'FACC', 'FSCAI (USA).']",INTERVENTIONAL CARDIOLOGIST,25,Universal Medical College Hospital Limited,Dhaka,,,,,,,,,,,,,,,,,,,,,
3649,Prof. Dr. Fazlur Rahman,"['MBBS', 'MCPS', 'D-CARD', 'MD', 'FRCP', 'FACC (USA)']",INTERVENTIONAL CARDIOLOGIST,25,Universal Medical College Hospital Limited,Dhaka,,,,,,,,,,,,,,,,,,,,,
3650,Dr. S. Chakrabarty,"['MBBS', 'MD']",CARDIOLOGIST,18,Universal Medical College Hospital Limited,Dhaka,,,,,,,,,,,,,,,,,,,,,
3651,Asst. Prof. Dr. Munshi M B Md. Shoaib Adnan,"['MBBS', 'D-CARD', 'FCPS', 'CCD']",CARDIOLOGIST,22,Universal Medical College Hospital Limited,Dhaka,,,,,,,,,,,,,,,,,,,,,
3652,Asst. Prof. Dr. Maj. Rezwana Siddique,"['MBBS', 'MD']",INTERVENTIONAL CARDIOLOGIST,22,Universal Medical College Hospital Limited,Dhaka,,,,,,,,,,,,,,,,,,,,,
3653,Asst. Prof. Dr. Sharadindu Shekhar Roy,"['MBBS', 'MD']",CARDIOLOGIST,16,Universal Medical College Hospital Limited,Dhaka,,,,,,,,,,,,,,,,,,,,,
3654,Asst. Prof. Dr. M A Hasnat,"['MBBS', 'FCPS', 'MD']",CARDIOLOGIST,20,Universal Medical College Hospital Limited,Dhaka,,,,,,,,,,,,,,,,,,,,,
3655,Asst. Prof. Dr. Sania Haque,"['MBBS', 'MD']",CARDIOLOGIST,20,Universal Medical College Hospital Limited,Dhaka,,,,,,,,,,,,,,,,,,,,,
3656,Brig. Gen. Dr. S. M. Mammunur Rahman,"['MBBS', 'FCPS']",CARDIOLOGIST,19,Universal Medical College Hospital Limited,Dhaka,,,,,,,,,,,,,,,,,,,,,
3657,Prof. Dr. Khandaker Qamrul Islam,"['MBBS', 'D-CARD', 'MD', 'FACC (USA)']",INTERVENTIONAL CARDIOLOGIST,26,Universal Medical College Hospital Limited,Dhaka,,,,,,,,,,,,,,,,,,,,,
3658,Asst. Prof. Dr. Faouzia Sultana,"['MBBS', 'MS']",OPHTHALMOLOGIST,14,Universal Medical College Hospital Limited,Dhaka,,,,,,,,,,,,,,,,,,,,,
3659,Asst. prof. Dr. Rumana yasmin,"['MBBS', 'MD']",TRANSFUSION MEDICINE SPECIALIST,17,Universal Medical College Hospital Limited,Dhaka,,,,,,,,,,,,,,,,,,,,,
3660,Dr. Md. Shahed ul Matin,"['MBBS', 'MD']",ONCOLOGIST,14,Universal Medical College Hospital Limited,Dhaka,,,,,,,,,,,,,,,,,,,,,
3661,Asst. Prof. Dr. Lubna Mariam,"['MBBS', 'FCPS', 'M.PHIL']",ONCOLOGIST,19,Universal Medical College Hospital Limited,Dhaka,,,,,,,,,,,,,,,,,,,,,
3662,Dr. A.B.M Mehehdi,"['MBBS', 'FCPS']",PHYSICAL MEDICINE,10,Universal Medical College Hospital Limited,Dhaka,,,,,,,,,,,,,,,,,,,,,
3663,Asst. Prof. Dr. Neelufar Rahman,"['MBBS', 'MD']",PHYSICAL MEDICINE,18,Universal Medical College Hospital Limited,Dhaka,,,,,,,,,,,,,,,,,,,,,
3664,Asst. Prof. Dr. Khaled Ahmedur Rahman,"['MBBS', 'BCS', 'MS']",NEUROSURGEON,18,Universal Medical College Hospital Limited,Dhaka,,,,,,,,,,,,,,,,,,,,,
3665,Dr. A.K.M Aminul Islam,"['MBBS', 'MD']",ENDOCRINOLOGIST,17,Universal Medical College Hospital Limited,Dhaka,,,,,,,,,,,,,,,,,,,,,
3666,Assoc. Prof. Dr. Mohona Jaman,"['MBBS', 'MD']",ENDOCRINOLOGIST,15,Universal Medical College Hospital Limited,Dhaka,,,,,,,,,,,,,,,,,,,,,
3667,Dr. Farhana Rahman,"['MBBS', 'CCD']",DIABETOLOGIST,17,Universal Medical College Hospital Limited,Dhaka,,,,,,,,,,,,,,,,,,,,,
3668,Dr. R N Majumder,"['MBBS', 'MD', ' UK)']",GASTROENTEROLOGIST,16,Universal Medical College Hospital Limited,Dhaka,,,,,,,,,,,,,,,,,,,,,
3669,Asso. prof. Dr. Ashique Ahmed Bhuiyan,"['MBBS', 'MD']",HEPATOLOGIST,18,Universal Medical College Hospital Limited,Dhaka,,,,,,,,,,,,,,,,,,,,,
3670,Asst. Prof. Dr. Ahmed Shorif,"['MBBS', 'MS']",UROLOGIST,18,Universal Medical College Hospital Limited,Dhaka,,,,,,,,,,,,,,,,,,,,,
3671,Maj. Gen. Prof. Md. Shahidul Islam,"['FCPS', 'FCPS', 'MCPS', 'MBBS']",UROLOGIST,25,Universal Medical College Hospital Limited,Dhaka,,,,,,,,,,,,,,,,,,,,,
3672,Prof. Dr. Ruksana Parvin,"['MBBS', 'FCPS']",COLORECTAL SURGEON,15,Universal Medical College Hospital Limited,Dhaka,,,,,,,,,,,,,,,,,,,,,
3673,Asst. Prof. Dr. Sifat Tanjila,"['MBBS', 'FCPS', 'MRCS (UK)', 'MCPS']",COLORECTAL SURGEON,16,Universal Medical College Hospital Limited,Dhaka,,,,,,,,,,,,,,,,,,,,,
3674,Asst. Prof. Dr. Romena Rahman Rumu,"['MBBS', 'MS']",CARDIAC SURGEON,18,Universal Medical College Hospital Limited,Dhaka,,,,,,,,,,,,,,,,,,,,,
3675,Dr. Mahbub Ahsan,"['MBBS', 'MS']",CARDIOTHORACIC SURGEON,15,Universal Medical College Hospital Limited,Dhaka,,,,,,,,,,,,,,,,,,,,,
3675,Dr. Mahbub Ahsan,"['MBBS', 'MS']",THORACIC SURGEON,15,Universal Medical College Hospital Limited,Dhaka,,,,,,,,,,,,,,,,,,,,,
3676,Brig. Gen. Prof. Dr. Md. Kamruzzaman,"['MBBS', 'MS']",CARDIOTHORACIC AND VASCULAR SURGEON,22,Universal Medical College Hospital Limited,Dhaka,,,,,,,,,,,,,,,,,,,,,
3677,Assoc. Prof. Dr. Ashraful Haque Siyam,"['MBBS', 'MS']",CARDIOTHORACIC AND VASCULAR SURGEON,18,Universal Medical College Hospital Limited,Dhaka,,,,,,,,,,,,,,,,,,,,,
3678,Prof. Nasir Uddin Ahmed,"['MBBS', 'MS', 'FELLOW-WHO (SINGAPORE', ' INDIA)']",CARDIOTHORACIC AND VASCULAR SURGEON,25,Universal Medical College Hospital Limited,Dhaka,,,,,,,,,,,,,,,,,,,,,
3679,Col. Dr. Natasha Kajmina,"['DO', 'FCPS']",OPHTHALMOLOGIST,15,Hitech Multicare Hospital Limited,Dhaka,,,,,,,,,,,,,,,,,,,,,
3680,Lt. Col. Dr. Rina Akter,"['MBBS', 'FCPS', 'DO', 'MCPS']",OPHTHALMOLOGIST,17,Hitech Multicare Hospital Limited,Dhaka,,,,,,,,,,,,,,,,,,,,,
3681,Col. Prof. Dr. Md. A.R Siddique,"['MBBS', 'DO (DU)', 'FCPS']",OPHTHALMOLOGIST,22,Hitech Multicare Hospital Limited,Dhaka,,,,,,,,,,,,,,,,,,,,,
3682,Brig. Gen. Dr. Bahar M. H. Khan,"['MBBS', 'DO (DHAKA)', 'MS', 'PIT (TURKEY)', 'PGT']",OPHTHALMOLOGIST,16,Hitech Multicare Hospital Limited,Dhaka,,,,,,,,,,,,,,,,,,,,,
3683,Col. Dr. Imranul Hasan Murad,"['MBBS', 'DDV', 'FCPS']",DERMATOLOGIST,17,Hitech Multicare Hospital Limited,Dhaka,,,,,,,,,,,,,,,,,,,,,
3684,Prof. Dr. Kismat Ara Islam,"['MBBS', 'DDV', 'FCPS']",DERMATOLOGIST,17,Hitech Multicare Hospital Limited,Dhaka,,,,,,,,,,,,,,,,,,,,,
3685,Dr. Jubaida Parvin,"['BCS', 'MBBS', 'FCPS']",PEDIATRIC NEUROLOGIST,16,Hitech Multicare Hospital Limited,Dhaka,,,,,,,,,,,,,,,,,,,,,
3686,Prof. Brig. Gen. Dr. Jesmin Sultana,"['MBBS', 'DCH', 'MCPS', 'FCPS']",PEDIATRICIAN & NEONATOLOGIST,22,Hitech Multicare Hospital Limited,Dhaka,,,,,,,,,,,,,,,,,,,,,
3687,Lt. Col. Dr. Maksuda Begum,"['MBBS', 'DCH']",PEDIATRIC HEMATOLOGIST,16,Hitech Multicare Hospital Limited,Dhaka,,,,,,,,,,,,,,,,,,,,,
3688,Dr. Tania Taher,"['MBBS', 'FCPS']",PEDIATRICIAN & NEONATOLOGIST,15,Hitech Multicare Hospital Limited,Dhaka,,,,,,,,,,,,,,,,,,,,,
3689,Brig. Gen. Prof. Dr. Anjuman Ara Beauty,"['MBBS', 'DCH', 'FCPS']",PEDIATRIC NEUROLOGIST,25,Hitech Multicare Hospital Limited,Dhaka,,,,,,,,,,,,,,,,,,,,,
3690,Brig. Gen. Dr. Rehana Begum Chowdhury,"['MBBS', 'DCH', 'FCPS']",PEDIATRICIAN & NEONATOLOGIST,17,Hitech Multicare Hospital Limited,Dhaka,,,,,,,,,,,,,,,,,,,,,
3691,Col. Dr. Md. Al Amin Salek,"['MBBS', 'MCPS', 'FCPS', 'MRCS (UK)']",NEUROSURGEON,16,Hitech Multicare Hospital Limited,Dhaka,,,,,,,,,,,,,,,,,,,,,
3692,Brig. Gen. Prof. DR. H M Shafiqul Alam,"['MBBS', 'FCPS', 'FICS (NEUROSURGERY. USA)']",NEUROSURGEON,22,Hitech Multicare Hospital Limited,Dhaka,,,,,,,,,,,,,,,,,,,,,
3693,Prof. Dr. Kazi Shamim Uzzaman,"['MBBS', 'MS', 'A.O. FELLOW']",ORTHOPEDIST,18,Popular Diagnostic Centre Ltd. | Shyamoli,Dhaka,,,,,,,,,,,,,,,,,,,,,
3694,Brig. Gen. Prof. Dr. Mohmmad Shafiqul Alam,"['MBBS', 'MS']",ORTHOPEDIST,22,Universal Medical College Hospital Limited,Dhaka,,,,,,,,,,,,,,,,,,,,,
3695,Brig. Gen. Prof. Dr. Reza-Ul Karim,"['MBBS', 'MS']",ORTHOPEDIST,20,Hitech Multicare Hospital Limited,Dhaka,,,,,,,,,,,,,,,,,,,,,
3696,Col. Prof. Dr. Md. Abdul Awal Bhuiyan,"['MBBS', 'MS']",ORTHOPEDIST,22,Hitech Multicare Hospital Limited,Dhaka,,,,,,,,,,,,,,,,,,,,,
3697,Col. Prof. Dr. Md. Abdur Rakib,"['FCPS', 'FCPS', 'FACS (USA)', 'MCPS', 'MBBS']",UROLOGIST,20,Hitech Multicare Hospital Limited,Dhaka,,,,,,,,,,,,,,,,,,,,,
3698,Col. Dr. Md Asif Chowdhury,"['MBBS', 'FCPS', 'FCPS', 'MRCP']",UROLOGIST,18,Hitech Multicare Hospital Limited,Dhaka,,,,,,,,,,,,,,,,,,,,,
3699,Prof. Major Gen. Dr. H.R Harun,"['MBBS', 'FCPS', 'FRCS', 'FRCS', 'D. UROL (LONDON)']",UROLOGIST,20,Hitech Multicare Hospital Limited,Dhaka,,,,,,,,,,,,,,,,,,,,,
3700,Prof. Major Gen. Dr. Md. Ali Akber,"['MBBS', 'FCPS', 'FCPS', 'FICS (USA)']",UROLOGIST,26,Hitech Multicare Hospital Limited,Dhaka,,,,,,,,,,,,,,,,,,,,,
3701,Brig. Gen. Prof. Dr. Shams-Ud-Din Elias Khan,"['MBBS', 'MS', 'FACS', 'PHD']",PEDIATRIC SURGEON,17,Hitech Multicare Hospital Limited,Dhaka,,,,,,,,,,,,,,,,,,,,,
3702,Brig. Gen. Prof. Dr. Md. Shahinur Rahman,"['MBBS', 'FCPS']",THORACIC SURGEON,17,Hitech Multicare Hospital Limited,Dhaka,,,,,,,,,,,,,,,,,,,,,
3703,Lt. Col. Dr. Kishore Kumer Das,"['MBBS', 'FCPS', 'MS', 'BAPRAS FELLOW (UK)']",PLASTIC SURGEON,15,Hitech Multicare Hospital Limited,Dhaka,,,,,,,,,,,,,,,,,,,,,
3704,Brig. Gen. Dr. Meherun Nessa,"['MBBS', 'MS']",PEDIATRICIAN,17,Hitech Multicare Hospital Limited,Dhaka,,,,,,,,,,,,,,,,,,,,,
3705,Brig. Gen. Prof. Dr. Md. Aminul Islam Shikder,"['MBBS', 'FCPS', 'MMED (BSMM)']",SURGEON,20,Hitech Multicare Hospital Limited,Dhaka,,,,,,,,,,,,,,,,,,,,,
3706,Brig. Gen. Prof. Dr. Md. Abdul Hannan,"['MBBS', 'FCPS', 'FCPS']",CARDIOTHORACIC AND VASCULAR SURGEON,23,Hitech Multicare Hospital Limited,Dhaka,,,,,,,,,,,,,,,,,,,,,
3707,Brig. Gen. Prof. Dr. Md. Tanvirul Islam,"['MBBS', 'FCPS']",GENERAL SURGEON,19,Hitech Multicare Hospital Limited,Dhaka,,,,,,,,,,,,,,,,,,,,,
3708,Brig. Gen. Prof. Dr. Anjan Kumar Deb,"['MBBS', 'FCPS']",GENERAL SURGEON,20,Hitech Multicare Hospital Limited,Dhaka,,,,,,,,,,,,,,,,,,,,,
3708,Brig. Gen. Prof. Dr. Anjan Kumar Deb,"['MBBS', 'FCPS']",PLASTIC SURGEON,20,Hitech Multicare Hospital Limited,Dhaka,,,,,,,,,,,,,,,,,,,,,
3709,Lt. Gen. Dr. Zafrullah Siddiq,"['MBBS', 'FCPS']",GENERAL SURGEON,25,Hitech Multicare Hospital Limited,Dhaka,,,,,,,,,,,,,,,,,,,,,
3709,Lt. Gen. Dr. Zafrullah Siddiq,"['MBBS', 'FCPS']",LAPAROSCOPIC SURGEON,25,Hitech Multicare Hospital Limited,Dhaka,,,,,,,,,,,,,,,,,,,,,
3710,Lt. Col. Dr. Nasima Rahman Anna,"['MBBS', 'FCPS']",GYNECOLOGIST & OBSTETRICIAN,17,Hitech Multicare Hospital Limited,Dhaka,,,,,,,,,,,,,,,,,,,,,
3711,Dr. Shamsun Nahar,"['MBBS', 'MPH', 'MCPS']",GYNECOLOGISTS,17,Hitech Multicare Hospital Limited,Dhaka,,,,,,,,,,,,,,,,,,,,,
3712,Col. Dr. Nahid Reza Shapla,"['MBBS', 'MCPS', 'DGO', 'FCPS']",GYNECOLOGIST & OBSTETRICIAN,17,Hitech Multicare Hospital Limited,Dhaka,,,,,,,,,,,,,,,,,,,,,
3713,Prof. Brig. Gen. Dr. Rokeya Khan,"['MMED', 'MBBS', 'FCPS', 'MCPS', 'DGO']",GYNECOLOGIC ONCOLOGIST,20,Hitech Multicare Hospital Limited,Dhaka,,,,,,,,,,,,,,,,,,,,,
3714,Dr. S. M. Shahida,"['MBBS', 'BCS', 'FCPS']",GYNECOLOGIST & OBSTETRICIAN,17,Hitech Multicare Hospital Limited,Dhaka,,,,,,,,,,,,,,,,,,,,,
3715,Lt. Col. Dr. Ruksana Hamid,"['MBBS', 'DGO', 'MCPS']",GYNECOLOGIST & OBSTETRICIAN,18,Hitech Multicare Hospital Limited,Dhaka,,,,,,,,,,,,,,,,,,,,,
3716,Lt. Col. Dr. Selina Banu,"['MBBS', 'DGO', 'MCPS']",GYNECOLOGIST & OBSTETRICIAN,20,Hitech Multicare Hospital Limited,Dhaka,,,,,,,,,,,,,,,,,,,,,
3717,Major Gen. Prof. Dr. K.M. Omar Hasan,"['MBBS', 'FCPS', 'FRCS']",MEDICINE SPECIALIST,25,Hitech Multicare Hospital Limited,Dhaka,,,,,,,,,,,,,,,,,,,,,
3717,Major Gen. Prof. Dr. K.M. Omar Hasan,"['MBBS', 'FCPS', 'FRCS']",NEUROLOGIST,25,Hitech Multicare Hospital Limited,Dhaka,,,,,,,,,,,,,,,,,,,,,
3718,Dr. Ayesha Siddika,"['MBBS', 'FCPS']",MEDICINE SPECIALIST,17,Hitech Multicare Hospital Limited,Dhaka,,,,,,,,,,,,,,,,,,,,,
3719,Dr. Kazi Zakir Hossain,"['MBBS', 'BCS', 'BSMMU (PG HOSPITAL)']",GASTROENTEROLOGIST,17,Hitech Multicare Hospital Limited,Dhaka,,,,,,,,,,,,,,,,,,,,,
3719,Dr. Kazi Zakir Hossain,"['MBBS', 'BCS', 'BSMMU (PG HOSPITAL)']",MEDICINE SPECIALIST,17,Hitech Multicare Hospital Limited,Dhaka,,,,,,,,,,,,,,,,,,,,,
3719,Dr. Kazi Zakir Hossain,"['MBBS', 'BCS', 'BSMMU (PG HOSPITAL)']",HEPATOLOGIST,17,Hitech Multicare Hospital Limited,Dhaka,,,,,,,,,,,,,,,,,,,,,
3720,Lt. Col. Dr. Shuvojit Sen,"['MBBS', 'FCPS']",MEDICINE SPECIALIST,16,Hitech Multicare Hospital Limited,Dhaka,,,,,,,,,,,,,,,,,,,,,
3721,Dr. Arifur Rahman Sumon,"['MBBS', 'FCPS', 'BCS']",MEDICINE SPECIALIST,17,Hi-Care General Hospital Ltd.,Dhaka,,,,,,,,,,,,,,,,,,,,,
3721,Dr. Arifur Rahman Sumon,"['MBBS', 'FCPS', 'BCS']",CARDIOLOGIST,17,Hi-Care General Hospital Ltd.,Dhaka,,,,,,,,,,,,,,,,,,,,,
3722,Brig. Gen Prof. Dr. Md. Abdur Razzak,"['MBBS', 'MCPS', 'FCPS']",MEDICINE SPECIALIST,25,Hitech Multicare Hospital Limited,Dhaka,,,,,,,,,,,,,,,,,,,,,
3722,Brig. Gen Prof. Dr. Md. Abdur Razzak,"['MBBS', 'MCPS', 'FCPS']",RHEUMATOLOGIST,25,Hitech Multicare Hospital Limited,Dhaka,,,,,,,,,,,,,,,,,,,,,
3723,Brig. Gen. Prof. Dr. Sheikh Ruhul Amin,"['MBBS', 'FCPS', 'FRCP', 'FACP']",MEDICINE SPECIALIST,26,Hitech Multicare Hospital Limited,Dhaka,,,,,,,,,,,,,,,,,,,,,
3723,Brig. Gen. Prof. Dr. Sheikh Ruhul Amin,"['MBBS', 'FCPS', 'FRCP', 'FACP']",CARDIOLOGIST,26,Hitech Multicare Hospital Limited,Dhaka,,,,,,,,,,,,,,,,,,,,,
3724,Brig. Gen. Prof. Dr. Md. Fazlul Hoque,"['MBBS', 'FCPS']",MEDICINE SPECIALIST,25,Hitech Multicare Hospital Limited,Dhaka,,,,,,,,,,,,,,,,,,,,,
3724,Brig. Gen. Prof. Dr. Md. Fazlul Hoque,"['MBBS', 'FCPS']",NEPHROLOGIST,25,Hitech Multicare Hospital Limited,Dhaka,,,,,,,,,,,,,,,,,,,,,
3725,Dr. Sazzad Hossen,"['MBBS', 'FCPS', 'BCS']",OPHTHALMOLOGIST,16,Hikmah Eye Hospital,Dhaka,,,,,,,,,,,,,,,,,,,,,
3726,Dr. Quazi Sazzad Iftekhar,"['MBBS', 'DO (BSMMU)']",OPHTHALMOLOGIST,17,Hikmah Eye Hospital,Dhaka,,,,,,,,,,,,,,,,,,,,,
3727,Dr. S M Rejwan Raju,"['MBBS', 'MCPS', 'FCPS']",OPHTHALMOLOGIST,17,Hikmah Eye Hospital,Dhaka,,,,,,,,,,,,,,,,,,,,,
3728,Dr. Sarwar Alam Nahid,"['MBBS', 'DIPLOMA IN OPHTHALMOLOGY.']",OPHTHALMOLOGIST,15,Hikmah Eye Hospital,Dhaka,,,,,,,,,,,,,,,,,,,,,
3729,Dr. Md Nesar Ahmed,"['MBBS', 'MS']",OPHTHALMOLOGIST,18,Hikmah Eye Hospital,Dhaka,,,,,,,,,,,,,,,,,,,,,
3730,Dr. Mohammad Ibn Abdul Malek,"['MBBS', 'FCPS', 'FICO (UK)', 'FRCS', 'MRCSED (OPHTH)']",OPHTHALMOLOGIST,17,Hikmah Eye Hospital,Dhaka,,,,,,,,,,,,,,,,,,,,,
3731,Dr. Md. Abdul Hannan,"['MBBS', 'FCPS', 'LONG TERM FELLOWSHIP (CORNEA) NIOCIH.']",OPHTHALMOLOGIST,18,Hikmah Eye Hospital,Dhaka,,,,,,,,,,,,,,,,,,,,,
3732,Dr. S M Rejwan Raju,"['MBBS', 'MCPS', 'FCPS']",OPHTHALMOLOGIST,17,Hikmah Eye Hospital,Dhaka,,,,,,,,,,,,,,,,,,,,,
3733,Dr. Md. Arif Hayat Khan Pathan,"['MBBS', 'MCPS', 'FCPS', 'ICO (UK)', 'FRCS']",OPHTHALMOLOGIST,12,Hikmah Eye Hospital,Dhaka,,,,,,,,,,,,,,,,,,,,,
3734,Dr. Md Shirajul Islam,"['MBBS', 'FCPS', 'BCS']",OPHTHALMOLOGIST,18,Hikmah Eye Hospital,Dhaka,,,,,,,,,,,,,,,,,,,,,
3735,Dr. Quazi Maniruzzaman,"['MBBS', 'FCPS', 'MS']",OPHTHALMOLOGIST,17,Lubana General Hospital,Dhaka,,,,,,,,,,,,,,,,,,,,,
3736,Dr. Md. Akhter Hossain,"['MBBS', 'MS']",OPHTHALMOLOGIST,15,Hikmah Eye Hospital,Dhaka,,,,,,,,,,,,,,,,,,,,,
3737,Prof. (Dr) M. Hafizur Rahman,"['MBBS', 'FCPS', 'FICO (UK)']",OPHTHALMOLOGIST,20,Hikmah Eye Hospital,Dhaka,,,,,,,,,,,,,,,,,,,,,
3738,Prof. Dr. Ishrat Hasan,"['MBBS', 'FCPS']",GYNECOLOGIST & OBSTETRICIAN,25,Lubana General Hospital,Dhaka,,,,,,,,,,,,,,,,,,,,,
3739,Asst.Prof.Dr.Kakali Saha,"['MBBS', 'FCPS', 'MS']",GYNECOLOGIST & OBSTETRICIAN,18,Lubana General Hospital,Dhaka,,,,,,,,,,,,,,,,,,,,,
3740,Prof. Dr. Debasish Das,"['MBBS', 'FCPS']",GENERAL SURGEON,25,Lubana General Hospital,Dhaka,,,,,,,,,,,,,,,,,,,,,
3741,Prof. Dr. SM Mamun Iqbal,['MBBS'],PSYCHIATRIST,25,Lubana General Hospital,Dhaka,,,,,,,,,,,,,,,,,,,,,
3742,Prof. Dr. Brig. Gen. Md. Sayeed Hasan,"['MBBS', 'DDV', 'FCPS']",DERMATOLOGIST,25,Lubana General Hospital,Dhaka,,,,,,,,,,,,,,,,,,,,,
3743,Prof. Dr. Mohammad Jamal Uddin,['MBBS'],DERMATOLOGIST,17,Lubana General Hospital,Dhaka,,,,,,,,,,,,,,,,,,,,,
3744,Dr. Jahangir Chowdhury,"['MBBS', 'FCPS', 'MD']",PEDIATRICIAN,20,Lubana General Hospital,Dhaka,,,,,,,,,,,,,,,,,,,,,
3745,Dr. M. Ahmed Hossain Robin,"['BDS', 'FCPS']",DENTIST,15,Lubana General Hospital,Dhaka,,,,,,,,,,,,,,,,,,,,,
3746,Dr. Saukat Ara Begum,['MBBS'],NEPHROLOGIST,16,Lubana General Hospital,Dhaka,,,,,,,,,,,,,,,,,,,,,
3747,Dr. Sakti Das,['MBBS'],NEPHROLOGIST,15,Lubana General Hospital,Dhaka,,,,,,,,,,,,,,,,,,,,,
3748,Dr. Olia Sharmin,['MBBS'],NEPHROLOGIST,22,Lubana General Hospital,Dhaka,,,,,,,,,,,,,,,,,,,,,
3749,Dr. Md. Shafiqul Islam,['MBBS'],NEPHROLOGIST,20,Lubana General Hospital,Dhaka,,,,,,,,,,,,,,,,,,,,,
3750,Dr. Md. Aslam Hossain,"['MBBS', 'MS']",CARDIAC SURGEON,22,Lubana General Hospital,Dhaka,,,,,,,,,,,,,,,,,,,,,
3751,Dr. M. Shahinur Rahman,['MBBS'],NEPHROLOGIST,19,Lubana General Hospital,Dhaka,,,,,,,,,,,,,,,,,,,,,
3752,Dr. Khaleda Akhter,['MBBS'],NEPHROLOGIST,18,Lubana General Hospital,Dhaka,,,,,,,,,,,,,,,,,,,,,
3753,Dr. Ashok Dutta,['MBBS'],NEPHROLOGIST,18,Lubana General Hospital,Dhaka,,,,,,,,,,,,,,,,,,,,,
3754,Dr.Nazim Uddin,['MBBS'],NEPHROLOGIST,17,Lubana General Hospital,Dhaka,,,,,,,,,,,,,,,,,,,,,
3755,Prof. A Z M Sakhawat Hossain Sahin,"['MBBS', 'FCPS']",LAPAROSCOPIC SURGEON,25,Baridhara General Hospital Limited,Dhaka,,,,,,,,,,,,,,,,,,,,,
3756,Dr. Md. G Hasan,"['MBBS', 'D PED. (VIENNA)', 'MAMS (VIENNA)']",PEDIATRICIAN,17,Baridhara General Hospital Limited,Dhaka,,,,,,,,,,,,,,,,,,,,,
3757,Dr. Najim Uddin Md. Arif,"['MBBS', 'MS', 'UROLOGY FELLOW (SINGAPORE)']",UROLOGIST,19,Baridhara General Hospital Limited,Dhaka,,,,,,,,,,,,,,,,,,,,,
3758,Dr. Jafrin Sultana Liza,"['MBBS', 'DCH', 'FCPS']",PEDIATRICIAN,5,Dr. M R Khan Shishu Hospital & Institute of Child Health,Dhaka,,,,,,,,,,,,,,,,,,,,,
3759,Dr. Sharmin Hossain,"['MBBS', 'DGO', 'FCPS', 'BCS']",GYNECOLOGIST & OBSTETRICIAN,16,Baridhara General Hospital Limited,Dhaka,,,,,,,,,,,,,,,,,,,,,
3760,Dr. Nazia Ahmed,"['MBBS', 'BCS', 'FCPS']",GYNECOLOGIST & OBSTETRICIAN,15,Baridhara General Hospital Limited,Dhaka,,,,,,,,,,,,,,,,,,,,,
3761,Dr. Nasrin Hossain,"['MBBS', 'BCS', 'FCPS']",GYNECOLOGIST & OBSTETRICIAN,18,Baridhara General Hospital Limited,Dhaka,,,,,,,,,,,,,,,,,,,,,
3762,Dr. Ariful Islam,"['MBBS', 'FCPS']",OTOLARYNGOLOGISTS (ENT),16,Baridhara General Hospital Limited,Dhaka,,,,,,,,,,,,,,,,,,,,,
3763,Dr. Ahsan Mohammed Hafiz,"['MBBS', 'MS']",NEUROSURGEON,16,Baridhara General Hospital Limited,Dhaka,,,,,,,,,,,,,,,,,,,,,
3764,Dr. Zonayed Hakim,"['MBBS', 'MS', 'AO FELLOWSHIP IN TRAUMA']",ORTHOPEDIST,15,Baridhara General Hospital Limited,Dhaka,,,,,,,,,,,,,,,,,,,,,
3765,Dr. Md. Mamun-OR-Rashid,"['MBBS', 'MS', 'BSC']",ORTHOPEDIST,20,Baridhara General Hospital Limited,Dhaka,,,,,,,,,,,,,,,,,,,,,
3766,Dr. Md. Mahiuddin,"['MBBS', 'FMD (MEDICINE)', 'MRCP', 'CCD', 'FID-RLA (UK)', 'FICM (INDIA)']",GASTROENTEROLOGIST,17,Baridhara General Hospital Limited,Dhaka,,,,,,,,,,,,,,,,,,,,,
3766,Dr. Md. Mahiuddin,"['MBBS', 'FMD (MEDICINE)', 'MRCP', 'CCD', 'FID-RLA (UK)', 'FICM (INDIA)']",HEPATOLOGIST,17,Baridhara General Hospital Limited,Dhaka,,,,,,,,,,,,,,,,,,,,,
3766,Dr. Md. Mahiuddin,"['MBBS', 'FMD (MEDICINE)', 'MRCP', 'CCD', 'FID-RLA (UK)', 'FICM (INDIA)']",MEDICINE SPECIALIST,17,Baridhara General Hospital Limited,Dhaka,,,,,,,,,,,,,,,,,,,,,
3767,Dr. Md. Azimul Islam,"['MBBS', 'DIM (LONDON)', 'MCPS']",MEDICINE SPECIALIST,15,Baridhara General Hospital Limited,Dhaka,,,,,,,,,,,,,,,,,,,,,
3768,Dr. Mohammad Masudur Rahman,"['MBBS', 'MS', 'A.O TRAUMA-BASIC AND ADVANCE (INDIA)', 'FELLOW ARTHROPLASTY & ARTHROSCOPY (INDIA)']",ORTHOPEDIC SURGEON,20,Gulshan Clinic Ltd.,Dhaka,,,,,,,,,,,,,,,,,,,,,
3769,Prof. Dr. MM Manjur Hasan,"['MBBS', 'MPH', 'FCGP (MEDICINE)', 'JICA FELLOW (JAPAN)', 'ADVANCE TRAINING ON RHEUMATIC FEVER (JAPAN)']",RHEUMATOLOGIST,26,Gulshan Clinic Ltd.,Dhaka,,,,,,,,,,,,,,,,,,,,,
3769,Prof. Dr. MM Manjur Hasan,"['MBBS', 'MPH', 'FCGP (MEDICINE)', 'JICA FELLOW (JAPAN)', 'ADVANCE TRAINING ON RHEUMATIC FEVER (JAPAN)']",MEDICINE SPECIALIST,26,Gulshan Clinic Ltd.,Dhaka,,,,,,,,,,,,,,,,,,,,,
3770,Dr. Tanima Tama,"['MBBS', 'DDV', 'FELLOWSHIP IN AESTHETIC MEDICINE (DELHI', ' INDIA)']",DERMATOLOGIST,10,Gulshan Clinic Ltd.,Dhaka,,,,,,,,,,,,,,,,,,,,,
3770,Dr. Tanima Tama,"['MBBS', 'DDV', 'FELLOWSHIP IN AESTHETIC MEDICINE (DELHI', ' INDIA)']",VENEREOLOGIST,10,Gulshan Clinic Ltd.,Dhaka,,,,,,,,,,,,,,,,,,,,,
3771,Dr. Samia Tasnim,"['DOCTOR - MPHILL (1 PART) (DU)', 'BSC', 'MS']",NUTRITIONIST,10,LABAID Diagnostic | Gulshan,Dhaka,,,,,,,,,,,,,,,,,,,,,
3772,Prof. Dr. Dipankar Lodh,"['MBBS', 'BCS', 'FRCS', 'FACS (AMERICA)', 'FCPS', 'DLO', 'MCPS']",OTOLARYNGOLOGISTS (ENT),24,Apollo Clinic Dhanmondi & JMI Specialized Hospital,Dhaka,,,,,,,,,,,,,,,,,,,,,
3773,DR. Md. Mahmudur Rahman Firoz,"['MBBS', 'DCH', 'PGPN']",PEDIATRICIAN & NEONATOLOGIST,16,Gulshan Clinic Ltd.,Dhaka,,,,,,,,,,,,,,,,,,,,,
3773,DR. Md. Mahmudur Rahman Firoz,"['MBBS', 'DCH', 'PGPN']",NUTRITIONIST,16,Gulshan Clinic Ltd.,Dhaka,,,,,,,,,,,,,,,,,,,,,
3774,Dr. Maksuda Begum Mony,"['MBBS', 'MD']",NEPHROLOGIST,15,Gulshan Clinic Ltd.,Dhaka,,,,,,,,,,,,,,,,,,,,,
3775,Dr. Md. Mizanur Rahman,['MBBS'],ONCOLOGIST,18,Gulshan Clinic Ltd.,Dhaka,,,,,,,,,,,,,,,,,,,,,
3776,Dr. Manzoor-e-Khoda,"['MBBS', 'MRCP', 'SWITZERLAND']",INTERNAL MEDICINE SPECIALIST,18,Gulshan Clinic Ltd.,Dhaka,,,,,,,,,,,,,,,,,,,,,
3776,Dr. Manzoor-e-Khoda,"['MBBS', 'MRCP', 'SWITZERLAND']",RHEUMATOLOGIST,18,Gulshan Clinic Ltd.,Dhaka,,,,,,,,,,,,,,,,,,,,,
3777,Dr. Md. Abdul Halim,"['MBBS', 'CCD', 'EDC', 'BARDEM (DHAKA)', 'MPH']",MEDICINE SPECIALIST,20,Gulshan Clinic Ltd.,Dhaka,,,,,,,,,,,,,,,,,,,,,
3777,Dr. Md. Abdul Halim,"['MBBS', 'CCD', 'EDC', 'BARDEM (DHAKA)', 'MPH']",DIABETOLOGIST,20,Gulshan Clinic Ltd.,Dhaka,,,,,,,,,,,,,,,,,,,,,
3778,Dr. Md. Mahmud-ur-Rehman Masud,"['MBBS', 'BCS']",UROLOGIST,18,Gulshan Clinic Ltd.,Dhaka,,,,,,,,,,,,,,,,,,,,,
3779,Dr. Pranab Chowdhury,"['MBBS', 'DIPLOMA IN ENDOCRINOLOGY (UK) MSC IN ENDOCRINOLOGY (UK', ' LONDON) MRCP (UK) - PACES', 'FCGP (BD) FELLOW IN DIABETES (ROYAL COLLEGE', ' UK)', 'CCD']",DIABETES SPECIALIST,17,LABAID Diagnostic Malibag,Dhaka,,,,,,,,,,,,,,,,,,,,,
3779,Dr. Pranab Chowdhury,"['MBBS', 'DIPLOMA IN ENDOCRINOLOGY (UK) MSC IN ENDOCRINOLOGY (UK', ' LONDON) MRCP (UK) - PACES', 'FCGP (BD) FELLOW IN DIABETES (ROYAL COLLEGE', ' UK)', 'CCD']",MEDICINE SPECIALIST,17,LABAID Diagnostic Malibag,Dhaka,,,,,,,,,,,,,,,,,,,,,
3779,Dr. Pranab Chowdhury,"['MBBS', 'DIPLOMA IN ENDOCRINOLOGY (UK) MSC IN ENDOCRINOLOGY (UK', ' LONDON) MRCP (UK) - PACES', 'FCGP (BD) FELLOW IN DIABETES (ROYAL COLLEGE', ' UK)', 'CCD']",ENDOCRINOLOGIST,17,LABAID Diagnostic Malibag,Dhaka,,,,,,,,,,,,,,,,,,,,,
3780,Asst. Prof. Dr. Fatema Akhter,"['MBBS', 'DDV']",DERMATOLOGIST,16,BIHS General Hospital,Dhaka,,,,,,,,,,,,,,,,,,,,,
3781,Prof. Dr. Md.Khalilur Rahman,"['MBBS', 'FRCS', 'FELLOW PLASTIC SURGERY (SINGAPORE)']",GENERAL SURGEON,24,BIHS General Hospital,Dhaka,,,,,,,,,,,,,,,,,,,,,
3782,Dr. Shahriar Md. Sadek,"['MBBS', 'MRCS (EDIN)', 'FRCS']",GENERAL SURGEON,17,BIHS General Hospital,Dhaka,,,,,,,,,,,,,,,,,,,,,
3783,Asst. Prof. Dr. Mirza Shamsul Arefin,"['MBBS', 'FCPS', 'CCD']",GENERAL SURGEON,16,BIHS General Hospital,Dhaka,,,,,,,,,,,,,,,,,,,,,
3784,Asst. Prof. Dr. Chowdhury Rashedul Mughni,"['MBBS', 'FCPS', 'MRCS (ENGLAND)', 'MRCS (EDINBURGH)']",GENERAL SURGEON,17,BIHS General Hospital,Dhaka,,,,,,,,,,,,,,,,,,,,,
3785,Dr. Md. Al Saad,"['MBBS', 'MS']",GENERAL SURGEON,14,BIHS General Hospital,Dhaka,,,,,,,,,,,,,,,,,,,,,
3786,Asst. Prof. Dr. Md. Abu Sayeed Khan,"['MBBS', 'FCPS']",GENERAL SURGEON,16,BIHS General Hospital,Dhaka,,,,,,,,,,,,,,,,,,,,,
3787,Dr. Sujan Saha,"['MBBS', 'BCS', 'CCD']",NEUROLOGIST,15,BIHS General Hospital,Dhaka,,,,,,,,,,,,,,,,,,,,,
3788,Asst. Prof. Dr. Md. Nasir Uddin,"['MBBS', 'MS']",NEUROSURGEON,16,BIHS General Hospital,Dhaka,,,,,,,,,,,,,,,,,,,,,
3789,Dr. Kazi Farjana Nahar,"['MBBS', 'DM']",RADIOLOGIST,14,BIHS General Hospital,Dhaka,,,,,,,,,,,,,,,,,,,,,
3790,Asst. Prof. Dr. Kaniz Laila Shams,"['MBBS', 'M.PHIL', 'SPECIAL TRAINED TVS & COLOR DOPPLER']",RADIOLOGIST,17,BIHS General Hospital,Dhaka,,,,,,,,,,,,,,,,,,,,,
3791,Dr. Farhanaz Sultana,"['MBBS', 'CCD', 'DM', 'C- ULTRA (NETHERLAND)']",RADIOLOGIST,14,BIHS General Hospital,Dhaka,,,,,,,,,,,,,,,,,,,,,
3792,Dr. Muntasir Bin Shahid,"['MBBS', 'MS']",OPHTHALMOLOGIST,18,BIHS General Hospital,Dhaka,,,,,,,,,,,,,,,,,,,,,
3793,Assoc. Prof. Dr. Mithila Akhter,"['MBBS', 'MD']",NEPHROLOGIST,16,BIHS General Hospital,Dhaka,,,,,,,,,,,,,,,,,,,,,
3794,Roksana Amin,"['BSC', 'MS', 'MPH']",NUTRITIONIST,14,BIHS General Hospital,Dhaka,,,,,,,,,,,,,,,,,,,,,
3795,Dr. Abdullah Al Qayyum,"['MBBS', 'BCS']",GASTROENTEROLOGIST,18,Gulshan Clinic Ltd.,Dhaka,,,,,,,,,,,,,,,,,,,,,
3795,Dr. Abdullah Al Qayyum,"['MBBS', 'BCS']",MEDICINE SPECIALIST,18,Gulshan Clinic Ltd.,Dhaka,,,,,,,,,,,,,,,,,,,,,
3796,Dr. Sabiha Parveen Irene,"['MBBS', 'CCD', 'PGT']",MEDICINE SPECIALIST,17,Gulshan Clinic Ltd.,Dhaka,,,,,,,,,,,,,,,,,,,,,
3796,Dr. Sabiha Parveen Irene,"['MBBS', 'CCD', 'PGT']",GYNECOLOGISTS,17,Gulshan Clinic Ltd.,Dhaka,,,,,,,,,,,,,,,,,,,,,
3797,Dr. Mohammad Asif,"['MBBS', 'BCS']",ORTHOPEDIST,17,Gulshan Clinic Ltd.,Dhaka,,,,,,,,,,,,,,,,,,,,,
3798,Dr. Farrukh Shaheen,"['MBBS', 'CCD']",MEDICINE SPECIALIST,20,BIHS General Hospital,Dhaka,,,,,,,,,,,,,,,,,,,,,
3799,Asst. Prof. Dr. Iffat Islam Khan,"['MBBS', 'MD']",PHYSICAL MEDICINE,17,BIHS General Hospital,Dhaka,,,,,,,,,,,,,,,,,,,,,
3800,Dr. Mahmudul Hasan Khan,"['MBBS', 'DM', 'CCD', 'MCCP', 'MS']",MEDICINE SPECIALIST,17,Gulshan Clinic Ltd.,Dhaka,,,,,,,,,,,,,,,,,,,,,
3800,Dr. Mahmudul Hasan Khan,"['MBBS', 'DM', 'CCD', 'MCCP', 'MS']",DIABETES SPECIALIST,17,Gulshan Clinic Ltd.,Dhaka,,,,,,,,,,,,,,,,,,,,,
3801,Dr. Mohammad Shajjat Ul Islam,"['MBBS', 'DTCD', 'CCD', 'FCPS']",MEDICINE SPECIALIST,16,BIHS General Hospital,Dhaka,,,,,,,,,,,,,,,,,,,,,
3802,Asst. Prof. Dr. H. N. Masuk Rahman,"['MBBS', 'FCPS']",PHYSICAL MEDICINE,17,BIHS General Hospital,Dhaka,,,,,,,,,,,,,,,,,,,,,
3803,Dr. Tanmoy Saha,"['MBBS', 'BCS']",DIABETES SPECIALIST,17,Gulshan Clinic Ltd.,Dhaka,,,,,,,,,,,,,,,,,,,,,
3803,Dr. Tanmoy Saha,"['MBBS', 'BCS']",MEDICINE SPECIALIST,17,Gulshan Clinic Ltd.,Dhaka,,,,,,,,,,,,,,,,,,,,,
3803,Dr. Tanmoy Saha,"['MBBS', 'BCS']",GASTROENTEROLOGIST,17,Gulshan Clinic Ltd.,Dhaka,,,,,,,,,,,,,,,,,,,,,
3804,Prof. Dr. Tanwir Iqbal Ibn Ahamed,"['MBBS', 'MRCP', 'MD', 'DTCD']",MEDICINE SPECIALIST,23,BIHS General Hospital,Dhaka,,,,,,,,,,,,,,,,,,,,,
3805,Dr. Rubaiyat Islam (Rohan),"['MBBS', ' BANGKOK)']",ALLERGY SKIN-VD,16,Gulshan Clinic Ltd.,Dhaka,,,,,,,,,,,,,,,,,,,,,
3805,Dr. Rubaiyat Islam (Rohan),"['MBBS', ' BANGKOK)']",SEXUAL MEDICINE SPECIALIST,16,Gulshan Clinic Ltd.,Dhaka,,,,,,,,,,,,,,,,,,,,,
3805,Dr. Rubaiyat Islam (Rohan),"['MBBS', ' BANGKOK)']",DERMATOLOGIST,16,Gulshan Clinic Ltd.,Dhaka,,,,,,,,,,,,,,,,,,,,,
3806,Dr. M M Sarwar Jahan,"['MBBS', 'DLO', 'FCPS']",OTOLARYNGOLOGISTS (ENT),16,Gulshan Clinic Ltd.,Dhaka,,,,,,,,,,,,,,,,,,,,,
3807,Assoc. Prof. Dr. Shafiqul Islam,"['MBBS', 'BCS']",CARDIOLOGIST,20,Gulshan Clinic Ltd.,Dhaka,,,,,,,,,,,,,,,,,,,,,
3807,Assoc. Prof. Dr. Shafiqul Islam,"['MBBS', 'BCS']",MEDICINE SPECIALIST,20,Gulshan Clinic Ltd.,Dhaka,,,,,,,,,,,,,,,,,,,,,
3808,Asst. Prof. Dr. Saroar Alam Nahid,"['MBBS', 'DO (BSMMU)']",OPHTHALMOLOGIST,16,Hikmah Eye Hospital,Dhaka,,,,,,,,,,,,,,,,,,,,,
3809,Prof. Dr. Md. Jahangir Alam Sarker,"['MBBS', 'CCD', 'FCPS']",MEDICINE SPECIALIST,22,BIHS General Hospital,Dhaka,,,,,,,,,,,,,,,,,,,,,
3810,Dr. Shamima Sharmin Kanta,"['MBBS', 'FCPS']",MEDICINE SPECIALIST,15,BIHS General Hospital,Dhaka,,,,,,,,,,,,,,,,,,,,,
3811,Assoc. Prof. Dr Sunam Kumar Barua,"['MBBS', 'CCD', 'FCPS']",MEDICINE SPECIALIST,17,BIHS General Hospital,Dhaka,,,,,,,,,,,,,,,,,,,,,
3812,Asst. Prof. Dr. Mamun-ul-Islam Khan,"['MBBS', 'M.PHIL']",MEDICINE SPECIALIST,17,BIHS General Hospital,Dhaka,,,,,,,,,,,,,,,,,,,,,
3813,Dr. Wahida Nazneen,"['MBBS', 'CCD', 'DIPLOMA IN LABORATORY MEDICINE (DLM)']",HEMATOLOGIST,11,BIHS General Hospital,Dhaka,,,,,,,,,,,,,,,,,,,,,
3814,Dr. Sadia Tasnim,"['MBBS', 'DIPLOMA IN LABORATORY MEDICINE (DLM) (BSMMU). MCPS (LABORATORY MEDICINE)']",HEMATOLOGIST,8,BIHS General Hospital,Dhaka,,,,,,,,,,,,,,,,,,,,,
3815,Asst. Prof. Dr. Supriti Rani Ghosh,"['MBBS', 'FCPS', 'DGO']",GYNECOLOGIST & OBSTETRICIAN,16,BIHS General Hospital,Dhaka,,,,,,,,,,,,,,,,,,,,,
3816,Prof. Dr. Nahid Yasmin,"['MBBS', 'MS']",GYNECOLOGIST & OBSTETRICIAN,22,BIHS General Hospital,Dhaka,,,,,,,,,,,,,,,,,,,,,
3817,Asst. Prof. Dr.Tania Islam Chowdhury,"['MBBS', 'FCPS', 'MRCOG PART-3']",GYNECOLOGIST & OBSTETRICIAN,17,BIHS General Hospital,Dhaka,,,,,,,,,,,,,,,,,,,,,
3818,Assoc. Prof. Dr. Sharmina Yesmin,"['MBBS', 'FCPS', 'MS', 'CCD']",GYNECOLOGIST & OBSTETRICIAN,20,BIHS General Hospital,Dhaka,,,,,,,,,,,,,,,,,,,,,
3819,Assoc. Prof. Dr. Nasrin Begum,"['MBBS', 'DGO', 'MCPS', 'FRSH (LONDON)', 'CCD']",GYNECOLOGIST & OBSTETRICIAN,20,BIHS General Hospital,Dhaka,,,,,,,,,,,,,,,,,,,,,
3820,Prof. Dr. Md. Nazmul Hoque,"['MBBS', 'MD', 'FACP', 'FRCP']",GASTROENTEROLOGIST,23,BIHS General Hospital,Dhaka,,,,,,,,,,,,,,,,,,,,,
3821,Asst. Prof. Dr. Fouzia Anar,"['MBBS', 'FCPS', 'FCPS']",ENDOCRINOLOGIST,16,BIHS General Hospital,Dhaka,,,,,,,,,,,,,,,,,,,,,
3822,Dr. Mohammad Kamrul Hasan,"['MBBS', 'BCS', 'CCD', 'FCPS', 'MD']",DIABETES SPECIALIST,18,Gulshan Clinic Ltd.,Dhaka,,,,,,,,,,,,,,,,,,,,,
3822,Dr. Mohammad Kamrul Hasan,"['MBBS', 'BCS', 'CCD', 'FCPS', 'MD']",MEDICINE SPECIALIST,18,Gulshan Clinic Ltd.,Dhaka,,,,,,,,,,,,,,,,,,,,,
3822,Dr. Mohammad Kamrul Hasan,"['MBBS', 'BCS', 'CCD', 'FCPS', 'MD']",ENDOCRINOLOGIST,18,Gulshan Clinic Ltd.,Dhaka,,,,,,,,,,,,,,,,,,,,,
3823,Assoc. Prof. Dr. Sajni Islam Snigdha,"['MBBS', 'FCPS']",PEDIATRICIAN,19,Gulshan Clinic Ltd.,Dhaka,,,,,,,,,,,,,,,,,,,,,
3824,Assoc. Prof. Dr. Luna Farhana Haque,['MBBS'],GYNECOLOGISTS,18,Gulshan Clinic Ltd.,Dhaka,,,,,,,,,,,,,,,,,,,,,
3825,Professor Dr. Mahbub Ali,"['MD', 'FACC', 'FSCAI']",CARDIOLOGIST,20,Gulshan Clinic Ltd.,Dhaka,,,,,,,,,,,,,,,,,,,,,
3826,Prof. Dr. Robed Amin,"['MBBS', 'FCPS']",MEDICINE SPECIALIST,25,Gulshan Clinic Ltd.,Dhaka,,,,,,,,,,,,,,,,,,,,,
3827,Dr. Md. Fakhrul Amin Badal,"['MBBS', 'BCS']",NEONATOLOGIST,10,Bangladesh Neonatal Hospital Ltd.,Dhaka,,,,,,,,,,,,,,,,,,,,,
3828,Dr. A. K. M. Erfanul Hoque,"['BDS', 'FCPS']",MAXILLOFACIAL AND DENTAL SURGEON,13,BIHS General Hospital,Dhaka,,,,,,,,,,,,,,,,,,,,,
3829,Dr. Farzana Hoque Tanmi,"['BDS', 'FCPS']",MAXILLOFACIAL AND DENTAL SURGEON,16,BIHS General Hospital,Dhaka,,,,,,,,,,,,,,,,,,,,,
3830,Asst. prof. Dr. Firoz Ahmed,['MBBS'],NEONATOLOGIST,16,Moon Hospital Ltd. | Comilla,Comilla,,,,,,,,,,,,,,,,,,,,,
3831,Asst. Prof. Dr. Mohammad Shakhawat Hossain,"['MBBS', 'MD']",CARDIOLOGIST,17,BIHS General Hospital,Dhaka,,,,,,,,,,,,,,,,,,,,,
3832,Prof. Dr. Md. Shahidul Islam,"['MBBS', 'DA', 'MD', 'FCPS']",ANESTHESIOLOGIST,25,BIHS General Hospital,Dhaka,,,,,,,,,,,,,,,,,,,,,
3833,Dr. Omaer Bin Atique,"['MBBS', 'DA']",ANESTHESIOLOGIST,11,BIHS General Hospital,Dhaka,,,,,,,,,,,,,,,,,,,,,
3834,Dr. Md. Hasibur Rahman,"['MBBS', 'DA']",ANESTHESIOLOGIST,10,BIHS General Hospital,Dhaka,,,,,,,,,,,,,,,,,,,,,
3835,Asst. Prof Dr. Mohammad Shaheen,['MBBS'],NEONATOLOGIST,15,Bangladesh Neonatal Hospital Ltd.,Dhaka,,,,,,,,,,,,,,,,,,,,,
3836,Asst. Prof. Dr. Mohammad Abul Kalam Azad,"['MBBS', 'DA (BSMMU)', 'CCD']",ANESTHESIOLOGIST,22,BIHS General Hospital,Dhaka,,,,,,,,,,,,,,,,,,,,,
3837,Dr. M. Z. H. Russeel,['BPT (DU)'],PHYSIOTHERAPIST,10,Uttara Crescent Hospital & Diagnostic Center,Dhaka,,,,,,,,,,,,,,,,,,,,,
3838,Mst. Hasina Khatun,"['BSC', 'M.PHIL', '& MS (CLINICAL PSYCHOLOGY) (DU)', 'PGT']",PSYCHIATRIST,16,Uttara Crescent Hospital & Diagnostic Center,Dhaka,,,,,,,,,,,,,,,,,,,,,
3839,Dr. Mahfuza Yasmin,"['MBBS', 'MD']",PSYCHIATRIST,15,Uttara Crescent Hospital & Diagnostic Center,Dhaka,,,,,,,,,,,,,,,,,,,,,
3840,Asst. Prof. Dr. Bulbul Ahmed Khan,"['MBBS', 'MCPS']",PSYCHIATRIST,17,Uttara Crescent Hospital & Diagnostic Center,Dhaka,,,,,,,,,,,,,,,,,,,,,
3841,Dr. S. M. Atikur Rahman,"['MBBS', 'M.PHIL']",PSYCHIATRIST,14,Uttara Crescent Hospital & Diagnostic Center,Dhaka,,,,,,,,,,,,,,,,,,,,,
3842,Assoc. Prof. Dr. Syed Faheem Shams,"['MBBS', 'MD', 'MCPS', 'FELLOW APA (USA)']",PSYCHIATRIST,18,Uttara Crescent Hospital & Diagnostic Center,Dhaka,,,,,,,,,,,,,,,,,,,,,
3843,Asst. Prof. Dr. Muhammad Shibli Sadiq,"['MBBS', 'BCS', 'MD']",PSYCHIATRIST,17,Uttara Crescent Hospital & Diagnostic Center,Dhaka,,,,,,,,,,,,,,,,,,,,,
3844,Dr. Tania Islam,"['DCH', 'FCPS']",PEDIATRIC PULMONOLOGIST,12,Bangladesh Neonatal Hospital Ltd.,Dhaka,,,,,,,,,,,,,,,,,,,,,
3845,Dr. Hasrat Jahan,"['MBBS', 'DGO']",GYNECOLOGIST & OBSTETRICIAN,17,Bangladesh Neonatal Hospital Ltd.,Dhaka,,,,,,,,,,,,,,,,,,,,,
3846,Dr. Nazmul Hossain,"['MBBS', 'MD']",PEDIATRIC CARDIOLOGIST,18,Bangladesh Neonatal Hospital Ltd.,Dhaka,,,,,,,,,,,,,,,,,,,,,
3847,Umme Salma Poly,"['MBBS', 'MS']",PLASTIC SURGEON,17,Uttara Crescent Hospital & Diagnostic Center,Dhaka,,,,,,,,,,,,,,,,,,,,,
3848,Dr. Sharif Asfia Rahman,"['MBBS', 'FCPS', 'MS']",PLASTIC SURGEON,22,Uttara Crescent Hospital & Diagnostic Center,Dhaka,,,,,,,,,,,,,,,,,,,,,
3849,Prof. Dr. Bidhan Sarker,"['MBBS', 'MS', 'TRAINED IN MICRO-SURGERY (INTERPLAST', ' USA)']",PLASTIC SURGEON,23,Uttara Crescent Hospital & Diagnostic Center,Dhaka,,,,,,,,,,,,,,,,,,,,,
3850,Dr. A. K. M Ferdous Rahman,"['MBBS', 'BCS']",CRITICAL CARE MEDICINE SPECIALIST,16,Pro-Active Medical College Hospital Ltd.,Dhaka,,,,,,,,,,,,,,,,,,,,,
3851,Dr. Muhammad Eathasamul Haque,"['MBBS', 'FCPS', 'M. MED (SURGERY)']",GENERAL SURGEON,18,Pro-Active Medical College Hospital Ltd.,Dhaka,,,,,,,,,,,,,,,,,,,,,
3852,Dr. Md. Al-Mahmud,"['MBBS', 'BCS', 'MD']",NEPHROLOGIST,16,Pro-Active Medical College Hospital Ltd.,Dhaka,,,,,,,,,,,,,,,,,,,,,
3853,Dr. Md. Nasiruddin Molla Bulbul,"['MBBS', 'MCPS', 'DDV']",DERMATOLOGIST,16,Pro-Active Medical College Hospital Ltd.,Dhaka,,,,,,,,,,,,,,,,,,,,,
3854,Dr. Md. Mahbub Elahi,"['MBBS', 'FCPS']",GENERAL SURGEON,17,Pro-Active Medical College Hospital Ltd.,Dhaka,,,,,,,,,,,,,,,,,,,,,
3855,Dr. A. Q. M. Ashraful Haque,"['MBBS', 'BCS', 'MD']",HEMATOLOGIST,17,Pro-Active Medical College Hospital Ltd.,Dhaka,,,,,,,,,,,,,,,,,,,,,
3856,Dr. Munni Momotaz,"['MBBS', 'FCPS', 'MS']",PLASTIC SURGEON,18,Pro-Active Medical College Hospital Ltd.,Dhaka,,,,,,,,,,,,,,,,,,,,,
3857,Dr. Tamanna Ahmed,"['MBBS', 'MS']",PLASTIC SURGEON,16,Pro-Active Medical College Hospital Ltd.,Dhaka,,,,,,,,,,,,,,,,,,,,,
3858,Dr. Md. Habibur Rahman,"['MBBS', 'MD']",CARDIOLOGIST,21,Pro-Active Medical College Hospital Ltd.,Dhaka,,,,,,,,,,,,,,,,,,,,,
3859,Dr. Mohammad Habibur Rahman,"['BDS', 'MHE (DU)', 'PGDHE (DU)', 'PGT']",DENTIST,18,Pro-Active Medical College Hospital Ltd.,Dhaka,,,,,,,,,,,,,,,,,,,,,
3860,Dr. Tanjum Akter Monika,"['BDS', 'PGT']",DENTIST,10,Pro-Active Medical College Hospital Ltd.,Dhaka,,,,,,,,,,,,,,,,,,,,,
3861,Dr. Md. Mijanur Rahman,"['MBBS', 'BCS', 'MS']",OTOLARYNGOLOGISTS (ENT),18,Pro-Active Medical College Hospital Ltd.,Dhaka,,,,,,,,,,,,,,,,,,,,,
3862,Dr. Md. Kamrul Hasan,"['MBBS', 'DCH']",PEDIATRICIAN,14,Pro-Active Medical College Hospital Ltd.,Dhaka,,,,,,,,,,,,,,,,,,,,,
3863,Prof. Dr. Md. Tazul Islam,"['MBBS', 'FCPS']",PSYCHIATRIST,23,Pro-Active Medical College Hospital Ltd.,Dhaka,,,,,,,,,,,,,,,,,,,,,
3864,Dr. S. k. Mahmud Hasan,"['MBBS', 'BCS', 'MS']",NEUROSURGEON,17,Pro-Active Medical College Hospital Ltd.,Dhaka,,,,,,,,,,,,,,,,,,,,,
3865,Dr. Abul Hasnat Russel,"['MBBS', 'BCS', 'MD']",NEUROLOGIST,17,Pro-Active Medical College Hospital Ltd.,Dhaka,,,,,,,,,,,,,,,,,,,,,
3866,Prof. Dr. A. S. M. Qamrul Hasan,"['MBBS', 'MS', 'WHO FELLOW (INDONESIA)']",NEUROSURGEON,24,Central Hospital Limited,Dhaka,,,,,,,,,,,,,,,,,,,,,
3867,Dr. Mahfuza Akter,"['MBBS', 'BCS', 'DO (DU)', 'FCPS']",OPHTHALMOLOGIST,18,Pro-Active Medical College Hospital Ltd.,Dhaka,,,,,,,,,,,,,,,,,,,,,
3868,Dr. Jahangir Hawlader,"['MBBS', 'D-ORTHO']",ORTHOPEDIC SURGEON,19,Pro-Active Medical College Hospital Ltd.,Dhaka,,,,,,,,,,,,,,,,,,,,,
3869,Dr. Md. Emdadul Haque Bhuiyan,"['MBBS', 'BCS', 'MS', ' NITOR)']",ORTHOPEDIC SURGEON,19,Pro-Active Medical College Hospital Ltd.,Dhaka,,,,,,,,,,,,,,,,,,,,,
3870,Dr. Md. Jahirul Huq Buyan,"['MBBS', 'BCS', 'MPH', 'MS']",ORTHOPEDIC SURGEON,17,Pro-Active Medical College Hospital Ltd.,Dhaka,,,,,,,,,,,,,,,,,,,,,
3871,Dr. Md. Amzad Hossain,"['MBBS', 'BCS', 'DDV', 'PBGM']",DERMATOLOGIST,17,Pro-Active Medical College Hospital Ltd.,Dhaka,,,,,,,,,,,,,,,,,,,,,
3872,Dr. Md. Mahmud Hasan,"['MBBS', 'BCS', 'MS']",UROLOGIST,17,Pro-Active Medical College Hospital Ltd.,Dhaka,,,,,,,,,,,,,,,,,,,,,
3873,Dr. Md. Nasir Uddin Kajol,"['MBBS', 'FCPS', 'MS']",UROLOGIST,18,Pro-Active Medical College Hospital Ltd.,Dhaka,,,,,,,,,,,,,,,,,,,,,
3874,Dr. Nure Ayesha,"['BDS', 'PGT']",DENTIST,10,Uttara Crescent Hospital & Diagnostic Center,Dhaka,,,,,,,,,,,,,,,,,,,,,
3875,Dr. M. Maruf Hossain,"['BDS', 'MPH']",MAXILLOFACIAL AND DENTAL SURGEON,20,Uttara Crescent Hospital & Diagnostic Center,Dhaka,,,,,,,,,,,,,,,,,,,,,
3876,Dr. Shamsun Nahar,"['MBBS', 'DTCD (DU)']",CHEST SPECIALIST,21,Uttara Crescent Hospital & Diagnostic Center,Dhaka,,,,,,,,,,,,,,,,,,,,,
3877,Asst. Prof. Dr. Golam Sarwar,"['MBBS', 'MD']",CHEST SPECIALIST,25,Uttara Crescent Hospital & Diagnostic Center,Dhaka,,,,,,,,,,,,,,,,,,,,,
3877,Asst. Prof. Dr. Golam Sarwar,"['MBBS', 'MD']",PULMONOLOGIST,25,Uttara Crescent Hospital & Diagnostic Center,Dhaka,,,,,,,,,,,,,,,,,,,,,
3878,Dr. Noor E-Jabeen,"['MBBS', 'MD', 'FELLOW IN CLINICAL NEUROELECTRO PHYSIOLOGY (MINS)', 'CCD']",NEUROLOGIST,15,Uttara Crescent Hospital & Diagnostic Center,Dhaka,,,,,,,,,,,,,,,,,,,,,
3879,Dr. Ali Jacob Arsalan,"['MBBS', 'MPH', 'FCGP']",PEDIATRICIAN,17,Uttara Crescent Hospital & Diagnostic Center,Dhaka,,,,,,,,,,,,,,,,,,,,,
3880,Dr. Md. Matiur Rahman,"['MBBS', 'DCH', ' ENGLAND)', 'PGPN', ' USA)']",PEDIATRICIAN,19,Uttara Crescent Hospital & Diagnostic Center,Dhaka,,,,,,,,,,,,,,,,,,,,,
3881,Dr. Mohammad Mohsin,"['MBBS', 'BCS', 'DCH', 'FCPS']",PEDIATRICIAN,18,Uttara Crescent Hospital & Diagnostic Center,Dhaka,,,,,,,,,,,,,,,,,,,,,
3882,Prof. Dr. Chowdhury Yakub Jamal,"['MBBS', 'MD', 'FCPS']",PEDIATRICIAN,24,Uttara Crescent Hospital & Diagnostic Center,Dhaka,,,,,,,,,,,,,,,,,,,,,
3882,Prof. Dr. Chowdhury Yakub Jamal,"['MBBS', 'MD', 'FCPS']",PEDIATRIC HEMATOLOGIST,24,Uttara Crescent Hospital & Diagnostic Center,Dhaka,,,,,,,,,,,,,,,,,,,,,
3883,Dr. Reema Afroza Alia,"['MBBS', 'FCPS']",PEDIATRICIAN,16,Uttara Crescent Hospital & Diagnostic Center,Dhaka,,,,,,,,,,,,,,,,,,,,,
3884,Prof. Dr. MD. Fazle Elahi Milad,"['MBBS', 'MS']",NEUROSURGEON,23,Popular Diagnostic Centre Ltd. | Shantinagar (Unit 1),Dhaka,,,,,,,,,,,,,,,,,,,,,
3885,Dr. Khaleda Akter,"['MBBS', 'DCH', 'FCPS']",PEDIATRICIAN,19,Uttara Crescent Hospital & Diagnostic Center,Dhaka,,,,,,,,,,,,,,,,,,,,,
3886,Prof. Dr. Tahsinul Amin,"['MBBS', 'MD', 'FELLOW', 'PEDIATRIC NUTRITION (BOSTON', ' USA)']",PEDIATRICIAN,23,Uttara Crescent Hospital & Diagnostic Center,Dhaka,,,,,,,,,,,,,,,,,,,,,
3887,Dr. Jahangir Haider Khan,"['MBBS', 'MS']",CARDIAC SURGEON,20,Uttara Crescent Hospital & Diagnostic Center,Dhaka,,,,,,,,,,,,,,,,,,,,,
3887,Dr. Jahangir Haider Khan,"['MBBS', 'MS']",CARDIOTHORACIC AND VASCULAR SURGEON,20,Uttara Crescent Hospital & Diagnostic Center,Dhaka,,,,,,,,,,,,,,,,,,,,,
3888,Dr. Misbah Uddin Ahmad,"['MBBS', 'MS']",NEUROSURGEON,20,Uttara Crescent Hospital & Diagnostic Center,Dhaka,,,,,,,,,,,,,,,,,,,,,
3889,Salma Parveen,"['MS', ' DU)', 'MPH', 'TRAINED IN CLINICAL NUTRITION (INDIA)']",NUTRITIONIST,10,Uttara Crescent Hospital & Diagnostic Center,Dhaka,,,,,,,,,,,,,,,,,,,,,
3890,Shamsun Nahar Smrity,"['M.PHIL', 'MS']",NUTRITIONIST,11,Uttara Crescent Hospital & Diagnostic Center,Dhaka,,,,,,,,,,,,,,,,,,,,,
3891,Syeda Farhana Mahmood,"['MS', 'DU']",NUTRITIONIST,10,Uttara Crescent Hospital & Diagnostic Center,Dhaka,,,,,,,,,,,,,,,,,,,,,
3892,Assoc. Prof. Dr. Shahjada Selim,"['MBBS', 'MD', 'FACE (USA)']",ENDOCRINOLOGIST,21,Comfort Diagnostic Center (Pvt.) Ltd | Dhanmondi,Dhaka,,,,,,,,,,,,,,,,,,,,,
3893,Dr. Mahboob Iftekhar,"['MBBS', 'DEM', 'M.A.C.E (USA)']",ENDOCRINOLOGIST,17,Uttara Crescent Hospital & Diagnostic Center,Dhaka,,,,,,,,,,,,,,,,,,,,,
3894,Dr. Md. Delwar Hossain,"['MBBS', 'MS']",THORACIC SURGEON,20,Uttara Crescent Hospital & Diagnostic Center,Dhaka,,,,,,,,,,,,,,,,,,,,,
3895,Dr. Mahbuba Sharmin,"['MBBS', 'FCPS', 'MD', 'MPH']",HEMATOLOGIST,17,Uttara Crescent Hospital & Diagnostic Center,Dhaka,,,,,,,,,,,,,,,,,,,,,
3896,Prof. Dr. Mohammad Mohibur Rahman,"['MBBS', 'FCPS']",GASTROENTEROLOGIST,24,Uttara Crescent Hospital & Diagnostic Center,Dhaka,,,,,,,,,,,,,,,,,,,,,
3897,Dr. Nurmahal Rubaiya,"['MBBS', 'MD', 'MACP']",MEDICINE SPECIALIST,17,Uttara Crescent Hospital & Diagnostic Center,Dhaka,,,,,,,,,,,,,,,,,,,,,
3898,Dr. Mohammad Asrafuzzaman Dinar,"['MBBS', 'BCS', 'MD']",MEDICINE SPECIALIST,18,Uttara Crescent Hospital & Diagnostic Center,Dhaka,,,,,,,,,,,,,,,,,,,,,
3899,Lt. Colonel. Dr. Md. Kamar Uzzaman Sabery Khan,"['MBBS', 'FCPS']",MEDICINE SPECIALIST,20,Uttara Crescent Hospital & Diagnostic Center,Dhaka,,,,,,,,,,,,,,,,,,,,,
3900,Lt. Colonel. Dr. Sanaul Hoque,"['MBBS', 'MACP', 'FCPS', 'MRCP']",MEDICINE SPECIALIST,17,Uttara Crescent Hospital & Diagnostic Center,Dhaka,,,,,,,,,,,,,,,,,,,,,
3901,Dr. Rubaiya Mehbin,"['MBBS', 'CMU', 'BCS', 'FCPS']",GYNECOLOGIST & OBSTETRICIAN,16,Uttara Crescent Hospital & Diagnostic Center,Dhaka,,,,,,,,,,,,,,,,,,,,,
3902,Dr. Farha Karim,"['MBBS', 'BCS']",GYNECOLOGIST & OBSTETRICIAN,15,Uttara Crescent Hospital & Diagnostic Center,Dhaka,,,,,,,,,,,,,,,,,,,,,
3903,Dr. Farzana Hossain,"['MBBS', 'MRCOG (UK)']",GYNECOLOGIST & OBSTETRICIAN,16,Uttara Crescent Hospital & Diagnostic Center,Dhaka,,,,,,,,,,,,,,,,,,,,,
3904,Dr. Kazi Khadeza Farhin,"['MBBS', 'FCPS', 'FCPS']",GYNECOLOGIST & OBSTETRICIAN,17,Uttara Crescent Hospital & Diagnostic Center,Dhaka,,,,,,,,,,,,,,,,,,,,,
3905,Dr. Mst. Amina Begum Rekha,"['MBBS', 'FCPS', 'FCPS']",GYNECOLOGIST & OBSTETRICIAN,16,Uttara Crescent Hospital & Diagnostic Center,Dhaka,,,,,,,,,,,,,,,,,,,,,
3906,Dr. Mahmuda Sultana,"['MBBS', 'FCPS', 'MS', 'M.MED']",GYNECOLOGIST & OBSTETRICIAN,16,Uttara Crescent Hospital & Diagnostic Center,Dhaka,,,,,,,,,,,,,,,,,,,,,
3907,Prof. Dr. Shahana Nazneen,"['MBBS', 'DGO', 'MCPS']",GYNECOLOGIST & OBSTETRICIAN,24,Uttara Crescent Hospital & Diagnostic Center,Dhaka,,,,,,,,,,,,,,,,,,,,,
3908,Dr. Nadia Farzana Islam,"['MBBS', 'BCS', 'FCPS']",GENERAL SURGEON,17,Uttara Crescent Hospital & Diagnostic Center,Dhaka,,,,,,,,,,,,,,,,,,,,,
3908,Dr. Nadia Farzana Islam,"['MBBS', 'BCS', 'FCPS']",LAPAROSCOPIC SURGEON,17,Uttara Crescent Hospital & Diagnostic Center,Dhaka,,,,,,,,,,,,,,,,,,,,,
3909,Dr. Sumon Chandra Roy,"['MBBS', 'BCS', 'MS']",GENERAL SURGEON,17,Uttara Crescent Hospital & Diagnostic Center,Dhaka,,,,,,,,,,,,,,,,,,,,,
3909,Dr. Sumon Chandra Roy,"['MBBS', 'BCS', 'MS']",LAPAROSCOPIC SURGEON,17,Uttara Crescent Hospital & Diagnostic Center,Dhaka,,,,,,,,,,,,,,,,,,,,,
3910,Prof. Dr. Md. Atiqur Rahman,"['MBBS', 'FCPS', 'FWHO (UROLOGY)']",GENERAL SURGEON,25,Uttara Crescent Hospital & Diagnostic Center,Dhaka,,,,,,,,,,,,,,,,,,,,,
3910,Prof. Dr. Md. Atiqur Rahman,"['MBBS', 'FCPS', 'FWHO (UROLOGY)']",LAPAROSCOPIC SURGEON,25,Uttara Crescent Hospital & Diagnostic Center,Dhaka,,,,,,,,,,,,,,,,,,,,,
3911,Prof. Dr. M. A. Hashem Bhuiya,"['MBBS', 'FCPS', 'FRCS']",GENERAL SURGEON,24,Uttara Crescent Hospital & Diagnostic Center,Dhaka,,,,,,,,,,,,,,,,,,,,,
3911,Prof. Dr. M. A. Hashem Bhuiya,"['MBBS', 'FCPS', 'FRCS']",LAPAROSCOPIC SURGEON,24,Uttara Crescent Hospital & Diagnostic Center,Dhaka,,,,,,,,,,,,,,,,,,,,,
3912,Prof. Dr. Md. Manir Hossain Khan,"['MBBS', 'MCPS', 'FCPS', 'MRCS (UK)', 'FACRSI', 'FMAS']",COLORECTAL & LAPAROSCOPIC SURGEON,23,Uttara Crescent Hospital & Diagnostic Center,Dhaka,,,,,,,,,,,,,,,,,,,,,
3912,Prof. Dr. Md. Manir Hossain Khan,"['MBBS', 'MCPS', 'FCPS', 'MRCS (UK)', 'FACRSI', 'FMAS']",GENERAL SURGEON,23,Uttara Crescent Hospital & Diagnostic Center,Dhaka,,,,,,,,,,,,,,,,,,,,,
3912,Prof. Dr. Md. Manir Hossain Khan,"['MBBS', 'MCPS', 'FCPS', 'MRCS (UK)', 'FACRSI', 'FMAS']",COLORECTAL SURGEON,23,Uttara Crescent Hospital & Diagnostic Center,Dhaka,,,,,,,,,,,,,,,,,,,,,
3913,Dr. Badrul Alam,"['MBBS', 'M.PHIL']",FAMILY MEDICINE SPECIALIST,17,Uttara Crescent Hospital & Diagnostic Center,Dhaka,,,,,,,,,,,,,,,,,,,,,
3914,Prof. Dr. Firoz Ahmed Khan,"['MBBS', 'FCPS']",OTOLARYNGOLOGISTS (ENT),25,Uttara Crescent Hospital & Diagnostic Center,Dhaka,,,,,,,,,,,,,,,,,,,,,
3915,Dr. Harun Ar Rashid Yamin,"['MBBS', 'FCPS', 'FACS (USA)', 'DIPLOMA IN LATERAL SKULL BASE (INDIA)']",OTOLARYNGOLOGISTS (ENT),20,Uttara Crescent Hospital & Diagnostic Center,Dhaka,,,,,,,,,,,,,,,,,,,,,
3916,Dr. Farhana Sharmin Jhumur,"['MBBS', 'PGT', 'PGDCC (INDIA)', 'DIPLOMA IN CLINICAL COSMETIC DERMATOLOGY (INDIA)', 'DIPLOMA IN CLINICAL NUTRITION (INDIA)']",DERMATOLOGIST,16,Uttara Crescent Hospital & Diagnostic Center,Dhaka,,,,,,,,,,,,,,,,,,,,,
3917,Prof. Dr. Md. Yeakub Ali,"['MBBS', 'DDV', 'MCTS (SEOUL)', 'MACP', 'FRCP']",DERMATOLOGIST,23,Uttara Crescent Hospital & Diagnostic Center,Dhaka,,,,,,,,,,,,,,,,,,,,,
3918,Dr. Nahid Salam,"['MBBS', 'DDV']",DERMATOLOGIST,19,Uttara Crescent Hospital & Diagnostic Center,Dhaka,,,,,,,,,,,,,,,,,,,,,
3919,Dr. Md. Abul Kalam,"['MBBS', 'FCPS', 'MCPS', 'DDV']",DERMATOLOGIST,20,Uttara Crescent Hospital & Diagnostic Center,Dhaka,,,,,,,,,,,,,,,,,,,,,
3920,Dr. Farzana Afroze,"['MBBS', 'MCPS', 'FCPS', 'FELLOW IN LASER & COSMETIC DERMATO SURGERY (INDIA)']",DERMATOLOGIST,20,Uttara Crescent Hospital & Diagnostic Center,Dhaka,,,,,,,,,,,,,,,,,,,,,
3921,Dr. Md. Shah Zaman,"['MBBS', 'MD', 'DDV', 'MCPS', 'FCPS', 'FELLOW OF SKIN LASER (THAILAND)']",DERMATOLOGIST,18,Uttara Crescent Hospital & Diagnostic Center,Dhaka,,,,,,,,,,,,,,,,,,,,,
3922,Prof. Dr. Salina Mahmud,"['MBBS', 'MD']",DERMATOLOGIST,21,Uttara Crescent Hospital & Diagnostic Center,Dhaka,,,,,,,,,,,,,,,,,,,,,
3923,Prof. Dr. Md Jalal Uddin,"['MBBS', 'FCPS']",CARDIOLOGIST,25,Uttara Crescent Hospital & Diagnostic Center,Dhaka,,,,,,,,,,,,,,,,,,,,,
3924,Dr. Md. Shamim Chowdhury,"['MBBS', 'MD', 'CCD']",CARDIOLOGIST,17,Uttara Crescent Hospital & Diagnostic Center,Dhaka,,,,,,,,,,,,,,,,,,,,,
3925,Dr. Md. Humayun Kabir Mintu,"['MBBS', 'MPH', 'D-CARD', 'MD']",CARDIOLOGIST,19,Uttara Crescent Hospital & Diagnostic Center,Dhaka,,,,,,,,,,,,,,,,,,,,,
3926,Prof. Dr. Tawfiq Shahriar Huq,"['MBBS', 'D-CARD', 'MD']",CARDIOLOGIST,21,Uttara Crescent Hospital & Diagnostic Center,Dhaka,,,,,,,,,,,,,,,,,,,,,
3927,Prof. Dr. Jesmine Banu,"['MBBS', 'MS']",GYNECOLOGIST & OBSTETRICIAN,22,AMZ Hospital Ltd.,Dhaka,,,,,,,,,,,,,,,,,,,,,
3928,Dr. Golam Mustafa,"['MBBS', 'MRCS (UK)', 'FCPS']",COLORECTAL SURGEON,17,AMZ Hospital Ltd.,Dhaka,,,,,,,,,,,,,,,,,,,,,
3929,Dr. Anwar Hossain,"['MBBS', 'MD']",ONCOLOGIST,14,AMZ Hospital Ltd.,Dhaka,,,,,,,,,,,,,,,,,,,,,
3930,Dr. Harun-ur-Rashid Bhuiyan,"['MBBS', 'FIC (INDIA)', 'FACC (USA)', 'DIPLOMA (UK)']",CARDIOLOGIST,18,AMZ Hospital Ltd.,Dhaka,,,,,,,,,,,,,,,,,,,,,
3931,Dr. Abu Hasnat Md. Masud Sinha,"['MBBS', 'D-CARD', 'FACC (USA)', 'FESC (EU)']",CARDIOLOGIST,18,AMZ Hospital Ltd.,Dhaka,,,,,,,,,,,,,,,,,,,,,
3932,Dr. Mohammad Fahad Chowdhury,"['MBBS', 'BCS', 'MCPS', 'MD', 'MACP']",CARDIOLOGIST,15,AMZ Hospital Ltd.,Dhaka,,,,,,,,,,,,,,,,,,,,,
3933,Prof. Dr. Ripon Barua,"['MBBS', 'FCPS', 'BCS', 'M.PHIL', 'MPH', 'MMED']",MEDICINE SPECIALIST,23,Epic Health Care | Chittagong,Chittagong,,,,,,,,,,,,,,,,,,,,,
3934,Asst. Prof. Dr. Md. Shamim Reza,"['MBBS', 'MS']",CARDIOTHORACIC AND VASCULAR SURGEON,17,Popular Diagnostic Centre Ltd. | Shyamoli,Dhaka,,,,,,,,,,,,,,,,,,,,,
3935,Dr. Md. Monsur Rahman Chowdhury,"['MBBS', 'BCS', 'FCPS']",PLASTIC SURGEON,16,AMZ Hospital Ltd.,Dhaka,,,,,,,,,,,,,,,,,,,,,
3936,Lt. Col. Dr. Anjana Chakraborty,"['MBBS', 'DDV']",DERMATOLOGIST,21,AMZ Hospital Ltd.,Dhaka,,,,,,,,,,,,,,,,,,,,,
3937,Dr. Mohammad Amzad Hossain,"['MBBS', 'BCS', 'MS']",OTOLARYNGOLOGISTS (ENT),21,AMZ Hospital Ltd.,Dhaka,,,,,,,,,,,,,,,,,,,,,
3938,Prof. Dr. Md. Jamal Abu Nasser,"['MBBS', 'FCPS', 'FMAS (INDIA)']",GENERAL SURGEON,24,AMZ Hospital Ltd.,Dhaka,,,,,,,,,,,,,,,,,,,,,
3939,Dr. Abeda Khatun,"['MBBS', 'MRCOG (UK)', 'FRCOG (UK)', 'FACOG', 'DGO']",GYNECOLOGIST & OBSTETRICIAN,17,AMZ Hospital Ltd.,Dhaka,,,,,,,,,,,,,,,,,,,,,
3940,Dr. Sayera Akther,"['MBBS', 'FCPS']",GYNECOLOGIST & OBSTETRICIAN,16,AMZ Hospital Ltd.,Dhaka,,,,,,,,,,,,,,,,,,,,,
3941,Dr. Rumana Afroz,"['MBBS', 'BCS', 'FCPS']",GYNECOLOGIST & OBSTETRICIAN,15,AMZ Hospital Ltd.,Dhaka,,,,,,,,,,,,,,,,,,,,,
3942,Dr. Fahmida Haque,"['MBBS', 'FCPS']",GYNECOLOGIST & OBSTETRICIAN,16,AMZ Hospital Ltd.,Dhaka,,,,,,,,,,,,,,,,,,,,,
3943,Dr. Shohana Shikder,"['MBBS', 'BCS', 'DGO']",GYNECOLOGIST & OBSTETRICIAN,16,AMZ Hospital Ltd.,Dhaka,,,,,,,,,,,,,,,,,,,,,
3944,Dr. Fatema Begum,"['MBBS', 'DGO', 'FCPS']",GYNECOLOGIST & OBSTETRICIAN,19,AMZ Hospital Ltd.,Dhaka,,,,,,,,,,,,,,,,,,,,,
3945,Dr. Mujahida Rahman,"['MBBBS', 'FCPS']",HEMATOLOGIST,17,AMZ Hospital Ltd.,Dhaka,,,,,,,,,,,,,,,,,,,,,
3946,Prof. Dr. Ahmedul Kabir,"['MBBS', 'BCS', 'FCPS', 'FACP', 'FRCP']",MEDICINE SPECIALIST,23,AMZ Hospital Ltd.,Dhaka,,,,,,,,,,,,,,,,,,,,,
3947,Dr. Mohammad Sayem,"['MBBS', 'FCPS', 'MRCP', 'MACP']",MEDICINE SPECIALIST,17,AMZ Hospital Ltd.,Dhaka,,,,,,,,,,,,,,,,,,,,,
3948,Dr. Syeda Zinia Zafrin,"['MBBS', 'MRCP', 'MRCP']",MEDICINE SPECIALIST,16,AMZ Hospital Ltd.,Dhaka,,,,,,,,,,,,,,,,,,,,,
3949,Dr. Md. Habibur Rahman,"['MBBS', 'BCS', 'MD']",NEUROLOGIST,14,AMZ Hospital Ltd.,Dhaka,,,,,,,,,,,,,,,,,,,,,
3950,Prof. Dr. Sharif Uddin Khan,"['MBBS', 'MD', 'FELLOW NEURO INTERVENTION & STROKE (INDIA)']",NEUROLOGIST,22,AMZ Hospital Ltd.,Dhaka,,,,,,,,,,,,,,,,,,,,,
3951,Prof. Dr. Md. Ashaduzzaman,"['MBBS', 'D-ORTHO']",ORTHOPEDIC SURGEON,23,AMZ Hospital Ltd.,Dhaka,,,,,,,,,,,,,,,,,,,,,
3952,Dr. Moin Ahmed Ferdous Rubel,"['MBBS', 'D-ORTHO']",ORTHOPEDIST,16,AMZ Hospital Ltd.,Dhaka,,,,,,,,,,,,,,,,,,,,,
3953,Dr. Md. Abdul Maleque Molla,"['MBBS', 'MRCP', 'MRCP', 'FRCP', 'FRCP', 'DCH']",PEDIATRICIAN,17,AMZ Hospital Ltd.,Dhaka,,,,,,,,,,,,,,,,,,,,,
3954,Prof. Dr. Saeedur Rahman,"['MBBS', 'FCPS']",PEDIATRICIAN,25,AMZ Hospital Ltd.,Dhaka,,,,,,,,,,,,,,,,,,,,,
3955,Prof. Dr. Samidur Rahman,"['MBBS', 'MS']",PEDIATRIC SURGEON,24,AMZ Hospital Ltd.,Dhaka,,,,,,,,,,,,,,,,,,,,,
3956,Prof. Dr. A. S. M. Alamgir Chowdhury,"['MBBS', 'MS']",PEDIATRIC SURGEON,24,AMZ Hospital Ltd.,Dhaka,,,,,,,,,,,,,,,,,,,,,
3957,Dr. Mohammad Nashir Uddin,"['MBBS', 'FCPS', 'MS', 'FACS (USA))']",PLASTIC SURGEON,18,AMZ Hospital Ltd.,Dhaka,,,,,,,,,,,,,,,,,,,,,
3958,Dr. Md. Shahidur Rahman Sikder,"['MBBS', 'BCS', 'MS', 'MRCS (ENGLAND)']",NEUROSURGEON,17,AMZ Hospital Ltd.,Dhaka,,,,,,,,,,,,,,,,,,,,,
3959,Dr. Rubaiyat Ferdush,"['MBBS', 'MCPS', 'FCPS']",PSYCHIATRIST,17,Dhaka Central International Medical College Hospital,Dhaka,,,,,,,,,,,,,,,,,,,,,
3960,Dr. Md. Tayabur Rahman,"['MBBS', 'BCS', 'MD', ' BSMMU)']",PSYCHIATRIST,16,AMZ Hospital Ltd.,Dhaka,,,,,,,,,,,,,,,,,,,,,
3961,Dr. Syed Aminul Haque Lenin,"['MBBS', 'MS']",THORACIC SURGEON,19,AMZ Hospital Ltd.,Dhaka,,,,,,,,,,,,,,,,,,,,,
3962,Dr. A. S. M. Badruzzaman Jewel,"['MBBS', 'BCS', 'CCD']",UROLOGIST,16,AMZ Hospital Ltd.,Dhaka,,,,,,,,,,,,,,,,,,,,,
3963,Dr. Masroor Akbar Khan,"['MBBS', 'FCPS', 'MS']",VASCULAR SURGEON,18,AMZ Hospital Ltd.,Dhaka,,,,,,,,,,,,,,,,,,,,,
3964,Dr. AHM Masud Sinha,"['MBBS', 'D-CARD', 'FACC (USA)', 'FESC (EU)']",CARDIOLOGIST,20,AMZ Hospital Ltd.,Dhaka,,,,,,,,,,,,,,,,,,,,,
3965,Dr. M. A. Mamun,"['MBBS', 'BCS', 'MS']",ORTHOPEDIC SURGEON,17,Ibn Sina Diagnostic Center | Savar,Dhaka,,,,,,,,,,,,,,,,,,,,,
3966,Dr. Md. Atiqul Islam,"['MBBS', 'BCS', 'FCPS', 'CCD', 'FACP']",MEDICINE SPECIALIST,17,Ibn Sina Diagnostic Center | Savar,Dhaka,,,,,,,,,,,,,,,,,,,,,
3967,Dr. Shantonu Kumer Saha,"['MBBS', 'BCS', 'CCD', 'FCPS']",MEDICINE SPECIALIST,17,Ibn Sina Diagnostic Center | Savar,Dhaka,,,,,,,,,,,,,,,,,,,,,
3968,Assoc. Prof. Dr. Mohammad Shafiqullah Akbar,"['MBBS', 'BCS', 'FCPS']",MEDICINE SPECIALIST,17,Ibn Sina Diagnostic Center | Savar,Dhaka,,,,,,,,,,,,,,,,,,,,,
3969,Dr. Chinmoy Saha,"['MBBS', 'BCS', 'MD', 'CCD']",CARDIOLOGIST,18,Ibn Sina Diagnostic Center | Savar,Dhaka,,,,,,,,,,,,,,,,,,,,,
3970,Dr. Ayesha Farah,"['MBBS', 'D-CARD']",CARDIOLOGIST,16,Ibn Sina Diagnostic Center | Savar,Dhaka,,,,,,,,,,,,,,,,,,,,,
3971,Dr. Md. Ashraful Alam Arif,"['MBBS', 'BCS', 'CCD', 'D-CARD', 'MD']",CARDIOLOGIST,17,Ibn Sina Diagnostic Center | Savar,Dhaka,,,,,,,,,,,,,,,,,,,,,
3972,Dr. Muhammed Akhtaruzzaman,"['MBBS', 'MD']",CARDIOLOGIST,19,Ibn Sina Diagnostic Center | Savar,Dhaka,,,,,,,,,,,,,,,,,,,,,
3973,Prof. Dr. Md. Nurul Alam,"['MBBS', 'D-ORTHO', 'MS']",ORTHOPEDIC SURGEON,24,Ibn Sina Diagnostic Center | Savar,Dhaka,,,,,,,,,,,,,,,,,,,,,
3974,Dr. Qaisur Rabbi,"['MBBS', 'D-ORTHO']",ORTHOPEDIC SURGEON,16,Ibn Sina Diagnostic Center | Savar,Dhaka,,,,,,,,,,,,,,,,,,,,,
3975,Dr. G. M. Ruhul Quddus,"['MBBS', 'D-ORTHO']",ORTHOPEDIC SURGEON,17,Ibn Sina Diagnostic Center | Savar,Dhaka,,,,,,,,,,,,,,,,,,,,,
3976,Dr. Muhammad Sayeed Mahmud Tamal,"['MBBS', 'BCS', 'MS']",ORTHOPEDIC SURGEON,17,Ibn Sina Diagnostic Center | Savar,Dhaka,,,,,,,,,,,,,,,,,,,,,
3977,Dr. A. K. M. Shahjahan,"['MBBS', 'BCS', 'D-ORTHO', 'MS']",ORTHOPEDIST,15,Ibn Sina Diagnostic Center | Savar,Dhaka,,,,,,,,,,,,,,,,,,,,,
3978,Dr. Md. Moynul Haque Chowdhury,"['MBBS', 'BCS', 'FCPS', 'CPA (USA)']",UROLOGIST,17,Ibn Sina Diagnostic Center | Savar,Dhaka,,,,,,,,,,,,,,,,,,,,,
3979,Dr. Mohammad Saiful Islam,"['MBBS', 'BCS', 'MS']",UROLOGIST,15,Ibn Sina Diagnostic Center | Savar,Dhaka,,,,,,,,,,,,,,,,,,,,,
3980,Assoc. Prof. Dr. A. B. M. Mashiur Rahman Chowdhury,"['MBBS', 'DLO', 'BCS']",OTOLARYNGOLOGISTS (ENT),17,Popular Diagnostic Centre Ltd. | Shyamoli,Dhaka,,,,,,,,,,,,,,,,,,,,,
3981,Dr. N. M. Khairul Bashar,"['MBBS', 'BCS', 'MS']",OTOLARYNGOLOGISTS (ENT),17,Ibn Sina Diagnostic Center | Savar,Dhaka,,,,,,,,,,,,,,,,,,,,,
3982,Dr. Md. Atikur Rahman,"['MBBS', 'MS']",OTOLARYNGOLOGISTS (ENT),17,Ibn Sina Medical College Hospital | Kallyanpur,Dhaka,,,,,,,,,,,,,,,,,,,,,
3983,Prof. Dr. Md. Tayob Ali,"['MBBS', 'MCPS', 'CCD']",OTOLARYNGOLOGISTS (ENT),25,Ibn Sina Diagnostic Center | Savar,Dhaka,,,,,,,,,,,,,,,,,,,,,
3984,Dr. Md. Arif Ur Rahman,"['MBBS', 'MD']",HEMATOLOGIST,16,Ibn Sina Diagnostic Center | Savar,Dhaka,,,,,,,,,,,,,,,,,,,,,
3985,Dr. Peyel Ahammad Khan,"['MBBS', 'BCS', 'MD']",NEUROLOGIST,15,Ibn Sina Diagnostic Center | Savar,Dhaka,,,,,,,,,,,,,,,,,,,,,
3986,Assoc. Prof. Dr. Monzur Ahmed,"['MBBS', 'BCS', 'FCPS']",PHYSICAL MEDICINE,19,Popular Diagnostic Centre Ltd. | Shyamoli,Dhaka,,,,,,,,,,,,,,,,,,,,,
3987,Dr. Shahina Sarker,"['MBBS', 'BCS', 'MD']",PHYSICAL MEDICINE,15,Ibn Sina Diagnostic Center | Savar,Dhaka,,,,,,,,,,,,,,,,,,,,,
3988,Lt. Col. Dr. Md. Rezaul Karim,"['BDS', 'MCPS', 'DOMFS', 'FCPS']",DENTIST,18,Ibn Sina Diagnostic Center | Savar,Dhaka,,,,,,,,,,,,,,,,,,,,,
3989,Dr. Afsana Azad,"['BDS', 'PGT']",DENTIST,14,Ibn Sina Diagnostic Center | Savar,Dhaka,,,,,,,,,,,,,,,,,,,,,
3990,Dr. Mst. Farzana Yesmin,"['BDS', 'PGT', 'FCPS']",DENTIST,14,Ibn Sina Diagnostic Center | Savar,Dhaka,,,,,,,,,,,,,,,,,,,,,
3991,Dr. A. K. M. Fahmid Noman,"['MBBS', 'FCPS', 'MD']",RESPIRATORY SPECIALIST,16,Popular Diagnostic Centre Ltd. | Shyamoli,Dhaka,,,,,,,,,,,,,,,,,,,,,
3992,Dr. Md. Mesbahul Karim,"['MBBS', 'DTCD (CHEST)', 'CCD', 'FCCP']",RESPIRATORY SPECIALIST,17,Ibn Sina Diagnostic Center | Savar,Dhaka,,,,,,,,,,,,,,,,,,,,,
3993,Dr. Salman Bashar Al Ayub,"['MBBS', 'BCS', 'MD']",ONCOLOGIST,16,Ibn Sina Diagnostic Center | Savar,Dhaka,,,,,,,,,,,,,,,,,,,,,
3994,Dr. Rumana Sultana,"['MBBS', 'BCS', 'FCPS', 'MS']",GYNECOLOGIST & OBSTETRICIAN,17,Ibn Sina Diagnostic Center | Savar,Dhaka,,,,,,,,,,,,,,,,,,,,,
3995,Dr. Nusrat Jahan,"['MBBS', 'BCS', 'DGO', 'CMU (ULTRA)']",GYNECOLOGIST & OBSTETRICIAN,16,Ibn Sina Diagnostic Center | Savar,Dhaka,,,,,,,,,,,,,,,,,,,,,
3996,Prof. Dr. Nilofar Yasmin,"['MBBS', 'BCS', 'MS']",GYNECOLOGIST & OBSTETRICIAN,19,Popular Diagnostic Centre Ltd. | Shyamoli,Dhaka,,,,,,,,,,,,,,,,,,,,,
3997,Dr. Mehbuba Yasmin,"['MBBS', 'FCPS', 'BCS']",GYNECOLOGIST & OBSTETRICIAN,15,Ibn Sina Diagnostic Center | Savar,Dhaka,,,,,,,,,,,,,,,,,,,,,
3998,Dr. Mst. Afroza Khanum,"['MBBS', 'DGO', 'MCPS', 'FCPS']",GYNECOLOGIST & OBSTETRICIAN,17,Ibn Sina Diagnostic Center | Savar,Dhaka,,,,,,,,,,,,,,,,,,,,,
3999,Dr. Afroz Nasrin,"['MBBS', 'DGO']",GYNECOLOGIST & OBSTETRICIAN,15,Ibn Sina Diagnostic Center | Savar,Dhaka,,,,,,,,,,,,,,,,,,,,,
4000,Dr. Abu Bakkir Siddique,"['MBBS', 'MD']",PEDIATRICIAN,16,Ibn Sina Diagnostic Center | Savar,Dhaka,,,,,,,,,,,,,,,,,,,,,
4001,Dr. Rumana Alam,"['MBBS', 'DCH']",PEDIATRICIAN,16,Ibn Sina Diagnostic Center | Savar,Dhaka,,,,,,,,,,,,,,,,,,,,,
4002,Dr. Saima Talukder,"['MBBS', 'FCPS', 'BCS']",PEDIATRICIAN,15,Ibn Sina Diagnostic Center | Savar,Dhaka,,,,,,,,,,,,,,,,,,,,,
4003,Dr. Amina Akter,"['MBBS', 'MD']",PEDIATRICIAN,18,Ibn Sina Diagnostic Center | Savar,Dhaka,,,,,,,,,,,,,,,,,,,,,
4004,Dr. S. M. Rezanur Rahman,"['MBBS', 'BCS', 'MD']",PEDIATRICIAN,16,Ibn Sina Diagnostic Center | Savar,Dhaka,,,,,,,,,,,,,,,,,,,,,
4005,Dr. Mohammad Syfur Rashid,"['MBBS', 'MS']",PEDIATRICIAN,18,Ibn Sina Diagnostic Center | Savar,Dhaka,,,,,,,,,,,,,,,,,,,,,
4006,Dr. Abdullah Al Shahnewaz,"['MBBS', 'MD']",GASTROENTEROLOGIST,16,Ibn Sina Diagnostic Center | Savar,Dhaka,,,,,,,,,,,,,,,,,,,,,
4007,Dr. Md. Nurun Nabi,"['MBBS', 'MCPS', 'FCPS']",OPHTHALMOLOGIST,17,Ibn Sina Diagnostic Center | Savar,Dhaka,,,,,,,,,,,,,,,,,,,,,
4008,Dr. Fahmida Zebin,"['MBBS', 'BCS']",DERMATOLOGIST,12,Ibn Sina Diagnostic Center | Savar,Dhaka,,,,,,,,,,,,,,,,,,,,,
4009,Dr. Md. Imranul Islam,"['MBBS', 'DDV']",DERMATOLOGIST,17,Ibn Sina Diagnostic Center | Savar,Dhaka,,,,,,,,,,,,,,,,,,,,,
4010,Dr. Shamima Akter,"['MBBS', 'BCS', 'DDV']",DERMATOLOGIST,17,Ibn Sina Diagnostic Center | Savar,Dhaka,,,,,,,,,,,,,,,,,,,,,
4011,Dr. Sayeed Uddin Helal,"['MBBS', 'MPH', 'MS']",NEUROSURGEON,18,Ibn Sina Diagnostic Center | Savar,Dhaka,,,,,,,,,,,,,,,,,,,,,
4012,Dr. Md. Jahangir Hossain,"['MBBS', 'MPH']",PSYCHIATRIST,19,Ibn Sina Diagnostic Center | Savar,Dhaka,,,,,,,,,,,,,,,,,,,,,
4013,Dr. Jannatul Fardous Shimu,"['BSC (HONS)', 'MS']",NUTRITIONIST,13,Ibn Sina Diagnostic Center | Savar,Dhaka,,,,,,,,,,,,,,,,,,,,,
4014,Ayesha Akter,"['BSC (HON)', 'MS']",NUTRITIONIST,14,Ibn Sina Diagnostic Center | Savar,Dhaka,,,,,,,,,,,,,,,,,,,,,
4015,Md. Shakib Hossain,"['BSC (HONS)', 'MS']",NUTRITIONIST,14,Ibn Sina Diagnostic Center | Savar,Dhaka,,,,,,,,,,,,,,,,,,,,,
4016,Dr. S. M. Shahidul Islam,"['MBBS', 'MPH', 'PH.D. (PAIN & PARALYSIS)']",PAIN MANAGEMENT SPECIALIST,19,SUO XI Hospital (Acupuncture),Dhaka,,,,,,,,,,,,,,,,,,,,,
4017,Dr. Mohammad Masudur Rahman,"['MBBS', 'BCS', 'FCPS']",GENERAL SURGEON,16,Ibn Sina Diagnostic Center | Savar,Dhaka,,,,,,,,,,,,,,,,,,,,,
4018,Dr. Fatama Akter Chowdhury,"['MBBS', 'BCS', 'MCPS', 'MS']",GENERAL SURGEON,15,Ibn Sina Diagnostic Center | Savar,Dhaka,,,,,,,,,,,,,,,,,,,,,
4019,Prof. Dr. Md. Ashrafuzzaman,"['MBBS', 'BCS', 'FCPS']",GENERAL SURGEON,23,Ibn Sina Diagnostic Center | Savar,Dhaka,,,,,,,,,,,,,,,,,,,,,
4020,Dr. Asma Helen Khan,"['MBBS', 'FCPS']",HEPATOLOGIST,16,Ibn Sina Diagnostic Center | Savar,Dhaka,,,,,,,,,,,,,,,,,,,,,
4021,Dr. Md. Saiful Islam Parvez,"['MBBS', 'BCS', 'MD']",HEPATOLOGIST,17,Ibn Sina Diagnostic Center | Savar,Dhaka,,,,,,,,,,,,,,,,,,,,,
4022,Dr. Md Foysal Ahmed P.T,['BPT (DU)'],PHYSIOTHERAPIST,15,Shin-Shin Japan Hospital,Dhaka,,,,,,,,,,,,,,,,,,,,,
4023,Dr. Hasan Masud,"['MBBS', 'BCS', 'CCD', 'MD']",NEPHROLOGIST,19,Shin-Shin Japan Hospital,Dhaka,,,,,,,,,,,,,,,,,,,,,
4024,Dr. Md. Morshed Alam,"['MBBS', 'M.PHIL', 'FELLOWSHIP IN NEPHROLOGY (JAPAN)']",NEPHROLOGIST,17,Shin-Shin Japan Hospital,Dhaka,,,,,,,,,,,,,,,,,,,,,
4025,Dr. Shirsendu Saha,"['MBBS', 'BCS', 'MD']",PULMONOLOGIST,17,BRAC Healthcare | Uttara,Dhaka,,,,,,,,,,,,,,,,,,,,,
4026,Dr. Nusrat Sultana,"['MBBS', 'DD', 'DCD (INDIA)', 'MS']",DERMATOLOGIST,16,Shin-Shin Japan Hospital,Dhaka,,,,,,,,,,,,,,,,,,,,,
4027,Dr. Abhijit Basak,"['MBBS', 'MPH', 'CCD', 'ADMS (ULTRA)', 'CCD', 'MS']",DERMATOLOGIST,16,Shin-Shin Japan Hospital,Dhaka,,,,,,,,,,,,,,,,,,,,,
4028,Dr. Tanzim Hossen,"['MBBS', 'FCPS', 'BCS', 'MD']",HEPATOLOGIST,16,Shin-Shin Japan Hospital,Dhaka,,,,,,,,,,,,,,,,,,,,,
4029,Dr. Tanvir Ahmed,"['MBBS', 'MD', 'BCS']",HEPATOLOGIST,16,Shin-Shin Japan Hospital,Dhaka,,,,,,,,,,,,,,,,,,,,,
4030,Dr. Muhammad Sayedul Arefin,"['MBBS', 'BCS', 'MD']",GASTROENTEROLOGIST,17,Shin-Shin Japan Hospital,Dhaka,,,,,,,,,,,,,,,,,,,,,
4031,Dr. Bivash Boran Biswas,"['MBBS', 'MS']",UROLOGIST,16,Shin-Shin Japan Hospital,Dhaka,,,,,,,,,,,,,,,,,,,,,
4032,Dr. A. K. M. Akramul Bari,"['MBBS', 'BCS', 'MS']",UROLOGIST,17,Shin-Shin Japan Hospital,Dhaka,,,,,,,,,,,,,,,,,,,,,
4033,Dr. Nadia Sultana,"['BDS', 'PGT', 'PGT']",DENTIST,13,Green Life Hospital Ltd.,Dhaka,,,,,,,,,,,,,,,,,,,,,
4034,Dr. Tania Parveen,"['BDS', 'MS']",DENTIST,14,Green Life Hospital Ltd.,Dhaka,,,,,,,,,,,,,,,,,,,,,
4035,Prof. Dr. Md. Farid Uddin,"['BDS', 'FCPS']",DENTIST,23,Green Life Hospital Ltd.,Dhaka,,,,,,,,,,,,,,,,,,,,,
4036,Prof. Dr. Md. Shamsul Alam,"['BDS', 'DCD', 'FCPS']",DENTIST,26,Green Life Hospital Ltd.,Dhaka,,,,,,,,,,,,,,,,,,,,,
4037,Dr. Md. Abdullah Al Mamun,"['MBBS', 'BCS', 'FCPS']",GENERAL SURGEON,16,Shin-Shin Japan Hospital,Dhaka,,,,,,,,,,,,,,,,,,,,,
4038,Dr. Farhana Salam,"['MBBS', 'FCPS', 'MS']",COLORECTAL SURGEON,16,Shin-Shin Japan Hospital,Dhaka,,,,,,,,,,,,,,,,,,,,,
4038,Dr. Farhana Salam,"['MBBS', 'FCPS', 'MS']",GENERAL SURGEON,16,Shin-Shin Japan Hospital,Dhaka,,,,,,,,,,,,,,,,,,,,,
4039,Dr. Subroto Kormokar,"['MBBS', 'DCH']",PEDIATRICIAN,16,Shin-Shin Japan Hospital,Dhaka,,,,,,,,,,,,,,,,,,,,,
4040,Dr. Jaglul Gaffer Khan Zia,"['MBBS', 'BCS', 'MS']",PEDIATRIC SURGEON,20,Shin-Shin Japan Hospital,Dhaka,,,,,,,,,,,,,,,,,,,,,
4041,Dr. Mir N. Anwar,"['MBBS', 'DCH', 'MPH', ' CHILD HEALTH', ' USA)']",PEDIATRIC SURGEON,21,Shin-Shin Japan Hospital,Dhaka,,,,,,,,,,,,,,,,,,,,,
4042,Dr. Syeda Fatema Ahmed,"['MBBS', 'DGO', 'FCPS', 'MPH', 'DM', 'FMD']",GYNECOLOGIST & OBSTETRICIAN,15,Shin-Shin Japan Hospital,Dhaka,,,,,,,,,,,,,,,,,,,,,
4043,Dr. Georgia Haque Dona,"['MBBS', 'FCPS', 'BCS']",GYNECOLOGIST & OBSTETRICIAN,16,Shin-Shin Japan Hospital,Dhaka,,,,,,,,,,,,,,,,,,,,,
4044,Prof. Dr. Md. Mizanur Rahman,"['MBBS', 'MD', 'MCPS', 'MACP']",MEDICINE SPECIALIST,25,Shin-Shin Japan Hospital,Dhaka,,,,,,,,,,,,,,,,,,,,,
4045,Dr. Kalipada Adhikari,"['MBBS', 'FCPS', 'PGT']",MEDICINE SPECIALIST,22,Shin-Shin Japan Hospital,Dhaka,,,,,,,,,,,,,,,,,,,,,
4046,Dr. Abul Khair Bhuiyan,"['MBBS', 'MCPS', 'FCPS']",MEDICINE SPECIALIST,22,Shin-Shin Japan Hospital,Dhaka,,,,,,,,,,,,,,,,,,,,,
4047,Dr. Md. Mahfuzul Momen,"['MBBS', 'FCPS', 'DM']",GENERAL SURGEON,16,Shin-Shin Japan Hospital,Dhaka,,,,,,,,,,,,,,,,,,,,,
4047,Dr. Md. Mahfuzul Momen,"['MBBS', 'FCPS', 'DM']",LAPAROSCOPIC SURGEON,16,Shin-Shin Japan Hospital,Dhaka,,,,,,,,,,,,,,,,,,,,,
4048,Dr. Md. Abdul Karim,"['MBBS', 'PGT']",DERMATOLOGIST,16,Shin-Shin Japan Hospital,Dhaka,,,,,,,,,,,,,,,,,,,,,
4049,Assoc. Prof. Dr. Md. Humayun Rashid Sagor,"['MBBS', 'MS']",NEUROSURGEON,19,Shin-Shin Japan Hospital,Dhaka,,,,,,,,,,,,,,,,,,,,,
4050,Dr. B. U. M. Wahid Ahmed,"['MBBS', 'BCS', 'FCPS']",MEDICINE SPECIALIST,17,Shin-Shin Japan Hospital,Dhaka,,,,,,,,,,,,,,,,,,,,,
4051,Dr. Md. Mobinur Rahman,"['MBBS', 'MD', 'MACP']",MEDICINE SPECIALIST,18,Shin-Shin Japan Hospital,Dhaka,,,,,,,,,,,,,,,,,,,,,
4052,Dr. Rokeya Rahman,"['MBBS', 'BCS', 'FCPS', 'MCPS']",GYNECOLOGIST & OBSTETRICIAN,17,Shin-Shin Japan Hospital,Dhaka,,,,,,,,,,,,,,,,,,,,,
4053,Dr. Capt. M. Asaduzzaman,"['MBBS', 'FCPS', 'MCPS', 'DLO']",OTOLARYNGOLOGISTS (ENT),19,Shin-Shin Japan Hospital,Dhaka,,,,,,,,,,,,,,,,,,,,,
4054,Dr. A. K. M. Munirul Haque,"['MBBS', 'DLO']",OTOLARYNGOLOGISTS (ENT),18,Shin-Shin Japan Hospital,Dhaka,,,,,,,,,,,,,,,,,,,,,
4055,Dr. Md. Istiaque Hossain,"['BDS', 'PGT']",DENTIST,16,Shin-Shin Japan Hospital,Dhaka,,,,,,,,,,,,,,,,,,,,,
4056,Dr. Khan Lamia Nahid,"['MBBS', 'FCPS', 'MD']",PEDIATRIC GASTROENTEROLOGIST,19,Shin-Shin Japan Hospital,Dhaka,,,,,,,,,,,,,,,,,,,,,
4057,Dr. Nargis Rahman,"['MBBS', 'BCS', 'MD', 'PHD']",PEDIATRICIAN,19,Shin-Shin Japan Hospital,Dhaka,,,,,,,,,,,,,,,,,,,,,
4058,Dr. Md. Majedul Islam,"['MBBS', 'BCS', 'FCPS']",MEDICINE SPECIALIST,16,Times Multicare Hospital Ltd.,Dhaka,,,,,,,,,,,,,,,,,,,,,
4059,Dr. Tanzila Naz Ananya,"['MBBS', 'FCPS']",MEDICINE SPECIALIST,17,Times Multicare Hospital Ltd.,Dhaka,,,,,,,,,,,,,,,,,,,,,
4060,Dr. Nurul Islam,"['MBBS', 'MRCP', 'CCD']",MEDICINE SPECIALIST,17,Times Multicare Hospital Ltd.,Dhaka,,,,,,,,,,,,,,,,,,,,,
4061,Dr. Md. Fazlul Karim,"['MBBS', 'D-CARD', 'PLAB CERTIFIED (ENGLAND)', 'BCS']",CARDIOLOGIST,17,Times Multicare Hospital Ltd.,Dhaka,,,,,,,,,,,,,,,,,,,,,
4062,Dr. Md. Johirul Islam,"['MBBS', 'BCS', 'MS', 'FACS (USA)', 'D. ORTHO (PANGU HOSPITAL)', 'AO TRAUMA BASIC']",ORTHOPEDIC SURGEON,18,Times Multicare Hospital Ltd.,Dhaka,,,,,,,,,,,,,,,,,,,,,
4063,Dr. Suraiya Sharmin Anjum,"['MBBS', 'BCS', 'FCPS']",OTOLARYNGOLOGISTS (ENT),17,Times Multicare Hospital Ltd.,Dhaka,,,,,,,,,,,,,,,,,,,,,
4064,Dr. Saiful Bahar Khan,"['MBBS', 'MD']",NEPHROLOGIST,17,Times Multicare Hospital Ltd.,Dhaka,,,,,,,,,,,,,,,,,,,,,
4065,Dr. Muhammad Ekramul Haque,"['MBBS', 'BCS', 'FCPS', 'FRCS']",COLORECTAL & LAPAROSCOPIC SURGEON,17,Times Multicare Hospital Ltd.,Dhaka,,,,,,,,,,,,,,,,,,,,,
4066,Dr. A. K. M Zobayer,"['MBBS', 'MD', 'BCS']",GASTROENTEROLOGIST,17,Times Multicare Hospital Ltd.,Dhaka,,,,,,,,,,,,,,,,,,,,,
4067,Dr. Syeda Farzana Rahat,"['MBBS', 'CHILD HEALTH (DCH)', 'FCPS']",PEDIATRICIAN,19,Times Multicare Hospital Ltd.,Dhaka,,,,,,,,,,,,,,,,,,,,,
4068,Prof. Dr. S. M. Rezaul Karim Maruf,"['MBBS', 'MS']",PEDIATRIC SURGEON,24,Times Multicare Hospital Ltd.,Dhaka,,,,,,,,,,,,,,,,,,,,,
4069,Dr. Nusrat Yasmin Peya,"['MBBS', 'MS', 'BCS']",GENERAL SURGEON,14,BIRDEM General Hospital,Dhaka,,,,,,,,,,,,,,,,,,,,,
4070,Dr. Nusrat Hoque,"['MBBS', 'FCPS']",ONCOLOGIST,17,Green Life Hospital Ltd.,Dhaka,,,,,,,,,,,,,,,,,,,,,
4071,Prof. Dr. Md. Abu Taher,"['MBBS', 'MS', 'FRCS', 'FACS (USA)', 'FISCP (IN)', 'FASCRS (USA)']",COLORECTAL SURGEON,24,Green Life Hospital Ltd.,Dhaka,,,,,,,,,,,,,,,,,,,,,
4072,Prof. Dr. Md. Mottalab Hossain,"['MBBS', 'FCPS', 'FRCS']",SURGEON,23,Comfort Diagnostic Center (Pvt.) Ltd | Dhanmondi,Dhaka,,,,,,,,,,,,,,,,,,,,,
4073,Dr. Monsur Ahmed,"['MBBS', 'MS']",NEUROSURGEON,20,Green Life Hospital Ltd.,Dhaka,,,,,,,,,,,,,,,,,,,,,
4074,Prof. Dr. A. K. M. Manzurul Alam,"['MBBS', 'MS', 'FRCS', 'FACS (USA)', 'FELLOW WHO', 'ESCORTS (DELHI)']",CARDIAC SURGEON,24,Green Life Hospital Ltd.,Dhaka,,,,,,,,,,,,,,,,,,,,,
4075,Prof. A. K. M. Razzaque,"['MBBS', 'FCPS']",CARDIAC SURGEON,25,Green Life Hospital Ltd.,Dhaka,,,,,,,,,,,,,,,,,,,,,
4076,Prof. Dr. Golam Muhiuddin Akbar Chowdhury,"['MBBS', 'FCPS']",CARDIAC SURGEON,26,Green Life Hospital Ltd.,Dhaka,,,,,,,,,,,,,,,,,,,,,
4077,Prof. Dr. Istiaq Ahmed Dipu,"['MBBS', 'MS']",CARDIAC SURGEON,23,Green Life Hospital Ltd.,Dhaka,,,,,,,,,,,,,,,,,,,,,
4078,Prof. Dr. Manabendra Biswas,"['MBBS', 'MD', 'MS']",THORACIC SURGEON,23,Green Life Hospital Ltd.,Dhaka,,,,,,,,,,,,,,,,,,,,,
4079,Dr. Nuruddin Mohammod Zahangir,"['MBBS', 'MS']",CARDIAC SURGEON,21,Green Life Hospital Ltd.,Dhaka,,,,,,,,,,,,,,,,,,,,,
4080,Dr. Md. Faizul Islam,"['MBBS', 'MS']",CARDIAC SURGEON,22,Green Life Hospital Ltd.,Dhaka,,,,,,,,,,,,,,,,,,,,,
4081,Prof. Dr. Sabina Hashem,"['MBBS', 'D-CARD', 'FCPS']",CARDIOLOGIST,23,Green Life Hospital Ltd.,Dhaka,,,,,,,,,,,,,,,,,,,,,
4082,Prof. Dr. Md. Mamunur Rashid Sizar,"['MBBS', 'MD']",CARDIOLOGIST,24,Green Life Hospital Ltd.,Dhaka,,,,,,,,,,,,,,,,,,,,,
4083,Dr. S. Chakraborty,"['MBBS', 'MD']",CARDIOLOGIST,16,Green Life Hospital Ltd.,Dhaka,,,,,,,,,,,,,,,,,,,,,
4084,Prof. Dr. Nazir Ahammed Chowdhury Ronju,"['MBBS', 'D-CARD', 'FCCP', 'FACC']",CARDIOLOGIST,24,Green Life Hospital Ltd.,Dhaka,,,,,,,,,,,,,,,,,,,,,
4085,Dr. Md. Abu Salim,"['MBBS', 'D-CARD', 'MD']",CARDIOLOGIST,20,Green Life Hospital Ltd.,Dhaka,,,,,,,,,,,,,,,,,,,,,
4086,Assoc. Prof. Dr. Md. Abu Sayed Munsi,"['MBBS', 'MCPS', 'FCPS']",CARDIOLOGIST,20,Green Life Hospital Ltd.,Dhaka,,,,,,,,,,,,,,,,,,,,,
4086,Assoc. Prof. Dr. Md. Abu Sayed Munsi,"['MBBS', 'MCPS', 'FCPS']",PEDIATRIC CARDIOLOGIST,20,Green Life Hospital Ltd.,Dhaka,,,,,,,,,,,,,,,,,,,,,
4087,Prof. Dr. Begum Sharifun Naher,"['MBBS', 'FCPS', 'MD', 'MD']",PEDIATRICIAN,22,Comfort Diagnostic Center (Pvt.) Ltd | Dhanmondi,Dhaka,,,,,,,,,,,,,,,,,,,,,
4087,Prof. Dr. Begum Sharifun Naher,"['MBBS', 'FCPS', 'MD', 'MD']",PEDIATRICIAN & NEONATOLOGIST,22,Comfort Diagnostic Center (Pvt.) Ltd | Dhanmondi,Dhaka,,,,,,,,,,,,,,,,,,,,,
4088,Prof. Dr. Shahana Akhter Rahman,"['MBBS', 'FCPS']",PEDIATRICIAN,25,Green Life Hospital Ltd.,Dhaka,,,,,,,,,,,,,,,,,,,,,
4089,Prof. Dr. Sayeeda Anwar,"['MBBS', 'FCPS']",PEDIATRICIAN,24,Green Life Hospital Ltd.,Dhaka,,,,,,,,,,,,,,,,,,,,,
4090,Prof. Dr. Quazi Rakibul Islam,"['MBBS', 'MD']",PEDIATRICIAN,26,Green Life Hospital Ltd.,Dhaka,,,,,,,,,,,,,,,,,,,,,
4091,Dr. Abdul Malek,"['MBBS', 'DCH', 'FCPS']",PEDIATRICIAN,18,Green Life Hospital Ltd.,Dhaka,,,,,,,,,,,,,,,,,,,,,
4092,Dr. Anamika Saha,"['MBBS', 'FCPS', 'MRCP']",PEDIATRICIAN,16,Green Life Hospital Ltd.,Dhaka,,,,,,,,,,,,,,,,,,,,,
4093,Dr. Md. Shafiqul Islam,"['MBBS', 'BCS', 'MD', 'PGPN']",PEDIATRICIAN,20,Green Life Hospital Ltd.,Dhaka,,,,,,,,,,,,,,,,,,,,,
4094,Assoc. Prof. Dr. Shahnaz Sultana Beauty,"['BDS', 'FCPS']",DENTIST,19,Green Life Hospital Ltd.,Dhaka,,,,,,,,,,,,,,,,,,,,,
4095,Dr. Tanjina Hossain,"['MBBS', 'MD']",ENDOCRINOLOGIST,19,Green Life Hospital Ltd.,Dhaka,,,,,,,,,,,,,,,,,,,,,
4096,Dr. Md. Shayedat Ullah,"['MBBS', 'BCS', 'MACP', 'MACE', 'MD']",ENDOCRINOLOGIST,16,Green Life Hospital Ltd.,Dhaka,,,,,,,,,,,,,,,,,,,,,
4097,Dr. Kanu Lal Saha,"['MBBS', 'FCPS', 'MS']",OTOLARYNGOLOGISTS (ENT),19,Green Life Hospital Ltd.,Dhaka,,,,,,,,,,,,,,,,,,,,,
4098,Dr. Abirvab Naha,"['MBBS', 'MS']",OTOLARYNGOLOGISTS (ENT),16,Green Life Hospital Ltd.,Dhaka,,,,,,,,,,,,,,,,,,,,,
4099,Prof. Dr. Nasima Akhtar,"['MBBS', 'DLO', 'FCPS']",OTOLARYNGOLOGISTS (ENT),23,Green Life Hospital Ltd.,Dhaka,,,,,,,,,,,,,,,,,,,,,
4100,Prof. Dr. Abu Sufi Ahmed Amin,"['MBBS', 'DLO']",OTOLARYNGOLOGISTS (ENT),24,Green Life Hospital Ltd.,Dhaka,,,,,,,,,,,,,,,,,,,,,
4101,Dr. Salma Parvin,"['MBBS', 'DO (DU)', 'FCPS']",OPHTHALMOLOGIST,21,Green Life Hospital Ltd.,Dhaka,,,,,,,,,,,,,,,,,,,,,
4102,Dr. Sonia Ahsan,"['MBBS', 'DO']",OPHTHALMOLOGIST,18,Green Life Hospital Ltd.,Dhaka,,,,,,,,,,,,,,,,,,,,,
4103,Assoc. Prof. Dr. Md. Jakir Hossain,"['MBBS', 'BCS', 'MD']",GASTROENTEROLOGIST,21,Green Life Hospital Ltd.,Dhaka,,,,,,,,,,,,,,,,,,,,,
4104,Prof. Dr. Begum Nasrin,"['MBBS', 'FCPS', 'MS']",GYNECOLOGIST & OBSTETRICIAN,24,Green Life Hospital Ltd.,Dhaka,,,,,,,,,,,,,,,,,,,,,
4105,Prof. Dr. Shirin Akter Begum,"['MBBS', 'DGO', 'MCPS', 'MS']",GYNECOLOGIST & OBSTETRICIAN,25,Green Life Hospital Ltd.,Dhaka,,,,,,,,,,,,,,,,,,,,,
4106,Prof. Dr. Joya Sree Roy,"['MBBS', 'MCPS', 'MS']",GYNECOLOGIST & OBSTETRICIAN,24,Green Life Hospital Ltd.,Dhaka,,,,,,,,,,,,,,,,,,,,,
4107,Prof. Dr. Kamrun Nahar,"['MBBS', 'FCPS']",GYNECOLOGIST & OBSTETRICIAN,24,Green Life Hospital Ltd.,Dhaka,,,,,,,,,,,,,,,,,,,,,
4108,Prof. Dr. Fahmida Khan Lima,"['MBBS', 'MCPS', 'DGO', 'FCPS']",GYNECOLOGIST & OBSTETRICIAN,23,Green Life Hospital Ltd.,Dhaka,,,,,,,,,,,,,,,,,,,,,
4109,Dr. Eva Rani Nandi,"['MBBS', 'FCPS', 'FCPS']",INFERTILITY SPECIALIST,18,Green Life Hospital Ltd.,Dhaka,,,,,,,,,,,,,,,,,,,,,
4109,Dr. Eva Rani Nandi,"['MBBS', 'FCPS', 'FCPS']",GYNECOLOGIST & OBSTETRICIAN,18,Green Life Hospital Ltd.,Dhaka,,,,,,,,,,,,,,,,,,,,,
4110,Dr. Qumrun Nassa Ahmed,"['MBBS', 'DGO', 'MCPS', 'FCPS']",GYNECOLOGIST & OBSTETRICIAN,18,Green Life Hospital Ltd.,Dhaka,,,,,,,,,,,,,,,,,,,,,
4111,Prof. Dr. Lima Shompa,"['MBBS', 'FCPS']",GYNECOLOGIST & OBSTETRICIAN,21,Green Life Hospital Ltd.,Dhaka,,,,,,,,,,,,,,,,,,,,,
4112,Dr. Washim Ahmed,"['MBBS', 'FCPS']",MEDICINE SPECIALIST,16,Ibn Sina Diagnostic & Consultation Centre | Uttara,Dhaka,,,,,,,,,,,,,,,,,,,,,
4113,Dr. Rifat Sultana,"['MBBS', 'FCPS']",GYNECOLOGIST & OBSTETRICIAN,16,Green Life Hospital Ltd.,Dhaka,,,,,,,,,,,,,,,,,,,,,
4114,Dr. Elora Yasmin,"['MBBS', 'FCPS']",GYNECOLOGIST & OBSTETRICIAN,18,Green Life Hospital Ltd.,Dhaka,,,,,,,,,,,,,,,,,,,,,
4115,Prof. Dr. A. H. M. Towhidul Alam,"['MBBS', 'FCPS', 'FRCS', 'FACS (USA)']",SURGEON,26,Green Life Hospital Ltd.,Dhaka,,,,,,,,,,,,,,,,,,,,,
4115,Prof. Dr. A. H. M. Towhidul Alam,"['MBBS', 'FCPS', 'FRCS', 'FACS (USA)']",LAPAROSCOPIC SURGEON,26,Green Life Hospital Ltd.,Dhaka,,,,,,,,,,,,,,,,,,,,,
4116,Prof. Dr. Bidhan C. Das,"['MBBS', 'FCPS', 'PHD']",HEPATOLOGIST,25,Green Life Hospital Ltd.,Dhaka,,,,,,,,,,,,,,,,,,,,,
4116,Prof. Dr. Bidhan C. Das,"['MBBS', 'FCPS', 'PHD']",SURGEON,25,Green Life Hospital Ltd.,Dhaka,,,,,,,,,,,,,,,,,,,,,
4117,Prof. Dr. A. B. M. Bayezid Hossain,"['MBBS', 'FCPS']",HEPATOLOGIST,26,Green Life Hospital Ltd.,Dhaka,,,,,,,,,,,,,,,,,,,,,
4118,Dr. Provat Kumar Podder,"['MBBS', 'BCS', 'FCPS', 'MD']",HEPATOLOGIST,21,Green Life Hospital Ltd.,Dhaka,,,,,,,,,,,,,,,,,,,,,
4119,Dr. Shawkat Hossain Romel,"['MBBS', 'BCS', 'MD']",HEPATOLOGIST,17,Green Life Hospital Ltd.,Dhaka,,,,,,,,,,,,,,,,,,,,,
4120,Major Dr. Syed Jamil Abdal,"['MBBS', 'FCPS', 'FCPS']",MEDICINE SPECIALIST,20,Green Life Hospital Ltd.,Dhaka,,,,,,,,,,,,,,,,,,,,,
4121,Dr. Rashedul Hassan Kanak,"['MBBS', 'BCS', 'FCPS']",MEDICINE SPECIALIST,19,Green Life Hospital Ltd.,Dhaka,,,,,,,,,,,,,,,,,,,,,
4122,Prof. Dr. Sunil Kumar Biswas,"['MBBS', 'MCPS', 'MD', 'FACP', 'FRCP']",MEDICINE SPECIALIST,26,Green Life Hospital Ltd.,Dhaka,,,,,,,,,,,,,,,,,,,,,
4123,Dr. A. F. M. Helal Uddin,"['MBBS', 'BCS', 'MRCP', 'FACP', 'FRCP']",MEDICINE SPECIALIST,19,Green Life Hospital Ltd.,Dhaka,,,,,,,,,,,,,,,,,,,,,
4124,Prof. Dr. Sk. Abdul Fattah,"['MBBS', 'DTCD', 'FCPS', 'FACP']",INTERNAL MEDICINE,26,Green Life Hospital Ltd.,Dhaka,,,,,,,,,,,,,,,,,,,,,
4125,Dr. Imtiaz Ahmed,"['MBBS', 'FCPS', 'MRCP', 'MACP']",INTERNAL MEDICINE,17,Green Life Hospital Ltd.,Dhaka,,,,,,,,,,,,,,,,,,,,,
4126,Dr. Sharmin Ahmed,"['MBBS', 'FCPS']",MEDICINE SPECIALIST,16,Green Life Hospital Ltd.,Dhaka,,,,,,,,,,,,,,,,,,,,,
4127,Prof. Dr. A. K. M. Anwar Ullah,"['MBBS', 'FCPS', 'FRCP']",NEUROLOGIST,25,Green Life Hospital Ltd.,Dhaka,,,,,,,,,,,,,,,,,,,,,
4128,Prof. Dr. Abul Khair,"['MBBS', 'FCPS', 'FELLOW NEUROSURGERY (AUSTRALIA)']",NEUROSURGEON,25,Green Life Hospital Ltd.,Dhaka,,,,,,,,,,,,,,,,,,,,,
4129,Prof. Dr. Dhiman Chowdhury,"['MBBS', 'MS', 'FIMS (INDIA)']",NEUROSURGEON,25,Green Life Hospital Ltd.,Dhaka,,,,,,,,,,,,,,,,,,,,,
4130,Prof. Dr. Md. Waheeduzzaman,"['MBBS', 'FCPS']",NEUROSURGEON,25,Green Life Hospital Ltd.,Dhaka,,,,,,,,,,,,,,,,,,,,,
4131,Dr. Sudipta Kumer Mukherjee,"['MBBS', 'MS']",NEUROSURGEON,21,Green Life Hospital Ltd.,Dhaka,,,,,,,,,,,,,,,,,,,,,
4131,Dr. Sudipta Kumer Mukherjee,"['MBBS', 'MS']",PEDIATRIC NEUROSURGEON,21,Green Life Hospital Ltd.,Dhaka,,,,,,,,,,,,,,,,,,,,,
4132,Dr. D. M. Arman,"['MBBS', 'MS']",NEUROSURGEON,19,Green Life Hospital Ltd.,Dhaka,,,,,,,,,,,,,,,,,,,,,
4133,Dr. Mohammad Shahriar Kabir,"['MBBS', 'MS']",NEUROSURGEON,16,Green Life Hospital Ltd.,Dhaka,,,,,,,,,,,,,,,,,,,,,
4134,Prof. Dr. Khondker Abdul Awal Rizvi,"['MBBS', 'MS', 'FCPS', 'FICS']",ORTHOPEDIC SURGEON,24,Green Life Hospital Ltd.,Dhaka,,,,,,,,,,,,,,,,,,,,,
4135,Prof. Dr. Shyamal Debnath,"['MBBS', 'MS', 'FELLOW IN JOINT REPLACEMENT SURGERY (INDIA)']",ORTHOPEDIC SURGEON,24,Green Life Hospital Ltd.,Dhaka,,,,,,,,,,,,,,,,,,,,,
4136,Dr. Chowdhury Iqbal Mahmud,"['MBBS', 'FRCS', 'MCH (ORTHO', ' UK)', 'FACS (USA)', 'FICS (USA)', 'FRSM (UK)', 'CCD']",ORTHOPEDIC SURGEON,21,Green Life Hospital Ltd.,Dhaka,,,,,,,,,,,,,,,,,,,,,
4137,Dr. Suman Kumar Roy,"['MBBS', 'MS', 'FACS (USA)']",ORTHOPEDIC SURGEON,21,Green Life Hospital Ltd.,Dhaka,,,,,,,,,,,,,,,,,,,,,
4138,Prof. Dr. Md. Zahidur Rahman,"['MBBS', 'D-ORTHO', 'MS', 'FELLOWSHIP (SPINE SURGERY)', 'AO BASIC (SPINE SURGERY)']",ORTHOPEDIC SURGEON,23,Green Life Hospital Ltd.,Dhaka,,,,,,,,,,,,,,,,,,,,,
4139,Dr. Mohammad Shahriar Rahman,"['MBBS', 'MS']",ORTHOPEDIC SURGEON,18,Green Life Hospital Ltd.,Dhaka,,,,,,,,,,,,,,,,,,,,,
4140,Prof. Dr. Monaim Hossen,"['MBBS', 'MS', 'FACS (USA)']",ORTHOPEDIC SURGEON,23,Green Life Hospital Ltd.,Dhaka,,,,,,,,,,,,,,,,,,,,,
4141,Dr. Tanmoy Kairy,"['MBBS', 'D-ORTHO']",ORTHOPEDIC SURGEON,15,Green Life Hospital Ltd.,Dhaka,,,,,,,,,,,,,,,,,,,,,
4142,Prof. Dr. Md. Ayub Ali,"['MBBS', 'FCPS', 'MS', 'FACS (USA)', 'PHD']",PLASTIC SURGEON,23,Green Life Hospital Ltd.,Dhaka,,,,,,,,,,,,,,,,,,,,,
4143,Dr. Md. Hedayet Ali Khan,"['MBBS', 'BCS', 'FCPS']",PLASTIC SURGEON,21,Green Life Hospital Ltd.,Dhaka,,,,,,,,,,,,,,,,,,,,,
4144,Dr. Taslima Sultana,"['MBBS', 'MS']",PLASTIC SURGEON,15,Green Life Hospital Ltd.,Dhaka,,,,,,,,,,,,,,,,,,,,,
4145,Prof. Dr. Nurun Nahar Chowdhury,"['MBBS', 'MPH', 'MPH']",PSYCHIATRIST,23,Green Life Hospital Ltd.,Dhaka,,,,,,,,,,,,,,,,,,,,,
4146,Dr. Helal Uddin Ahmed,"['MBBS', 'MD']",PSYCHIATRIST,21,Green Life Hospital Ltd.,Dhaka,,,,,,,,,,,,,,,,,,,,,
4147,Dr. Arman Ibne Haq,"['MBBS', 'FCPS']",PSYCHIATRIST,21,Green Life Hospital Ltd.,Dhaka,,,,,,,,,,,,,,,,,,,,,
4148,Dr. Md. Ariful Islam,"['MBBS', 'FCPS', 'MD']",RHEUMATOLOGIST,19,Green Life Hospital Ltd.,Dhaka,,,,,,,,,,,,,,,,,,,,,
4149,Dr. A.T.M. Tanveer Hasan,"['MBBS', 'MD']",RHEUMATOLOGIST,21,Green Life Hospital Ltd.,Dhaka,,,,,,,,,,,,,,,,,,,,,
4150,Dr. A. S. M. Didarul Ahsan,"['MBBS', 'DDV']",DERMATOLOGIST,21,Green Life Hospital Ltd.,Dhaka,,,,,,,,,,,,,,,,,,,,,
4151,Dr. Zakir Ahmed,"['MBBS', 'DDV']",DERMATOLOGIST,27,Green Life Hospital Ltd.,Dhaka,,,,,,,,,,,,,,,,,,,,,
4152,Prof. Dr. Md. Nur Hossain Bhuiyan,"['MBBS', 'FCPS', 'FMAS (INDIA)', 'FACS (USA)', 'FRCS']",GENERAL SURGEON,24,Green Life Hospital Ltd.,Dhaka,,,,,,,,,,,,,,,,,,,,,
4153,Prof. Saif Uddin Ahmed,"['MBBS', 'FCPS', 'FRCS', 'FACS (USA)']",GENERAL SURGEON,24,Green Life Hospital Ltd.,Dhaka,,,,,,,,,,,,,,,,,,,,,
4154,Dr. Jawhar Lal Singha,"['MBBS', 'MS', 'FACS (USA)', 'FASCRS', 'COLORECTAL FELLOW (USA)']",COLORECTAL & LAPAROSCOPIC SURGEON,21,Green Life Hospital Ltd.,Dhaka,,,,,,,,,,,,,,,,,,,,,
4155,Prof. Dr. Munshi Md. Mujibur Rahman,"['MBBS', 'FCPS', 'MCPS', 'FICS (USA)']",GENERAL SURGEON,26,Green Life Hospital Ltd.,Dhaka,,,,,,,,,,,,,,,,,,,,,
4156,Prof. Dr. Abdullah Al Tarique,"['MBBS', 'FCPS', 'MS']",GENERAL SURGEON,23,Green Life Hospital Ltd.,Dhaka,,,,,,,,,,,,,,,,,,,,,
4156,Prof. Dr. Abdullah Al Tarique,"['MBBS', 'FCPS', 'MS']",PLASTIC SURGEON,23,Green Life Hospital Ltd.,Dhaka,,,,,,,,,,,,,,,,,,,,,
4156,Prof. Dr. Abdullah Al Tarique,"['MBBS', 'FCPS', 'MS']",LAPAROSCOPIC SURGEON,23,Green Life Hospital Ltd.,Dhaka,,,,,,,,,,,,,,,,,,,,,
4157,Prof. Dr. Md. Manjur Alam,"['MBBS', 'FCPS']",GENERAL SURGEON,25,Green Life Hospital Ltd.,Dhaka,,,,,,,,,,,,,,,,,,,,,
4158,Prof. Dr. A. K. M. Khurshidul Alam,"['MBBS', 'MCPS', 'FCPS', 'MS']",UROLOGIST,24,Green Life Hospital Ltd.,Dhaka,,,,,,,,,,,,,,,,,,,,,
4159,Prof. Dr. Zamanul Islam Bhuiyan,"['MBBS', 'FCPS', 'MS', 'FRCS']",UROLOGIST,25,Green Life Hospital Ltd.,Dhaka,,,,,,,,,,,,,,,,,,,,,
4160,Prof. Dr. Md. Mahbubur Rahman,"['MBBS', 'MS', 'PHD']",VASCULAR SURGEON,26,Green Life Hospital Ltd.,Dhaka,,,,,,,,,,,,,,,,,,,,,
4161,Prof. Dr. Anamur Rashid Chowdhury,"['MBBS', 'MS', 'BSMMU', 'MS', ' MOSCOW)', 'D.ENDO UROLOGY']",UROLOGIST,25,Ibn Sina Diagnostic & Consultation Centre | Uttara,Dhaka,,,,,,,,,,,,,,,,,,,,,
4162,Major Gen. Prof. Dr. Liza Chowdhury (Retd.),"['MBBS', 'MCPS', 'DGO', 'FCPS']",GYNECOLOGIST & OBSTETRICIAN,26,Ibn Sina Diagnostic & Consultation Centre | Uttara,Dhaka,,,,,,,,,,,,,,,,,,,,,
4163,Prof (Brig Gen) Dr. Md. Quadrat-E-Elahi,"['MBBS', 'MCPS', 'FCPS', 'GRADING MEDICINE (AFMI)']",ONCOLOGIST,27,Ibn Sina Diagnostic & Consultation Centre | Uttara,Dhaka,,,,,,,,,,,,,,,,,,,,,
4164,Dr. Aflatun Akter Jahan,"['MBBS', 'MD']",INTERNAL MEDICINE,14,Square Hospitals Ltd,Dhaka,,,,,,,,,,,,,,,,,,,,,
4165,Prof. Dr. Jahir Uddin Mahmud,"['MBBS', 'DO (DU)', 'FCPS']",OPHTHALMOLOGIST,24,Ibn Sina Diagnostic & Consultation Centre | Uttara,Dhaka,,,,,,,,,,,,,,,,,,,,,
4166,Dr. Md. Omar Faruk,"['MBBS', 'MD', 'CCD']",PHYSICAL MEDICINE,16,Ibn Sina Diagnostic & Consultation Centre | Uttara,Dhaka,,,,,,,,,,,,,,,,,,,,,
4167,Dr. Suriya Shahaly,"['MBBS', 'MD']",PHYSICAL MEDICINE,16,Ibn Sina Diagnostic & Consultation Centre | Uttara,Dhaka,,,,,,,,,,,,,,,,,,,,,
4168,Prof. Maj. Gen. Dr. Mohammad Yousuf,"['MBBS', 'FCPS']",PHYSICAL MEDICINE,26,Ibn Sina Diagnostic & Consultation Centre | Uttara,Dhaka,,,,,,,,,,,,,,,,,,,,,
4169,Dr. Mohammed Mirazur Rahman,"['MBBS', 'FCPS', 'CCD', 'MD']",RESPIRATORY SPECIALIST,17,Ibn Sina Diagnostic & Consultation Centre | Uttara,Dhaka,,,,,,,,,,,,,,,,,,,,,
4170,Dr. Md. Harunur Rashid,"['MBBS', 'MD', 'FCCP']",RESPIRATORY SPECIALIST,19,Ibn Sina Diagnostic & Consultation Centre | Uttara,Dhaka,,,,,,,,,,,,,,,,,,,,,
4171,Dr. A.T.M. Hasibul Hasan Parag,"['MBBS', 'MCPS', 'MD']",NEUROLOGIST,16,Ibn Sina Diagnostic & Consultation Centre | Uttara,Dhaka,,,,,,,,,,,,,,,,,,,,,
4172,Dr. Iftikher Alam,"['MBBS', 'FCPS', 'MD']",NEUROLOGIST,17,Ibn Sina Diagnostic & Consultation Centre | Uttara,Dhaka,,,,,,,,,,,,,,,,,,,,,
4173,Dr. K. M. Nazmul Islam Joy,"['MBBS', 'BCS', 'FCPS', 'MD']",NEUROLOGIST,16,Ibn Sina Diagnostic & Consultation Centre | Uttara,Dhaka,,,,,,,,,,,,,,,,,,,,,
4174,Dr. Mohammad Aftab Russel,"['MBBS', 'BCS', 'FCPS', 'MD']",NEUROLOGIST,16,Ibn Sina Diagnostic & Consultation Centre | Uttara,Dhaka,,,,,,,,,,,,,,,,,,,,,
4175,Dr. A. F. Khabir Uddin Ahmed,"['MBBS', 'MD']",CARDIOLOGIST,20,Ibn Sina Diagnostic & Consultation Centre | Uttara,Dhaka,,,,,,,,,,,,,,,,,,,,,
4176,Dr. Muhammad Aminur Razzaque,"['MBBS', 'BCS', 'MD']",CARDIOLOGIST,18,Ibn Sina Diagnostic & Consultation Centre | Uttara,Dhaka,,,,,,,,,,,,,,,,,,,,,
4177,Prof. Dr. Syed Nasir Uddin,"['MBBS', 'FCPS', 'MD']",CARDIOLOGIST,25,Ibn Sina Diagnostic & Consultation Centre | Uttara,Dhaka,,,,,,,,,,,,,,,,,,,,,
4178,Dr. Iftekhar Alam,"['MBBS', 'MD', 'CCD']",CARDIOLOGIST,16,Ibn Sina Diagnostic & Consultation Centre | Uttara,Dhaka,,,,,,,,,,,,,,,,,,,,,
4179,Dr. Md. Durul Hoda,"['MBBS', 'MD', 'MACP']",CARDIOLOGIST,18,Ibn Sina Diagnostic & Consultation Centre | Uttara,Dhaka,,,,,,,,,,,,,,,,,,,,,
4180,Dr. Roseyat Perveen,"['MBBS', 'BCS', 'MD']",CARDIOLOGIST,18,Ibn Sina Diagnostic & Consultation Centre | Uttara,Dhaka,,,,,,,,,,,,,,,,,,,,,
4181,Prof. Dr. M.S. Alam,"['MBBS', 'MCPS', 'DCH', 'MD', 'FRCP']",PEDIATRICIAN,25,Ibn Sina Diagnostic & Consultation Centre | Uttara,Dhaka,,,,,,,,,,,,,,,,,,,,,
4182,Dr. Sorroare Hosen,"['MBBS', 'FCPS']",PEDIATRICIAN,17,Ibn Sina Diagnostic & Consultation Centre | Uttara,Dhaka,,,,,,,,,,,,,,,,,,,,,
4183,Dr. Nabila Akand,"['MBBS', 'DCH', 'FCPS', 'MCPS']",PEDIATRICIAN,15,Ibn Sina Diagnostic & Consultation Centre | Uttara,Dhaka,,,,,,,,,,,,,,,,,,,,,
4184,Dr. Md. Liaquat Ali Mollah,"['MBBS', 'BCS', 'DTCD (DU)', 'FCPS']",PEDIATRICIAN,17,Ibn Sina Diagnostic & Consultation Centre | Uttara,Dhaka,,,,,,,,,,,,,,,,,,,,,
4185,Dr. Md. Abdul Wadud Sarker,"['MBBS', 'BCS', 'FCPS', 'MD']",PEDIATRICIAN,16,Ibn Sina Diagnostic & Consultation Centre | Uttara,Dhaka,,,,,,,,,,,,,,,,,,,,,
4186,Dr. Shahana Begum,"['MBBS', 'MD']",PEDIATRICIAN,16,Ibn Sina Diagnostic & Consultation Centre | Uttara,Dhaka,,,,,,,,,,,,,,,,,,,,,
4187,Dr. Saukat Ara Begum,"['MBBS', 'BCS', 'MD']",PEDIATRICIAN,19,Ibn Sina Diagnostic & Consultation Centre | Uttara,Dhaka,,,,,,,,,,,,,,,,,,,,,
4188,Dr. Md. Ali Akbar,"['MBBS', 'MS']",ORTHOPEDIC SURGEON,17,Ibn Sina Diagnostic & Consultation Centre | Uttara,Dhaka,,,,,,,,,,,,,,,,,,,,,
4189,Prof. Dr. Abul Kalam Azad,"['MBBS', 'MS']",ORTHOPEDIC SURGEON,24,Ibn Sina Diagnostic & Consultation Centre | Uttara,Dhaka,,,,,,,,,,,,,,,,,,,,,
4190,Dr. Md. Ahsan Majid,"['MBBS', 'MS']",ORTHOPEDIC SURGEON,16,Ibn Sina Diagnostic & Consultation Centre | Uttara,Dhaka,,,,,,,,,,,,,,,,,,,,,
4191,Dr. Abdullahel Wafee H. Kabir,"['MBBS', 'BCS', 'D-ORTHO', 'FCGP (MEDICINE)', 'PGT', ' PLASTIC & HAND SURGERY)']",ORTHOPEDIC SURGEON,16,Ibn Sina Diagnostic & Consultation Centre | Uttara,Dhaka,,,,,,,,,,,,,,,,,,,,,
4192,Dr. Syed Al Mahmud Sharif,"['MBBS', 'D-ORTHO', 'AO SPINE (ADVANCE)', 'MRCP', 'MRCS (EDIN)']",ORTHOPEDIC SURGEON,17,Ibn Sina Diagnostic & Consultation Centre | Uttara,Dhaka,,,,,,,,,,,,,,,,,,,,,
4193,Dr. Md. Rayhan Ali Mollah,"['MBBS', 'FCPS', 'MRCS (EDINBURGH', ' UK)', 'AO TRAUMA']",ORTHOPEDIC SURGEON,17,Ibn Sina Diagnostic & Consultation Centre | Uttara,Dhaka,,,,,,,,,,,,,,,,,,,,,
4194,Dr. Molla Muhammad Abdullah Al Mamun,"['MBBS', 'BCS', 'MS']",ORTHOPEDIC SURGEON,17,Ibn Sina Diagnostic & Consultation Centre | Uttara,Dhaka,,,,,,,,,,,,,,,,,,,,,
4195,Dr. Shariful Islam,"['MBBS', 'BCS', 'MS']",ORTHOPEDIC SURGEON,15,Ibn Sina Diagnostic & Consultation Centre | Uttara,Dhaka,,,,,,,,,,,,,,,,,,,,,
4196,Dr. Md. Mahmudul Hasan Khan,"['MBBS', 'FCPS']",OTOLARYNGOLOGISTS (ENT),19,Ibn Sina Diagnostic & Consultation Centre | Uttara,Dhaka,,,,,,,,,,,,,,,,,,,,,
4197,Dr. Md. Morshed Alam,"['MBBS', 'MS']",OTOLARYNGOLOGISTS (ENT),15,Ibn Sina Diagnostic & Consultation Centre | Uttara,Dhaka,,,,,,,,,,,,,,,,,,,,,
4198,Dr. M.S. Kabir Jewel,"['MBBS', 'BCS', 'MPH', 'MD']",PSYCHIATRIST,19,Ibn Sina Diagnostic & Consultation Centre | Uttara,Dhaka,,,,,,,,,,,,,,,,,,,,,
4199,Dr. Hosnea Ara,"['MBBS', 'MD']",PSYCHIATRIST,19,Ibn Sina Diagnostic & Consultation Centre | Uttara,Dhaka,,,,,,,,,,,,,,,,,,,,,
4200,Dr. Umme Salma,"['MBBS', 'BCS', 'FCPS']",GYNECOLOGIST & OBSTETRICIAN,17,Ibn Sina Diagnostic & Consultation Centre | Uttara,Dhaka,,,,,,,,,,,,,,,,,,,,,
4201,Dr. Salma Akter Munmun,"['MBBS', 'MCPS', 'FCPS']",GYNECOLOGIST & OBSTETRICIAN,16,Ibn Sina Diagnostic & Consultation Centre | Uttara,Dhaka,,,,,,,,,,,,,,,,,,,,,
4202,Dr. Tahmina Hossain,"['MBBS', 'FCPS']",GYNECOLOGIST & OBSTETRICIAN,17,Ibn Sina Diagnostic & Consultation Centre | Uttara,Dhaka,,,,,,,,,,,,,,,,,,,,,
4203,Dr. Rebeka Tarannum Sammi,"['MBBS', 'BCS', 'FCPS', 'MRCOG (UK)']",GYNECOLOGIST & OBSTETRICIAN,17,Ibn Sina Diagnostic & Consultation Centre | Uttara,Dhaka,,,,,,,,,,,,,,,,,,,,,
4204,Dr. Sadia Mahfiza Khanam,"['MBBS', 'BCS', 'FCPS']",GYNECOLOGIST & OBSTETRICIAN,18,Ibn Sina Diagnostic & Consultation Centre | Uttara,Dhaka,,,,,,,,,,,,,,,,,,,,,
4205,Dr. Shahinur Rahman,"['MBBS', 'BCS', 'FCPS']",GYNECOLOGIST & OBSTETRICIAN,21,Ibn Sina Diagnostic & Consultation Centre | Uttara,Dhaka,,,,,,,,,,,,,,,,,,,,,
4206,Dr. Shahin Akhter Jahan Habib,"['MBBS', 'FCPS']",GYNECOLOGIST & OBSTETRICIAN,19,Ibn Sina Diagnostic & Consultation Centre | Uttara,Dhaka,,,,,,,,,,,,,,,,,,,,,
4207,Assoc. Prof. Dr. Rowshan Afroz Mili,"['MBBS', 'MS']",GYNECOLOGIST & OBSTETRICIAN,19,Ibn Sina Diagnostic & Consultation Centre | Uttara,Dhaka,,,,,,,,,,,,,,,,,,,,,
4208,Dr. Umme Hafsa Zakia,"['MBBS', 'FCPS']",GYNECOLOGIST & OBSTETRICIAN,19,Ibn Sina Diagnostic & Consultation Centre | Uttara,Dhaka,,,,,,,,,,,,,,,,,,,,,
4209,Prof. Dr. Niloufar Shameem Afza,"['MBBS', 'MCPS', 'DGO', 'FCPS']",GYNECOLOGIST & OBSTETRICIAN,25,Ibn Sina Diagnostic & Consultation Centre | Uttara,Dhaka,,,,,,,,,,,,,,,,,,,,,
4210,Dr. Md. Shoaib Chowdhury,"['MBBS', 'MD']",GASTROENTEROLOGIST,20,Ibn Sina Diagnostic & Consultation Centre | Uttara,Dhaka,,,,,,,,,,,,,,,,,,,,,
4211,Dr. Md. Mahbubur Rahman,"['MBBS', 'BCS', 'MD']",GASTROENTEROLOGIST,18,Ibn Sina Diagnostic & Consultation Centre | Uttara,Dhaka,,,,,,,,,,,,,,,,,,,,,
4212,Dr. Eusha A. F. Ansary,"['MBBS', 'MD', 'RESEARCH FELLOW (BIRDEM)']",NEPHROLOGIST,20,Ibn Sina Diagnostic & Consultation Centre | Uttara,Dhaka,,,,,,,,,,,,,,,,,,,,,
4213,Dr. Md. Al Rizwan Russel,"['MBBS', 'BCS', 'MD']",NEPHROLOGIST,18,Ibn Sina Diagnostic & Consultation Centre | Uttara,Dhaka,,,,,,,,,,,,,,,,,,,,,
4214,Dr. Md. Muhiuddin Mazumder,"['MBBS', 'MCPS', 'MD']",NEPHROLOGIST,20,Ibn Sina Diagnostic & Consultation Centre | Uttara,Dhaka,,,,,,,,,,,,,,,,,,,,,
4215,Dr. Hasan Mahmud,"['MBBS', 'BCS', 'CCD', 'MD']",NEPHROLOGIST,16,Ibn Sina Diagnostic & Consultation Centre | Uttara,Dhaka,,,,,,,,,,,,,,,,,,,,,
4216,Dr. Syed Alfasani,"['MBBS', 'FCPS', 'MS']",UROLOGIST,17,Ibn Sina Diagnostic & Consultation Centre | Uttara,Dhaka,,,,,,,,,,,,,,,,,,,,,
4217,Prof. Dr. Sabbir Ahmed Khan,"['MBBS', 'FCPS', 'MS']",UROLOGIST,25,Ibn Sina Diagnostic & Consultation Centre | Uttara,Dhaka,,,,,,,,,,,,,,,,,,,,,
4218,Dr. Md. Kamrul Islam,"['MBBS', 'MS']",UROLOGIST,15,Ibn Sina Diagnostic & Consultation Centre | Uttara,Dhaka,,,,,,,,,,,,,,,,,,,,,
4219,Dr. Md. Sayeef Ullah Sujan,"['MBBS', 'MS']",UROLOGIST,18,Ibn Sina Diagnostic & Consultation Centre | Uttara,Dhaka,,,,,,,,,,,,,,,,,,,,,
4220,Dr. Rumana Islam,"['MBBS', 'DCH', 'MD']",PEDIATRIC NEUROLOGIST,17,Ibn Sina Diagnostic & Consultation Centre | Uttara,Dhaka,,,,,,,,,,,,,,,,,,,,,
4221,Dr. Md. Abdullah Al Mamun,"['MBBS', 'MS']",VASCULAR SURGEON,17,Ibn Sina Diagnostic & Consultation Centre | Uttara,Dhaka,,,,,,,,,,,,,,,,,,,,,
4222,Dr. Md. Sayeedul Islam Sohel,"['BDS', 'FCPS', 'PGT']",DENTIST,17,Ibn Sina Diagnostic & Consultation Centre | Uttara,Dhaka,,,,,,,,,,,,,,,,,,,,,
4223,Dr. Ishrat Jahan Liza,['BDS'],DENTIST,15,Ibn Sina Diagnostic & Consultation Centre | Uttara,Dhaka,,,,,,,,,,,,,,,,,,,,,
4224,Dr. Kamrun Nahar Sumi,"['BDS', 'BCS', 'MS']",DENTIST,17,Ibn Sina Diagnostic & Consultation Centre | Uttara,Dhaka,,,,,,,,,,,,,,,,,,,,,
4225,Dr. M. M. Mustak,"['BDS', 'PGT', 'MPH']",DENTIST,12,Ibn Sina Diagnostic & Consultation Centre | Uttara,Dhaka,,,,,,,,,,,,,,,,,,,,,
4226,Dr. Nishat Tasnim,"['BDS', 'PGT']",DENTIST,14,Ibn Sina Diagnostic & Consultation Centre | Uttara,Dhaka,,,,,,,,,,,,,,,,,,,,,
4227,Dr. Tanveen Kamal,"['MBBS', 'FCPS']",NEUROSURGEON,16,Anwer Khan Modern Diagnostic Centre | Banani,Dhaka,,,,,,,,,,,,,,,,,,,,,
4228,Dr. Farzana Anar,"['BDS', 'FCPS']",DENTIST,16,Ibn Sina Diagnostic & Consultation Centre | Uttara,Dhaka,,,,,,,,,,,,,,,,,,,,,
4229,Dr. Mohammad Ullah,"['BDS', 'FCPS']",DENTIST,15,Ibn Sina Diagnostic & Consultation Centre | Uttara,Dhaka,,,,,,,,,,,,,,,,,,,,,
4230,Dr. Mohammad Jamal Hossain,"['BDS', 'BCS', 'MS', 'FELLOW WFO (USA)']",DENTIST,17,Ibn Sina Diagnostic & Consultation Centre | Uttara,Dhaka,,,,,,,,,,,,,,,,,,,,,
4231,Prof. Brig.Gen.(Ex.) Dr. Abdullah Al Faruque,"['MBBS', 'FCPS', 'FRCP']",MEDICINE SPECIALIST,26,Ibn Sina Diagnostic & Consultation Centre | Uttara,Dhaka,,,,,,,,,,,,,,,,,,,,,
4232,Prof. Dr. Md. Abdul Kader,"['MBBS', 'FCPS']",MEDICINE SPECIALIST,23,Ibn Sina Diagnostic & Consultation Centre | Uttara,Dhaka,,,,,,,,,,,,,,,,,,,,,
4233,Dr. M. N. Alam,"['MBBS', 'MPH', 'PGT', 'CCD']",MEDICINE SPECIALIST,19,Ibn Sina Diagnostic & Consultation Centre | Uttara,Dhaka,,,,,,,,,,,,,,,,,,,,,
4234,Dr. Mohammad Liakat Ali,"['MBBS', 'FCPS']",MEDICINE SPECIALIST,16,Ibn Sina Diagnostic & Consultation Centre | Uttara,Dhaka,,,,,,,,,,,,,,,,,,,,,
4235,Dr. Md Mahmudunnaby Tonmoy,"['MBBS', 'FCPS']",MEDICINE SPECIALIST,16,Ibn Sina Diagnostic & Consultation Centre | Uttara,Dhaka,,,,,,,,,,,,,,,,,,,,,
4236,Dr. Md. Khyrul Kabir Razib,"['MBBS', 'FCPS', 'BCS', 'MD']",MEDICINE SPECIALIST,15,Ibn Sina Diagnostic & Consultation Centre | Uttara,Dhaka,,,,,,,,,,,,,,,,,,,,,
4237,Dr. D. M. Sazzad Hossain,"['MBBS', 'BCS', 'FCPS']",MEDICINE SPECIALIST,16,Ibn Sina Diagnostic & Consultation Centre | Uttara,Dhaka,,,,,,,,,,,,,,,,,,,,,
4238,Dr. Farhana Aktari,"['MBBS', 'BCS', 'FCPS', 'MRCP', 'CCD']",MEDICINE SPECIALIST,16,Ibn Sina Diagnostic & Consultation Centre | Uttara,Dhaka,,,,,,,,,,,,,,,,,,,,,
4239,Dr. Muhammad Saiyedur Rahman,"['MBBS', 'BCS', 'FCPS']",MEDICINE SPECIALIST,16,Ibn Sina Diagnostic & Consultation Centre | Uttara,Dhaka,,,,,,,,,,,,,,,,,,,,,
4240,Dr. Md. Khurshed Ahmed,"['MBBS', 'FCPS', 'MD']",CARDIOLOGIST,19,Ibn Sina Diagnostic & Consultation Centre | Uttara,Dhaka,,,,,,,,,,,,,,,,,,,,,
4241,Dr. Md. Mamun Or Rashid Ibne Harun,"['MBBS', 'BCS', 'FCPS']",MEDICINE SPECIALIST,16,Ibn Sina Diagnostic & Consultation Centre | Uttara,Dhaka,,,,,,,,,,,,,,,,,,,,,
4242,Dr. Md. Enamul Haque,"['MBBS', 'FCPS', 'MACP']",MEDICINE SPECIALIST,16,Ibn Sina Diagnostic & Consultation Centre | Uttara,Dhaka,,,,,,,,,,,,,,,,,,,,,
4243,Dr. Mohammad Asrafuzzaman,"['MBBS', 'FCPS', 'MD']",MEDICINE SPECIALIST,16,Ibn Sina Diagnostic & Consultation Centre | Uttara,Dhaka,,,,,,,,,,,,,,,,,,,,,
4244,Dr. Md. Ziaul Haider,"['MBBS', 'BCS', 'MD', 'ECRD']",RHEUMATOLOGIST,17,Ibn Sina Diagnostic & Consultation Centre | Uttara,Dhaka,,,,,,,,,,,,,,,,,,,,,
4245,Dr. Nasrin Sultana,"['MBBS', 'BCS', 'MS']",PLASTIC SURGEON,16,Ibn Sina Diagnostic & Consultation Centre | Uttara,Dhaka,,,,,,,,,,,,,,,,,,,,,
4246,Dr. Shahela Nazneen,"['MBBS', 'FCPS']",HEMATOLOGIST,16,Ibn Sina Diagnostic & Consultation Centre | Uttara,Dhaka,,,,,,,,,,,,,,,,,,,,,
4247,Dr. Md. Shafiur Rahman,"['MBBS', 'BCS', 'MD']",HEMATOLOGIST,19,Ibn Sina Diagnostic & Consultation Centre | Uttara,Dhaka,,,,,,,,,,,,,,,,,,,,,
4248,Dr. Nasrin Akter Kakoli,"['MBBS', 'MD']",HEMATOLOGIST,15,Ibn Sina Diagnostic & Consultation Centre | Uttara,Dhaka,,,,,,,,,,,,,,,,,,,,,
4249,Prof. Dr. Tofail Ahmed,"['MBBS', 'DEM', 'MPH', 'PHD']",ENDOCRINOLOGIST,23,Ibn Sina Diagnostic & Consultation Centre | Uttara,Dhaka,,,,,,,,,,,,,,,,,,,,,
4250,Dr. Rebeka Sultana,"['MBBS', 'BCS', 'DDV', 'FCPS']",DERMATOLOGIST,18,Ibn Sina Diagnostic & Consultation Centre | Uttara,Dhaka,,,,,,,,,,,,,,,,,,,,,
4251,Dr. Tanuva Hasan,"['MBBS', 'BCS', 'MCPS', 'FCPS']",DERMATOLOGIST,17,Ibn Sina Diagnostic & Consultation Centre | Uttara,Dhaka,,,,,,,,,,,,,,,,,,,,,
4252,Lt. Col. Dr. S M Shahadat Hossain,"['MBBS', 'MCPS', 'FCPS', 'FCPS']",THORACIC SURGEON,17,Ibn Sina Diagnostic & Consultation Centre | Uttara,Dhaka,,,,,,,,,,,,,,,,,,,,,
4253,Dr. Md. Mahmudur Rahman,"['MBBS', 'MD']",GASTROENTEROLOGIST,17,Ibn Sina Diagnostic & Consultation Centre | Uttara,Dhaka,,,,,,,,,,,,,,,,,,,,,
4254,Dr. Kazi Shamim Ahmed,"['MBBS', 'FCPS', 'MACP']",MEDICINE SPECIALIST,16,Ibn Sina Diagnostic & Consultation Centre | Keraniganj,Dhaka,,,,,,,,,,,,,,,,,,,,,
4255,Dr. Md. Soroar Hossain,"['MBBS', 'BCS', 'DTCD', 'FCPS']",RESPIRATORY SPECIALIST,19,Ibn Sina Diagnostic & Consultation Centre | Keraniganj,Dhaka,,,,,,,,,,,,,,,,,,,,,
4256,Dr. Mohammad Zakir Hossain,"['MBBS', 'BCS', 'FCPS', 'MD', 'MACP']",MEDICINE SPECIALIST,17,Ibn Sina Diagnostic & Consultation Centre | Keraniganj,Dhaka,,,,,,,,,,,,,,,,,,,,,
4257,Dr. Sadar Mohammad Tanvir,"['MBBS', 'BCS', 'FCPS', 'D-CARD', 'CCD', 'MD']",MEDICINE SPECIALIST,16,Ibn Sina Diagnostic & Consultation Centre | Keraniganj,Dhaka,,,,,,,,,,,,,,,,,,,,,
4258,Dr. Md. Shaheen Wadud,"['MBBS', 'MD', 'MACP', 'MAAN (USA)']",NEUROLOGIST,19,Ibn Sina Diagnostic & Consultation Centre | Keraniganj,Dhaka,,,,,,,,,,,,,,,,,,,,,
4259,Dr. Sarwat Jahan Zubyra,"['MBBS', 'BCS', 'MS']",GYNECOLOGIST & OBSTETRICIAN,16,Ibn Sina Diagnostic & Consultation Centre | Keraniganj,Dhaka,,,,,,,,,,,,,,,,,,,,,
4260,Dr. Sabina Sharmeen,"['MBBS', 'BCS', 'FCPS']",GYNECOLOGIST & OBSTETRICIAN,17,Ibn Sina Diagnostic & Consultation Centre | Keraniganj,Dhaka,,,,,,,,,,,,,,,,,,,,,
4261,Dr M. A. Mannan,"['MBBS', 'BCS', 'FCPS', 'FCGP (FAMILY MEDICINE)', 'MRCP']",MEDICINE SPECIALIST,18,Specialized Medical Care (SMC) Hospital,Dhaka,,,,,,,,,,,,,,,,,,,,,
4262,Dr. Tahmina Haque Pinki,"['MBBS', 'BCS', 'MCPS', 'FCPS', 'MS']",GYNECOLOGIST & OBSTETRICIAN,15,Specialized Medical Care (SMC) Hospital,Dhaka,,,,,,,,,,,,,,,,,,,,,
4263,Dr. Mahin Al Wamim,['BDS'],DENTIST,12,Specialized Medical Care (SMC) Hospital,Dhaka,,,,,,,,,,,,,,,,,,,,,
4264,Dr. Masrun Mostafa Chowdhury,"['MBBS', 'DDV']",DERMATOLOGIST,16,Specialized Medical Care (SMC) Hospital,Dhaka,,,,,,,,,,,,,,,,,,,,,
4265,Dr. Md. Zahir Uddin,"['MBBS', 'FCPS', 'MCPS']",PEDIATRICIAN,20,Specialized Medical Care (SMC) Hospital,Dhaka,,,,,,,,,,,,,,,,,,,,,
4266,Dr. Uzzal Kumar Sikder,"['MBBS', 'BCS', 'MRCP', 'FCPS', ' FP)', 'CCD', 'MD']",GASTROENTEROLOGIST,16,Specialized Medical Care (SMC) Hospital,Dhaka,,,,,,,,,,,,,,,,,,,,,
4267,Dr. Zashiya Jannat,"['MBBS', 'BCS', 'FCPS']",GYNECOLOGIST & OBSTETRICIAN,17,Specialized Medical Care (SMC) Hospital,Dhaka,,,,,,,,,,,,,,,,,,,,,
4268,Dr. Sabina Yasmin,"['MBBS', 'BCS', 'MCPS', 'FCPS']",GYNECOLOGIST & OBSTETRICIAN,17,Specialized Medical Care (SMC) Hospital,Dhaka,,,,,,,,,,,,,,,,,,,,,
4269,Dr. Julia Rahman,"['MBBS', 'DGO']",GYNECOLOGIST & OBSTETRICIAN,17,Specialized Medical Care (SMC) Hospital,Dhaka,,,,,,,,,,,,,,,,,,,,,
4270,Dr. S. M. Tanzil Ul Alam,"['MBBS', 'BCS', 'MS']",OTOLARYNGOLOGISTS (ENT),13,Specialized Medical Care (SMC) Hospital,Dhaka,,,,,,,,,,,,,,,,,,,,,
4271,Dr. Md. Sabbir Hossain,"['MBBS', 'BCS', 'FCPS', 'MS']",NEUROSURGEON,14,Specialized Medical Care (SMC) Hospital,Dhaka,,,,,,,,,,,,,,,,,,,,,
4272,Dr. Nusrat Islam,"['MBBS', 'DGO', 'CMU']",GYNECOLOGIST & OBSTETRICIAN,11,Specialized Medical Care (SMC) Hospital,Dhaka,,,,,,,,,,,,,,,,,,,,,
4273,Dr. Md. Nahidul Haque Jilani,"['MBBS', 'MS']",ORTHOPEDIC SURGEON,15,Specialized Medical Care (SMC) Hospital,Dhaka,,,,,,,,,,,,,,,,,,,,,
4274,Prof. Dr. Mahbuba Akter Banu,"['MBBS', 'MCPS', 'DGO', 'FCPS']",GYNECOLOGIST & OBSTETRICIAN,24,Ibn Sina Diagnostic & Consultation Centre | Keraniganj,Dhaka,,,,,,,,,,,,,,,,,,,,,
4275,Dr. Anup Mostofa,"['MBBS', 'BCS', 'MS', 'MRCS (SURGERY)']",ORTHOPEDIST,16,Ibn Sina Diagnostic & Consultation Centre | Keraniganj,Dhaka,,,,,,,,,,,,,,,,,,,,,
4276,Dr. Muhammad Ishtiaque Asif Khan,"['MBBS', 'BCS', 'CCD', 'FCPS']",ORTHOPEDIST,16,Ibn Sina Diagnostic & Consultation Centre | Keraniganj,Dhaka,,,,,,,,,,,,,,,,,,,,,
4277,Prof. Dr. Lutfar Rahman Khan,"['MBBS', 'BCS', 'MS']",ORTHOPEDIC SURGEON,23,Ibn Sina Diagnostic & Consultation Centre | Keraniganj,Dhaka,,,,,,,,,,,,,,,,,,,,,
4278,Dr. Alamgir Hossain,"['MBBS', 'BCS', 'MD']",NEUROLOGIST,16,Ibn Sina Diagnostic & Consultation Centre | Keraniganj,Dhaka,,,,,,,,,,,,,,,,,,,,,
4279,Dr. Gurudas Mondol,"['MBBS', 'MD']",NEUROLOGIST,20,Ibn Sina Diagnostic & Consultation Centre | Keraniganj,Dhaka,,,,,,,,,,,,,,,,,,,,,
4280,Dr. Anamika Deb,"['MBBS', 'BCS', 'FCPS', 'DM', 'TVS ULTRASONOGRAM']",GYNECOLOGIST & OBSTETRICIAN,15,Specialized Medical Care (SMC) Hospital,Dhaka,,,,,,,,,,,,,,,,,,,,,
4281,Dr. Mahfuzur Rahman,"['MBBS', 'BCS', 'MS']",ORTHOPEDIST,15,Specialized Medical Care (SMC) Hospital,Dhaka,,,,,,,,,,,,,,,,,,,,,
4282,Dr. Abdul Latif Molla,"['MBBS', 'MD']",CARDIOLOGIST,20,Specialized Medical Care (SMC) Hospital,Dhaka,,,,,,,,,,,,,,,,,,,,,
4283,Asst. Prof. Dr. Md. Shahadat Hossain,"['MBBS', 'BCS', 'FCPS', 'MD', 'FCPS', 'ECFMG CERTIFIED (AMERICA)']",NEUROMEDICINE SPECIALIST,20,Specialized Medical Care (SMC) Hospital,Dhaka,,,,,,,,,,,,,,,,,,,,,
4284,Dr. Anwarul Kabir Khan,"['MBBS', 'BCS', 'MS']",ORTHOPEDIST,15,Specialized Medical Care (SMC) Hospital,Dhaka,,,,,,,,,,,,,,,,,,,,,
4285,Asst. Prof. Dr. Samsun Nahar,"['MBBS', 'FCPS']",GENERAL SURGEON,20,Specialized Medical Care (SMC) Hospital,Dhaka,,,,,,,,,,,,,,,,,,,,,
4286,Dr. A. K. M. Mahbubul Alam,"['MBBS', 'FCPS']",PEDIATRICIAN,30,Specialized Medical Care (SMC) Hospital,Dhaka,,,,,,,,,,,,,,,,,,,,,
4287,Dr. Md. Sajjadur Rahman,"['MBBS', 'BCS', 'MD']",CARDIOLOGIST,17,Ibn Sina Diagnostic & Consultation Centre | Keraniganj,Dhaka,,,,,,,,,,,,,,,,,,,,,
4288,Dr. Farjana Sharmin Mitul,"['MBBS', 'BCS', 'FCPS']",GYNECOLOGIST & OBSTETRICIAN,15,Ibn Sina Diagnostic & Consultation Centre | Keraniganj,Dhaka,,,,,,,,,,,,,,,,,,,,,
4289,Dr. Chalontika Rani,"['MBBS', 'BCS', 'FCPS']",GYNECOLOGIST & OBSTETRICIAN,16,Ibn Sina Diagnostic & Consultation Centre | Keraniganj,Dhaka,,,,,,,,,,,,,,,,,,,,,
4290,Dr. Atiqur Rahman,"['MBBS', 'MD']",DERMATOLOGIST,20,Ibn Sina Diagnostic & Consultation Centre | Keraniganj,Dhaka,,,,,,,,,,,,,,,,,,,,,
4291,Dr. Ishrat Bhuiyan,"['MBBS', 'BCS', 'DDV', 'FCPS', 'FRCP', 'MACP']",DERMATOLOGIST,18,Ibn Sina Diagnostic & Consultation Centre | Keraniganj,Dhaka,,,,,,,,,,,,,,,,,,,,,
4292,Prof Dr. A. T. M. Atikur Rahman,"['MBBS', 'FCPS', 'FRCP', 'MD']",PEDIATRICIAN,23,Ibn Sina Diagnostic & Consultation Centre | Keraniganj,Dhaka,,,,,,,,,,,,,,,,,,,,,
4293,Dr. Md. Mahfuzur Rahman,"['MBBS', 'DCH', 'MD']",PEDIATRICIAN,17,Ibn Sina Diagnostic & Consultation Centre | Keraniganj,Dhaka,,,,,,,,,,,,,,,,,,,,,
4294,Dr. Mahmudul Hoque Chowdhury,"['MBBS', 'DCH', 'MPH']",PEDIATRICIAN,18,Ibn Sina Diagnostic & Consultation Centre | Keraniganj,Dhaka,,,,,,,,,,,,,,,,,,,,,
4295,Dr. Md. Sirajul Islam,"['MBBS', 'DD (THAILAND-JAPAN)']",DERMATOLOGIST,21,Ibn Sina Diagnostic & Consultation Centre | Keraniganj,Dhaka,,,,,,,,,,,,,,,,,,,,,
4296,Dr. Biswas Abul Hasan,"['MBBS', 'BCS', 'MCPS', 'FCPS']",PSYCHIATRIST,19,Ibn Sina Diagnostic & Consultation Centre | Keraniganj,Dhaka,,,,,,,,,,,,,,,,,,,,,
4297,Dr. Md. Ashiqur Rahman Azad,"['MBBS', 'BCS', 'DLO']",OTOLARYNGOLOGISTS (ENT),16,Ibn Sina Diagnostic & Consultation Centre | Keraniganj,Dhaka,,,,,,,,,,,,,,,,,,,,,
4298,Dr. Md. Saiful Islam Alin,"['MBBS', 'MD']",HEPATOLOGIST,16,Ibn Sina Diagnostic & Consultation Centre | Keraniganj,Dhaka,,,,,,,,,,,,,,,,,,,,,
4299,Dr. Faisal Ahmed,"['MBBS', 'MD']",HEPATOLOGIST,15,Popular Diagnostic Centre Ltd. | Uttara (Garib-E-Newaz Branch),Dhaka,,,,,,,,,,,,,,,,,,,,,
4300,Asst. Prof. Dr. Md. Ahamedur Reza,"['MBBS', 'FCPS']",PHYSICAL MEDICINE,20,Popular Diagnostic Centre Ltd. | Uttara (Garib-E-Newaz Branch),Dhaka,,,,,,,,,,,,,,,,,,,,,
4301,Asso. Prof. Dr. Syed Israr Kamal,"['MBBS', 'MS', 'FELLOW APOA (TRAUMA)']",ORTHOPEDIST,22,Popular Diagnostic Centre Ltd. | Uttara (Garib-E-Newaz Branch),Dhaka,,,,,,,,,,,,,,,,,,,,,
4302,Dr. Md. Sazzad Hossain (Shawon),"['MBBS', 'BCS', 'MS', 'AO TRAUMA', 'APSS (SPINE)', 'APOA FELLOWSHIP (INDIA)', 'JOINT REPLACE SURGERY FELLOWSHIP (INDIA)']",ORTHOPEDIC SURGEON,15,Popular Diagnostic Centre Ltd. | Uttara (Garib-E-Newaz Branch),Dhaka,,,,,,,,,,,,,,,,,,,,,
4303,Dr. Gopal Verma,"['MBBS', 'MS', 'FCPS', 'AO FELLOW (SWITZERLAND)']",ORTHOPEDIST,15,Popular Diagnostic Centre Ltd. | Uttara (Garib-E-Newaz Branch),Dhaka,,,,,,,,,,,,,,,,,,,,,
4304,Asst Prof. Dr. Bijon Saha,"['MBBS', 'D. ORTHO (BSMMU)']",ORTHOPEDIST,20,Popular Diagnostic Centre Ltd. | Uttara (Garib-E-Newaz Branch),Dhaka,,,,,,,,,,,,,,,,,,,,,
4305,Dr. Mohammad Sohel Khan,"['MBBS', 'BCS', 'FCPS', 'FCPS']",ENDOCRINOLOGIST,15,Popular Diagnostic Centre Ltd. | Uttara (Garib-E-Newaz Branch),Dhaka,,,,,,,,,,,,,,,,,,,,,
4306,Asst. Prof. Dr. Hasan Mahmud,"['MBBS', 'BCS', 'MD', 'CCD']",NEPHROLOGIST,20,Popular Diagnostic Centre Ltd. | Uttara (Garib-E-Newaz Branch),Dhaka,,,,,,,,,,,,,,,,,,,,,
4307,Asso. Prof. Dr. Md. Shariful Haque,"['MBBS', 'BCS', 'MD', 'CCD']",NEPHROLOGIST,22,Popular Diagnostic Centre Ltd. | Uttara (Garib-E-Newaz Branch),Dhaka,,,,,,,,,,,,,,,,,,,,,
4308,Asso. Prof. DR. A K M Tariqul Hassan,"['MBBS', 'CCD', 'MD', ' DMC)', 'MACP']",NEPHROLOGIST,22,Popular Diagnostic Centre Ltd. | Uttara (Garib-E-Newaz Branch),Dhaka,,,,,,,,,,,,,,,,,,,,,
4309,Asst. Prof. Dr. Ahsan Mohammed Hafiz,"['MBBS', 'MS', ' BSMMU)']",NEUROSURGEON,20,Popular Diagnostic Centre Ltd. | Uttara (Garib-E-Newaz Branch),Dhaka,,,,,,,,,,,,,,,,,,,,,
4310,Dr. Md Sumon Hossain,"['BDS', 'PGT', 'CPR (DMC)']",DENTIST,12,Ibn Sina Diagnostic & Consultation Centre | Keraniganj,Dhaka,,,,,,,,,,,,,,,,,,,,,
4311,Nusrat Jahan,"['BSC', 'MS', 'MPH']",NUTRITIONIST,10,Ibn Sina Diagnostic & Consultation Centre | Keraniganj,Dhaka,,,,,,,,,,,,,,,,,,,,,
4312,Dr. Twaiba Akhter,"['MBBS', 'BCS', 'MCPS', 'FCPS']",DERMATOLOGIST,15,Ibn Sina Diagnostic Center | Lalbagh,Dhaka,,,,,,,,,,,,,,,,,,,,,
4313,PT. Md. Mosharraf Hossain,['BSPT'],PHYSIOTHERAPIST,20,Ibn Sina Diagnostic Center | Lalbagh,Dhaka,,,,,,,,,,,,,,,,,,,,,
4314,Prof. Dr. Muhammad Ataul Haqq,"['MBBS', 'BCS', 'MD', 'MD']",PEDIATRIC CARDIOLOGIST,24,Ibn Sina Diagnostic Center | Lalbagh,Dhaka,,,,,,,,,,,,,,,,,,,,,
4315,Dr. Quazi Mamtaz Uddin Ahmed,"['MBBS', 'MD', 'FCPS']",MEDICINE SPECIALIST,19,Ibn Sina Diagnostic Center | Lalbagh,Dhaka,,,,,,,,,,,,,,,,,,,,,
4316,Dr. Sarmistha Biswas,"['MBBS', 'FCPS', 'FACP']",MEDICINE SPECIALIST,19,Ibn Sina Diagnostic Center | Lalbagh,Dhaka,,,,,,,,,,,,,,,,,,,,,
4317,Dr. Tanvir Mostafa,"['MBBS', 'BCS', 'FCPS']",MEDICINE SPECIALIST,15,Ibn Sina Diagnostic Center | Lalbagh,Dhaka,,,,,,,,,,,,,,,,,,,,,
4318,Dr. Kazi Ismail Hossain,"['MBBS', 'BCS', 'FCPS', 'MD']",MEDICINE SPECIALIST,19,Ibn Sina Diagnostic Center | Lalbagh,Dhaka,,,,,,,,,,,,,,,,,,,,,
4319,Dr. Md. Bodrul Alam,"['MBBS', 'BCS', 'FCPS']",MEDICINE SPECIALIST,15,Ibn Sina Diagnostic Center | Lalbagh,Dhaka,,,,,,,,,,,,,,,,,,,,,
4320,Dr. Md. Asaduzzaman Patwary,"['MBBS', 'BCS', 'CCD', 'FCPS']",MEDICINE SPECIALIST,17,Ibn Sina Diagnostic Center | Lalbagh,Dhaka,,,,,,,,,,,,,,,,,,,,,
4321,Dr. Sami Nazrul Islam,"['MBBS', 'MD']",CARDIOLOGIST,17,Ibn Sina Diagnostic Center | Lalbagh,Dhaka,,,,,,,,,,,,,,,,,,,,,
4322,Prof. Dr. Anisur Rahman Khan,"['MBBS', 'MD']",CARDIOLOGIST,23,Ibn Sina Diagnostic Center | Lalbagh,Dhaka,,,,,,,,,,,,,,,,,,,,,
4323,Dr. Md. Kamruzzaman,"['MBBS', 'BCS', 'MD']",CARDIOLOGIST,17,Ibn Sina Diagnostic Center | Lalbagh,Dhaka,,,,,,,,,,,,,,,,,,,,,
4324,Dr. Fauzia Khan,"['MBBS', 'MD']",CARDIOLOGIST,14,Ibn Sina Diagnostic Center | Lalbagh,Dhaka,,,,,,,,,,,,,,,,,,,,,
4325,Dr. Rahatul Quadir,"['MBBS', 'BCS', 'MD']",CARDIOLOGIST,17,Ibn Sina Diagnostic Center | Lalbagh,Dhaka,,,,,,,,,,,,,,,,,,,,,
4326,Dr. Iftequar Alam,"['MBBS', 'D-CARD', 'MD']",CARDIOLOGIST,16,Ibn Sina Diagnostic Center | Lalbagh,Dhaka,,,,,,,,,,,,,,,,,,,,,
4327,Dr. Nasir Uddin,"['MBBS', 'BCS', 'MD']",CARDIOLOGIST,17,Ibn Sina Diagnostic Center | Lalbagh,Dhaka,,,,,,,,,,,,,,,,,,,,,
4328,Dr. Mohammad Jane Alam,"['MBBS', 'BCS', 'FCPS', 'MCPS', 'MD']",GASTROENTEROLOGIST,17,Ibn Sina Diagnostic Center | Lalbagh,Dhaka,,,,,,,,,,,,,,,,,,,,,
4329,Prof. Dr. A. B. M. Khorshed Alam,"['MBBS', 'FCPS']",OTOLARYNGOLOGISTS (ENT),23,Ibn Sina Diagnostic Center | Lalbagh,Dhaka,,,,,,,,,,,,,,,,,,,,,
4330,Dr. Md. Baha Uddin,"['MBBS', 'FCPS', 'DLO']",OTOLARYNGOLOGISTS (ENT),17,Ibn Sina Diagnostic Center | Lalbagh,Dhaka,,,,,,,,,,,,,,,,,,,,,
4331,Prof. Dr. Md. Zakaria Sarker,"['MBBS', 'BCS', 'DLO', 'MS']",OTOLARYNGOLOGISTS (ENT),19,Popular Diagnostic Centre Ltd. | Shyamoli,Dhaka,,,,,,,,,,,,,,,,,,,,,
4332,Dr. Saad Sultan,"['MBBS', 'FCPS']",OTOLARYNGOLOGISTS (ENT),16,Ibn Sina Diagnostic Center | Lalbagh,Dhaka,,,,,,,,,,,,,,,,,,,,,
4333,Assoc. Prof. Dr. Md. Shariful Islam Bhuiya,"['MBBS', 'DO', 'MS', 'ICO (UK)']",OPHTHALMOLOGIST,18,Ibn Sina Diagnostic Center | Lalbagh,Dhaka,,,,,,,,,,,,,,,,,,,,,
4334,Dr. Md. Shahidul Islam Khan,"['MBBS', 'MS']",ORTHOPEDIC SURGEON,16,Ibn Sina Diagnostic Center | Lalbagh,Dhaka,,,,,,,,,,,,,,,,,,,,,
4335,Dr. Md. Rashedul Islam,"['MBBS', 'BCS', 'FCPS', 'MS', 'FAGS (USA)']",ORTHOPEDIC SURGEON,17,Ibn Sina Diagnostic Center | Lalbagh,Dhaka,,,,,,,,,,,,,,,,,,,,,
4336,Prof. Dr. Fakhrul Amin Khan,"['MBBS', 'MS']",ORTHOPEDIC SURGEON,23,Ibn Sina Diagnostic Center | Lalbagh,Dhaka,,,,,,,,,,,,,,,,,,,,,
4337,Dr. Ayesha Siddika Purabi,"['MBBS', 'FCPS', 'MS']",GYNECOLOGIST & OBSTETRICIAN,16,Ibn Sina Diagnostic Center | Lalbagh,Dhaka,,,,,,,,,,,,,,,,,,,,,
4338,Dr. Syeda Zakia Rahman,"['MBBS', 'BCS', 'MCPS', 'DGO']",GYNECOLOGIST & OBSTETRICIAN,16,Ibn Sina Diagnostic Center | Lalbagh,Dhaka,,,,,,,,,,,,,,,,,,,,,
4339,Dr. Nargish Khanam,"['MBBS', 'BCS', 'FCPS']",GYNECOLOGIST & OBSTETRICIAN,17,Ibn Sina Diagnostic Center | Lalbagh,Dhaka,,,,,,,,,,,,,,,,,,,,,
4340,Dr. Kazi Taslima,"['MBBS', 'BCS', 'MCPS', 'FCPS', 'MRCOG (FINAL', ' LONDON)', 'CMU', 'DM']",GYNECOLOGIST & OBSTETRICIAN,16,Ibn Sina Diagnostic Center | Lalbagh,Dhaka,,,,,,,,,,,,,,,,,,,,,
4341,Dr. Shamima Haider,"['MBBS', 'MS']",GYNECOLOGIST & OBSTETRICIAN,16,Ibn Sina Diagnostic Center | Lalbagh,Dhaka,,,,,,,,,,,,,,,,,,,,,
4342,Dr. Sharmin Nahar,"['MBBS', 'BCS', 'FCPS', 'MCPS']",GYNECOLOGIST & OBSTETRICIAN,14,Ibn Sina Diagnostic Center | Lalbagh,Dhaka,,,,,,,,,,,,,,,,,,,,,
4343,Dr. Monirul Islam,"['MBBS', 'MD']",PSYCHIATRIST,16,Comfort Diagnostic Center (Pvt.) Ltd | Dhanmondi,Dhaka,,,,,,,,,,,,,,,,,,,,,
4344,Prof. Dr. Md. Akram Hossain,"['MBBS', 'MD']",DERMATOLOGIST,23,Ibn Sina Diagnostic Center | Lalbagh,Dhaka,,,,,,,,,,,,,,,,,,,,,
4345,Dr. Afsana Nahid,"['MBBS', 'DDV', 'FCPS']",DERMATOLOGIST,16,Ibn Sina Diagnostic Center | Lalbagh,Dhaka,,,,,,,,,,,,,,,,,,,,,
4346,Dr. Tamanna Mustary,"['MBBS', 'MD']",DERMATOLOGIST,17,Ibn Sina Diagnostic Center | Lalbagh,Dhaka,,,,,,,,,,,,,,,,,,,,,
4347,Dr. Md. Alauddin Khan,"['MBBS', 'MCPS', 'FCPS']",DERMATOLOGIST,15,Ibn Sina Diagnostic Center | Lalbagh,Dhaka,,,,,,,,,,,,,,,,,,,,,
4348,Prof. Dr. Bashir Ahmed,"['MBBS', 'BCS', 'DTCD', 'FCCP']",PULMONOLOGIST,30,Popular Diagnostic Centre Ltd. | Uttara (Garib-E-Newaz Branch),Dhaka,,,,,,,,,,,,,,,,,,,,,
4349,Asso. Prof. Dr. Md. Abdullahel Kafee,"['MBBS', 'FCPS', 'MD']",PULMONOLOGIST,22,Popular Diagnostic Centre Ltd. | Uttara (Garib-E-Newaz Branch),Dhaka,,,,,,,,,,,,,,,,,,,,,
4350,Asst. Prof. Dr. Motiul Hossain,"['MBBS', 'FCPS']",DERMATOLOGIST,20,Popular Diagnostic Centre Ltd. | Uttara (Garib-E-Newaz Branch),Dhaka,,,,,,,,,,,,,,,,,,,,,
4351,Asst. Prof. Dr. Nahid-E-Subha,"['MBBS', 'DCH', 'FCPS', 'FCPS']",PEDIATRIC GASTROENTEROLOGIST,20,Popular Diagnostic Centre Ltd. | Uttara (Garib-E-Newaz Branch),Dhaka,,,,,,,,,,,,,,,,,,,,,
4352,Dr. A S M Shahoriar,"['MBBS', 'DCH']",PEDIATRICIAN,15,Popular Diagnostic Centre Ltd. | Uttara (Garib-E-Newaz Branch),Dhaka,,,,,,,,,,,,,,,,,,,,,
4353,Asso. Prof. Dr. Olia Sharmin,"['MBBS', 'DCH', 'FCPS', 'MD']",PEDIATRIC HEMATOLOGIST & ONCOLOGIST,22,Popular Diagnostic Centre Ltd. | Uttara (Garib-E-Newaz Branch),Dhaka,,,,,,,,,,,,,,,,,,,,,
4354,Asst. Prof. Nazmun Laila,"['MBBS', 'MD']",CARDIOLOGIST,20,Uttara Crescent Hospital & Diagnostic Center,Dhaka,,,,,,,,,,,,,,,,,,,,,
4355,Prof. Dr. Liakat Hossain Tapan,"['MBBS', 'BCS', 'D. CARD', 'MS']",CARDIOLOGIST,25,Popular Diagnostic Centre Ltd. | Uttara (Garib-E-Newaz Branch),Dhaka,,,,,,,,,,,,,,,,,,,,,
4356,Prof. Dr. Umme Salma Khan,"['MBBS', 'MD', 'FSCAI', 'FELLOWSHIP & TRAINED IN INTERVENTIONAL CARDIOLOGY']",CARDIOLOGIST,25,Popular Diagnostic Centre Ltd. | Uttara (Garib-E-Newaz Branch),Dhaka,,,,,,,,,,,,,,,,,,,,,
4357,Dr. Farhana Rashid Shumi,"['MBBS', 'DDV', 'FCPS']",DERMATOLOGIST,15,Ibn Sina Diagnostic Center | Lalbagh,Dhaka,,,,,,,,,,,,,,,,,,,,,
4358,Dr. Ferdous Alam,"['MBBS', 'FCPS', 'MRCS']",GENERAL SURGEON,19,Ibn Sina Diagnostic Center | Lalbagh,Dhaka,,,,,,,,,,,,,,,,,,,,,
4359,Dr. Nabila Anjuman,"['MBBS', 'BCS', 'MRCS', 'FCPS']",GENERAL SURGEON,15,Ibn Sina Diagnostic Center | Lalbagh,Dhaka,,,,,,,,,,,,,,,,,,,,,
4360,Dr. A. K. M. Al Masud,"['MBBS', 'BCS', 'FCPS']",GENERAL SURGEON,16,Ibn Sina Diagnostic Center | Lalbagh,Dhaka,,,,,,,,,,,,,,,,,,,,,
4361,Dr. A. Latif,"['MBBS', 'MD', 'CCD']",NEPHROLOGIST,17,Ibn Sina Diagnostic Center | Lalbagh,Dhaka,,,,,,,,,,,,,,,,,,,,,
4362,Asso. Prof. Dr. Abdullah Al Faruk,"['MBBS', 'FCPS']",MEDICINE SPECIALIST,22,Popular Diagnostic Centre Ltd. | Uttara (Garib-E-Newaz Branch),Dhaka,,,,,,,,,,,,,,,,,,,,,
4363,Dr. Sharif Qamar Uddin,"['MBBS', 'MD', 'MACP']",NEPHROLOGIST,16,Ibn Sina Diagnostic Center | Lalbagh,Dhaka,,,,,,,,,,,,,,,,,,,,,
4364,Dr. Md. Burhan Uddin,"['MBBS', 'DTCD (UK) D.CARD (AUSTRIA) DTM & H (ENGLAND)', 'FRSTM & H (LONDON)']",RESPIRATORY SPECIALIST,17,Ibn Sina Diagnostic Center | Lalbagh,Dhaka,,,,,,,,,,,,,,,,,,,,,
4365,Dr. M. M. Mortayez Amin,"['MBBS', 'MPH', 'MS']",RESPIRATORY SPECIALIST,16,Ibn Sina Diagnostic Center | Lalbagh,Dhaka,,,,,,,,,,,,,,,,,,,,,
4366,Dr. Md. Golam Nobi,"['MBBS', 'FCPS']",PHYSICAL MEDICINE,16,Ibn Sina Diagnostic Center | Lalbagh,Dhaka,,,,,,,,,,,,,,,,,,,,,
4367,Dr. S. M. Mazharul Islam,"['MBBS', 'MD']",PHYSICAL MEDICINE,16,Ibn Sina Diagnostic Center | Lalbagh,Dhaka,,,,,,,,,,,,,,,,,,,,,
4368,Dr. Mohammmad Hossain,"['MBBS', 'FCPS']",PHYSICAL MEDICINE,16,Ibn Sina Diagnostic Center | Lalbagh,Dhaka,,,,,,,,,,,,,,,,,,,,,
4369,Dr. Md. Amirul Islam,"['MBBS', 'BCS', 'MS']",UROLOGIST,17,Ibn Sina Diagnostic Center | Lalbagh,Dhaka,,,,,,,,,,,,,,,,,,,,,
4370,Dr. Madhabi Karmakar,"['MBBS', 'FCPS']",MEDICINE SPECIALIST,16,Ibn Sina Diagnostic Center | Lalbagh,Dhaka,,,,,,,,,,,,,,,,,,,,,
4371,Dr. Mohammad Amuddin,"['MBBS', 'BCS', 'PGT', 'CCD']",MEDICINE SPECIALIST,17,Ibn Sina Diagnostic Center | Lalbagh,Dhaka,,,,,,,,,,,,,,,,,,,,,
4372,Dr. Md. Tafazzal Hossain,['MBBS'],FAMILY MEDICINE SPECIALIST,20,Ibn Sina Diagnostic Center | Lalbagh,Dhaka,,,,,,,,,,,,,,,,,,,,,
4373,Dr. Md. Abdul Gaffer Saurav,"['BDS', 'DDS', 'MCPS']",DENTIST,19,Ibn Sina Diagnostic Center | Lalbagh,Dhaka,,,,,,,,,,,,,,,,,,,,,
4374,Dr. Neelima Sharmin Noor,"['BDS', 'PGT', 'DDS']",DENTIST,14,Ibn Sina Diagnostic Center | Lalbagh,Dhaka,,,,,,,,,,,,,,,,,,,,,
4375,Dr. Md. Fakhrul Islam,"['BDS', 'PGT']",DENTIST,13,Ibn Sina Diagnostic Center | Lalbagh,Dhaka,,,,,,,,,,,,,,,,,,,,,
4376,Dr. Hashmi Sina,"['MBBS', 'MRCP', 'MD']",NEUROLOGIST,17,Ibn Sina Diagnostic Center | Lalbagh,Dhaka,,,,,,,,,,,,,,,,,,,,,
4377,Dr. Md. Masud Rana,"['MBBS', 'MD', 'FCPS']",NEUROLOGIST,16,Central Hospital Limited,Dhaka,,,,,,,,,,,,,,,,,,,,,
4378,Asst. Prof. Dr. Mahammad Mahfuzul Haque Raihan,"['MBBS', 'FCPS', 'BCS', 'FACP']",MEDICINE SPECIALIST,20,Popular Diagnostic Centre Ltd. | Uttara (Garib-E-Newaz Branch),Dhaka,,,,,,,,,,,,,,,,,,,,,
4379,Dr. S. M. Mohiuddin,"['MBBS', 'BCS', 'MD']",ENDOCRINOLOGIST,16,Ibn Sina Diagnostic Center | Lalbagh,Dhaka,,,,,,,,,,,,,,,,,,,,,
4380,Dr. C. M. Mosabber Rahman,"['MBBS', 'BCS', 'MS']",VASCULAR SURGEON,17,Ibn Sina Diagnostic Center | Lalbagh,Dhaka,,,,,,,,,,,,,,,,,,,,,
4381,Dr. Rashed Mahmud,"['MBBS', 'BCS', 'MS']",NEUROSURGEON,17,Ibn Sina Diagnostic Center | Lalbagh,Dhaka,,,,,,,,,,,,,,,,,,,,,
4382,Dr. Hasna Hena,"['MBBS', 'BCS', 'DCH', 'FCPS']",PEDIATRICIAN,17,Ibn Sina Diagnostic Center | Lalbagh,Dhaka,,,,,,,,,,,,,,,,,,,,,
4383,Dr. Murshida Akhter,"['MBBS', 'BCS', 'FCPS', 'MD']",PEDIATRICIAN,16,Ibn Sina Diagnostic Center | Lalbagh,Dhaka,,,,,,,,,,,,,,,,,,,,,
4384,Dr. Md. Atiqul Islam,"['MBBS', 'DCH', 'MCPS', 'MD']",PEDIATRICIAN,17,Ibn Sina Diagnostic Center | Lalbagh,Dhaka,,,,,,,,,,,,,,,,,,,,,
4385,Dr. Bodhrun Naher,"['MBBS', 'BCS', 'MCPS', 'FCPS']",PEDIATRICIAN,16,Ibn Sina Diagnostic Center | Lalbagh,Dhaka,,,,,,,,,,,,,,,,,,,,,
4386,Prof. Dr. Md. Abdullah Al Faruk,"['MBBS', 'MD']",PEDIATRICIAN,22,Ibn Sina Diagnostic Center | Lalbagh,Dhaka,,,,,,,,,,,,,,,,,,,,,
4387,Dr. Farhana Ahmed Shoroni,"['MBBS', 'MPH', 'FCPS']",PEDIATRICIAN,16,Ibn Sina Diagnostic Center | Lalbagh,Dhaka,,,,,,,,,,,,,,,,,,,,,
4388,Dr. Nurunnahar Happy,"['MBBS', 'FCPS']",PLASTIC SURGEON,17,Ibn Sina Diagnostic Center | Lalbagh,Dhaka,,,,,,,,,,,,,,,,,,,,,
4389,Dr. Ayesha Hanna,"['MBBS', 'BCS', 'FCPS']",PLASTIC SURGEON,18,Ibn Sina Diagnostic Center | Lalbagh,Dhaka,,,,,,,,,,,,,,,,,,,,,
4390,Dr. Tareen Ahmed,"['MBBS', 'DEM']",ENDOCRINOLOGIST,15,Bangladesh Specialized Hospital,Dhaka,,,,,,,,,,,,,,,,,,,,,
4391,Asst. Prof. Dr. Nasrin Sultana Beauty,"['MBBS', 'MS', 'MRCP']",GYNECOLOGISTS,20,Popular Diagnostic Centre Ltd. | Uttara (Garib-E-Newaz Branch),Dhaka,,,,,,,,,,,,,,,,,,,,,
4392,Asst. Prof. Dr. Soheli Nargis,"['MBBS', 'FCPS']",GYNECOLOGISTS,20,Popular Diagnostic Centre Ltd. | Uttara (Garib-E-Newaz Branch),Dhaka,,,,,,,,,,,,,,,,,,,,,
4393,Prof. Dr. Ferdous Mahal Rooni,"['MBBS', 'MCPS', 'MS', 'FCPS']",GYNECOLOGISTS,25,Popular Diagnostic Centre Ltd. | Uttara (Garib-E-Newaz Branch),Dhaka,,,,,,,,,,,,,,,,,,,,,
4394,Dr. Nazia Binte Alamgir,"['MBBS', 'FCPS']",GYNECOLOGISTS,15,Popular Diagnostic Centre Ltd. | Uttara (Garib-E-Newaz Branch),Dhaka,,,,,,,,,,,,,,,,,,,,,
4395,Prof. Dr. Fatima Dolon,"['MBBS', 'FCPS', 'MCPS', 'DGO']",GYNECOLOGISTS,25,Popular Diagnostic Centre Ltd. | Uttara (Garib-E-Newaz Branch),Dhaka,,,,,,,,,,,,,,,,,,,,,
4396,Asso. Prof. Dr. Fahima Afroze,"['MBBS', 'MRCP']",GYNECOLOGISTS,22,Popular Diagnostic Centre Ltd. | Uttara (Garib-E-Newaz Branch),Dhaka,,,,,,,,,,,,,,,,,,,,,
4397,Prof. Dr. Runa Laila,"['MBBS', 'FCPS', 'MCPS', 'ADVANCED DIPLOMA IN ART & REPRODUCTIVE MEDICINE (UK)']",GYNECOLOGISTS,25,Popular Diagnostic Centre Ltd. | Uttara (Garib-E-Newaz Branch),Dhaka,,,,,,,,,,,,,,,,,,,,,
4398,Prof. Dr. Hafija Akter,"['MBBS', 'FCPS', 'FACS (USA)', 'OKETANI LMT TRAINING (JAPAN)']",GYNECOLOGISTS,22,Popular Diagnostic Centre Ltd. | Uttara (Garib-E-Newaz Branch),Dhaka,,,,,,,,,,,,,,,,,,,,,
4399,Prof. Dr. Suraiya Sultana,"['MBBS', 'DGO', 'MCPS', 'FCPS']",GYNECOLOGISTS,25,Popular Diagnostic Centre Ltd. | Uttara (Garib-E-Newaz Branch),Dhaka,,,,,,,,,,,,,,,,,,,,,
4400,Prof. Col. Dr. S M Rahid Sarwar,"['MBBS', 'FCPS', 'MACP']",MEDICINE SPECIALIST,28,Popular Diagnostic Centre Ltd. | Uttara (Garib-E-Newaz Branch),Dhaka,,,,,,,,,,,,,,,,,,,,,
4401,Assoc. Prof. Dr. Jamal Uddin Ahmed,"['MBBS', 'FCPS', 'CCD']",MEDICINE SPECIALIST,22,LABAID Diagnostic Uttara-01,Dhaka,,,,,,,,,,,,,,,,,,,,,
4402,Asso. Prof. Dr. Md. Sazzad Hossain,"['MBBS', 'FCPS', 'SPECIAL TRAINED IN CARDIOLOGY']",MEDICINE SPECIALIST,22,Popular Diagnostic Centre Ltd. | Uttara (Garib-E-Newaz Branch),Dhaka,,,,,,,,,,,,,,,,,,,,,
4403,Dr. Abdullah Al Mujahid,"['MBBS', 'FCCP', 'DTCT', 'MD']",RESPIRATORY SPECIALIST,17,Ibn Sina Diagnostic Center | Lalbagh,Dhaka,,,,,,,,,,,,,,,,,,,,,
4404,Dr. Mustafijur Rahman,"['MBBS', 'BCS', 'DTCD', 'MD']",RESPIRATORY SPECIALIST,16,Ibn Sina Diagnostic Center | Lalbagh,Dhaka,,,,,,,,,,,,,,,,,,,,,
4405,Dr. Md. Adnan Hasan Masud,"['MBBS', 'DTCD', 'FCPS', 'CCD', 'MCPS', 'MPH']",HEMATOLOGIST,15,Ibn Sina Diagnostic Center | Lalbagh,Dhaka,,,,,,,,,,,,,,,,,,,,,
4406,Shadia Chowdhury,"['MS', 'DU', 'CND (BIRDEM)']",NUTRITIONIST,12,Ibn Sina Diagnostic Center | Lalbagh,Dhaka,,,,,,,,,,,,,,,,,,,,,
4407,Fatema Tuz Zohra,"['BSC', 'MS', 'PGT', 'NDD', 'WMN (BADN)']",NUTRITIONIST,10,Ibn Sina Diagnostic Center | Lalbagh,Dhaka,,,,,,,,,,,,,,,,,,,,,
4408,Dr. Shahana Zaman,"['MBBS', 'FCPS']",CARDIOLOGIST,17,Ibn Sina Diagnostic Center | Malibag,Dhaka,,,,,,,,,,,,,,,,,,,,,
4409,Dr. Shamim Ahmed,"['MBBS', 'FCPS']",MEDICINE SPECIALIST,16,Ibn Sina Diagnostic Center | Malibag,Dhaka,,,,,,,,,,,,,,,,,,,,,
4410,Dr. Md. Shahadat Hossain,"['MBBS', 'BCS', 'MD']",NEPHROLOGIST,17,Popular Diagnostic Centre Ltd. | Badda,Dhaka,,,,,,,,,,,,,,,,,,,,,
4411,Dr. Abu Mohammad,"['MBBS', 'BCS', 'FCPS']",MEDICINE SPECIALIST,18,Ibn Sina Diagnostic Center | Malibag,Dhaka,,,,,,,,,,,,,,,,,,,,,
4412,Dr. J. M. Ariful Islam,"['MBBS', 'BCS', 'FCPS', 'MD']",MEDICINE SPECIALIST,18,Ibn Sina Diagnostic Center | Malibag,Dhaka,,,,,,,,,,,,,,,,,,,,,
4412,Dr. J. M. Ariful Islam,"['MBBS', 'BCS', 'FCPS', 'MD']",GASTROENTEROLOGIST,18,Ibn Sina Diagnostic Center | Malibag,Dhaka,,,,,,,,,,,,,,,,,,,,,
4413,Dr. Md. Amzad Hossain,"['MBBS', 'BCS', 'FCPS']",MEDICINE SPECIALIST,23,Ibn Sina Diagnostic Center | Malibag,Dhaka,,,,,,,,,,,,,,,,,,,,,
4414,Prof. Dr. Md. Ishaque Majumder,"['MBBS', 'MCPS', 'MD']",MEDICINE SPECIALIST,23,Ibn Sina Diagnostic Center | Malibag,Dhaka,,,,,,,,,,,,,,,,,,,,,
4415,Prof. Dr. Md. Moniruzzaman Ahmed,"['MBBS', 'MD']",MEDICINE SPECIALIST,22,Ibn Sina Diagnostic Center | Malibag,Dhaka,,,,,,,,,,,,,,,,,,,,,
4416,Dr. A. K. M. Azad Hossain,"['MBBS', 'BCS', 'MD']",CARDIOLOGIST,16,Ibn Sina Diagnostic Center | Malibag,Dhaka,,,,,,,,,,,,,,,,,,,,,
4417,Dr. Md. Saiful Islam,"['MBBS', 'BCS', 'MD']",CARDIOLOGIST,16,Ibn Sina Diagnostic Center | Malibag,Dhaka,,,,,,,,,,,,,,,,,,,,,
4418,Dr. Md. Rabiul Islam,"['MBBS', 'MD', 'BCS', 'CCD']",CARDIOLOGIST,16,Ibn Sina Diagnostic Center | Malibag,Dhaka,,,,,,,,,,,,,,,,,,,,,
4419,Dr. A.T.M. Mahfuzul Haque Sahin,"['MBBS', 'MD']",CARDIOLOGIST,18,Ibn Sina Diagnostic Center | Malibag,Dhaka,,,,,,,,,,,,,,,,,,,,,
4420,Dr. Sheik Asraf Ullah,"['MBBS', 'D-ORTHO']",ORTHOPEDIC SURGEON,19,Ibn Sina Diagnostic Center | Malibag,Dhaka,,,,,,,,,,,,,,,,,,,,,
4421,Prof. Dr. M. A. Based,"['MBBS', 'D-ORTHO', 'WHO FELLOW (AUSTRALIA)']",ORTHOPEDIC SURGEON,23,Ibn Sina Diagnostic Center | Malibag,Dhaka,,,,,,,,,,,,,,,,,,,,,
4422,Dr. Sheikh Borhan Uddin,"['MBBS', 'MS']",ORTHOPEDIC SURGEON,18,Ibn Sina Diagnostic Center | Malibag,Dhaka,,,,,,,,,,,,,,,,,,,,,
4423,Dr. Md. Motiur Rahaman,"['MBBS', 'D.ORTHO']",ORTHOPEDIC SURGEON,18,Ibn Sina Diagnostic Center | Malibag,Dhaka,,,,,,,,,,,,,,,,,,,,,
4424,Dr. Mohammad Iftekhar Alam,"['MBBS', 'D.ORTHO (BSMMU)']",ORTHOPEDIC SURGEON,17,Ibn Sina Diagnostic Center | Malibag,Dhaka,,,,,,,,,,,,,,,,,,,,,
4425,Dr. A R M Nooruzzaman,"['MBBS', 'MRCP']",INTERNAL MEDICINE,43,Bangladesh Specialized Hospital,Dhaka,,,,,,,,,,,,,,,,,,,,,
4425,Dr. A R M Nooruzzaman,"['MBBS', 'MRCP']",CRITICAL CARE SPECIALIST,43,Bangladesh Specialized Hospital,Dhaka,,,,,,,,,,,,,,,,,,,,,
4426,Prof. Dr. Md. Zakir Hossain Sarker,"['MBBS', 'DTCD', 'MD']",PULMONOLOGIST,25,Bangladesh Specialized Hospital,Dhaka,,,,,,,,,,,,,,,,,,,,,
4427,Dr. Ahmedul Kabir Chowdhury,"['MBBS', 'MS', 'FACS']",PLASTIC SURGEON,20,Bangladesh Specialized Hospital,Dhaka,,,,,,,,,,,,,,,,,,,,,
4428,Dr. Hasib Rahman,"['MBBS', 'FCPS', 'MS', 'FELLOWSHIP IN PLASTIC', 'RECONSTRUCTIVE', 'HAND & MICROSURGERY']",PLASTIC SURGEON,20,Bangladesh Specialized Hospital,Dhaka,,,,,,,,,,,,,,,,,,,,,
4429,Dr. Tarun Kumar Saha,"['MBBS', 'DCH', 'MD']",PEDIATRICIAN & NEONATOLOGIST,15,Bangladesh Specialized Hospital,Dhaka,,,,,,,,,,,,,,,,,,,,,
4430,Dr. Tania Saad,"['MBBS', 'FCPS', 'MD']",PEDIATRIC NEUROLOGIST,15,Bangladesh Specialized Hospital,Dhaka,,,,,,,,,,,,,,,,,,,,,
4431,Dr. Rezoana Rima,"['MBBS', 'FCPS']",PEDIATRICIAN,15,Bangladesh Specialized Hospital,Dhaka,,,,,,,,,,,,,,,,,,,,,
4432,Dr. Md. Javed Rasheed,"['MBBS', 'BCS', 'MS']",ORTHOPEDIST,30,Bangladesh Specialized Hospital,Dhaka,,,,,,,,,,,,,,,,,,,,,
4433,Dr. Zabun Nahar,"['MBBS', 'MCPS']",GYNECOLOGIST & OBSTETRICIAN,25,Bangladesh Specialized Hospital,Dhaka,,,,,,,,,,,,,,,,,,,,,
4434,Dr. Mahbuba Nargis,"['MBBS', 'FCPS', 'MCPS', 'DGO', 'MPH']",GYNECOLOGIST & OBSTETRICIAN,15,Bangladesh Specialized Hospital,Dhaka,,,,,,,,,,,,,,,,,,,,,
4435,Ms. Monirunnaher Lupa,"['BSC (FOOD & NUTRITION)', 'MS']",DIETICIAN,10,Bangladesh Specialized Hospital,Dhaka,,,,,,,,,,,,,,,,,,,,,
4436,Ms. Zeenat Laila (Bani),"['BSC (FOOD & NUTRITION)', 'MS', 'MPH', 'IAPEN (CRITICAL PATIENT CARE)']",DIETICIAN,10,Bangladesh Specialized Hospital,Dhaka,,,,,,,,,,,,,,,,,,,,,
4437,Dr. Patoary Mohammed Faruque,"['MBBS', 'FCPS']",NEUROSURGEON,15,Bangladesh Specialized Hospital,Dhaka,,,,,,,,,,,,,,,,,,,,,
4438,Dr. Mohammad Yusuf Harun,"['MBBS', 'CCD', 'D.ORTHO (BSMMU-FORMER IPGMR)', 'A.O SPINE MEMBER (SWITZERLAND)']",UROLOGIST,18,Ibn Sina Diagnostic Center | Malibag,Dhaka,,,,,,,,,,,,,,,,,,,,,
4439,Dr. S. K. Amirul Islam,"['MBBS', 'MS']",UROLOGIST,17,Ibn Sina Diagnostic Center | Malibag,Dhaka,,,,,,,,,,,,,,,,,,,,,
4440,Dr. Md. Merajul Islam Miraj,"['MBBS', 'MCPS', 'MS', 'FACS']",UROLOGIST,18,Ibn Sina Diagnostic Center | Malibag,Dhaka,,,,,,,,,,,,,,,,,,,,,
4441,Assoc. Prof. Dr. Fahmida Haque,"['MBBS', 'MD']",DERMATOLOGIST,18,Ibn Sina Diagnostic Center | Malibag,Dhaka,,,,,,,,,,,,,,,,,,,,,
4442,Dr. Tabassum Nasrin,"['MBBS', 'MD']",DERMATOLOGIST,15,Ibn Sina Diagnostic Center | Malibag,Dhaka,,,,,,,,,,,,,,,,,,,,,
4443,Dr. Sharmin Jahan,"['MBBS', 'BCS', 'MCPS', 'FCPS']",DERMATOLOGIST,16,Ibn Sina Diagnostic Center | Malibag,Dhaka,,,,,,,,,,,,,,,,,,,,,
4444,Prof. Dr. Sayed Farhan Ali Razib,"['MBBS', 'FCPS']",OTOLARYNGOLOGISTS (ENT),22,Ibn Sina Diagnostic Center | Malibag,Dhaka,,,,,,,,,,,,,,,,,,,,,
4445,Prof. Dr. Md. Safiullah,"['MBBS', 'DLO', 'MCPS', 'FICS (USA)', 'FRCS', ' UK)']",OTOLARYNGOLOGISTS (ENT),17,Ibn Sina Diagnostic Center | Malibag,Dhaka,,,,,,,,,,,,,,,,,,,,,
4446,Dr. Ariful Islam Arif,"['MBBS', 'FCPS']",OTOLARYNGOLOGISTS (ENT),20,Ibn Sina Diagnostic Center | Malibag,Dhaka,,,,,,,,,,,,,,,,,,,,,
4447,Prof. Dr. Md. Fakhruddin Bhuiyan,"['MBBS', 'MCPS', 'FCPS']",HEMATOLOGIST,23,Ibn Sina Diagnostic Center | Malibag,Dhaka,,,,,,,,,,,,,,,,,,,,,
4448,Dr. Md. Riad Hasan,"['MBBS', 'CCD', 'FMD (USTC)']",ENDOCRINOLOGIST,15,Ibn Sina Diagnostic Center | Malibag,Dhaka,,,,,,,,,,,,,,,,,,,,,
4449,Dr. Md. Arifuzzaman Milon,"['MBBS', 'BCS', 'MD']",NEUROLOGIST,16,Ibn Sina Diagnostic Center | Malibag,Dhaka,,,,,,,,,,,,,,,,,,,,,
4450,Assoc. Prof. Dr. Mohammad Ariful Islam,"['MBBS', 'MD']",NEUROLOGIST,18,Ibn Sina Diagnostic Center | Malibag,Dhaka,,,,,,,,,,,,,,,,,,,,,
4451,Dr. Chowdhury Neamul Hassan Refayat,"['MBBS', 'BCS', 'MD', 'MRCP', 'CCD']",NEUROLOGIST,16,Ibn Sina Diagnostic Center | Malibag,Dhaka,,,,,,,,,,,,,,,,,,,,,
4452,Dr. Shirin Akter Runa,"['BDS', 'PGT', ' ORAL AND MAXILLOFACIAL SURGERY', ' PAEDIATRIC DENTISTRY)']",DENTIST,15,Ibn Sina Diagnostic Center | Malibag,Dhaka,,,,,,,,,,,,,,,,,,,,,
4453,Dr. Ikhtear Ibne Mustafa,"['BDS', 'DDS', 'MD']",DENTIST,17,Ibn Sina Diagnostic Center | Malibag,Dhaka,,,,,,,,,,,,,,,,,,,,,
4454,Dr. Md. Atiqur Haque,"['BDS', 'PGT']",DENTIST,15,Ibn Sina Diagnostic Center | Malibag,Dhaka,,,,,,,,,,,,,,,,,,,,,
4455,Dr. Md. Kausar Habib,"['BDS', 'BCS', 'MS', 'FCPS', ' ORAL & MAXILLOFACIAL SURGERY)']",DENTIST,16,Ibn Sina Diagnostic Center | Malibag,Dhaka,,,,,,,,,,,,,,,,,,,,,
4456,Dr. Md. Imran Hossain,"['BDS', 'BCS', 'MS']",DENTIST,15,Ibn Sina Diagnostic Center | Malibag,Dhaka,,,,,,,,,,,,,,,,,,,,,
4457,Dr. Musa Mohammad Hojaifa,"['MBBS', 'BCS', 'CCD', 'FCPS']",PHYSICAL MEDICINE,17,Ibn Sina Diagnostic Center | Malibag,Dhaka,,,,,,,,,,,,,,,,,,,,,
4458,Prof. Dr. Md. Jahidul Islam,"['MBBS', 'BCS', 'MPH', 'FCPS']",PHYSICAL MEDICINE,22,Ibn Sina Diagnostic Center | Malibag,Dhaka,,,,,,,,,,,,,,,,,,,,,
4459,Dr. Afroza Begum,"['MBBS', 'BCS', 'MD']",ENDOCRINOLOGIST,17,Ibn Sina Diagnostic Center | Malibag,Dhaka,,,,,,,,,,,,,,,,,,,,,
4460,Dr. Md. Shafiqur Rahman,"['MBBS', 'DTCD', 'MPH']",RESPIRATORY SPECIALIST,22,Ibn Sina Diagnostic Center | Malibag,Dhaka,,,,,,,,,,,,,,,,,,,,,
4461,Dr. Mohammad Ashik Imran Khan,"['MBBS', 'MD', 'FCPS', 'MCPS', 'MACP']",RESPIRATORY SPECIALIST,19,Ibn Sina Diagnostic Center | Malibag,Dhaka,,,,,,,,,,,,,,,,,,,,,
4462,Dr. Md. Asadur Rahman,"['MBBS', 'MD', 'DTCD (DU)']",RESPIRATORY SPECIALIST,20,Ibn Sina Diagnostic Center | Malibag,Dhaka,,,,,,,,,,,,,,,,,,,,,
4463,Dr. Tazrin Farhana,"['MBBS', 'BCS', 'MD']",RESPIRATORY SPECIALIST,16,Ibn Sina Diagnostic Center | Malibag,Dhaka,,,,,,,,,,,,,,,,,,,,,
4464,Dr. Md. Mehbub Ahsan,"['MBBS', 'BCS', 'MCPS', 'FCPS']",ONCOLOGIST,19,Ibn Sina Diagnostic Center | Malibag,Dhaka,,,,,,,,,,,,,,,,,,,,,
4465,Dr. Md. Abdus Salam,"['MBBS', 'BCS', 'MS']",ONCOLOGIST,18,Ibn Sina Diagnostic Center | Malibag,Dhaka,,,,,,,,,,,,,,,,,,,,,
4466,Prof. Dr. Dipi Barua,"['MBBS', 'MCPS', 'DGO', 'FCPS', 'MS']",GYNECOLOGIST & OBSTETRICIAN,23,Ibn Sina Diagnostic Center | Malibag,Dhaka,,,,,,,,,,,,,,,,,,,,,
4467,Dr. Sayeeda Parvin Snigdha,"['MBBS', 'FCPS', 'MS', 'MPH']",GYNECOLOGIST & OBSTETRICIAN,16,Ibn Sina Diagnostic Center | Malibag,Dhaka,,,,,,,,,,,,,,,,,,,,,
4468,Dr. Zenat Rehana Shirin,"['MBBS', 'BCS', 'MCPS', 'FCPS', 'DGO']",GYNECOLOGIST & OBSTETRICIAN,16,Ibn Sina Diagnostic Center | Malibag,Dhaka,,,,,,,,,,,,,,,,,,,,,
4469,Dr. Nasreen Haque,"['MBBS', 'FCPS']",GYNECOLOGIST & OBSTETRICIAN,20,Ibn Sina Diagnostic Center | Malibag,Dhaka,,,,,,,,,,,,,,,,,,,,,
4470,Dr. Nasreen Sultana Luna,"['MBBS', 'BCS', 'MPH', 'MS']",GYNECOLOGIST & OBSTETRICIAN,20,Ibn Sina Diagnostic Center | Malibag,Dhaka,,,,,,,,,,,,,,,,,,,,,
4471,Dr. Faryal Mustary,"['MBBS', 'CCD', 'MS']",GYNECOLOGIST & OBSTETRICIAN,16,Ibn Sina Diagnostic Center | Malibag,Dhaka,,,,,,,,,,,,,,,,,,,,,
4472,Prof. Dr. Md. Zillur Rahman,"['MBBS', 'FCPS', 'MS']",OTOLARYNGOLOGISTS (ENT),23,Evercare Hospital Dhaka,Dhaka,,,,,,,,,,,,,,,,,,,,,
4473,Dr. Md. Bakhtiar Azam,"['MBBS', 'MD']",NEUROMEDICINE SPECIALIST,25,Bangladesh Specialized Hospital,Dhaka,,,,,,,,,,,,,,,,,,,,,
4474,Dr. Forhad Hossain Chowdhury,"['MBBS', 'FCPS', 'MS']",NEUROSURGEON,15,Bangladesh Specialized Hospital,Dhaka,,,,,,,,,,,,,,,,,,,,,
4475,Dr. Md. Musfiqur Rahman,"['MBBS', 'FCPS', 'MACP']",INTERNAL MEDICINE SPECIALIST,15,Bangladesh Specialized Hospital,Dhaka,,,,,,,,,,,,,,,,,,,,,
4476,Prof. Dr. Md. Sohailul Islam,"['MBBS', 'FCPS']",INTERNAL MEDICINE SPECIALIST,25,Bangladesh Specialized Hospital,Dhaka,,,,,,,,,,,,,,,,,,,,,
4477,Prof. Dr. K. M. J. Zaki,"['MBBS', 'MD']",HEPATOLOGIST,25,Bangladesh Specialized Hospital,Dhaka,,,,,,,,,,,,,,,,,,,,,
4478,Dr. Md. Baharul Alam,"['MBBS', 'MD']",GASTROENTEROLOGIST,20,Bangladesh Specialized Hospital,Dhaka,,,,,,,,,,,,,,,,,,,,,
4479,Dr. Dewan M Hasan,"['MBBS', 'DLO']",OTOLARYNGOLOGISTS (ENT),25,Bangladesh Specialized Hospital,Dhaka,,,,,,,,,,,,,,,,,,,,,
4480,Dr. Farjana Akhter,"['MBBS', 'DDV']",DERMATOLOGIST,15,Bangladesh Specialized Hospital,Dhaka,,,,,,,,,,,,,,,,,,,,,
4481,Dr. Masuma Nawar,"['BDS', ' DENTAL UNIT)', 'DDS (CONSERVATIVE DENTISTRY)', 'AFMI (CMH. DHAKA)', 'PGT', 'PGT']",MAXILLOFACIAL AND DENTAL SURGEON,20,Bangladesh Specialized Hospital,Dhaka,,,,,,,,,,,,,,,,,,,,,
4482,Dr. S. M. Forhad Arefin,"['BDS', 'FCPS']",MAXILLOFACIAL AND DENTAL SURGEON,22,Bangladesh Specialized Hospital,Dhaka,,,,,,,,,,,,,,,,,,,,,
4483,Dr. Md. Shahidul Islam,"['MBBS', 'MS', 'MS']",COLORECTAL SURGEON,15,Bangladesh Specialized Hospital,Dhaka,,,,,,,,,,,,,,,,,,,,,
4484,Dr. Tanveer Zaman,"['MBBS', 'MS']",CARDIAC SURGEON,22,Bangladesh Specialized Hospital,Dhaka,,,,,,,,,,,,,,,,,,,,,
4485,Dr. Md. Shaukat Ali,"['MBBS', 'FCPS', 'MS']",CARDIAC SURGEON,25,Bangladesh Specialized Hospital,Dhaka,,,,,,,,,,,,,,,,,,,,,
4486,Dr. Md. Harun-Ar-Rashid,"['MBBS', 'DCH', 'MPH', 'FRSM (PAEDID)', 'LONDON']",PEDIATRICIAN,24,Ibn Sina Diagnostic Center | Malibag,Dhaka,,,,,,,,,,,,,,,,,,,,,
4487,Dr. Md. Mostafizur Rahmam,"['MBBS', 'BCS', 'FCPS', 'MD']",PEDIATRICIAN,21,Ibn Sina Diagnostic Center | Malibag,Dhaka,,,,,,,,,,,,,,,,,,,,,
4488,Dr. Md. Atiar Rahman,"['MBBS', 'DCH', 'FCPS', 'MD']",PEDIATRICIAN,20,Ibn Sina Diagnostic Center | Malibag,Dhaka,,,,,,,,,,,,,,,,,,,,,
4489,Prof. Dr. Ashraf Uddin Ahmed,"['MBBS', 'FRSH (UK)', 'DCH', 'MPH']",PEDIATRICIAN,22,Ibn Sina Diagnostic Center | Malibag,Dhaka,,,,,,,,,,,,,,,,,,,,,
4490,Dr. Md. Mokhlesur Rahman Sazal,"['MBBS', 'MS', 'FACS (USA)']",VASCULAR SURGEON,22,Bangladesh Specialized Hospital,Dhaka,,,,,,,,,,,,,,,,,,,,,
4491,Dr. Md. Kamrul Anam,"['MBBS', 'BCS', 'MD']",GASTROENTEROLOGIST,18,Ibn Sina Diagnostic Center | Malibag,Dhaka,,,,,,,,,,,,,,,,,,,,,
4492,Dr. Moshfiqur Rahman Chowdhury,"['MBBS', 'MD', 'FCPS']",GASTROENTEROLOGIST,17,Ibn Sina Diagnostic Center | Malibag,Dhaka,,,,,,,,,,,,,,,,,,,,,
4493,Dr. Sultana Parvin,"['MBBS', 'MD']",GASTROENTEROLOGIST,16,Ibn Sina Diagnostic Center | Malibag,Dhaka,,,,,,,,,,,,,,,,,,,,,
4494,Dr. Mostafa Mamun Warid,"['MBBS', 'MS']",GASTROENTEROLOGIST,16,Ibn Sina Diagnostic Center | Malibag,Dhaka,,,,,,,,,,,,,,,,,,,,,
4495,Dr. Muhammad Saiful Islam,"['MBBS', 'BCS', 'MD', 'FCPS', 'MCPS']",GASTROENTEROLOGIST,18,Ibn Sina Diagnostic Center | Malibag,Dhaka,,,,,,,,,,,,,,,,,,,,,
4496,Prof. Dr. A. K. Azad,"['MBBS', 'DO', 'FCPS']",OPHTHALMOLOGIST,21,Ibn Sina Diagnostic Center | Malibag,Dhaka,,,,,,,,,,,,,,,,,,,,,
4497,Dr. Md. Mozammel Hoque,"['MBBS', 'MS', 'BCS']",GENERAL SURGEON,17,Ibn Sina Diagnostic Center | Malibag,Dhaka,,,,,,,,,,,,,,,,,,,,,
4498,Dr. Khadija Rahman Sonia,"['MBBS', 'FCPS']",GENERAL SURGEON,16,Ibn Sina Diagnostic Center | Malibag,Dhaka,,,,,,,,,,,,,,,,,,,,,
4499,Prof. Dr. A.K.M. Ruhul Amin,"['MBBS', 'MS']",GENERAL SURGEON,23,Ibn Sina Diagnostic Center | Malibag,Dhaka,,,,,,,,,,,,,,,,,,,,,
4500,Dr. Faruq Amin Talukder,"['MBBS', 'MD']",NEPHROLOGIST,17,Ibn Sina Diagnostic Center | Malibag,Dhaka,,,,,,,,,,,,,,,,,,,,,
4501,Dr. Tohfatul Jannat Shampa,"['MBBS', 'MD', 'DM']",RADIOLOGIST,16,Ibn Sina Diagnostic Center | Malibag,Dhaka,,,,,,,,,,,,,,,,,,,,,
4502,Dr. MD. Shamim Farooq Titu,"['MBBS', 'MD']",PATHOLOGIST,18,Ibn Sina Diagnostic Center | Malibag,Dhaka,,,,,,,,,,,,,,,,,,,,,
4503,Prof. Dr. Ashim Ranjam Barua,"['MBBS', 'M.PHIL']",PATHOLOGIST,25,Ibn Sina Diagnostic Center | Malibag,Dhaka,,,,,,,,,,,,,,,,,,,,,
4504,Fatema Siddiquey Chhonda,"['BSC', 'MS']",NUTRITIONIST,10,Ibn Sina Diagnostic Center | Malibag,Dhaka,,,,,,,,,,,,,,,,,,,,,
4505,Dr. Shabnam Jahan Hoque,"['MBBS', 'D-CARD', 'FCPS']",CARDIOLOGIST,16,Ibn Sina Diagnostic Center | Malibag,Dhaka,,,,,,,,,,,,,,,,,,,,,
4506,Dr. Sardar Md. Shawkat Ali,"['MBBS', 'DCH']",PEDIATRICIAN,16,Ibn Sina Diagnostic Center | Malibag,Dhaka,,,,,,,,,,,,,,,,,,,,,
4507,Dr. Fouzia Anar,"['MBBS', 'CCD', 'FCPS']",MEDICINE SPECIALIST,16,Ibn Sina Diagnostic Center | Malibag,Dhaka,,,,,,,,,,,,,,,,,,,,,
4508,Dr. Mosammat Shameem Ara Begum,"['MBBS', 'FCPS', 'FCPS']",PEDIATRIC NEUROLOGIST,17,Ibn Sina Diagnostic Center | Malibag,Dhaka,,,,,,,,,,,,,,,,,,,,,
4509,Dr. Kazi Ashraful Islam,"['MBBS', 'MCPS', 'MD']",PEDIATRIC NEUROLOGIST,17,Ibn Sina Diagnostic Center | Malibag,Dhaka,,,,,,,,,,,,,,,,,,,,,
4510,Asst. Prof. Dr. Tanbir Al Misbah,"['MBBS', 'MS']",UROLOGIST,20,BRAC Healthcare | Uttara,Dhaka,,,,,,,,,,,,,,,,,,,,,
4511,Dr. Md. Hafizur Rahman,"['MBBS', 'MTM (BSMMU)']",TRANSFUSION MEDICINE SPECIALIST,20,Enam Medical College & Hospital,Dhaka,,,,,,,,,,,,,,,,,,,,,
4512,Prof. Dr. Debasish Das,"['MBBS', 'FCPS', 'TRAIN IN LAPAROSCOPIC SURGERY (GERMANY)']",GENERAL SURGEON,25,Enam Medical College & Hospital,Dhaka,,,,,,,,,,,,,,,,,,,,,
4513,Dr. Sonia Akter,"['MBBS', 'FCPS']",GENERAL SURGEON,20,Enam Medical College & Hospital,Dhaka,,,,,,,,,,,,,,,,,,,,,
4514,Dr. Raisul Islam,"['MBBS', 'MS', ' BSMMU)', 'ADVANCE TRAINING IN LAPAROSCOPIC SURGERY', 'GENERAL LAPAROSCOPIC', 'HERNIA', 'BREAST AND COLORECTAL SURGEON']",GENERAL SURGEON,20,Enam Medical College & Hospital,Dhaka,,,,,,,,,,,,,,,,,,,,,
4514,Dr. Raisul Islam,"['MBBS', 'MS', ' BSMMU)', 'ADVANCE TRAINING IN LAPAROSCOPIC SURGERY', 'GENERAL LAPAROSCOPIC', 'HERNIA', 'BREAST AND COLORECTAL SURGEON']",LAPAROSCOPIC SURGEON,20,Enam Medical College & Hospital,Dhaka,,,,,,,,,,,,,,,,,,,,,
4514,Dr. Raisul Islam,"['MBBS', 'MS', ' BSMMU)', 'ADVANCE TRAINING IN LAPAROSCOPIC SURGERY', 'GENERAL LAPAROSCOPIC', 'HERNIA', 'BREAST AND COLORECTAL SURGEON']",COLORECTAL SURGEON,20,Enam Medical College & Hospital,Dhaka,,,,,,,,,,,,,,,,,,,,,
4515,Dr. Karina Rahman,"['MBBS', 'FCPS', 'MRCS (EDIN)']",GENERAL SURGEON,18,Enam Medical College & Hospital,Dhaka,,,,,,,,,,,,,,,,,,,,,
4516,Dr. Fatematuz Zohra,"['MBBS', 'MD']",DERMATOLOGIST,20,Enam Medical College & Hospital,Dhaka,,,,,,,,,,,,,,,,,,,,,
4517,Dr. Md. Abu Baker,"['MBBS', 'DDV']",DERMATOLOGIST,20,Enam Medical College & Hospital,Dhaka,,,,,,,,,,,,,,,,,,,,,
4518,Dr. Md. Rezaul Islam Hira,"['MBBS', 'MCPS', 'FCPS', 'FAM (FELLOWSHIP IN AESTHETIC MEDICINE- INDIA/GERMANY)']",DERMATOLOGIST,22,Enam Medical College & Hospital,Dhaka,,,,,,,,,,,,,,,,,,,,,
4519,Prof. Dr. Wahida Khan Chowdhury,"['MBBS', 'DDV', 'FCPS']",DERMATOLOGIST,25,Enam Medical College & Hospital,Dhaka,,,,,,,,,,,,,,,,,,,,,
4520,Prof. Dr. Md. Haroon Ur Rashid,"['MBBS', 'MD', 'FCCP']",PULMONOLOGIST,27,Enam Medical College & Hospital,Dhaka,,,,,,,,,,,,,,,,,,,,,
4521,Dr. S. M. Yasir Arafat,"['MBBS', 'MPH', 'MD']",PSYCHIATRIST,20,Enam Medical College & Hospital,Dhaka,,,,,,,,,,,,,,,,,,,,,
4522,Dr. Md. Faruk Hossain,"['MBBS', 'MCPS', 'FCPS']",PSYCHIATRIST,22,Enam Medical College & Hospital,Dhaka,,,,,,,,,,,,,,,,,,,,,
4523,"Dr. Sabrina Zaman Shova, PT",['BSPT (BHPI-DU)'],PHYSIOTHERAPIST,4,Enam Medical College & Hospital,Dhaka,,,,,,,,,,,,,,,,,,,,,
4524,"Dr. Pangkaz Kanti Dash, PT","['BSPT (CRP', ' DU)']",PHYSIOTHERAPIST,6,Enam Medical College & Hospital,Dhaka,,,,,,,,,,,,,,,,,,,,,
4525,Dr. Shaiful Hassan Shameem,"['MBBS', 'BCS', 'MD']",ONCOLOGIST,15,Enam Medical College & Hospital,Dhaka,,,,,,,,,,,,,,,,,,,,,
4525,Dr. Shaiful Hassan Shameem,"['MBBS', 'BCS', 'MD']",RADIOLOGIST,15,Enam Medical College & Hospital,Dhaka,,,,,,,,,,,,,,,,,,,,,
4526,Dr. Afroza Begum Tania,"['MBBS', 'MD']",ONCOLOGIST,20,Enam Medical College & Hospital,Dhaka,,,,,,,,,,,,,,,,,,,,,
4527,Dr. S. M. Monowar Hossain,"['MBBS', 'MD']",NEUROMEDICINE SPECIALIST,21,Dhaka Central International Medical College Hospital,Dhaka,,,,,,,,,,,,,,,,,,,,,
4528,Dr. Bilkis Mahmuda,"['MBBS', 'FCPS']",GYNECOLOGIST & OBSTETRICIAN,18,Alliance Hospital Ltd.,Dhaka,,,,,,,,,,,,,,,,,,,,,
4529,Dr. Sifat Ara Khanom,"['MBBS', 'MCPS', 'FCPS']",GYNECOLOGIST & OBSTETRICIAN,14,Dhaka Central International Medical College Hospital,Dhaka,,,,,,,,,,,,,,,,,,,,,
4530,Dr. Ismat Jahan Lima,"['MBBS', 'BCS', 'FCPS', 'MS', 'FACS (USA)']",COLORECTAL & LAPAROSCOPIC SURGEON,17,Alliance Hospital Ltd.,Dhaka,,,,,,,,,,,,,,,,,,,,,
4531,Dr. Sumya Pervin,"['MBBS', 'BCS', 'DDV']",DERMATOLOGIST,15,Dhaka Central International Medical College Hospital,Dhaka,,,,,,,,,,,,,,,,,,,,,
4532,Dr. Farjana Rabee Choudhury,"['MBBS', 'DGO', 'FCPS', 'BCS']",GYNECOLOGIST & OBSTETRICIAN,17,Dhaka Central International Medical College Hospital,Dhaka,,,,,,,,,,,,,,,,,,,,,
4533,Dr. Somayra Nasreen,"['MBBS', 'FCPS']",PEDIATRICIAN,16,Popular Diagnostic Centre Ltd. | Narayangonj,Narayanganj,,,,,,,,,,,,,,,,,,,,,
4533,Dr. Somayra Nasreen,"['MBBS', 'FCPS']",PEDIATRIC CARDIOLOGIST,16,Popular Diagnostic Centre Ltd. | Narayangonj,Narayanganj,,,,,,,,,,,,,,,,,,,,,
4534,Dr. Md. Kamrul Hasan,"['MBBS', 'FCPS', 'MD']",CHEST SPECIALIST,17,Popular Diagnostic Centre Ltd. | Narayangonj,Narayanganj,,,,,,,,,,,,,,,,,,,,,
4534,Dr. Md. Kamrul Hasan,"['MBBS', 'FCPS', 'MD']",RESPIRATORY SPECIALIST,17,Popular Diagnostic Centre Ltd. | Narayangonj,Narayanganj,,,,,,,,,,,,,,,,,,,,,
4535,Dr. Khorshed Alam Bakul,"['MBBS', 'BCS', 'MPH', 'FCPS']",ONCOLOGIST,17,Popular Diagnostic Centre Ltd. | Narayangonj,Narayanganj,,,,,,,,,,,,,,,,,,,,,
4536,Dr. Md. Royes Uddin,"['MBBS', 'FCPS', 'MCPS', 'MD']",GASTROENTEROLOGIST,17,Popular Diagnostic Centre Ltd. | Narayangonj,Narayanganj,,,,,,,,,,,,,,,,,,,,,
4537,Dr. Abu Taher Mohammad Shaidulla Mansur,"['MBBS', 'DA', 'MCPS']",NEUROLOGIST,22,Enam Medical College & Hospital,Dhaka,,,,,,,,,,,,,,,,,,,,,
4537,Dr. Abu Taher Mohammad Shaidulla Mansur,"['MBBS', 'DA', 'MCPS']",ANESTHESIOLOGIST,22,Enam Medical College & Hospital,Dhaka,,,,,,,,,,,,,,,,,,,,,
4538,Prof. Dr. Md. Momenuzzaman Khan,"['MBBS', 'MD', 'MACP']",NEUROLOGIST,25,Enam Medical College & Hospital,Dhaka,,,,,,,,,,,,,,,,,,,,,
4539,Dr. B. Karim,"['MBBS', 'MS', ' BSMMU)']",NEUROSURGEON,24,Enam Medical College & Hospital,Dhaka,,,,,,,,,,,,,,,,,,,,,
4540,Assoc. Prof. Dr. Shamimur Rahman,"['MBBS', 'MD']",NEPHROLOGIST,23,Enam Medical College & Hospital,Dhaka,,,,,,,,,,,,,,,,,,,,,
4541,Dr. H. E. M. Rejwanur Rahman,"['MBBS', 'FRSH (LONDON)', 'DIPLOMA IN FAMILY MEDICINE', 'PHD', 'MD']",NEPHROLOGIST,15,Enam Medical College & Hospital,Dhaka,,,,,,,,,,,,,,,,,,,,,
4542,Prof. Dr. Shishir Ranjon Das,"['MBBS', 'DCH', 'MD']",PEDIATRICIAN & NEONATOLOGIST,25,Enam Medical College & Hospital,Dhaka,,,,,,,,,,,,,,,,,,,,,
4543,Dr. Wasim Abed Aumi,"['MBBS', 'FCPS']",PEDIATRICIAN,20,Enam Medical College & Hospital,Dhaka,,,,,,,,,,,,,,,,,,,,,
4544,Dr. Ismail Hossain,"['MBBS', 'MD']",NEONATOLOGIST,20,Central Hospital Limited,Dhaka,,,,,,,,,,,,,,,,,,,,,
4545,Dr. Farhana Afroze,"['MBBS', 'FCPS']",PEDIATRICIAN,20,Enam Medical College & Hospital,Dhaka,,,,,,,,,,,,,,,,,,,,,
4546,Dr. Ayesha Shaheed,"['MBBS', 'FCPS']",PEDIATRICIAN,20,Enam Medical College & Hospital,Dhaka,,,,,,,,,,,,,,,,,,,,,
4547,Dr. Abu Saleh Musa,"['MBBS', 'DCH', 'SPECIALIST TRAINING (LONDON)']",PEDIATRICIAN & NEONATOLOGIST,20,Enam Medical College & Hospital,Dhaka,,,,,,,,,,,,,,,,,,,,,
4548,Prof. Dr. Mufti Munsurar Rahman,"['MBBS', 'FCPS']",INTERNAL MEDICINE,42,Enam Medical College & Hospital,Dhaka,,,,,,,,,,,,,,,,,,,,,
4549,Dr. Tasrina Shamnaz Samdani,"['MBBS', 'MRCP']",MEDICINE SPECIALIST,20,Enam Medical College & Hospital,Dhaka,,,,,,,,,,,,,,,,,,,,,
4550,Dr. Rubina Easmin,"['MBBS', 'FCPS']",MEDICINE SPECIALIST,15,Enam Medical College & Hospital,Dhaka,,,,,,,,,,,,,,,,,,,,,
4551,Dr. Rezaul Karim,"['MBBS', 'BCS', 'MCPS', 'MD']",CARDIOLOGIST,15,Enam Medical College & Hospital,Dhaka,,,,,,,,,,,,,,,,,,,,,
4551,Dr. Rezaul Karim,"['MBBS', 'BCS', 'MCPS', 'MD']",MEDICINE SPECIALIST,15,Enam Medical College & Hospital,Dhaka,,,,,,,,,,,,,,,,,,,,,
4552,Dr. Nelson Taposh Mondol,"['MBBS', 'MPH', 'MRCP']",MEDICINE SPECIALIST,20,Enam Medical College & Hospital,Dhaka,,,,,,,,,,,,,,,,,,,,,
4553,Dr. Muhammad Babul Miah,"['MBBS', 'MRCP']",MEDICINE SPECIALIST,20,Enam Medical College & Hospital,Dhaka,,,,,,,,,,,,,,,,,,,,,
4554,Dr. Mahbuba Yesmin,"['MBBS', 'FCPS']",MEDICINE SPECIALIST,20,Enam Medical College & Hospital,Dhaka,,,,,,,,,,,,,,,,,,,,,
4555,Dr. Md. Ekramul Islam,"['MBBS', 'BCS', 'MD']",RHEUMATOLOGIST,16,Popular Diagnostic Centre Ltd. | Narayangonj,Narayanganj,,,,,,,,,,,,,,,,,,,,,
4556,Dr. Tusar Das,"['MBBS', 'BCS', 'MD']",ONCOLOGIST,17,Popular Diagnostic Centre Ltd. | Narayangonj,Narayanganj,,,,,,,,,,,,,,,,,,,,,
4557,Prof. Dr. Md. Aslam Hossain,"['MBBS', 'MS']",CARDIAC SURGEON,24,Popular Diagnostic Centre Ltd. | Narayangonj,Narayanganj,,,,,,,,,,,,,,,,,,,,,
4558,Dr. Tariq Ahmed Chowdhury,"['MBBS', 'MD']",CARDIOLOGIST,17,Popular Diagnostic Centre Ltd. | Narayangonj,Narayanganj,,,,,,,,,,,,,,,,,,,,,
4559,Dr. Md. Mahbub Hossain,"['MBBS', 'FCPS']",MEDICINE SPECIALIST,38,Enam Medical College & Hospital,Dhaka,,,,,,,,,,,,,,,,,,,,,
4560,Dr. Bipasha Ahmed,"['MBBS', 'MS', 'DIPLOMA IN REPRODUCTIVE MEDICINE & INFERTILITY (GERMANY)']",INFERTILITY SPECIALIST,20,Enam Medical College & Hospital,Dhaka,,,,,,,,,,,,,,,,,,,,,
4561,Dr. Tanzin Abedin,"['MBBS', 'MS', ' LONDON)']",INFERTILITY SPECIALIST,15,Enam Medical College & Hospital,Dhaka,,,,,,,,,,,,,,,,,,,,,
4562,Prof. Dr. Md. Rezaul Karim Chowdhury,"['MBBS', 'D. CARD', 'MD']",HEMATOLOGIST,27,Enam Medical College & Hospital,Dhaka,,,,,,,,,,,,,,,,,,,,,
4563,Dr. Lohani Md. Tajul Islam,"['MBBS', 'MD']",CARDIOLOGIST,17,Popular Diagnostic Centre Ltd. | Narayangonj,Narayanganj,,,,,,,,,,,,,,,,,,,,,
4564,Dr. Sheikh Samsuzzaman,"['MBBS', 'BCS', 'FCPS', 'MD']",MEDICINE SPECIALIST,16,Popular Diagnostic Centre Ltd. | Narayangonj,Narayanganj,,,,,,,,,,,,,,,,,,,,,
4564,Dr. Sheikh Samsuzzaman,"['MBBS', 'BCS', 'FCPS', 'MD']",CARDIOLOGIST,16,Popular Diagnostic Centre Ltd. | Narayangonj,Narayanganj,,,,,,,,,,,,,,,,,,,,,
4565,Dr. Md. Arifur Rahman Sajal,"['MBBS', 'BCS', 'MD']",CARDIOLOGIST,17,Popular Diagnostic Centre Ltd. | Narayangonj,Narayanganj,,,,,,,,,,,,,,,,,,,,,
4566,Dr. Md. Rabiul Islam Sarkar Rana,"['MBBS', 'MD', 'CCD']",CARDIOLOGIST,17,Popular Diagnostic Centre Ltd. | Narayangonj,Narayanganj,,,,,,,,,,,,,,,,,,,,,
4567,Dr. S. M. Alauddin Al Azad,"['MBBS', 'MD']",CARDIOLOGIST,17,Popular Diagnostic Centre Ltd. | Narayangonj,Narayanganj,,,,,,,,,,,,,,,,,,,,,
4568,Dr. S. M. Golam Sarwar,"['MBBS', 'DTCD', 'FCCP']",CHEST SPECIALIST,17,Popular Diagnostic Centre Ltd. | Narayangonj,Narayanganj,,,,,,,,,,,,,,,,,,,,,
4569,Prof. Dr. Abdul Hannan,"['MBBS', 'FCPS', 'FELLOW PEDIATRIC CARDIOLOGY (USA)']",PEDIATRICIAN,24,Popular Diagnostic Centre Ltd. | Narayangonj,Narayanganj,,,,,,,,,,,,,,,,,,,,,
4569,Prof. Dr. Abdul Hannan,"['MBBS', 'FCPS', 'FELLOW PEDIATRIC CARDIOLOGY (USA)']",PEDIATRIC CARDIOLOGIST,24,Popular Diagnostic Centre Ltd. | Narayangonj,Narayanganj,,,,,,,,,,,,,,,,,,,,,
4570,Dr. Saiful Azam,"['MBBS', 'BCS', 'MPH', 'MD']",PEDIATRICIAN,18,Popular Diagnostic Centre Ltd. | Narayangonj,Narayanganj,,,,,,,,,,,,,,,,,,,,,
4571,Prof. Dr. Ahsanullah Al Baki,"['MBBS', 'DCH', 'MRCP']",PEDIATRICIAN,24,Popular Diagnostic Centre Ltd. | Narayangonj,Narayanganj,,,,,,,,,,,,,,,,,,,,,
4572,Dr. A. N. M. Nurul Haque Bhuiyan,"['MBBS', 'MPH', 'MD']",PEDIATRICIAN,17,Popular Diagnostic Centre Ltd. | Narayangonj,Narayanganj,,,,,,,,,,,,,,,,,,,,,
4573,Dr. Delowar Hossain,"['MBBS', 'FCPS', 'MD']",PEDIATRICIAN,18,Popular Diagnostic Centre Ltd. | Narayangonj,Narayanganj,,,,,,,,,,,,,,,,,,,,,
4574,Dr. Ananda Kishore Ghosh,"['MBBS', 'FCPS']",PEDIATRICIAN,17,Popular Diagnostic Centre Ltd. | Narayangonj,Narayanganj,,,,,,,,,,,,,,,,,,,,,
4575,Capt. Dr. A. Z. Nazrul Islam,"['MBBS', 'MCPS']",PEDIATRICIAN,21,Popular Diagnostic Centre Ltd. | Narayangonj,Narayanganj,,,,,,,,,,,,,,,,,,,,,
4576,Dr. Samina Masud Santa,"['MBBS', 'MD']",PEDIATRICIAN,17,Popular Diagnostic Centre Ltd. | Narayangonj,Narayanganj,,,,,,,,,,,,,,,,,,,,,
4577,Dr. Mosammat Mira Pervin,"['MBBS', 'FCPS', 'MRCS (UK)']",COLORECTAL & LAPAROSCOPIC SURGEON,17,Popular Diagnostic Centre Ltd. | Narayangonj,Narayanganj,,,,,,,,,,,,,,,,,,,,,
4577,Dr. Mosammat Mira Pervin,"['MBBS', 'FCPS', 'MRCS (UK)']",PLASTIC SURGEON,17,Popular Diagnostic Centre Ltd. | Narayangonj,Narayanganj,,,,,,,,,,,,,,,,,,,,,
4578,Prof. Dr. Sheuly Begum,"['MBBS', 'FCPS', 'MS']",GYNECOLOGIST & OBSTETRICIAN,25,Enam Medical College & Hospital,Dhaka,,,,,,,,,,,,,,,,,,,,,
4578,Prof. Dr. Sheuly Begum,"['MBBS', 'FCPS', 'MS']",INFERTILITY SPECIALIST,25,Enam Medical College & Hospital,Dhaka,,,,,,,,,,,,,,,,,,,,,
4579,Dr. Anjana Saha,"['MBBS', 'BCS', 'MD']",ENDOCRINOLOGIST,16,Popular Diagnostic Centre Ltd. | Narayangonj,Narayanganj,,,,,,,,,,,,,,,,,,,,,
4580,Dr. Md. Kazi Ashraful Alam,"['MBBS', 'MD']",ENDOCRINOLOGIST,18,Popular Diagnostic Centre Ltd. | Narayangonj,Narayanganj,,,,,,,,,,,,,,,,,,,,,
4581,Dr. Muhammad Shakhawat Hossain,"['MBBS', 'DEM']",ENDOCRINOLOGIST,17,Popular Diagnostic Centre Ltd. | Narayangonj,Narayanganj,,,,,,,,,,,,,,,,,,,,,
4582,Dr. Md. Nurul Amin Dipu,"['MBBS', 'DEM']",ENDOCRINOLOGIST,18,Popular Diagnostic Centre Ltd. | Narayangonj,Narayanganj,,,,,,,,,,,,,,,,,,,,,
4583,Dr. M. K. M. Daulatullah,"['MBBS', 'FCPS', 'MCPS']",OTOLARYNGOLOGISTS (ENT),18,Popular Diagnostic Centre Ltd. | Narayangonj,Narayanganj,,,,,,,,,,,,,,,,,,,,,
4584,Prof. Dr. D.G.M Akaiduzzaman,"['MBBS', 'FCPS', 'MS']",OTOLARYNGOLOGISTS (ENT),24,Popular Diagnostic Centre Ltd. | Narayangonj,Narayanganj,,,,,,,,,,,,,,,,,,,,,
4585,Dr. Md. Mostafizur Rahman,"['MBBS', 'BCS', 'DLO', 'FCPS', 'MS']",OTOLARYNGOLOGISTS (ENT),17,Popular Diagnostic Centre Ltd. | Narayangonj,Narayanganj,,,,,,,,,,,,,,,,,,,,,
4586,Dr. Amit Kumar Saha,"['MBBS', 'DLO']",OTOLARYNGOLOGISTS (ENT),18,Popular Diagnostic Centre Ltd. | Narayangonj,Narayanganj,,,,,,,,,,,,,,,,,,,,,
4587,Dr. Tania Akbar,"['MBBS', 'FCPS']",GYNECOLOGIST & OBSTETRICIAN,16,Enam Medical College & Hospital,Dhaka,,,,,,,,,,,,,,,,,,,,,
4588,Dr. Tahmina Khanum,"['MBBS', 'MCPS', 'FCPS']",GYNECOLOGIST & OBSTETRICIAN,22,Enam Medical College & Hospital,Dhaka,,,,,,,,,,,,,,,,,,,,,
4589,Dr. Sayma Afroz,"['MBBS', 'FCPS']",GYNECOLOGIST & OBSTETRICIAN,22,Enam Medical College & Hospital,Dhaka,,,,,,,,,,,,,,,,,,,,,
4590,Dr. Rokshana Parvin Nupur,"['MBBS', 'FCPS']",GYNECOLOGIST & OBSTETRICIAN,20,Enam Medical College & Hospital,Dhaka,,,,,,,,,,,,,,,,,,,,,
4591,Dr. Rina Nasrin,"['MBBS', 'FCPS']",GYNECOLOGIST & OBSTETRICIAN,20,Enam Medical College & Hospital,Dhaka,,,,,,,,,,,,,,,,,,,,,
4592,Dr. Muqsuda Ashraf Shuvro,"['MBBS', 'DM', 'FCPS']",GYNECOLOGISTS,20,Enam Medical College & Hospital,Dhaka,,,,,,,,,,,,,,,,,,,,,
4592,Dr. Muqsuda Ashraf Shuvro,"['MBBS', 'DM', 'FCPS']",INFERTILITY SPECIALIST,20,Enam Medical College & Hospital,Dhaka,,,,,,,,,,,,,,,,,,,,,
4593,Dr. Mst. Tanbir Nahar Shamima,"['MBBS', 'FCPS']",GYNECOLOGIST & OBSTETRICIAN,20,Enam Medical College & Hospital,Dhaka,,,,,,,,,,,,,,,,,,,,,
4594,Dr. Monowara Begum,"['MBBS', 'FCPS']",GYNECOLOGIST & OBSTETRICIAN,20,Enam Medical College & Hospital,Dhaka,,,,,,,,,,,,,,,,,,,,,
4595,Dr. Farida Haque,"['MBBS', 'DGO']",GYNECOLOGIST & OBSTETRICIAN,25,Enam Medical College & Hospital,Dhaka,,,,,,,,,,,,,,,,,,,,,
4596,Dr. Tamanna Nawshin,"['MBBS', 'MS']",OTOLARYNGOLOGISTS (ENT),17,Popular Diagnostic Centre Ltd. | Narayangonj,Narayanganj,,,,,,,,,,,,,,,,,,,,,
4597,Dr. Anuradha Karmaker,"['MBBS', 'FCPS']",GYNECOLOGIST & OBSTETRICIAN,20,Enam Medical College & Hospital,Dhaka,,,,,,,,,,,,,,,,,,,,,
4598,Dr. Shovana Alam,"['MBBS', 'MS']",OPHTHALMOLOGIST,20,Popular Diagnostic Centre Ltd. | Narayangonj,Narayanganj,,,,,,,,,,,,,,,,,,,,,
4599,Prof. Dr. Irin Perveen,"['MBBS', 'FCPS', 'MD']",GASTROENTEROLOGIST,33,Enam Medical College & Hospital,Dhaka,,,,,,,,,,,,,,,,,,,,,
4600,Prof. Dr. Bebakananda Biswas,"['MBBS', 'FCPS', 'DCO (UK)']",OPHTHALMOLOGIST,24,Popular Diagnostic Centre Ltd. | Narayangonj,Narayanganj,,,,,,,,,,,,,,,,,,,,,
4601,Dr. Md. Yaehyea Zaman Khokon,"['MBBS', 'DLO']",OTOLARYNGOLOGISTS (ENT),27,Enam Medical College & Hospital,Dhaka,,,,,,,,,,,,,,,,,,,,,
4602,Dr. Ascif Al Madady,"['MBBS', 'CCD', 'MS']",OTOLARYNGOLOGISTS (ENT),15,Enam Medical College & Hospital,Dhaka,,,,,,,,,,,,,,,,,,,,,
4602,Dr. Ascif Al Madady,"['MBBS', 'CCD', 'MS']",SURGEON,15,Enam Medical College & Hospital,Dhaka,,,,,,,,,,,,,,,,,,,,,
4603,Dr. Mazharul Haque,"['MBBS', 'BCS', 'FCPS', 'MD', 'MACP']",GASTROENTEROLOGIST,17,Popular Diagnostic Centre Ltd. | Narayangonj,Narayanganj,,,,,,,,,,,,,,,,,,,,,
4604,Dr. Ranjit Kumar Banik,"['MBBS', 'BCS', 'MD']",GASTROENTEROLOGIST,17,Popular Diagnostic Centre Ltd. | Narayangonj,Narayanganj,,,,,,,,,,,,,,,,,,,,,
4605,Dr. Md. Rezaul Islam Patwary,"['MBBS', 'BCS', 'FCPS', 'MD', 'CCD']",GASTROENTEROLOGIST,17,Popular Diagnostic Centre Ltd. | Narayangonj,Narayanganj,,,,,,,,,,,,,,,,,,,,,
4606,Prof. Dr. K. N. Nahar,"['MBBS', 'DGO', 'MS']",GYNECOLOGIST & OBSTETRICIAN,24,Popular Diagnostic Centre Ltd. | Narayangonj,Narayanganj,,,,,,,,,,,,,,,,,,,,,
4607,Dr. Kamrun Nahar,"['MBBS', 'DGO', 'MS']",GYNECOLOGIST & OBSTETRICIAN,18,Popular Diagnostic Centre Ltd. | Narayangonj,Narayanganj,,,,,,,,,,,,,,,,,,,,,
4608,Dr. Nur-E-Nazma Lima,"['MBBS', 'MS']",GYNECOLOGIST & OBSTETRICIAN,17,Popular Diagnostic Centre Ltd. | Narayangonj,Narayanganj,,,,,,,,,,,,,,,,,,,,,
4609,Dr. Parul Akhter,"['MBBS', 'FCPS']",GYNECOLOGIST & OBSTETRICIAN,18,Popular Diagnostic Centre Ltd. | Narayangonj,Narayanganj,,,,,,,,,,,,,,,,,,,,,
4610,Dr. Dipannita Dhar,"['MBBS', 'BCS', 'MCPS', 'FCPS']",GYNECOLOGIST & OBSTETRICIAN,18,Popular Diagnostic Centre Ltd. | Narayangonj,Narayanganj,,,,,,,,,,,,,,,,,,,,,
4611,Dr. Masuda Sultana,"['MBBS', 'BCS', 'FCPS']",GYNECOLOGIST & OBSTETRICIAN,16,Popular Diagnostic Centre Ltd. | Narayangonj,Narayanganj,,,,,,,,,,,,,,,,,,,,,
4612,Dr. Umme Salma Hossain,"['MBBS', 'DGO']",GYNECOLOGIST & OBSTETRICIAN,16,Popular Diagnostic Centre Ltd. | Narayangonj,Narayanganj,,,,,,,,,,,,,,,,,,,,,
4613,Dr. Rubina Bari,"['MBBS', 'MCPS', 'FCPS']",GYNECOLOGIST & OBSTETRICIAN,17,Popular Diagnostic Centre Ltd. | Narayangonj,Narayanganj,,,,,,,,,,,,,,,,,,,,,
4614,Dr. Kazi Sonia Monir,"['MBBS', 'DGO', 'MCPS', 'DM']",GYNECOLOGIST & OBSTETRICIAN,17,Popular Diagnostic Centre Ltd. | Narayangonj,Narayanganj,,,,,,,,,,,,,,,,,,,,,
4615,Dr. Rayhana Akhter,"['MBBS', 'BCS', 'FCPS']",GYNECOLOGIST & OBSTETRICIAN,16,Popular Diagnostic Centre Ltd. | Narayangonj,Narayanganj,,,,,,,,,,,,,,,,,,,,,
4616,Dr. Samira Chowdhury,"['MBBS', 'MCPS', 'DGO']",GYNECOLOGIST & OBSTETRICIAN,16,Popular Diagnostic Centre Ltd. | Narayangonj,Narayanganj,,,,,,,,,,,,,,,,,,,,,
4617,Dr. Md. Zahangir Alam,"['MBBS', 'DGO', 'FCPS']",GYNECOLOGIST & OBSTETRICIAN,17,Popular Diagnostic Centre Ltd. | Narayangonj,Narayanganj,,,,,,,,,,,,,,,,,,,,,
4618,Dr. Shahzia Alam,"['MBBS', 'BCS', 'FCPS']",HEMATOLOGIST,17,Popular Diagnostic Centre Ltd. | Narayangonj,Narayanganj,,,,,,,,,,,,,,,,,,,,,
4619,Dr. Md. Asaduzzaman,"['MBBS', 'FCPS', 'MD']",HEPATOLOGIST,18,Popular Diagnostic Centre Ltd. | Narayangonj,Narayanganj,,,,,,,,,,,,,,,,,,,,,
4620,Dr. Rafi Nazrul Islam,"['MBBS', 'MD']",NEPHROLOGIST,16,Popular Diagnostic Centre Ltd. | Narayangonj,Narayanganj,,,,,,,,,,,,,,,,,,,,,
4621,Dr. Md. Rezaul Alam,"['MBBS', 'MCPS', 'MD']",NEPHROLOGIST,17,Popular Diagnostic Centre Ltd. | Narayangonj,Narayanganj,,,,,,,,,,,,,,,,,,,,,
4622,Dr. Md. Shahinur Arefin,"['MBBS', 'DLO']",OTOLARYNGOLOGISTS (ENT),15,Enam Medical College & Hospital,Dhaka,,,,,,,,,,,,,,,,,,,,,
4623,Ms. Amena Jannat Nipa,"['BSC', 'MS']",CLINICAL NUTRITIONIST,10,Enam Medical College & Hospital,Dhaka,,,,,,,,,,,,,,,,,,,,,
4624,Dr. Rezwana Subhan,"['MBBS', 'MD', ' BIRDEM)', 'ADVANCED TRAINING IN ENDOCRINOLOGY (MAYA CLINIC', ' USA)']",ENDOCRINOLOGIST,15,Enam Medical College & Hospital,Dhaka,,,,,,,,,,,,,,,,,,,,,
4625,Dr. Shakil Shahriar,['BDS'],DENTIST,15,Enam Medical College & Hospital,Dhaka,,,,,,,,,,,,,,,,,,,,,
4626,Dr. Azharul Mateen,"['MBBS', 'BDS', 'FCPS']",DENTIST,15,Enam Medical College & Hospital,Dhaka,,,,,,,,,,,,,,,,,,,,,
4627,Dr. Abdullah-Al-Faruq,"['BDS', 'FCPS', 'MCPS']",MAXILLOFACIAL AND DENTAL SURGEON,18,Enam Medical College & Hospital,Dhaka,,,,,,,,,,,,,,,,,,,,,
4628,Dr. Mobaraq Hossain,"['MBBS', 'BCS', 'MS', 'TREND HOS VATS', 'ROBOTIC SURGERY (DELHI)']",INTERVENTIONAL CARDIOLOGIST,15,Enam Medical College & Hospital,Dhaka,,,,,,,,,,,,,,,,,,,,,
4628,Dr. Mobaraq Hossain,"['MBBS', 'BCS', 'MS', 'TREND HOS VATS', 'ROBOTIC SURGERY (DELHI)']",THORACIC SURGEON,15,Enam Medical College & Hospital,Dhaka,,,,,,,,,,,,,,,,,,,,,
4629,Dr. Avishek Sarkar Dhruvo,['MBBS'],CARDIOTHORACIC AND VASCULAR SURGEON,15,Enam Medical College & Hospital,Dhaka,,,,,,,,,,,,,,,,,,,,,
4630,Prof. Dr. Moeen Uddin Ahmed,"['MBBS', 'MD', ' NICVD)']",INTERVENTIONAL CARDIOLOGIST,34,Enam Medical College & Hospital,Dhaka,,,,,,,,,,,,,,,,,,,,,
4631,Dr. Shahidul Alam,"['MBBS', 'DIH', 'D-CARD']",CARDIOLOGIST,34,Enam Medical College & Hospital,Dhaka,,,,,,,,,,,,,,,,,,,,,
4632,Dr. Debasish Debnath,"['MBBS', 'D-CARD', 'CCD']",CARDIOLOGIST,16,Enam Medical College & Hospital,Dhaka,,,,,,,,,,,,,,,,,,,,,
4633,Dr. Hasan Nazir Uddin,"['MBBS', 'FCPS']",PLASTIC SURGEON,20,Enam Medical College & Hospital,Dhaka,,,,,,,,,,,,,,,,,,,,,
4634,Prof. Dr. Mohiuddin Ahmed,"['MBBS', 'FCPS', 'BCS']",ANESTHESIOLOGIST,25,Enam Medical College & Hospital,Dhaka,,,,,,,,,,,,,,,,,,,,,
4635,Dr. S M Rafiqul Islam,"['MBBS', 'MPH', 'MD']",ANESTHESIOLOGIST,36,Enam Medical College & Hospital,Dhaka,,,,,,,,,,,,,,,,,,,,,
4636,Dr. Md. Zakir Hossain,"['MBBS', 'MD']",NEPHROLOGIST,16,Popular Diagnostic Centre Ltd. | Narayangonj,Narayanganj,,,,,,,,,,,,,,,,,,,,,
4637,Dr. Samawat Naiyer Shahid,"['MBBS', 'MD', 'CCD']",NEPHROLOGIST,17,Popular Diagnostic Centre Ltd. | Narayangonj,Narayanganj,,,,,,,,,,,,,,,,,,,,,
4638,Prof. Dr. Sk. Md. Abu Zafar,"['MBBS', 'FCPS', 'FCCP', 'FACP']",MEDICINE SPECIALIST,23,Popular Diagnostic Centre Ltd. | Narayangonj,Narayanganj,,,,,,,,,,,,,,,,,,,,,
4639,Dr. Mohammad Ariful Islam,"['MBBS', 'FCPS', 'MD']",MEDICINE SPECIALIST,18,Popular Diagnostic Centre Ltd. | Narayangonj,Narayanganj,,,,,,,,,,,,,,,,,,,,,
4640,Dr. Dilruba Alam,"['MBBS', 'FCPS', 'CCD']",MEDICINE SPECIALIST,17,Popular Diagnostic Centre Ltd. | Narayangonj,Narayanganj,,,,,,,,,,,,,,,,,,,,,
4641,Dr. A. H. M. Waliur Rahman Sumon,"['MBBS', 'BCS', 'FCPS']",MEDICINE SPECIALIST,18,Popular Diagnostic Centre Ltd. | Narayangonj,Narayanganj,,,,,,,,,,,,,,,,,,,,,
4642,Dr. Muhammad Mahbub Hossain,"['MBBS', 'BCS', 'FCPS', 'MACP']",MEDICINE SPECIALIST,17,Popular Diagnostic Centre Ltd. | Narayangonj,Narayanganj,,,,,,,,,,,,,,,,,,,,,
4643,Prof. Brig. Gen. Dr. SM Shameem Waheed,"['MBBS', 'FCPS', 'FCPS']",UROLOGIST,27,Evercare Hospital Dhaka,Dhaka,,,,,,,,,,,,,,,,,,,,,
4644,Dr. Sudip Kumar Das,"['MBBS', 'MCPS', 'MD', 'MRCP']",MEDICINE SPECIALIST,17,Popular Diagnostic Centre Ltd. | Narayangonj,Narayanganj,,,,,,,,,,,,,,,,,,,,,
4645,Dr. Alamgir Hossain,"['MBBS', 'BCS', 'FCPS', 'DEM', 'MRCP']",MEDICINE SPECIALIST,18,Popular Diagnostic Centre Ltd. | Narayangonj,Narayanganj,,,,,,,,,,,,,,,,,,,,,
4646,Dr. PK Datta Pankaj,"['MBBS', 'BCS', 'FCPS']",MEDICINE SPECIALIST,17,Popular Diagnostic Centre Ltd. | Narayangonj,Narayanganj,,,,,,,,,,,,,,,,,,,,,
4647,Dr. Krishna Pada Banik,"['MBBS', 'BCS', 'FCPS', 'CCD']",MEDICINE SPECIALIST,17,Popular Diagnostic Centre Ltd. | Narayangonj,Narayanganj,,,,,,,,,,,,,,,,,,,,,
4648,Dr. Sayed Ullah,"['MBBS', 'FCPS', 'CCD', 'D-CARD', 'MRCP']",MEDICINE SPECIALIST,17,Popular Diagnostic Centre Ltd. | Narayangonj,Narayanganj,,,,,,,,,,,,,,,,,,,,,
4649,Dr. Mohammad Shayekh Abdullah,"['MBBS', 'BCS', 'FCPS']",MEDICINE SPECIALIST,17,Popular Diagnostic Centre Ltd. | Narayangonj,Narayanganj,,,,,,,,,,,,,,,,,,,,,
4650,Dr. Quazi Shihab Uddin Ibrahim,"['MBBS', 'FCPS']",MEDICINE SPECIALIST,17,Popular Diagnostic Centre Ltd. | Narayangonj,Narayanganj,,,,,,,,,,,,,,,,,,,,,
4651,Dr. Shamsuddoha Sarkar Sanchoy,"['MBBS', 'BCS', 'FCPS', 'MACP', 'CCD']",MEDICINE SPECIALIST,17,Popular Diagnostic Centre Ltd. | Narayangonj,Narayanganj,,,,,,,,,,,,,,,,,,,,,
4652,Dr. Nafiz Khan Rousseau,"['MBBS', 'BCS', 'CCD', 'MCPS', 'MD', 'MACP']",NEUROLOGIST,18,Popular Diagnostic Centre Ltd. | Narayangonj,Narayanganj,,,,,,,,,,,,,,,,,,,,,
4653,Dr. Md. Ashraful Islam,"['MBBS', 'DA (ANEAS)']",ANESTHESIOLOGIST,27,Enam Medical College & Hospital,Dhaka,,,,,,,,,,,,,,,,,,,,,
4654,Dr. Easnem Khanum,"['MBBS', 'DA (ANEAS)']",ANESTHESIOLOGIST,24,Enam Medical College & Hospital,Dhaka,,,,,,,,,,,,,,,,,,,,,
4655,Dr. Shams Ibn-E-Maksud,"['MBBS', 'DCH']",PEDIATRICIAN,20,Popular Diagnostic Centre Ltd. | Uttara (Unit 1),Dhaka,,,,,,,,,,,,,,,,,,,,,
4656,Dr. Shamanta Faria,"['MBBS', 'M.PHIL']",RADIOLOGIST,15,Enam Medical College & Hospital,Dhaka,,,,,,,,,,,,,,,,,,,,,
4657,Dr. Abu Naser Md. Faiaz,"['MBBS', 'MD']",CRITICAL CARE MEDICINE SPECIALIST,15,BIRDEM General Hospital,Dhaka,,,,,,,,,,,,,,,,,,,,,
4658,Dr. Ashok Kumar Sarker,"['MBBS', 'FCPS', 'FACS (USA)']",GENERAL SURGEON,15,Labaid Cancer Hospital And Super Speciality Centre,Dhaka,,,,,,,,,,,,,,,,,,,,,
4659,Dr. Md. Ashraful Alam,"['MBBS', 'MD']",NEPHROLOGIST,22,Centre for Kidney Diseases & Urology Hospital,Dhaka,,,,,,,,,,,,,,,,,,,,,
4660,Asst. Prof. Dr. Muhtamim Chowdhury,"['MBBS', 'MS', 'MRCS (ENGLAND)', 'MRCSED (EDINBURG)']",NEUROSURGEON,20,Comfort Diagnostic Center (Pvt.) Ltd | Dhanmondi,Dhaka,,,,,,,,,,,,,,,,,,,,,
4661,Dr. Emily Akter,"['MBBS', 'MD']",DERMATOLOGIST,15,Farazy Hospital | Banasree,Dhaka,,,,,,,,,,,,,,,,,,,,,
4662,Dr. Sumyia Akhter,"['MBBS', 'FCPS', 'MPH']",GYNECOLOGIST & OBSTETRICIAN,20,Upasham Health Point Pvt. Ltd.,Dhaka,,,,,,,,,,,,,,,,,,,,,
4663,Dr. Md. Mazharul Huq Tanim,"['MBBS', 'DEM', 'MACP']",ENDOCRINOLOGIST,15,Islami Bank Central Hospital | Kakrail,Dhaka,,,,,,,,,,,,,,,,,,,,,
4664,Asst. Prof. Dr. Mashukur Rahman Chisty,"['MBBS', 'MS']",THORACIC SURGEON,15,Enam Medical College & Hospital,Dhaka,,,,,,,,,,,,,,,,,,,,,
4665,Dr. Dewan Md. Elias,"['MBBS', 'BCS', 'MD']",NEUROLOGIST,17,Popular Diagnostic Centre Ltd. | Narayangonj,Narayanganj,,,,,,,,,,,,,,,,,,,,,
4666,Dr. Niloy Ranjan Roy,"['MBBS', 'BCS', 'MD']",NEUROLOGIST,15,Popular Diagnostic Centre Ltd. | Narayangonj,Narayanganj,,,,,,,,,,,,,,,,,,,,,
4667,Dr. Aynal Haque Shakil,"['MBBS', 'BCS', 'MD']",NEUROLOGIST,16,Popular Diagnostic Centre Ltd. | Narayangonj,Narayanganj,,,,,,,,,,,,,,,,,,,,,
4668,Dr. Md. Rafiqul Islam,"['MBBS', 'MS']",NEUROSURGEON,17,Popular Diagnostic Centre Ltd. | Narayangonj,Narayanganj,,,,,,,,,,,,,,,,,,,,,
4669,Dr. Dibakar Sarkar,"['MBBS', 'BCS', 'MS', 'AO ADVANCED (INDONESIA)', 'AO FELLOW (BANGKOK)']",ORTHOPEDIC SURGEON,17,Popular Diagnostic Centre Ltd. | Narayangonj,Narayanganj,,,,,,,,,,,,,,,,,,,,,
4670,Dr. Md Haider Ali Shimul,"['MBBS', 'MS']",ORTHOPEDIC SURGEON,16,Popular Diagnostic Centre Ltd. | Narayangonj,Narayanganj,,,,,,,,,,,,,,,,,,,,,
4671,Dr. M. A. Malek Murad,"['MBBS', 'MS']",ORTHOPEDIC SURGEON,20,Popular Diagnostic Centre Ltd. | Narayangonj,Narayanganj,,,,,,,,,,,,,,,,,,,,,
4672,Dr. H. A. Rashid,"['MBBS', 'BCS', 'MS', 'FCPS']",ORTHOPEDIC SURGEON,18,Popular Diagnostic Centre Ltd. | Narayangonj,Narayanganj,,,,,,,,,,,,,,,,,,,,,
4673,Dr. Harun Or Rashid Khan,"['MBBS', 'D-ORTHO', 'MS']",ORTHOPEDIC SURGEON,17,Popular Diagnostic Centre Ltd. | Narayangonj,Narayanganj,,,,,,,,,,,,,,,,,,,,,
4674,Dr. Md. Shahidul Islam,"['MBBS', 'MS']",ORTHOPEDIC SURGEON,19,Popular Diagnostic Centre Ltd. | Narayangonj,Narayanganj,,,,,,,,,,,,,,,,,,,,,
4675,Dr. Md. Khaled Monsur,"['MBBS', 'D-ORTHO']",ORTHOPEDIC SURGEON,19,Popular Diagnostic Centre Ltd. | Narayangonj,Narayanganj,,,,,,,,,,,,,,,,,,,,,
4676,Dr. Md. Imamur Rashid,"['MBBS', 'FCPS']",PHYSICAL MEDICINE,18,Popular Diagnostic Centre Ltd. | Narayangonj,Narayanganj,,,,,,,,,,,,,,,,,,,,,
4677,Dr. Sajeda Islam,"['MBBS', 'BCS', 'MD']",PHYSICAL MEDICINE,18,Popular Diagnostic Centre Ltd. | Narayangonj,Narayanganj,,,,,,,,,,,,,,,,,,,,,
4678,Dr. Md. Kamruzzaman,"['MBBS', 'FCPS', 'FCPS', 'MRCS (EDIN)', 'MRCS (UK)']",PLASTIC SURGEON,20,Popular Diagnostic Centre Ltd. | Narayangonj,Narayanganj,,,,,,,,,,,,,,,,,,,,,
4679,Dr. Surajit Kumar Talukder,"['MBBS', 'FCPS']",PSYCHIATRIST,17,Popular Diagnostic Centre Ltd. | Badda,Dhaka,,,,,,,,,,,,,,,,,,,,,
4680,Dr. A. F. M. Mahbub Alam,"['MBBS', 'BCS', 'MD']",RHEUMATOLOGIST,17,Popular Diagnostic Centre Ltd. | Narayangonj,Narayanganj,,,,,,,,,,,,,,,,,,,,,
4681,Prof. Dr. Zulfiqur Hossain Khan,"['MBBS', 'DDV', 'FCPS']",DERMATOLOGIST,24,Popular Diagnostic Centre Ltd. | Narayangonj,Narayanganj,,,,,,,,,,,,,,,,,,,,,
4682,Dr. Sabbir Muhammad Shawkat,"['MBBS', 'DDV', 'FCPS']",DERMATOLOGIST,18,Popular Diagnostic Centre Ltd. | Narayangonj,Narayanganj,,,,,,,,,,,,,,,,,,,,,
4683,Dr. Md. Shafiqul Islam,"['MBBS', 'BCS', 'DDV', 'MD']",DERMATOLOGIST,19,Popular Diagnostic Centre Ltd. | Narayangonj,Narayanganj,,,,,,,,,,,,,,,,,,,,,
4684,Dr. Mohammad Muazzam Hossan,"['MBBS', 'MS']",UROLOGIST,15,BRB Hospitals Limited,Dhaka,,,,,,,,,,,,,,,,,,,,,
4685,Dr. Mohammad Saruar Alam Bijoy,"['MBBS', 'MS', 'FACS']",UROLOGIST,15,BRB Hospitals Limited,Dhaka,,,,,,,,,,,,,,,,,,,,,
4686,Prof. Dr. Md. Amanur Rasul,"['MBBS', 'MS']",UROLOGIST,25,Anwer Khan Modern Medical College Hospital,Dhaka,,,,,,,,,,,,,,,,,,,,,
4687,Dr. Shafiqur Rahman (Selim),"['MBBS', 'FCPS', 'FCPS']",UROLOGIST,15,BRB Hospitals Limited,Dhaka,,,,,,,,,,,,,,,,,,,,,
4687,Dr. Shafiqur Rahman (Selim),"['MBBS', 'FCPS', 'FCPS']",SURGEON,15,BRB Hospitals Limited,Dhaka,,,,,,,,,,,,,,,,,,,,,
4688,Dr. Romina Sharmin Shanta,"['MBBS', 'MD', ' DU)']",RADIOLOGIST,15,BRB Hospitals Limited,Dhaka,,,,,,,,,,,,,,,,,,,,,
4689,Dr. Shahjahan Chowdhury (Abdullah),"['MBBS', 'BCS', 'FCPS', 'MD']",PEDIATRIC NEUROLOGIST,15,BRB Hospitals Limited,Dhaka,,,,,,,,,,,,,,,,,,,,,
4690,Dr. Mohammad Azizur Rahman,"['MBBS', 'MS']",PEDIATRIC SURGEON,20,BRB Hospitals Limited,Dhaka,,,,,,,,,,,,,,,,,,,,,
4691,Dr. Mohammad Sana Ullah Sarker,"['MBBS', 'MD', ' NIDCH)']",PULMONOLOGIST,15,BRB Hospitals Limited,Dhaka,,,,,,,,,,,,,,,,,,,,,
4692,Dr. Ahsan Uddin Ahmed,"['MBBS', 'BCS', 'MCPS', 'FCPS']",PSYCHIATRIST,22,BRB Hospitals Limited,Dhaka,,,,,,,,,,,,,,,,,,,,,
4693,Dr. Kazi Saiful Islam Shakil,"['MBBS', 'MS', 'FELLOW IN MINIMAL INVASIVE THORACIC SURGERY (SINGAPORE)', 'TRAINED IN THORACOSCOPIC SURGERY (INDIA', ' CHINA', ' S. KOREA)']",THORACIC SURGEON,20,BRB Hospitals Limited,Dhaka,,,,,,,,,,,,,,,,,,,,,
4694,Prof. Dr. Akhil Ranzan Biswas,"['MBBS', 'FCPS']",HEMATOLOGIST,15,BRB Hospitals Limited,Dhaka,,,,,,,,,,,,,,,,,,,,,
4695,Dr. Ananta Kumar Sen,"['MBBS', 'D.ORTHO', 'MS']",ORTHOPEDIC SURGEON,20,BRB Hospitals Limited,Dhaka,,,,,,,,,,,,,,,,,,,,,
4696,Dr. A N M Harunur Rashid Uzzol,"['MBBS', 'MS']",ORTHOPEDIC SURGEON,22,BRB Hospitals Limited,Dhaka,,,,,,,,,,,,,,,,,,,,,
4697,Dr. Hasan Habibur Rahman,"['MBBS', 'FCPS']",PHYSICAL MEDICINE,15,BRB Hospitals Limited,Dhaka,,,,,,,,,,,,,,,,,,,,,
4698,Prof. Dr. Md. Mofazzel Hossain,"['MBBS', 'FCPS', 'FACP', 'FRCP', 'FRCP']",ONCOLOGIST,25,BRB Hospitals Limited,Dhaka,,,,,,,,,,,,,,,,,,,,,
4699,Dr. Azmiree Binte Aslam,"['MBBS', 'DDV', 'MCPS', 'FCPS']",DERMATOLOGIST,17,Popular Diagnostic Centre Ltd. | Narayangonj,Narayanganj,,,,,,,,,,,,,,,,,,,,,
4700,Dr. Md. Abul Kalam Azad,"['MBBS', 'MD']",DERMATOLOGIST,17,Popular Diagnostic Centre Ltd. | Narayangonj,Narayanganj,,,,,,,,,,,,,,,,,,,,,
4701,Dr. Imran Sarker,"['MBBS', 'MCPS', 'MD', 'FCPS', 'MACP', 'MAAN (USA)']",NEUROMEDICINE SPECIALIST,15,BRB Hospitals Limited,Dhaka,,,,,,,,,,,,,,,,,,,,,
4702,Dr. A. K. M. Shafiul Alam Ferdous,"['MBBS', 'MCPS', 'MS']",GENERAL SURGEON,18,Popular Diagnostic Centre Ltd. | Narayangonj,Narayanganj,,,,,,,,,,,,,,,,,,,,,
4703,Dr. Mohammad Aftab Haleem,"['MBBS', 'MD', 'MS', ' UK)']",NEUROLOGIST,15,BRB Hospitals Limited,Dhaka,,,,,,,,,,,,,,,,,,,,,
4704,Prof. Dr. Akhlaque Hossain Khan,"['MBBS', 'MS', 'RESEARCH FELLOW (JAPAN)', 'FELLOW IN SKULL BASE AND MICRO-NEUROSURGERY (MUMBAI', ' GERMANY)']",NEUROSURGEON,25,BRB Hospitals Limited,Dhaka,,,,,,,,,,,,,,,,,,,,,
4705,Dr. Md. Jahangir Hossain,"['MBBS', 'FCPS']",GENERAL SURGEON,16,Popular Diagnostic Centre Ltd. | Narayangonj,Narayanganj,,,,,,,,,,,,,,,,,,,,,
4706,Dr. Md. Mejbahul Bahar,"['MBBS', 'FCPS', 'MRCS (UK)']",GENERAL SURGEON,18,Popular Diagnostic Centre Ltd. | Narayangonj,Narayanganj,,,,,,,,,,,,,,,,,,,,,
4707,Dr. S. M. Iftekhar Uddin Sagar,"['MBBS', 'BCS', 'MCPS', 'FCPS', 'TRAINING (LAPAROSCOPIC SURGERY)']",GENERAL SURGEON,16,Popular Diagnostic Centre Ltd. | Narayangonj,Narayanganj,,,,,,,,,,,,,,,,,,,,,
4708,Dr. Md. Mahmudul Hasan Kafi,"['MBBS', 'BCS', 'FCPS']",GENERAL SURGEON,17,Popular Diagnostic Centre Ltd. | Narayangonj,Narayanganj,,,,,,,,,,,,,,,,,,,,,
4709,Dr. M. Mahfuzur Rahman Sagar,"['MBBS', 'MS']",UROLOGIST,17,Popular Diagnostic Centre Ltd. | Narayangonj,Narayanganj,,,,,,,,,,,,,,,,,,,,,
4710,Dr. Md. Aulad Hossain,"['MBBS', 'FCPS', 'MS']",UROLOGIST,18,Popular Diagnostic Centre Ltd. | Narayangonj,Narayanganj,,,,,,,,,,,,,,,,,,,,,
4711,Dr. A. S. M. Feroz Mustafa Manna,"['MBBS', 'BCS', 'FCPS', 'MS']",UROLOGIST,16,Popular Diagnostic Centre Ltd. | Narayangonj,Narayanganj,,,,,,,,,,,,,,,,,,,,,
4712,Dr. Md. Shah Alam,"['MBBS', 'BCS', 'MS']",UROLOGIST,18,Popular Diagnostic Centre Ltd. | Narayangonj,Narayanganj,,,,,,,,,,,,,,,,,,,,,
4713,Dr. Fazle Mahmud,"['MBBS', 'MS']",NEUROSURGEON,20,BRB Hospitals Limited,Dhaka,,,,,,,,,,,,,,,,,,,,,
4714,Prof. Dr. Md. Shafiqul Islam,"['MBBS', 'MS', 'PHD']",NEUROSURGEON,20,BRB Hospitals Limited,Dhaka,,,,,,,,,,,,,,,,,,,,,
4715,Dr. Muhammad Abdul Hamid,"['MBBS', 'MRCP']",NEPHROLOGIST,15,BRB Hospitals Limited,Dhaka,,,,,,,,,,,,,,,,,,,,,
4716,Prof. Dr. Md. Nizamuddin Chowdhury,"['MBBS', 'MD', 'MCPS', 'FISN (CA)', 'FASN (USA)', 'FRCP']",NEPHROLOGIST,25,BRB Hospitals Limited,Dhaka,,,,,,,,,,,,,,,,,,,,,
4717,Asso. Prof. Dr. Farjana Ahmed,"['MBBS', 'FCPS', 'FCPS', 'FRCP']",PEDIATRICIAN & NEONATOLOGIST,22,BRB Hospitals Limited,Dhaka,,,,,,,,,,,,,,,,,,,,,
4718,Dr. Ayesha Hasina,"['MBBS', 'MD', 'FCPS', 'MCPS']",NEONATOLOGIST,15,BRB Hospitals Limited,Dhaka,,,,,,,,,,,,,,,,,,,,,
4719,Dr. Nazmun Nahar,"['MBBS', 'MD']",NEONATOLOGIST,15,BRB Hospitals Limited,Dhaka,,,,,,,,,,,,,,,,,,,,,
4720,Dr. Mahmud Mohammad Sarder,"['MBBS', 'FCPS', 'MRCS']",HEPATOLOGIST,9,BRB Hospitals Limited,Dhaka,,,,,,,,,,,,,,,,,,,,,
4720,Dr. Mahmud Mohammad Sarder,"['MBBS', 'FCPS', 'MRCS']",SURGEON,9,BRB Hospitals Limited,Dhaka,,,,,,,,,,,,,,,,,,,,,
4721,Dr. Mirza Shamsul Arefin,"['MBBS', 'FCPS']",HEPATOLOGIST,13,BRB Hospitals Limited,Dhaka,,,,,,,,,,,,,,,,,,,,,
4721,Dr. Mirza Shamsul Arefin,"['MBBS', 'FCPS']",SURGEON,13,BRB Hospitals Limited,Dhaka,,,,,,,,,,,,,,,,,,,,,
4722,Dr. H. A. Nazmul Hakim (Shaheen),"['MBBS', 'FCPS']",HEPATOLOGIST,20,BRB Hospitals Limited,Dhaka,,,,,,,,,,,,,,,,,,,,,
4722,Dr. H. A. Nazmul Hakim (Shaheen),"['MBBS', 'FCPS']",SURGEON,20,BRB Hospitals Limited,Dhaka,,,,,,,,,,,,,,,,,,,,,
4723,Prof. Dr. Gulshan Ara,"['MBBS', 'FCPS', 'DM', 'FMAS', 'FART (INDIA)']",GYNECOLOGIST & OBSTETRICIAN,25,BRB Hospitals Limited,Dhaka,,,,,,,,,,,,,,,,,,,,,
4724,Dr. Raunak Jahan,"['MBBS', 'BCS', 'FCPS', 'FELLOWSHIP TRAINING (FETOMATERNAL MEDICINE)']",GYNECOLOGIST & OBSTETRICIAN,15,BRB Hospitals Limited,Dhaka,,,,,,,,,,,,,,,,,,,,,
4725,Dr. Farhana Tarannum Khan,"['MBBS', 'FCPS', 'MS']",GYNECOLOGIST & OBSTETRICIAN,20,BRB Hospitals Limited,Dhaka,,,,,,,,,,,,,,,,,,,,,
4726,Dr. Zannat Ara Begum,"['MBBS', 'DGO', 'MCPS', 'FCPS']",GYNECOLOGIST & OBSTETRICIAN,15,BRB Hospitals Limited,Dhaka,,,,,,,,,,,,,,,,,,,,,
4727,Dr. Rahat Afza Chowdhury,"['MBBS', 'FCPS']",GYNECOLOGISTS,15,BRB Hospitals Limited,Dhaka,,,,,,,,,,,,,,,,,,,,,
4728,Assoc. Prof. Dr. Sumaiya Bari Sumi,"['MBBS', 'FCPS']",GYNECOLOGIST & OBSTETRICIAN,15,BRB Hospitals Limited,Dhaka,,,,,,,,,,,,,,,,,,,,,
4728,Assoc. Prof. Dr. Sumaiya Bari Sumi,"['MBBS', 'FCPS']",INFERTILITY SPECIALIST,15,BRB Hospitals Limited,Dhaka,,,,,,,,,,,,,,,,,,,,,
4729,Prof. Dr. Md. Jamshed Alam Khan,"['MBBS', 'MCPS', 'MD']",HEPATOLOGIST,25,BRB Hospitals Limited,Dhaka,,,,,,,,,,,,,,,,,,,,,
4730,Dr. Md. Mahabubul Alam (Prince),"['MBBS', 'MD']",HEPATOLOGIST,15,BRB Hospitals Limited,Dhaka,,,,,,,,,,,,,,,,,,,,,
4730,Dr. Md. Mahabubul Alam (Prince),"['MBBS', 'MD']",GASTROENTEROLOGIST,15,BRB Hospitals Limited,Dhaka,,,,,,,,,,,,,,,,,,,,,
4731,Dr. Shaikh Abdullah al Mamun,"['MBBS', 'MPH', 'MD']",GASTROENTEROLOGIST,25,BRB Hospitals Limited,Dhaka,,,,,,,,,,,,,,,,,,,,,
4732,Assos. Prof. Dr. Md. Shahriar Arafat Shourav,"['MBBS', 'BCS', 'MCPS', 'FCPS', 'MS']",OTOLARYNGOLOGISTS (ENT),15,BRB Hospitals Limited,Dhaka,,,,,,,,,,,,,,,,,,,,,
4733,Dr. Tahseen Mahmood,"['MBBS', 'MD', ' BSMMU)']",ENDOCRINOLOGIST,15,BRB Hospitals Limited,Dhaka,,,,,,,,,,,,,,,,,,,,,
4734,Dr. Nadia Zannat,"['MBBS', 'DEM', 'CCD', 'DM']",ENDOCRINOLOGIST,15,BRB Hospitals Limited,Dhaka,,,,,,,,,,,,,,,,,,,,,
4735,Dr. Md. Shameem Al Mamun,['MBBS'],ENDOCRINOLOGIST,15,BRB Hospitals Limited,Dhaka,,,,,,,,,,,,,,,,,,,,,
4736,Dr. Mohammad Atiqur Rahman,"['MBBS', 'BCS', 'MD']",ENDOCRINOLOGIST,15,BRB Hospitals Limited,Dhaka,,,,,,,,,,,,,,,,,,,,,
4737,Dr. Farhana Qayum,"['MBBS', 'MCPS', 'FCPS']",DERMATOLOGIST,15,BRB Hospitals Limited,Dhaka,,,,,,,,,,,,,,,,,,,,,
4738,Dr. Nashid Tabassum Trina,"['DDS (CONSERVATIVE & ENDODONTICS)', 'MPH', 'PGT', 'BDS']",DENTIST,15,BRB Hospitals Limited,Dhaka,,,,,,,,,,,,,,,,,,,,,
4739,Dr. Tariq Akhter Khan,"['MBBS', 'FCPS', 'MS']",COLORECTAL SURGEON,20,BRB Hospitals Limited,Dhaka,,,,,,,,,,,,,,,,,,,,,
4740,Dr. Muhammad Mahmudul Hoque (Ripon),"['MBBS', 'MS', ' BSMMU)']",CARDIOTHORACIC AND VASCULAR SURGEON,15,BRB Hospitals Limited,Dhaka,,,,,,,,,,,,,,,,,,,,,
4741,Dr. Mohammad Arifur Rahman,"['MBBS', 'BCS', 'MD']",INTERVENTIONAL CARDIOLOGIST,15,BRB Hospitals Limited,Dhaka,,,,,,,,,,,,,,,,,,,,,
4742,Dr. Shekhar Kumar Mondal,"['MBBS', 'BCS', 'MD', 'MACP']",CARDIOLOGIST,15,BRB Hospitals Limited,Dhaka,,,,,,,,,,,,,,,,,,,,,
4743,Dr. Md Shamimur Pervez,"['MBBS', 'D-CARD', 'FCPS']",CARDIOLOGIST,15,BRB Hospitals Limited,Dhaka,,,,,,,,,,,,,,,,,,,,,
4744,Dr. Farzana Zulfia Khan,"['MBBS', 'D-CARD']",CARDIOLOGIST,15,BRB Hospitals Limited,Dhaka,,,,,,,,,,,,,,,,,,,,,
4745,Dr. P C Dash,"['MBBS', 'FCPS']",PLASTIC SURGEON,15,BRB Hospitals Limited,Dhaka,,,,,,,,,,,,,,,,,,,,,
4746,Dr. Mohammad Rashedul Islam,"['MBBS', 'FCPS', 'MS']",PLASTIC SURGEON,15,BRB Hospitals Limited,Dhaka,,,,,,,,,,,,,,,,,,,,,
4747,Dr. Chanchal Kumar Debnath,"['MBBS', 'DA', 'FCPS']",ANESTHESIOLOGIST,15,BRB Hospitals Limited,Dhaka,,,,,,,,,,,,,,,,,,,,,
4748,Dr. Mahboob Mustafa Zaman,"['MBBS', 'FCPS', 'MRCP']",INTERNAL MEDICINE,15,BRB Hospitals Limited,Dhaka,,,,,,,,,,,,,,,,,,,,,
4749,Prof. Dr. M. A. Basher,"['MBBS', 'D-CARD', 'MCPS', 'FCPS', 'FACC (USA)', 'FRCP']",INTERNAL MEDICINE SPECIALIST,25,BRB Hospitals Limited,Dhaka,,,,,,,,,,,,,,,,,,,,,
4750,Dr. Kashefa Khatun,"['MBBS', 'MS', 'FELLOWSHIP TRAINING (GYNAE ONCOLOGY)']",GYNECOLOGIST & OBSTETRICIAN,19,Dhaka Central International Medical College Hospital,Dhaka,,,,,,,,,,,,,,,,,,,,,
4751,Dr. Ayesa Perveen Tripty,"['MBBS', 'FCPS']",GYNECOLOGIST & OBSTETRICIAN,22,Dhaka Central International Medical College Hospital,Dhaka,,,,,,,,,,,,,,,,,,,,,
4752,Dr. Alpana Adhikary,"['MBBS', 'FCPS']",GYNECOLOGIST & OBSTETRICIAN,17,Dhaka Central International Medical College Hospital,Dhaka,,,,,,,,,,,,,,,,,,,,,
4753,Dr. Nasima Akther,"['MBBS', 'DGO', 'FCPS']",GYNECOLOGIST & OBSTETRICIAN,15,Dhaka Central International Medical College Hospital,Dhaka,,,,,,,,,,,,,,,,,,,,,
4754,Prof. Dr. Fatema Begum,"['MBBS', 'DGO', 'MCPS', 'FCPS']",GYNECOLOGIST & OBSTETRICIAN,24,Popular Diagnostic Centre Ltd. | Dhanmondi,Dhaka,,,,,,,,,,,,,,,,,,,,,
4755,Dr. Asia Khatun,"['MBBS', 'MCPS']",GYNECOLOGIST & OBSTETRICIAN,26,Dhaka Central International Medical College Hospital,Dhaka,,,,,,,,,,,,,,,,,,,,,
4756,Dr. Jinnat Ara Islam,"['MBBS', 'DGO', 'FCPS']",GYNECOLOGIST & OBSTETRICIAN,18,Dhaka Central International Medical College Hospital,Dhaka,,,,,,,,,,,,,,,,,,,,,
4757,Prof. Dr. Shirin Akhter,"['MBBS', 'FCPS']",GYNECOLOGIST & OBSTETRICIAN,23,Dhaka Central International Medical College Hospital,Dhaka,,,,,,,,,,,,,,,,,,,,,
4758,Dr. Zinat Nasrin,"['MBBS', 'MD']",RADIOLOGIST,17,Dhaka Central International Medical College Hospital,Dhaka,,,,,,,,,,,,,,,,,,,,,
4759,Dr. Afroza Pervin Rumpa,"['MBBS', 'FCPS']",RADIOLOGIST,17,Dhaka Central International Medical College Hospital,Dhaka,,,,,,,,,,,,,,,,,,,,,
4760,Dr. Farhana Shimu,"['MBBS', 'MD']",RADIOLOGIST,19,Dhaka Central International Medical College Hospital,Dhaka,,,,,,,,,,,,,,,,,,,,,
4761,Dr. Md. Tariqul Islam,"['MBBS', 'FCPS', 'MD']",RADIOLOGIST,20,Dhaka Central International Medical College Hospital,Dhaka,,,,,,,,,,,,,,,,,,,,,
4762,Dr. Asif Ahmed Kabir,"['MBBS', 'MS']",ORTHOPEDIST,19,Dhaka Central International Medical College Hospital,Dhaka,,,,,,,,,,,,,,,,,,,,,
4763,Prof. Dr. M. R. Karim Reza,"['MBBS', 'BCS', 'MS', 'FACS (USA)']",ORTHOPEDIST,21,Popular Diagnostic Centre Ltd. | Shyamoli,Dhaka,,,,,,,,,,,,,,,,,,,,,
4764,Dr. Faruque Quasem,"['MBBS', 'MS']",ORTHOPEDIST,18,Dhaka Central International Medical College Hospital,Dhaka,,,,,,,,,,,,,,,,,,,,,
4765,Dr. Salahuddin Firoz,"['MBBS', 'MD']",NEPHROLOGIST,16,BRB Hospitals Limited,Dhaka,,,,,,,,,,,,,,,,,,,,,
4766,Dr. Ubanue Marma,"['MBBS', 'DCH']",PEDIATRICIAN,17,Dhaka Central International Medical College Hospital,Dhaka,,,,,,,,,,,,,,,,,,,,,
4767,Dr. Shayla Imam Kanta,"['MBBS', 'MCPS', 'MD']",PEDIATRICIAN,17,Dhaka Central International Medical College Hospital,Dhaka,,,,,,,,,,,,,,,,,,,,,
4768,Prof. Dr. Abu Tayab,"['MBBS', 'MD']",PEDIATRICIAN,20,Alliance Hospital Ltd.,Dhaka,,,,,,,,,,,,,,,,,,,,,
4769,Dr. Rashed Jahangir Kabir,"['MBBS', 'MD', 'MD']",PEDIATRICIAN,19,Dhaka Central International Medical College Hospital,Dhaka,,,,,,,,,,,,,,,,,,,,,
4770,Prof. Dr. S. M. Amjad Hossain,"['MBBS', 'FCPS']",GENERAL SURGEON,25,Dhaka Central International Medical College Hospital,Dhaka,,,,,,,,,,,,,,,,,,,,,
4771,Prof. Dr. Anwarul Islam,"['MBBS', 'FCPS']",GENERAL SURGEON,25,Dhaka Central International Medical College Hospital,Dhaka,,,,,,,,,,,,,,,,,,,,,
4772,Prof. Dr. Gobinda Chandra Das,"['MBBS', 'DCH', 'MCPS']",IMMUNOLOGIST,30,The Allergy & Asthma Center,Dhaka,,,,,,,,,,,,,,,,,,,,,
4772,Prof. Dr. Gobinda Chandra Das,"['MBBS', 'DCH', 'MCPS']",ALLERGY SKIN-VD,30,The Allergy & Asthma Center,Dhaka,,,,,,,,,,,,,,,,,,,,,
4773,Dr. Farzana Rahman,"['MBBS', 'FCPS']",HEMATOLOGIST,17,Dhaka Central International Medical College Hospital,Dhaka,,,,,,,,,,,,,,,,,,,,,
4774,Dr. Md . Shafiqul Islam,"['MBBS', 'CCD', 'MCPS', 'DLO']",OTOLARYNGOLOGISTS (ENT),17,Dhaka Central International Medical College Hospital,Dhaka,,,,,,,,,,,,,,,,,,,,,
4775,Dr. Syed Ali Ahasan Asif,"['MBBS', 'FCPS']",OTOLARYNGOLOGISTS (ENT),17,Dhaka Central International Medical College Hospital,Dhaka,,,,,,,,,,,,,,,,,,,,,
4776,Dr. Ali Imam Ahsan,"['MBBS', 'FCPS']",OTOLARYNGOLOGISTS (ENT),18,Popular Diagnostic Centre Ltd. | Shyamoli,Dhaka,,,,,,,,,,,,,,,,,,,,,
4777,Dr. Raju Barua,"['MBBS', 'FCPS']",OTOLARYNGOLOGISTS (ENT),17,Dhaka Central International Medical College Hospital,Dhaka,,,,,,,,,,,,,,,,,,,,,
4778,Prof. Dr. Md. Shahadat Hossain,"['MBBS', 'DDV', 'FCPS', 'FRCP']",DERMATOLOGIST,25,Dhaka Central International Medical College Hospital,Dhaka,,,,,,,,,,,,,,,,,,,,,
4779,Prof. Dr. Shahidullah,"['MBBS', 'DDV', 'DD (THAILAND)']",DERMATOLOGIST,26,Dhaka Central International Medical College Hospital,Dhaka,,,,,,,,,,,,,,,,,,,,,
4780,Dr. Arefin Khan,"['MBBS', 'DTCD', 'BCS', 'FCCP']",RESPIRATORY SPECIALIST,18,Dhaka Central International Medical College Hospital,Dhaka,,,,,,,,,,,,,,,,,,,,,
4780,Dr. Arefin Khan,"['MBBS', 'DTCD', 'BCS', 'FCCP']",CHEST SPECIALIST,18,Dhaka Central International Medical College Hospital,Dhaka,,,,,,,,,,,,,,,,,,,,,
4781,Prof. M. A. Qayuum,"['MBBS', 'MD', 'FCCP']",CHEST SPECIALIST,25,Dhaka Central International Medical College Hospital,Dhaka,,,,,,,,,,,,,,,,,,,,,
4782,Md. S. M. Abir Hossain,"['BSPT', 'MPH']",PHYSIOTHERAPIST,7,Dhaka Central International Medical College Hospital,Dhaka,,,,,,,,,,,,,,,,,,,,,
4783,Prof. Dr. M. Safiul Alam,"['MBBS', 'DM']",ONCOLOGIST,24,Dhaka Central International Medical College Hospital,Dhaka,,,,,,,,,,,,,,,,,,,,,
4784,Dr. Mokhlesur Rahman Mukul,"['MBBS', 'FCPS', 'MS']",NEUROSURGEON,18,Popular Diagnostic Centre Ltd. | Dhanmondi,Dhaka,,,,,,,,,,,,,,,,,,,,,
4785,Dr. Md. Arif Reza,"['MBBS', 'BCS', 'MS']",NEUROSURGEON,18,Dhaka Central International Medical College Hospital,Dhaka,,,,,,,,,,,,,,,,,,,,,
4786,Dr. Fouzia Nahid,"['MBBS', 'FCPS']",NEONATOLOGIST,20,Dhaka Central International Medical College Hospital,Dhaka,,,,,,,,,,,,,,,,,,,,,
4787,Dr. Yasmin Aktar,"['MBBS', 'MD']",ENDOCRINOLOGIST,14,Dhaka Central International Medical College Hospital,Dhaka,,,,,,,,,,,,,,,,,,,,,
4788,Assoc. Prof. Dr. Ahmed Salam Mir,"['MBBS', 'MD']",ENDOCRINOLOGIST,20,Alliance Hospital Ltd.,Dhaka,,,,,,,,,,,,,,,,,,,,,
4789,Prof. Dr. Shohrab Hossain Shourav,"['MBBS', 'MS']",UROLOGIST,24,Dhaka Central International Medical College Hospital,Dhaka,,,,,,,,,,,,,,,,,,,,,
4790,Assoc. Prof. Dr. Farida Khatun Chhobi,"['MBBS', 'FCPS']",PHYSICAL MEDICINE,17,Popular Diagnostic Centre Ltd. | Shyamoli,Dhaka,,,,,,,,,,,,,,,,,,,,,
4791,Prof. Dr. Amanullah,"['MBBS', 'MS']",OPHTHALMOLOGIST,25,Dhaka Central International Medical College Hospital,Dhaka,,,,,,,,,,,,,,,,,,,,,
4792,Prof. Dr. Meherunnesa,"['MBBS', 'FCPS']",MEDICINE SPECIALIST,18,Popular Diagnostic Centre Ltd. | Shyamoli,Dhaka,,,,,,,,,,,,,,,,,,,,,
4793,Dr. Mohammad Ali,"['MBBS', 'FCPS', 'D-CARD']",MEDICINE SPECIALIST,18,Dhaka Central International Medical College Hospital,Dhaka,,,,,,,,,,,,,,,,,,,,,
4794,Dr. Md. Shoeb Nomany,"['MBBS', 'FCPS', 'MD']",MEDICINE SPECIALIST,18,Dhaka Central International Medical College Hospital,Dhaka,,,,,,,,,,,,,,,,,,,,,
4795,Prof. Dr. Bidhu Bhushan Das,"['MBBS', 'MD']",MEDICINE SPECIALIST,25,Dhaka Central International Medical College Hospital,Dhaka,,,,,,,,,,,,,,,,,,,,,
4796,Dr. A. M. Abdullah Al Yeusuf,"['MBBS', 'MD']",GASTROENTEROLOGIST,20,Dhaka Central International Medical College Hospital,Dhaka,,,,,,,,,,,,,,,,,,,,,
4796,Dr. A. M. Abdullah Al Yeusuf,"['MBBS', 'MD']",HEPATOLOGIST,20,Dhaka Central International Medical College Hospital,Dhaka,,,,,,,,,,,,,,,,,,,,,
4797,Dr. Mahfuzul Islam,"['BDS', 'IMPLANTOLOGIST']",DENTIST,14,Dhaka Central International Medical College Hospital,Dhaka,,,,,,,,,,,,,,,,,,,,,
4798,Dr. Tanvir Al Asban,"['BDS', 'MS']",DENTIST,16,Dhaka Central International Medical College Hospital,Dhaka,,,,,,,,,,,,,,,,,,,,,
4799,Dr. Monowarul Alam,"['MBBS', 'FCPS']",CRITICAL CARE MEDICINE SPECIALIST,15,Dhaka Central International Medical College Hospital,Dhaka,,,,,,,,,,,,,,,,,,,,,
4800,Dr. Rafat Latif,"['MBBS', 'DTCD']",CRITICAL CARE SPECIALIST,15,Dhaka Central International Medical College Hospital,Dhaka,,,,,,,,,,,,,,,,,,,,,
4801,Dr. Muhammad Amanullah,"['MBBS', 'DA']",ANESTHESIOLOGIST,15,Dhaka Central International Medical College Hospital,Dhaka,,,,,,,,,,,,,,,,,,,,,
4802,Dr. Kamol Krishna Karmakar,"['MBBS', 'DA', 'FCPS']",ANESTHESIOLOGIST,15,Dhaka Central International Medical College Hospital,Dhaka,,,,,,,,,,,,,,,,,,,,,
4803,Dr. Mohammad Emrul Hasan Khan,"['MBBS', 'FCPS', 'MS']",LAPAROSCOPIC SURGEON,15,Bangladesh Specialized Hospital,Dhaka,,,,,,,,,,,,,,,,,,,,,
4804,Prof. Dr. Dewan Abdur Rahim,"['MBBS', 'BCS', 'MCPS', 'DPM', 'PHD']",PSYCHIATRIST,23,BRB Hospitals Limited,Dhaka,,,,,,,,,,,,,,,,,,,,,
4805,Dr. Tawhid Ul-Islam,"['MBBS', 'MS']",UROLOGIST,15,BRB Hospitals Limited,Dhaka,,,,,,,,,,,,,,,,,,,,,
4806,Prof. Dr. Akram Hossain,"['MBBS', 'FCPS', 'FRCS']",GENERAL SURGEON,22,BRB Hospitals Limited,Dhaka,,,,,,,,,,,,,,,,,,,,,
4807,Prof. Dr. S. M. Mahbub Alam,"['MBBS', 'FCPS', 'MS']",UROLOGIST,24,Islami Bank Central Hospital | Kakrail,Dhaka,,,,,,,,,,,,,,,,,,,,,
4808,Prof. Dr. Rowshne Jahan,"['MBBS', 'MD', 'DTCD', 'FCCP']",CHEST SPECIALIST,25,Evercare Hospital Dhaka,Dhaka,,,,,,,,,,,,,,,,,,,,,
4809,Dr. Abu Jafar Mohammed Saleh,"['MBBS', 'FCPS']",HEMATOLOGIST,26,Evercare Hospital Dhaka,Dhaka,,,,,,,,,,,,,,,,,,,,,
4810,Dr. Fahmida Zabeen,"['MBBS', 'MD']",PEDIATRICIAN,17,Evercare Hospital Dhaka,Dhaka,,,,,,,,,,,,,,,,,,,,,
4811,Dr. Lutful Aziz,"['MBBS', 'FCPS', 'PHD']",ANESTHESIOLOGIST,20,Evercare Hospital Dhaka,Dhaka,,,,,,,,,,,,,,,,,,,,,
4812,Dr. Md. Azharul Islam,"['MBBS', 'FCPS']",ANESTHESIOLOGIST,20,Evercare Hospital Dhaka,Dhaka,,,,,,,,,,,,,,,,,,,,,
4813,Dr. Hasina Akhter,"['MBBS', 'FCPS']",ANESTHESIOLOGIST,20,Evercare Hospital Dhaka,Dhaka,,,,,,,,,,,,,,,,,,,,,
4814,Dr. Shyama Prosad Mitra,"['MBBS', 'DA', 'FCPS']",ANESTHESIOLOGIST,20,Evercare Hospital Dhaka,Dhaka,,,,,,,,,,,,,,,,,,,,,
4815,Dr. Abu Naser Muhammad Badruddoza,"['MBBS', 'FCPS']",ANESTHESIOLOGIST,20,Evercare Hospital Dhaka,Dhaka,,,,,,,,,,,,,,,,,,,,,
4816,Dr. Moinul Hoque Chowdhury,"['MBBS', 'FCPS']",ANESTHESIOLOGIST,22,Evercare Hospital Dhaka,Dhaka,,,,,,,,,,,,,,,,,,,,,
4817,Dr. Shams Munwar,"['MBBS', 'MRCP', 'D-CARD']",CARDIOLOGIST,21,Evercare Hospital Dhaka,Dhaka,,,,,,,,,,,,,,,,,,,,,
4818,Prof. Dr. Md. Shahabuddin Talukder,"['MBBS', 'D-CARD', 'FCPS']",CARDIOLOGIST,26,Evercare Hospital Dhaka,Dhaka,,,,,,,,,,,,,,,,,,,,,
4819,Prof. Dr. Tamzeed Ahmed,"['MBBS', 'MRCP', 'FRCP', 'FACC', 'FSCAI']",CARDIOLOGIST,25,Evercare Hospital Dhaka,Dhaka,,,,,,,,,,,,,,,,,,,,,
4820,Dr. Syed Ariful Islam,"['MBBS', 'DA', 'FCPS']",ANESTHESIOLOGIST,20,Bangladesh Specialized Hospital,Dhaka,,,,,,,,,,,,,,,,,,,,,
4821,Prof. Dr. A. H. M. Waliul Islam,"['MBBS', 'PHD', 'FRCP']",CARDIOLOGIST,25,Evercare Hospital Dhaka,Dhaka,,,,,,,,,,,,,,,,,,,,,
4822,Dr. Md. Shamsul Alam,"['MBBS', 'DA']",ANESTHESIOLOGIST,20,Bangladesh Specialized Hospital,Dhaka,,,,,,,,,,,,,,,,,,,,,
4823,Dr. Kazi Atiqur Rahman,"['MBBS', 'MD', 'MRCP']",CARDIOLOGIST,20,Evercare Hospital Dhaka,Dhaka,,,,,,,,,,,,,,,,,,,,,
4824,Dr. M. M. Shahidur Rahman,"['MBBS', 'FCPS', 'MCPS', 'DA']",ANESTHESIOLOGIST,15,Bangladesh Specialized Hospital,Dhaka,,,,,,,,,,,,,,,,,,,,,
4825,Dr. Md. Iqbal,"['MBBS', 'MCPS', 'DA (DU)']",ANESTHESIOLOGIST,25,Bangladesh Specialized Hospital,Dhaka,,,,,,,,,,,,,,,,,,,,,
4826,Prof. Dr. Kamal Ibrahim,"['MBBS', 'FCPS', 'FICS (USA)']",ANESTHESIOLOGIST,25,Bangladesh Specialized Hospital,Dhaka,,,,,,,,,,,,,,,,,,,,,
4827,Prof. Dr. A K M Faizul Hoque,"['MBBS', 'FCPS']",PAIN MANAGEMENT SPECIALIST,25,Popular Diagnostic Centre Ltd. | JatraBari,Dhaka,,,,,,,,,,,,,,,,,,,,,
4828,Dr. Mezbahur Rahman Sony,"['MBBS', 'MS']",VASCULAR SURGEON,15,Popular Diagnostic Centre Ltd. | JatraBari,Dhaka,,,,,,,,,,,,,,,,,,,,,
4829,Prof. Dr. G. M. Faruk,"['MBBS', 'D. OPTH', 'MS']",OPHTHALMOLOGIST,25,Popular Diagnostic Centre Ltd. | JatraBari,Dhaka,,,,,,,,,,,,,,,,,,,,,
4830,Dr. Md. Atikul Islam,"['MBBS', 'BCS', 'MD', 'MRCP', 'MACG']",HEPATOLOGIST,15,Popular Diagnostic Centre Ltd. | JatraBari,Dhaka,,,,,,,,,,,,,,,,,,,,,
4831,Asst. Prof. Dr. Mahamudul Hasan Kafi,"['MBBS', 'FCPS', 'BCS']",LAPAROSCOPIC SURGEON,20,Popular Diagnostic Centre Ltd. | JatraBari,Dhaka,,,,,,,,,,,,,,,,,,,,,
4831,Asst. Prof. Dr. Mahamudul Hasan Kafi,"['MBBS', 'FCPS', 'BCS']",COLORECTAL SURGEON,20,Popular Diagnostic Centre Ltd. | JatraBari,Dhaka,,,,,,,,,,,,,,,,,,,,,
4832,Dr. Md. Zulfiqur Haider,"['MBBS', 'MS']",CARDIOTHORACIC AND VASCULAR SURGEON,23,Evercare Hospital Dhaka,Dhaka,,,,,,,,,,,,,,,,,,,,,
4833,Dr. Sohail Ahmed,"['MBBS', 'MCPS', 'MS']",VASCULAR SURGEON,22,Evercare Hospital Dhaka,Dhaka,,,,,,,,,,,,,,,,,,,,,
4834,Prof. Dr. Kazi Hasinur Rahman,"['BDS', 'MS']",DENTIST,21,Evercare Hospital Dhaka,Dhaka,,,,,,,,,,,,,,,,,,,,,
4835,Prof. Dr. Motiur Rahman Molla,"['BDS', 'FCPS', 'PHD', 'FDS', 'RCPS (GLASGOW', ' UK)']",DENTIST,28,Evercare Hospital Dhaka,Dhaka,,,,,,,,,,,,,,,,,,,,,
4836,Asst. Prof. Dr. Humaira Naznin,"['MBBS', 'FCPS', 'IHTC FELLOWSHIP IN MALAYSIA']",HEMATOLOGIST,20,Popular Diagnostic Centre Ltd. | JatraBari,Dhaka,,,,,,,,,,,,,,,,,,,,,
4837,Prof. (Brig. Gen) Dr. Golam Mohiuddin Chowdhury,"['BDS', 'PGC', 'FCPS']",DENTIST,23,Evercare Hospital Dhaka,Dhaka,,,,,,,,,,,,,,,,,,,,,
4838,Dr. Fahmida Ferdousi,"['BDS', 'MS']",DENTIST,19,Evercare Hospital Dhaka,Dhaka,,,,,,,,,,,,,,,,,,,,,
4839,Dr. Md. Golam Rubby,"['BDS', 'FCPS']",DENTIST,18,Evercare Hospital Dhaka,Dhaka,,,,,,,,,,,,,,,,,,,,,
4840,Dr. Rubaiya Ali,"['MBBS', 'DDV', 'FCPS']",DERMATOLOGIST,20,Evercare Hospital Dhaka,Dhaka,,,,,,,,,,,,,,,,,,,,,
4841,Prof. Lt. Col. Dr. Q. M. Mahabub Ullah,"['MBBS', 'DDV', 'MCPS', 'MD', 'PGT', 'FRCP', 'MACP']",DERMATOLOGIST,27,Evercare Hospital Dhaka,Dhaka,,,,,,,,,,,,,,,,,,,,,
4842,Assoc. Prof. Dr. Ajay Abrol,"['MBBS', 'MS', 'MCH (PLASTIC SURGERY)']",PLASTIC SURGEON,25,Evercare Hospital Dhaka,Dhaka,,,,,,,,,,,,,,,,,,,,,
4843,Dr. Md Humayun Kabir,"['MBBS', 'BCS', 'DEM', 'FCPS']",ENDOCRINOLOGIST,15,Popular Diagnostic Centre Ltd. | JatraBari,Dhaka,,,,,,,,,,,,,,,,,,,,,
4844,Dr. Kamruzzaman Bhuiya Kamrul,"['MBBS', 'MD', 'PGT']",PHYSICAL MEDICINE,15,Popular Diagnostic Centre Ltd. | JatraBari,Dhaka,,,,,,,,,,,,,,,,,,,,,
4845,Dr. Hafizul islam,"['MBBS', 'MD']",ONCOLOGIST,15,Popular Diagnostic Centre Ltd. | JatraBari,Dhaka,,,,,,,,,,,,,,,,,,,,,
4846,Prof. Dr. Sahidul Islam Khondokar,"['MBBS', 'MPH', 'MPH', ' BSMMU)', 'FCPS']",PSYCHIATRIST,25,Popular Diagnostic Centre Ltd. | JatraBari,Dhaka,,,,,,,,,,,,,,,,,,,,,
4847,Asst. Prof. Dr. Fariduzzaman,"['MBBS', 'BCS', 'MD']",PSYCHIATRIST,20,Popular Diagnostic Centre Ltd. | JatraBari,Dhaka,,,,,,,,,,,,,,,,,,,,,
4848,Dr. Fahmida Sultana (Rozy),"['MBBS', 'FCPS']",GENERAL SURGEON,15,Popular Diagnostic Centre Ltd. | JatraBari,Dhaka,,,,,,,,,,,,,,,,,,,,,
4849,Asst. Prof. Dr. Manik Chandra Mondol,"['MBBS', 'MD']",NEPHROLOGIST,20,Popular Diagnostic Centre Ltd. | JatraBari,Dhaka,,,,,,,,,,,,,,,,,,,,,
4850,Asso. Prof. Dr. Dilip Kumar Debnath,"['MBBS', 'MD']",NEPHROLOGIST,22,Popular Diagnostic Centre Ltd. | JatraBari,Dhaka,,,,,,,,,,,,,,,,,,,,,
4851,Dr. Md. Moinul Islam Murad,"['MBBS', 'BCS', 'MS']",NEUROSURGEON,15,Popular Diagnostic Centre Ltd. | JatraBari,Dhaka,,,,,,,,,,,,,,,,,,,,,
4852,Dr. Sheikh Mahmud Hasan,"['MBBS', 'BCS', 'MS', 'TRAINED IN MICROSURGERY']",NEUROSURGEON,15,Popular Diagnostic Centre Ltd. | JatraBari,Dhaka,,,,,,,,,,,,,,,,,,,,,
4853,Dr. Ahsanul Haq Amin,"['MBBS', 'MD', 'FACE (USA)']",ENDOCRINOLOGIST,23,Evercare Hospital Dhaka,Dhaka,,,,,,,,,,,,,,,,,,,,,
4854,Dr. Nazmul Islam,"['MBBS', 'DIPLOMA IN INTERNAL MEDICINE (UK)', 'MRCP']",ENDOCRINOLOGIST,22,Evercare Hospital Dhaka,Dhaka,,,,,,,,,,,,,,,,,,,,,
4855,Prof. Dr. Shaila Perveen,"['MBBS', 'MCPS', 'FCPS', 'FRCP']",GASTROENTEROLOGIST,25,Evercare Hospital Dhaka,Dhaka,,,,,,,,,,,,,,,,,,,,,
4856,Prof. Dr. Hafeza Aftab Rosy,"['MBBS', 'MD', 'PHD']",GASTROENTEROLOGIST,24,Evercare Hospital Dhaka,Dhaka,,,,,,,,,,,,,,,,,,,,,
4857,Dr. Mohammad Farid Hossain,"['MBBS', 'MS']",LAPAROSCOPIC SURGEON,20,Evercare Hospital Dhaka,Dhaka,,,,,,,,,,,,,,,,,,,,,
4857,Dr. Mohammad Farid Hossain,"['MBBS', 'MS']",SURGEON,20,Evercare Hospital Dhaka,Dhaka,,,,,,,,,,,,,,,,,,,,,
4858,Dr. Md. Sadiqul Islam,"['MBBS', 'FCPS', 'PGT']",INTERNAL MEDICINE,20,Evercare Hospital Dhaka,Dhaka,,,,,,,,,,,,,,,,,,,,,
4859,Dr. K. F. M. Ayaz,"['MBBS', 'MS', 'MD', 'FACP']",INTERNAL MEDICINE,21,Evercare Hospital Dhaka,Dhaka,,,,,,,,,,,,,,,,,,,,,
4860,Dr. Nikhat Shahla Afsar,"['MBBS', 'MD']",INTERNAL MEDICINE,20,Evercare Hospital Dhaka,Dhaka,,,,,,,,,,,,,,,,,,,,,
4861,Dr. Abdullah Al Mamun,"['MBBS', 'FCPS']",INTERNAL MEDICINE,23,Evercare Hospital Dhaka,Dhaka,,,,,,,,,,,,,,,,,,,,,
4862,Dr. Borhan Uddin Ahmad,"['MBBS', 'MRCP']",INTERNAL MEDICINE,20,Evercare Hospital Dhaka,Dhaka,,,,,,,,,,,,,,,,,,,,,
4863,Dr. Anita Marium Islam,"['MBBS', 'FCPS', 'CCD']",INTERNAL MEDICINE,18,Evercare Hospital Dhaka,Dhaka,,,,,,,,,,,,,,,,,,,,,
4864,Dr. Sabina Sultana,"['MBBS', 'DCH', 'MCPS', 'MD', 'MD', 'FRCP']",PEDIATRICIAN,18,Evercare Hospital Dhaka,Dhaka,,,,,,,,,,,,,,,,,,,,,
4865,Dr. M. Quamrul Hassan,"['MBBS', 'FCPS']",PEDIATRICIAN & NEONATOLOGIST,22,Evercare Hospital Dhaka,Dhaka,,,,,,,,,,,,,,,,,,,,,
4866,Prof. Dr. M. Istiaque Hossain,"['MBBS', 'DCH', 'MRCP', 'FRCP']",PEDIATRICIAN,25,Evercare Hospital Dhaka,Dhaka,,,,,,,,,,,,,,,,,,,,,
4866,Prof. Dr. M. Istiaque Hossain,"['MBBS', 'DCH', 'MRCP', 'FRCP']",NEONATOLOGIST,25,Evercare Hospital Dhaka,Dhaka,,,,,,,,,,,,,,,,,,,,,
4867,Prof. Dr. Md. Masum Kamal Khan,"['MBBS', 'FCPS', 'MD']",NEPHROLOGIST,25,Evercare Hospital Dhaka,Dhaka,,,,,,,,,,,,,,,,,,,,,
4868,Dr. Khandker Mahbubar Rahman,"['MBBS', 'MD']",NEUROLOGIST,24,Evercare Hospital Dhaka,Dhaka,,,,,,,,,,,,,,,,,,,,,
4869,Dr. Debashis Dhar,"['MBBS', 'BCS', 'MD', 'MACP']",PULMONOLOGIST,15,Popular Diagnostic Centre Ltd. | JatraBari,Dhaka,,,,,,,,,,,,,,,,,,,,,
4870,Asst. Prof. Dr. A K M Mahbubul Alam,"['MBBS', 'BCS', 'MD']",DERMATOLOGIST,20,Popular Diagnostic Centre Ltd. | JatraBari,Dhaka,,,,,,,,,,,,,,,,,,,,,
4871,Asst. Prof. Dr. Sharmin Begum,"['MBBS', 'FCPS', 'MCPS']",DERMATOLOGIST,20,Popular Diagnostic Centre Ltd. | JatraBari,Dhaka,,,,,,,,,,,,,,,,,,,,,
4872,Asso. Prof. Dr. Mostaque Mahmud,"['MBBS', 'MD']",DERMATOLOGIST,22,Popular Diagnostic Centre Ltd. | Shyamoli,Dhaka,,,,,,,,,,,,,,,,,,,,,
4873,Prof. Dr. Md. Shahid Karim,"['MBBS', 'FCPS', 'FICS (USA)']",PEDIATRIC SURGEON,25,Evercare Hospital Dhaka,Dhaka,,,,,,,,,,,,,,,,,,,,,
4874,Dr. Mohammed Mohiuddin Araf,"['MBBS', 'MD']",PSYCHIATRIST,18,Evercare Hospital Dhaka,Dhaka,,,,,,,,,,,,,,,,,,,,,
4875,Dr. Mahjabin Rahman Rasna,"['MBBS', 'FCPS']",PEDIATRICIAN,15,Popular Diagnostic Centre Ltd. | JatraBari,Dhaka,,,,,,,,,,,,,,,,,,,,,
4876,Dr. Nigar Sultana,"['MBBS', 'MD']",PSYCHIATRIST,19,Evercare Hospital Dhaka,Dhaka,,,,,,,,,,,,,,,,,,,,,
4877,Prof. Dr. S. M. Abu Zafar,"['MBBS', 'FRCS']",GENERAL SURGEON,24,Evercare Hospital Dhaka,Dhaka,,,,,,,,,,,,,,,,,,,,,
4878,Prof. Dr. A. T. M. Mowladad Chowdhury,"['MBBS', 'MS', 'FCPS', 'MRCS (EDINBURGH)', 'MRCP']",UROLOGIST,26,Evercare Hospital Dhaka,Dhaka,,,,,,,,,,,,,,,,,,,,,
4879,Dr. Md. Rabiul Alam,"['MBBS', 'FCPS']",ANESTHESIOLOGIST,20,Evercare Hospital Dhaka,Dhaka,,,,,,,,,,,,,,,,,,,,,
4880,Dr. Md. Aftab Uddin,"['MBBS', 'DA', 'FCPS']",ANESTHESIOLOGIST,17,Evercare Hospital Dhaka,Dhaka,,,,,,,,,,,,,,,,,,,,,
4881,Dr. Ferdous Shahriar Sayed,"['MBBS', 'MD']",ONCOLOGIST,24,Evercare Hospital Dhaka,Dhaka,,,,,,,,,,,,,,,,,,,,,
4882,Dr. Arman Reza Chowdhury,"['MBBS', 'FCPS']",ONCOLOGIST,17,Evercare Hospital Dhaka,Dhaka,,,,,,,,,,,,,,,,,,,,,
4883,Dr. Biswajit Bhattacharjee,"['MBBS', 'MPH']",ONCOLOGIST,23,Evercare Hospital Dhaka,Dhaka,,,,,,,,,,,,,,,,,,,,,
4884,Dr. Nighat Islam,"['MBBS', 'MD']",CARDIOLOGIST,20,Evercare Hospital Dhaka,Dhaka,,,,,,,,,,,,,,,,,,,,,
4885,Dr. Ziaul Huq,"['MBBS', 'MRCP', 'FCCP']",RESPIRATORY SPECIALIST,22,Evercare Hospital Dhaka,Dhaka,,,,,,,,,,,,,,,,,,,,,
4886,Dr. Farzana Islam,"['MBBS', 'DCH', 'MCPS']",PEDIATRICIAN,17,Evercare Hospital Dhaka,Dhaka,,,,,,,,,,,,,,,,,,,,,
4886,Dr. Farzana Islam,"['MBBS', 'DCH', 'MCPS']",PSYCHIATRIST,17,Evercare Hospital Dhaka,Dhaka,,,,,,,,,,,,,,,,,,,,,
4887,Prof. Dr. Brig. Gen. Syed Zoherul Alam,"['MBBS', 'MCPS', 'FCPS']",RADIOLOGIST,25,Evercare Hospital Dhaka,Dhaka,,,,,,,,,,,,,,,,,,,,,
4888,Dr. Urmi Ray,"['MBBS', 'BCS', 'MD']",PEDIATRIC GASTROENTEROLOGIST,17,Popular Diagnostic Centre Ltd. | JatraBari,Dhaka,,,,,,,,,,,,,,,,,,,,,
4889,Dr. Goutam Chandra Bhoumik,"['MBBS', 'FCPS', 'MD', 'MRCP']",CARDIOLOGIST,15,Popular Diagnostic Centre Ltd. | JatraBari,Dhaka,,,,,,,,,,,,,,,,,,,,,
4890,Asst. Prof. Dr. Sharmin Ahmed,"['MBBS', 'FCPS', 'MD']",CARDIOLOGIST,20,Popular Diagnostic Centre Ltd. | JatraBari,Dhaka,,,,,,,,,,,,,,,,,,,,,
4891,Asso. Prof. Dr. A. I. Zoardar,"['MBBS', 'D-CARD', 'MD']",CARDIOLOGIST,22,Popular Diagnostic Centre Ltd. | JatraBari,Dhaka,,,,,,,,,,,,,,,,,,,,,
4892,Asso. Prof. Dr. Mosaddekul Alam Dolon,"['MBBS', 'D-CARD', 'CCD', 'MACP']",CARDIOLOGIST,22,Popular Diagnostic Centre Ltd. | JatraBari,Dhaka,,,,,,,,,,,,,,,,,,,,,
4893,Asst. Prof. Dr. Fakhrul Islam,"['MBBS', 'BCS', 'MD']",NEUROLOGIST,20,Monowara Hospital Private Limited,Dhaka,,,,,,,,,,,,,,,,,,,,,
4894,Asso. Prof. Dr. Kabiruzzaman,"['MBBS', 'BCS', 'FCPS', 'MD']",NEUROLOGIST,22,Popular Diagnostic Centre Ltd. | JatraBari,Dhaka,,,,,,,,,,,,,,,,,,,,,
4895,Prof. Dr. Md. Mohsin Hossain,"['MBBS', 'MD', 'FCPS']",CARDIOLOGIST,25,Labaid Specialized Hospital | Dhanmondi,Dhaka,,,,,,,,,,,,,,,,,,,,,
4896,Dr. Farhana Ahmed,"['MBBS', 'FCPS', 'FCPS', 'FSCAI']",CARDIOLOGIST,16,Labaid Specialized Hospital | Dhanmondi,Dhaka,,,,,,,,,,,,,,,,,,,,,
4897,Dr. A. B. M. Shafiullah Kabir,"['MBBS', 'MRCP']",INTERNAL MEDICINE,19,Labaid Specialized Hospital | Dhanmondi,Dhaka,,,,,,,,,,,,,,,,,,,,,
4898,Dr. A. K. M. Ahsan Ullah,"['MBBS', 'MS', 'FCPS', 'MRCS (EDINBURGH)', 'MRCS (ENGLAND)']",GENERAL SURGEON,18,Labaid Specialized Hospital | Dhanmondi,Dhaka,,,,,,,,,,,,,,,,,,,,,
4899,Dr. A.K.S. Zahid Mahmud khan,"['MBBS', 'MD']",CARDIOLOGIST,18,Labaid Specialized Hospital | Dhanmondi,Dhaka,,,,,,,,,,,,,,,,,,,,,
4900,Prof. Dr. A. P. M. Sohrabuzzaman,"['MBBS', 'MD', 'FCPS']",CARDIOLOGIST,25,Labaid Specialized Hospital | Dhanmondi,Dhaka,,,,,,,,,,,,,,,,,,,,,
4901,Dr. A. S. M. Julfiqur Helal,"['MBBS', 'MD', 'CCD', 'FCPS']",NEPHROLOGIST,19,Labaid Specialized Hospital | Dhanmondi,Dhaka,,,,,,,,,,,,,,,,,,,,,
4902,Dr. Abu Nesar Taiyab,"['MBBS', 'DEM']",ENDOCRINOLOGIST,17,Labaid Specialized Hospital | Dhanmondi,Dhaka,,,,,,,,,,,,,,,,,,,,,
4903,Dr. Arun Kumer Sharma,"['MBBS', 'MCPS', 'MD', 'FACC (USA)']",CARDIOLOGIST,19,Labaid Specialized Hospital | Dhanmondi,Dhaka,,,,,,,,,,,,,,,,,,,,,
4904,Dr. Md. Bazlul Ghani Bhuiyan,"['MBBS', 'MS']",VASCULAR SURGEON,22,Labaid Specialized Hospital | Dhanmondi,Dhaka,,,,,,,,,,,,,,,,,,,,,
4905,Dr. Erfanul Haque Siddiqui,"['MBBS', 'MS', 'FRSH (LONDON)']",ORTHOPEDIC SURGEON,17,Labaid Specialized Hospital | Dhanmondi,Dhaka,,,,,,,,,,,,,,,,,,,,,
4906,Dr. Foara Tasmim,"['MBBS', 'MS', 'MPH', 'FACS (USA)']",PLASTIC SURGEON,19,Labaid Specialized Hospital | Dhanmondi,Dhaka,,,,,,,,,,,,,,,,,,,,,
4907,Dr. Isabela Kabir,"['MBBS', 'MCPS', 'FCPS']",DERMATOLOGIST,16,Labaid Specialized Hospital | Dhanmondi,Dhaka,,,,,,,,,,,,,,,,,,,,,
4908,Dr. K. M. Anamul,"['MBBS', 'PHD']",GASTROENTEROLOGIST,19,Labaid Specialized Hospital | Dhanmondi,Dhaka,,,,,,,,,,,,,,,,,,,,,
4909,Dr. A. K. M. Mamun Murshed,"['MBBS', 'PGDND', 'DLO']",OTOLARYNGOLOGISTS (ENT),19,Labaid Specialized Hospital | Dhanmondi,Dhaka,,,,,,,,,,,,,,,,,,,,,
4910,Dr. Quazi Md. Quamrul Hasan,"['MBBS', 'DCH']",PEDIATRICIAN,22,Labaid Specialized Hospital | Dhanmondi,Dhaka,,,,,,,,,,,,,,,,,,,,,
4911,Prof. Dr. M. R. Islam,"['MBBS', 'MS']",OTOLARYNGOLOGISTS (ENT),24,Labaid Specialized Hospital | Dhanmondi,Dhaka,,,,,,,,,,,,,,,,,,,,,
4912,Dr. Mahmud Chowdhury,"['MBBS', 'DDV', 'MCPS', 'FCPS']",DERMATOLOGIST,21,Labaid Specialized Hospital | Dhanmondi,Dhaka,,,,,,,,,,,,,,,,,,,,,
4913,Dr. Maruf Alam Chowdhury,"['MBBS', 'FCPS', 'FCPS']",PLASTIC SURGEON,19,Labaid Specialized Hospital | Dhanmondi,Dhaka,,,,,,,,,,,,,,,,,,,,,
4914,Dr. Marufa Mustari,"['MBBS', 'FCPS', 'MACE']",ENDOCRINOLOGIST,15,Labaid Specialized Hospital | Dhanmondi,Dhaka,,,,,,,,,,,,,,,,,,,,,
4915,Prof. Dr. Md. Abu Shahin,"['MBBS', 'FCPS', 'MD']",REHABILITATION SPECIALIST,26,Labaid Specialized Hospital | Dhanmondi,Dhaka,,,,,,,,,,,,,,,,,,,,,
4916,Dr. Md. Azizul Haque,"['MBBS', 'DD (THAILAND & JAPAN)']",DERMATOLOGIST,23,Labaid Specialized Hospital | Dhanmondi,Dhaka,,,,,,,,,,,,,,,,,,,,,
4917,Dr. Md. Lokman Hossain,"['MBBS', 'MS', 'FACS (USA)']",CARDIAC SURGEON,20,Labaid Specialized Hospital | Dhanmondi,Dhaka,,,,,,,,,,,,,,,,,,,,,
4918,Dr. Md. Moniruzzaman,"['MBBS', 'MD']",NEPHROLOGIST,18,Labaid Specialized Hospital | Dhanmondi,Dhaka,,,,,,,,,,,,,,,,,,,,,
4919,Dr. Quamrul Hasan Chowdhury,"['MBBS', 'DCD', 'MS', ' UK)']",DERMATOLOGIST,18,Labaid Specialized Hospital | Dhanmondi,Dhaka,,,,,,,,,,,,,,,,,,,,,
4920,Dr. Md. Rezaul Amin Titu,"['MBBS', 'MS', 'FACS (USA)']",NEUROSURGEON,17,Labaid Specialized Hospital | Dhanmondi,Dhaka,,,,,,,,,,,,,,,,,,,,,
4921,Dr. Md. Sayedul Islam,"['MBBS', 'DTCD', 'MD']",CHEST SPECIALIST,21,Labaid Specialized Hospital | Dhanmondi,Dhaka,,,,,,,,,,,,,,,,,,,,,
4921,Dr. Md. Sayedul Islam,"['MBBS', 'DTCD', 'MD']",RESPIRATORY SPECIALIST,21,Labaid Specialized Hospital | Dhanmondi,Dhaka,,,,,,,,,,,,,,,,,,,,,
4922,Dr. Md. Saifullah,"['MBBS', 'FCPS']",COLORECTAL SURGEON,18,Labaid Specialized Hospital | Dhanmondi,Dhaka,,,,,,,,,,,,,,,,,,,,,
4922,Dr. Md. Saifullah,"['MBBS', 'FCPS']",GENERAL SURGEON,18,Labaid Specialized Hospital | Dhanmondi,Dhaka,,,,,,,,,,,,,,,,,,,,,
4923,Dr. Md. Shahidullah Sabuj,"['MBBS', 'FCPS', 'MD']",NEUROLOGIST,20,Labaid Specialized Hospital | Dhanmondi,Dhaka,,,,,,,,,,,,,,,,,,,,,
4923,Dr. Md. Shahidullah Sabuj,"['MBBS', 'FCPS', 'MD']",NEUROMEDICINE SPECIALIST,20,Labaid Specialized Hospital | Dhanmondi,Dhaka,,,,,,,,,,,,,,,,,,,,,
4924,Dr. Arefin Iftekher Ahmed,"['MBBS', 'BCS', 'D-ORTHO']",ORTHOPEDIC SURGEON,15,Popular Diagnostic Centre Ltd. | JatraBari,Dhaka,,,,,,,,,,,,,,,,,,,,,
4925,Prof. Dr. Subash Kanti Dey,"['MBBS', 'MD', 'FINS (INDIA)']",NEUROLOGIST,25,Labaid Specialized Hospital | Dhanmondi,Dhaka,,,,,,,,,,,,,,,,,,,,,
4926,Dr. Tanzia Khanum Tompa,"['MBBS', 'MD', 'MRCP']",HEMATOLOGIST,15,Labaid Specialized Hospital | Dhanmondi,Dhaka,,,,,,,,,,,,,,,,,,,,,
4927,Dr. Tasnim Akter,"['MBBS', 'FCPS']",GYNECOLOGIST & OBSTETRICIAN,16,Labaid Specialized Hospital | Dhanmondi,Dhaka,,,,,,,,,,,,,,,,,,,,,
4928,Dr Umme Salma Chowdhury Shanta,"['MBBS', 'BCS', 'MCPS']",GYNECOLOGIST & OBSTETRICIAN,16,Labaid Specialized Hospital | Dhanmondi,Dhaka,,,,,,,,,,,,,,,,,,,,,
4929,Dr. Mahbubor Rahma,"['MBBS', 'MCPS', 'MD', 'FACC', 'FSCAI', 'FRCP']",CARDIOLOGIST,17,Labaid Specialized Hospital | Dhanmondi,Dhaka,,,,,,,,,,,,,,,,,,,,,
4930,Dr. Md. Nazmul Islam,"['MBBS', 'FCPS', 'MRCP', 'PACES']",INTERNAL MEDICINE,16,Labaid Specialized Hospital | Dhanmondi,Dhaka,,,,,,,,,,,,,,,,,,,,,
4931,Dr. Md. Shaukat Ali Khan,"['MBBS', 'MS', 'FACS (USA)']",UROLOGIST,18,Labaid Specialized Hospital | Dhanmondi,Dhaka,,,,,,,,,,,,,,,,,,,,,
4932,Major Gen. Prof. Dr. H. R. Harun,"['MBBS', 'FCPS', 'FRCS', 'DIPLOMA (UROLOGY', ' UK)', 'WHO']",UROLOGIST,28,Labaid Specialized Hospital | Dhanmondi,Dhaka,,,,,,,,,,,,,,,,,,,,,
4933,Prof. Dr. A. K. M. Musa,"['MBBS', 'FCPS', 'MCPS', 'DTCD', 'FACP']",MEDICINE SPECIALIST,25,Labaid Specialized Hospital | Dhanmondi,Dhaka,,,,,,,,,,,,,,,,,,,,,
4934,Prof. Dr. A. K. M. Salek,"['MBBS', 'FCPS']",PHYSICAL MEDICINE,26,Labaid Specialized Hospital | Dhanmondi,Dhaka,,,,,,,,,,,,,,,,,,,,,
4935,Prof. Dr. Abduz Zaher,"['MBBS', 'FCPS', 'FACC (USA)', 'FRCP']",CARDIOLOGIST,26,Labaid Specialized Hospital | Dhanmondi,Dhaka,,,,,,,,,,,,,,,,,,,,,
4936,Prof. Dr. Abu Zaffar Chowdhury Biru,"['MBBS', 'MS']",ORTHOPEDIC SURGEON,26,Labaid Specialized Hospital | Dhanmondi,Dhaka,,,,,,,,,,,,,,,,,,,,,
4937,Prof. Dr Afzalunnessa Chowdhury,"['MBBS', 'DGO', 'MCPS', 'FCPS']",GYNECOLOGIST & OBSTETRICIAN,25,Labaid Specialized Hospital | Dhanmondi,Dhaka,,,,,,,,,,,,,,,,,,,,,
4938,Prof. Dr. Amal Kumar Choudhury,"['MBBS', 'FCPS', 'MD', 'FACC', 'FSCAI (USA)']",CARDIOLOGIST,24,Labaid Specialized Hospital | Dhanmondi,Dhaka,,,,,,,,,,,,,,,,,,,,,
4939,Prof. Dr. Asia Khanam,"['MBBS', 'MD']",NEPHROLOGIST,22,Labaid Specialized Hospital | Dhanmondi,Dhaka,,,,,,,,,,,,,,,,,,,,,
4940,Prof. Dr. Begum Hosne Ara,"['MBBS', 'DGO', 'FCPS', 'MCPS']",GYNECOLOGIST & OBSTETRICIAN,24,Labaid Specialized Hospital | Dhanmondi,Dhaka,,,,,,,,,,,,,,,,,,,,,
4941,Prof. Dr. Bimal Chandra Sheel,"['MBBS', 'FCPS', 'MD']",GASTROENTEROLOGIST,22,Labaid Specialized Hospital | Dhanmondi,Dhaka,,,,,,,,,,,,,,,,,,,,,
4942,Prof. Dr. Md. Abdul Kader Akanda,"['MBBS', 'FCPS', 'MD', 'FACC']",CARDIOLOGIST,24,Labaid Specialized Hospital | Dhanmondi,Dhaka,,,,,,,,,,,,,,,,,,,,,
4943,Prof. Dr. Md. Abdul Mannan,"['MBBS', 'FCPS', 'MD', 'MD', 'NUH (SINGAPORE)']",PEDIATRICIAN,24,Labaid Specialized Hospital | Dhanmondi,Dhaka,,,,,,,,,,,,,,,,,,,,,
4944,Dr. Md. Ashraful Islam,"['MBBS', 'FCPS', 'MD']",GASTROENTEROLOGIST,19,Labaid Specialized Hospital | Dhanmondi,Dhaka,,,,,,,,,,,,,,,,,,,,,
4945,Prof. Dr. Faruq Alam,"['MBBS', 'FCPS', 'FELLOW OF THE WHO (CHILD PSYCHIATRY)']",PSYCHIATRIST,25,Labaid Specialized Hospital | Dhanmondi,Dhaka,,,,,,,,,,,,,,,,,,,,,
4946,Prof. Dr. Habibur Rahman,"['MBBS', 'FCPS', 'MD']",PEDIATRIC NEUROLOGIST,25,Labaid Specialized Hospital | Dhanmondi,Dhaka,,,,,,,,,,,,,,,,,,,,,
4947,Dr. Md. Jahangir Kabir,"['MBBS', 'FCPS', 'FRCS', ' UK)']",UROLOGIST,19,Labaid Specialized Hospital | Dhanmondi,Dhaka,,,,,,,,,,,,,,,,,,,,,
4948,Prof. Dr. Md. Moarraf Hossen,"['MBBS', 'DM', 'FCPS']",ONCOLOGIST,25,Labaid Specialized Hospital | Dhanmondi,Dhaka,,,,,,,,,,,,,,,,,,,,,
4949,Prof. Dr. Mir Nazrul Islam,"['MBBS', 'DDS (WELS)', 'MS', 'FRCP', 'FRCP']",DERMATOLOGIST,24,Labaid Specialized Hospital | Dhanmondi,Dhaka,,,,,,,,,,,,,,,,,,,,,
4950,Prof. Dr. Qazi Mushtaq Hussain,"['MBBS', 'M.PHIL', 'TRAINING (INDIA)']",ONCOLOGIST,25,Labaid Specialized Hospital | Dhanmondi,Dhaka,,,,,,,,,,,,,,,,,,,,,
4951,Asst. Prof. Dr. Toufik Ahmed,"['MBBS', 'FCPS']",MEDICINE SPECIALIST,20,Popular Diagnostic Centre Ltd. | JatraBari,Dhaka,,,,,,,,,,,,,,,,,,,,,
4952,Asst. Prof. Dr. Kamolesh Chandra Bashu,"['MBBS', 'BCS', 'FCPS', 'MD', 'FCPS']",INTERNAL MEDICINE SPECIALIST,16,Popular Diagnostic Centre Ltd. | JatraBari,Dhaka,,,,,,,,,,,,,,,,,,,,,
4952,Asst. Prof. Dr. Kamolesh Chandra Bashu,"['MBBS', 'BCS', 'FCPS', 'MD', 'FCPS']",ENDOCRINOLOGIST,16,Popular Diagnostic Centre Ltd. | JatraBari,Dhaka,,,,,,,,,,,,,,,,,,,,,
4953,Asso. Prof. Dr. M. A Sattar Sarkar,"['MBBS', 'BCS', 'MCPS', 'FCPS', 'FACP']",MEDICINE SPECIALIST,16,Popular Diagnostic Centre Ltd. | JatraBari,Dhaka,,,,,,,,,,,,,,,,,,,,,
4954,Prof. Dr. Razia Sultana Mahmud,"['MBBS', 'D-CARD', 'FACC (USA)', 'TRAINED IN CARDIOLOGY (JAPAN)', 'WHO FELLOW']",CARDIOLOGIST,23,Labaid Specialized Hospital | Dhanmondi,Dhaka,,,,,,,,,,,,,,,,,,,,,
4955,Dr. Sania Ahsan,"['MBBS', 'M.PHIL', 'FCPS']",RADIOLOGIST,29,Evercare Hospital Dhaka,Dhaka,,,,,,,,,,,,,,,,,,,,,
4956,Prof. Dr. Rubina Yasmin,"['MBBS', 'FCPS']",MEDICINE SPECIALIST,24,Labaid Specialized Hospital | Dhanmondi,Dhaka,,,,,,,,,,,,,,,,,,,,,
4957,Prof. Dr. S. M. Mustafa Zaman,"['MBBS', 'DTCD', 'MD', 'FELLOWSHIP']",CARDIOLOGIST,22,Labaid Specialized Hospital | Dhanmondi,Dhaka,,,,,,,,,,,,,,,,,,,,,
4958,Prof. Dr. Shahadot Hossain Sheikh,"['MBBS', 'MRCS (EDIN)', 'FCPS', 'FRCS']",GENERAL SURGEON,24,Labaid Specialized Hospital | Dhanmondi,Dhaka,,,,,,,,,,,,,,,,,,,,,
4959,Prof. Dr. Serajul Haque,"['MBBS', 'FCPS', 'FACP', 'FRCP']",NEUROLOGIST,24,Labaid Specialized Hospital | Dhanmondi,Dhaka,,,,,,,,,,,,,,,,,,,,,
4960,Prof. Dr. SK Nurul Fattah Rumi,"['MBBS', 'DLO', 'MS']",OTOLARYNGOLOGISTS (ENT),23,Labaid Specialized Hospital | Dhanmondi,Dhaka,,,,,,,,,,,,,,,,,,,,,
4961,Prof. Dr. Syad Mojaffar Ahmed,"['MBBS', 'FCPS', 'MACP']",PHYSICAL MEDICINE,24,Labaid Specialized Hospital | Dhanmondi,Dhaka,,,,,,,,,,,,,,,,,,,,,
4962,Prof. Dr. Zulfiqur Rahman Khan,"['MBBS', 'FCPS', 'MACP']",GENERAL SURGEON,25,Labaid Specialized Hospital | Dhanmondi,Dhaka,,,,,,,,,,,,,,,,,,,,,
4963,Prof. Dr. Rahima Begum,"['MBBS', 'FCPS', 'FICS (USA)']",GYNECOLOGIST & OBSTETRICIAN,23,Labaid Specialized Hospital | Dhanmondi,Dhaka,,,,,,,,,,,,,,,,,,,,,
4964,Dr. Md. Abdul Ahsan Didar,"['MBBS', 'MPH', 'MD', 'AND A BCCPM DEGREE (KERALA)']",ONCOLOGIST,20,Labaid Specialized Hospital | Dhanmondi,Dhaka,,,,,,,,,,,,,,,,,,,,,
4965,Prof. Dr. Abdul Khaleq Akond,"['MBBS', 'MCPS']",PATHOLOGIST,24,Labaid Specialized Hospital | Dhanmondi,Dhaka,,,,,,,,,,,,,,,,,,,,,
4966,Dr. Capt. (Rtd.) H S Ferdous,"['MBBS', 'DEM', 'FELLOW ENDOCRINOLOGY (AUSTRALIA)', 'FACE', 'FACP']",ENDOCRINOLOGIST,30,Popular Diagnostic Centre Ltd. | Dhanmondi,Dhaka,,,,,,,,,,,,,,,,,,,,,
4967,Asst. Prof. Dr. Md. Jahangir Alam Sarker,"['MBBS', 'CCD', 'FCPS', ' BIRDEM)']",MEDICINE SPECIALIST,20,Popular Medical College Hospital,Dhaka,,,,,,,,,,,,,,,,,,,,,
4968,Asst. Prof. Dr. Syed Tariq Reza,"['MBBS', 'MD']",CRITICAL CARE MEDICINE SPECIALIST,20,Popular Medical College Hospital,Dhaka,,,,,,,,,,,,,,,,,,,,,
4969,Asst. Prof. Dr. Mohammad Salim,"['MBBS', 'MCPS', 'MD']",CRITICAL CARE MEDICINE SPECIALIST,15,Popular Medical College Hospital,Dhaka,,,,,,,,,,,,,,,,,,,,,
4970,Dr. Mohd. Faizul Islam,"['MBBS', 'FCPS', 'DCH', 'RCPS (IRE)']",PEDIATRICIAN & NEONATOLOGIST,15,Popular Medical College Hospital,Dhaka,,,,,,,,,,,,,,,,,,,,,
4971,Prof. Dr. Mohammad Hanif,"['MBBS', 'FCPS', 'FRCP']",PEDIATRICIAN,25,Popular Medical College Hospital,Dhaka,,,,,,,,,,,,,,,,,,,,,
4972,Asso. Prof. Dr. Md. Rafiqul Alam,"['MBBS', 'FCPS', 'MD']",PULMONARY MEDICINE SPECIALIST,22,Popular Medical College Hospital,Dhaka,,,,,,,,,,,,,,,,,,,,,
4973,Prof. Dr. Mohammad Salahuddin,"['MBBS', 'MD']",CARDIOLOGIST,25,Popular Diagnostic Centre Ltd. | Mirpur (Unit 1),Dhaka,,,,,,,,,,,,,,,,,,,,,
4974,Dr. Tasruba Shahnaz,"['MBBS', 'MS']",OPHTHALMOLOGIST,12,Bashundhara Eye Hospital & Research Institute,Dhaka,,,,,,,,,,,,,,,,,,,,,
4975,Dr. Shirin Jahan,"['MBBS', 'FCPS', 'FCPS', 'MS']",GYNECOLOGIST & OBSTETRICIAN,15,Popular Diagnostic Centre Ltd. | Dhanmondi,Dhaka,,,,,,,,,,,,,,,,,,,,,
4976,Dr. Amit Kapoor,"['MBBS', 'D-ORTHO', 'DNB (ORTHO)']",ORTHOPEDIC SURGEON,20,Evercare Hospital Dhaka,Dhaka,,,,,,,,,,,,,,,,,,,,,
4977,Prof. Dr. Masud Ahmed,"['MBBS', 'BCS', 'MS', 'FACS']",UROLOGIST,20,Ibn Sina D. Lab & Consultation Center | Doyagonj,Dhaka,,,,,,,,,,,,,,,,,,,,,
4977,Prof. Dr. Masud Ahmed,"['MBBS', 'BCS', 'MS', 'FACS']",SURGEON,20,Ibn Sina D. Lab & Consultation Center | Doyagonj,Dhaka,,,,,,,,,,,,,,,,,,,,,
4978,Asst. Prof. Dr. Md. Shariful Alam,"['MBBS', 'FCPS']",GENERAL SURGEON,20,Ibn Sina D. Lab & Consultation Center | Doyagonj,Dhaka,,,,,,,,,,,,,,,,,,,,,
4978,Asst. Prof. Dr. Md. Shariful Alam,"['MBBS', 'FCPS']",LAPAROSCOPIC SURGEON,20,Ibn Sina D. Lab & Consultation Center | Doyagonj,Dhaka,,,,,,,,,,,,,,,,,,,,,
4979,Prof. Dr. Md. Saidul Islam,"['MBBS', 'MS']",ORTHOPEDIC SURGEON,25,Ibn Sina D. Lab & Consultation Center | Doyagonj,Dhaka,,,,,,,,,,,,,,,,,,,,,
4980,Assoc. Prof. Dr. Md. Monzurul Islam,"['MBBS', 'MS']",ONCOLOGIST,22,Ibn Sina D. Lab & Consultation Center | Doyagonj,Dhaka,,,,,,,,,,,,,,,,,,,,,
4981,Mr. Amatullah Sharmeen,"['MS', ' FOOD & NUTRITION)']",NUTRITIONIST,12,Ibn Sina D. Lab & Consultation Center | Doyagonj,Dhaka,,,,,,,,,,,,,,,,,,,,,
4982,Dr. Kazi Jannat Ara,"['MBBS', 'FCPS', 'EPILEPSY AND EEG (UMMC', ' MALAYSIA)']",NEUROMEDICINE SPECIALIST,15,Ibn Sina D. Lab & Consultation Center | Doyagonj,Dhaka,,,,,,,,,,,,,,,,,,,,,
4983,Dr. Mehedi Hasan,"['MBBS', 'MD']",NEUROMEDICINE SPECIALIST,15,Ibn Sina D. Lab & Consultation Center | Doyagonj,Dhaka,,,,,,,,,,,,,,,,,,,,,
4984,Prof. Dr. Md. Nurul Amin Khan Shahin,"['MBBS', 'MD']",NEUROLOGIST,22,Ibn Sina D. Lab & Consultation Center | Doyagonj,Dhaka,,,,,,,,,,,,,,,,,,,,,
4985,Asst. Prof. Dr. Mohammad Akter Hossain,"['MBBS', 'FCPS', 'MD']",NEUROMEDICINE SPECIALIST,20,Ibn Sina D. Lab & Consultation Center | Doyagonj,Dhaka,,,,,,,,,,,,,,,,,,,,,
4986,Assoc. Prof. Dr. Md. Fazal Karim,"['MBBS', 'FCPS', 'MD']",HEPATOLOGIST,22,Ibn Sina D. Lab & Consultation Center | Doyagonj,Dhaka,,,,,,,,,,,,,,,,,,,,,
4986,Assoc. Prof. Dr. Md. Fazal Karim,"['MBBS', 'FCPS', 'MD']",GASTROENTEROLOGIST,22,Ibn Sina D. Lab & Consultation Center | Doyagonj,Dhaka,,,,,,,,,,,,,,,,,,,,,
4987,Assoc. Prof. Dr. Md. Enayet Hussain,"['MBBS', 'FCPS', 'MD', 'FELLOWSHIP IN EPILEPSY & EEG (MALAYSIA)']",NEUROLOGIST,22,Ibn Sina D. Lab & Consultation Center | Doyagonj,Dhaka,,,,,,,,,,,,,,,,,,,,,
4988,Prof. Dr. Md. Abdullah Alamgir,"['MBBS', 'MS']",NEUROSURGEON,25,Ibn Sina D. Lab & Consultation Center | Doyagonj,Dhaka,,,,,,,,,,,,,,,,,,,,,
4989,Asst. Prof. Dr. Syed Fazlul Islam,"['MBBS', 'FCPS', 'MD']",NEPHROLOGIST,20,Ibn Sina D. Lab & Consultation Center | Doyagonj,Dhaka,,,,,,,,,,,,,,,,,,,,,
4990,Dr. Md. Kabir Hossain,"['MBBS', 'MD']",NEPHROLOGIST,15,Ibn Sina D. Lab & Consultation Center | Doyagonj,Dhaka,,,,,,,,,,,,,,,,,,,,,
4991,Prof. Dr. Sanjoy Kumar Saha,"['MBBS', 'FCPS']",MEDICINE SPECIALIST,25,Ibn Sina D. Lab & Consultation Center | Doyagonj,Dhaka,,,,,,,,,,,,,,,,,,,,,
4992,Assoc. Prof. Dr. Sadia Islam,"['MBBS', 'FCPS']",MEDICINE SPECIALIST,22,Ibn Sina D. Lab & Consultation Center | Doyagonj,Dhaka,,,,,,,,,,,,,,,,,,,,,
4993,Dr. Md. Rafiquzzaman,"['MBBS', 'FCPS', 'MRCP']",MEDICINE SPECIALIST,14,Ibn Sina D. Lab & Consultation Center | Doyagonj,Dhaka,,,,,,,,,,,,,,,,,,,,,
4994,Dr. Humayun Kabir,"['MBBS', 'MS', ' CANADA)']",MEDICINE SPECIALIST,15,Ibn Sina D. Lab & Consultation Center | Doyagonj,Dhaka,,,,,,,,,,,,,,,,,,,,,
4995,Dr. Badrul Alam,"['MBBS', 'MPH', 'MACTM']",INTERNAL MEDICINE SPECIALIST,15,Ibn Sina D. Lab & Consultation Center | Doyagonj,Dhaka,,,,,,,,,,,,,,,,,,,,,
4996,Prof. Dr. A. K. M. Murshed,"['MBBS', 'MCPS', 'FCPS']",MEDICINE SPECIALIST,25,Ibn Sina D. Lab & Consultation Center | Doyagonj,Dhaka,,,,,,,,,,,,,,,,,,,,,
4997,Brig. Gen. Rtd. Prof. Dr. Md. Abdul Alim,"['MBBS', 'FCPS']",MEDICINE SPECIALIST,30,Ibn Sina D. Lab & Consultation Center | Doyagonj,Dhaka,,,,,,,,,,,,,,,,,,,,,
4998,Asst. Prof. Dr. Md. Nurul Farhad,"['MBBS', 'FCPS']",HEMATOLOGIST,20,Ibn Sina D. Lab & Consultation Center | Doyagonj,Dhaka,,,,,,,,,,,,,,,,,,,,,
4999,Asst. Prof. Dr. Humayra Nazneen,"['MBBS', 'FCPS', 'IHTC FELLOWSHIP IN MALAYSHIA']",HEMATOLOGIST,20,Ibn Sina D. Lab & Consultation Center | Doyagonj,Dhaka,,,,,,,,,,,,,,,,,,,,,
5000,Dr. Sabina Akter,"['MBBS', 'FCPS']",GYNECOLOGIST & OBSTETRICIAN,15,Ibn Sina D. Lab & Consultation Center | Doyagonj,Dhaka,,,,,,,,,,,,,,,,,,,,,
5001,Maj. (Retd) Asst. Prof. Dr. Mosha. Hafsa Begum,"['MBBS', 'FCPS']",GYNECOLOGIST & OBSTETRICIAN,30,Ibn Sina D. Lab & Consultation Center | Doyagonj,Dhaka,,,,,,,,,,,,,,,,,,,,,
5002,Asst. Prof. Dr. Nasreen Afreen Kanak,"['MBBS', 'DGO', 'FCPS']",GYNECOLOGIST & OBSTETRICIAN,20,Ibn Sina D. Lab & Consultation Center | Doyagonj,Dhaka,,,,,,,,,,,,,,,,,,,,,
5003,Lt. Col. Assoc. Prof. Dr. Suraiya Parvin,"['MBBS', 'FCPS', 'DGO', 'MCPS']",GYNECOLOGIST & OBSTETRICIAN,25,Ibn Sina D. Lab & Consultation Center | Doyagonj,Dhaka,,,,,,,,,,,,,,,,,,,,,
5004,Asst. Prof. Dr. Sohely Nazneen,"['MBBS', 'FCPS', 'FCPS']",GYNECOLOGIST & OBSTETRICIAN,20,Ibn Sina D. Lab & Consultation Center | Doyagonj,Dhaka,,,,,,,,,,,,,,,,,,,,,
5005,Dr. Salma Akter Lubna,"['MBBS', 'FCPS']",GYNECOLOGIST & OBSTETRICIAN,15,Ibn Sina D. Lab & Consultation Center | Doyagonj,Dhaka,,,,,,,,,,,,,,,,,,,,,
5006,Asst. Prof. Dr. Rabeya Khatun,"['MBBS', 'FCPS']",GYNECOLOGIST & OBSTETRICIAN,20,Ibn Sina D. Lab & Consultation Center | Doyagonj,Dhaka,,,,,,,,,,,,,,,,,,,,,
5007,Dr. Kawsar Parveen Joly,"['MBBS', 'PGT', 'CCD']",GYNECOLOGIST & OBSTETRICIAN,15,Ibn Sina D. Lab & Consultation Center | Doyagonj,Dhaka,,,,,,,,,,,,,,,,,,,,,
5008,Asst. Prof. Dr. Syeda Ummay Kulsum,"['MBBS', 'FCPS']",GYNECOLOGIST & OBSTETRICIAN,19,Ibn Sina D. Lab & Consultation Center | Doyagonj,Dhaka,,,,,,,,,,,,,,,,,,,,,
5009,Asst. Prof. Dr. Mst. Tajmira Sultana,"['MBBS', 'FCPC (OBGYN)']",GYNECOLOGIST & OBSTETRICIAN,18,Ibn Sina D. Lab & Consultation Center | Doyagonj,Dhaka,,,,,,,,,,,,,,,,,,,,,
5010,Prof. Dr. Jahanara Rahman,"['MBBS', 'FCPS', 'DGO', 'MCPS']",GYNECOLOGIST & OBSTETRICIAN,25,Ibn Sina D. Lab & Consultation Center | Doyagonj,Dhaka,,,,,,,,,,,,,,,,,,,,,
5011,Dr. Tayeb Hossain,"['MBBS', 'PGT', 'CCD']",GENERAL PHYSICIAN,15,Ibn Sina D. Lab & Consultation Center | Doyagonj,Dhaka,,,,,,,,,,,,,,,,,,,,,
5012,Dr. Shafaly Bahar,"['MBBS', 'MD', 'PGT', 'CCD', 'EDC']",GYNECOLOGIST & OBSTETRICIAN,14,Ibn Sina D. Lab & Consultation Center | Doyagonj,Dhaka,,,,,,,,,,,,,,,,,,,,,
5013,Dr. Aklima Parvin Faizi,"['MBBS', 'MS']",GENERAL SURGEON,15,Ibn Sina D. Lab & Consultation Center | Doyagonj,Dhaka,,,,,,,,,,,,,,,,,,,,,
5014,Asst. Prof. Dr. Rashedul Hasan,"['MBBS', 'MD']",GASTROENTEROLOGIST,20,Ibn Sina D. Lab & Consultation Center | Doyagonj,Dhaka,,,,,,,,,,,,,,,,,,,,,
5015,Asst. Prof. Dr. Abu Raihan Siddik,"['MBBS', 'MRCP', 'MD']",GASTROENTEROLOGIST,20,Ibn Sina D. Lab & Consultation Center | Doyagonj,Dhaka,,,,,,,,,,,,,,,,,,,,,
5016,Asst. Prof. Dr. A. N. M. Saifullah,"['MBBS', 'MD', 'FCPS']",GASTROENTEROLOGIST,20,Ibn Sina D. Lab & Consultation Center | Doyagonj,Dhaka,,,,,,,,,,,,,,,,,,,,,
5017,Prof. Dr. Md. Sanwar Hossin,"['MBBS', 'FCPS']",OPHTHALMOLOGIST,15,Ibn Sina D. Lab & Consultation Center | Doyagonj,Dhaka,,,,,,,,,,,,,,,,,,,,,
5018,Prof. Dr. Abdur Rahman,"['MBBS', 'MCPS', 'DLO', 'FCPS']",OTOLARYNGOLOGISTS (ENT),25,Ibn Sina D. Lab & Consultation Center | Doyagonj,Dhaka,,,,,,,,,,,,,,,,,,,,,
5019,Prof. Dr. Md. Abdus Sattar,"['MBBS', 'DLO', 'FCPS', 'MS']",OTOLARYNGOLOGISTS (ENT),25,Ibn Sina D. Lab & Consultation Center | Doyagonj,Dhaka,,,,,,,,,,,,,,,,,,,,,
5020,Assoc. Prof. Dr. Md. Hasan Zafar Rifat,"['MBBS', 'MS']",OTOLARYNGOLOGISTS (ENT),22,Ibn Sina D. Lab & Consultation Center | Doyagonj,Dhaka,,,,,,,,,,,,,,,,,,,,,
5021,Asst. Prof. Dr. K. M Nurul Alam,"['MBBS', 'FCPS', 'MS']",OTOLARYNGOLOGISTS (ENT),20,Ibn Sina D. Lab & Consultation Center | Doyagonj,Dhaka,,,,,,,,,,,,,,,,,,,,,
5022,Dr. Farhana Sayeed,"['MBBS', 'MCPS', 'FCPS', 'MD', ' BSMMU)']",ENDOCRINOLOGIST,15,Ibn Sina D. Lab & Consultation Center | Doyagonj,Dhaka,,,,,,,,,,,,,,,,,,,,,
5023,Asso. Prof. Dr. Nausher Azimul Huq Titu,"['MBBS', 'MCPS', 'DEM']",ENDOCRINOLOGIST,22,Ibn Sina D. Lab & Consultation Center | Doyagonj,Dhaka,,,,,,,,,,,,,,,,,,,,,
5024,Dr. Mobarak Hossain Jamil,"['MBBS', 'MD']",ENDOCRINOLOGIST,15,Ibn Sina D. Lab & Consultation Center | Doyagonj,Dhaka,,,,,,,,,,,,,,,,,,,,,
5025,Assoc. Prof. Dr. Sharmin Jahan,"['MBBS', 'FCPS', 'MD']",ENDOCRINOLOGIST,22,Ibn Sina D. Lab & Consultation Center | Doyagonj,Dhaka,,,,,,,,,,,,,,,,,,,,,
5026,Assoc. Prof. Dr. Farzana Ahmed,"['MBBS', 'FCPS']",PEDIATRICIAN,22,Ibn Sina D. Lab & Consultation Center | Doyagonj,Dhaka,,,,,,,,,,,,,,,,,,,,,
5027,Dr. A. B. M Mahbubur Rahman,"['MBBS', 'FCPS', 'MRCS (ENG)', 'FMAS (IND.)', 'FRCS']",GENERAL SURGEON,16,Dhaka Central International Medical College Hospital,Dhaka,,,,,,,,,,,,,,,,,,,,,
5028,Dr. Golam Mustofa,"['MBBS', 'DTM', 'HDCH']",PEDIATRICIAN,16,Ibn Sina D. Lab & Consultation Center | Doyagonj,Dhaka,,,,,,,,,,,,,,,,,,,,,
5029,Prof. Dr. Md. Sultan Uddin,"['MBBS', 'FCPS', 'MD']",PEDIATRICIAN,25,Ibn Sina D. Lab & Consultation Center | Doyagonj,Dhaka,,,,,,,,,,,,,,,,,,,,,
5030,Prof. Dr. Md. Anwarul Karim,"['MBBS', 'FCPS', 'MD']",PEDIATRIC HEMATOLOGIST,25,Ibn Sina D. Lab & Consultation Center | Doyagonj,Dhaka,,,,,,,,,,,,,,,,,,,,,
5030,Prof. Dr. Md. Anwarul Karim,"['MBBS', 'FCPS', 'MD']",ONCOLOGIST,25,Ibn Sina D. Lab & Consultation Center | Doyagonj,Dhaka,,,,,,,,,,,,,,,,,,,,,
5031,Dr. Chowdhury Afrina Parvin,"['BDS', 'BCS', 'MS']",DENTIST,15,Ibn Sina D. Lab & Consultation Center | Doyagonj,Dhaka,,,,,,,,,,,,,,,,,,,,,
5032,Dr. Md. Saiful Azam Ronju,"['MS', 'DDS', 'BDS']",DENTIST,14,Ibn Sina D. Lab & Consultation Center | Doyagonj,Dhaka,,,,,,,,,,,,,,,,,,,,,
5033,Dr. Sham-Sunnahar,['BDS'],DENTIST,13,Ibn Sina D. Lab & Consultation Center | Doyagonj,Dhaka,,,,,,,,,,,,,,,,,,,,,
5034,Dr. Sabrina Hossain Hira,"['BDS', 'PGT']",DENTIST,12,Ibn Sina D. Lab & Consultation Center | Doyagonj,Dhaka,,,,,,,,,,,,,,,,,,,,,
5035,Dr. Asharaful Islam,"['BDS', 'MPH', 'BCS']",DENTIST,15,Ibn Sina D. Lab & Consultation Center | Doyagonj,Dhaka,,,,,,,,,,,,,,,,,,,,,
5036,Dr. Rasheduzzaman,"['BDS', 'PGT']",DENTIST,15,Ibn Sina D. Lab & Consultation Center | Doyagonj,Dhaka,,,,,,,,,,,,,,,,,,,,,
5037,Dr. R K Saha,"['MBBS', 'MCPS', 'MRCP', 'MD']",PULMONOLOGIST,15,Ibn Sina D. Lab & Consultation Center | Doyagonj,Dhaka,,,,,,,,,,,,,,,,,,,,,
5038,Asst. Prof. Dr. Farhana Zaman,"['MBBS', 'DTCD (CHEST MEDICINE)', 'MD']",PULMONOLOGIST,20,Ibn Sina D. Lab & Consultation Center | Doyagonj,Dhaka,,,,,,,,,,,,,,,,,,,,,
5039,Asst. Prof. Dr. Mohammad Mostafizur Rahman,"['MBBS', 'MD']",PULMONOLOGIST,20,Ibn Sina D. Lab & Consultation Center | Doyagonj,Dhaka,,,,,,,,,,,,,,,,,,,,,
5039,Asst. Prof. Dr. Mohammad Mostafizur Rahman,"['MBBS', 'MD']",MEDICINE SPECIALIST,20,Ibn Sina D. Lab & Consultation Center | Doyagonj,Dhaka,,,,,,,,,,,,,,,,,,,,,
5040,Dr. Md. Rustom Ali,"['MBBS', 'MD']",PULMONOLOGIST,15,Ibn Sina D. Lab & Consultation Center | Doyagonj,Dhaka,,,,,,,,,,,,,,,,,,,,,
5041,Assoc. Prof. Dr. Monoranjan Khan,"['MBBS', 'MD', 'MCPS']",CARDIOLOGIST,15,Ibn Sina Diagnostic & Consultation Center | Mirpur,Dhaka,,,,,,,,,,,,,,,,,,,,,
5042,Dr. Mohammad Ariful Rahman,"['MBBS', 'MD', 'FSCAI (USA)']",CARDIOLOGIST,15,Ibn Sina D. Lab & Consultation Center | Doyagonj,Dhaka,,,,,,,,,,,,,,,,,,,,,
5043,Dr. Khandaker Aisha Siddika,"['MBBS', 'MD']",CARDIOLOGIST,15,Ibn Sina D. Lab & Consultation Center | Doyagonj,Dhaka,,,,,,,,,,,,,,,,,,,,,
5044,Assoc. Prof. Dr. Md. Saidul Alam,"['MBBS', 'FCPS']",CARDIOLOGIST,22,Ibn Sina D. Lab & Consultation Center | Doyagonj,Dhaka,,,,,,,,,,,,,,,,,,,,,
5045,Dr. Md. Nazrul Islam,"['MBBS', 'FCPS', 'M.PHIL', 'MD']",RADIOLOGIST,15,Ibn Sina D. Lab & Consultation Center | Doyagonj,Dhaka,,,,,,,,,,,,,,,,,,,,,
5046,Asst. Prof. Dr. Khondaker Arafuzzaman Lipton,"['MBBS', 'FCPS']",UROLOGIST,14,Ibn Sina Diagnostic & Consultation Center | Mirpur,Dhaka,,,,,,,,,,,,,,,,,,,,,
5047,Asst. Prof. Dr. Sultan Mahmud,"['MBBS', 'BCS', 'MS']",VASCULAR SURGEON,20,Ibn Sina Diagnostic & Consultation Center | Mirpur,Dhaka,,,,,,,,,,,,,,,,,,,,,
5048,Dr. Md. Naved Yusuf,"['MBBS', 'BCS', 'FCPS', 'MPH']",UROLOGIST,12,Ibn Sina Diagnostic & Consultation Center | Mirpur,Dhaka,,,,,,,,,,,,,,,,,,,,,
5049,Asst. Prof. (Ex). Dr. Md. Asaduzzaman,"['MBBS', 'MCPS', 'MS', 'FICS (USA)']",UROLOGIST,20,Ibn Sina Diagnostic & Consultation Center | Mirpur,Dhaka,,,,,,,,,,,,,,,,,,,,,
5050,Dr. Shamsunnahar Parveen,"['MBBS', 'DDV']",DERMATOLOGIST,15,Ibn Sina Diagnostic & Consultation Center | Mirpur,Dhaka,,,,,,,,,,,,,,,,,,,,,
5051,Dr. Sushanta Kumar Saha,"['MBBS', 'BCS', 'MD']",RHEUMATOLOGIST,15,Bangladesh Specialized Hospital,Dhaka,,,,,,,,,,,,,,,,,,,,,
5052,Assoc. Prof. Dr. Md. Khairul Islam,"['MBBS', 'MCPS', 'MD']",PSYCHIATRIST,22,Ibn Sina Diagnostic & Consultation Center | Mirpur,Dhaka,,,,,,,,,,,,,,,,,,,,,
5053,Dr. Hafizur Rahaman,"['MBBS', 'MS', ' DU)']",PSYCHIATRIST,15,Ibn Sina Diagnostic & Consultation Center | Mirpur,Dhaka,,,,,,,,,,,,,,,,,,,,,
5054,Assoc. Prof. Dr. Md. Habibur Rahman,"['MBBS', 'DDV', 'MPH']",DERMATOLOGIST,22,Ibn Sina Diagnostic & Consultation Center | Mirpur,Dhaka,,,,,,,,,,,,,,,,,,,,,
5055,Assoc. Prof. Dr. Syed Shawket Ahmed,"['MBBS', 'DTM & H (BANGKOK)', 'MS']",DERMATOLOGIST,22,Ibn Sina Diagnostic & Consultation Center | Mirpur,Dhaka,,,,,,,,,,,,,,,,,,,,,
5056,Dr. Saima Ahmed Remi,"['MBBS', 'BCS', 'MCPS', 'DDV']",DERMATOLOGIST,14,Ibn Sina Diagnostic & Consultation Center | Mirpur,Dhaka,,,,,,,,,,,,,,,,,,,,,
5057,Dr. Md. Shah Alam,"['MBBS', 'BCS', 'MD']",DERMATOLOGIST,15,Ibn Sina Diagnostic & Consultation Center | Mirpur,Dhaka,,,,,,,,,,,,,,,,,,,,,
5058,Dr. Muhammad Shamsul Arefin,"['MBBS', 'BCS', 'DA', 'MD']",PAIN MANAGEMENT SPECIALIST,15,Ibn Sina Diagnostic & Consultation Center | Mirpur,Dhaka,,,,,,,,,,,,,,,,,,,,,
5059,Dr. Al-Amin,"['MBBS', 'BCS', 'MCPS', 'MD']",CARDIOLOGIST,15,Ibn Sina Diagnostic & Consultation Center | Mirpur,Dhaka,,,,,,,,,,,,,,,,,,,,,
5060,Asst. Prof. Dr. Bijoya Dey Happy,"['MBBS', 'MD']",PHYSICAL MEDICINE,20,Ibn Sina Diagnostic & Consultation Center | Mirpur,Dhaka,,,,,,,,,,,,,,,,,,,,,
5061,Prof. Dr. Md. Ruhul Amin,"['MBBS', 'BCS', 'FCPS', 'FIPM (INDIA)', 'FELLOW (TOBI', ' USA)']",PHYSICAL MEDICINE,22,Ibn Sina Diagnostic & Consultation Center | Mirpur,Dhaka,,,,,,,,,,,,,,,,,,,,,
5062,Asst. Prof. Dr. Shaila Parveen,"['MBBS', 'MS']",ONCOLOGIST,15,Ibn Sina D. Lab & Consultation Center | Doyagonj,Dhaka,,,,,,,,,,,,,,,,,,,,,
5062,Asst. Prof. Dr. Shaila Parveen,"['MBBS', 'MS']",SURGEON,15,Ibn Sina D. Lab & Consultation Center | Doyagonj,Dhaka,,,,,,,,,,,,,,,,,,,,,
5063,Dr. Md. Aminul Haque Pathan,"['MBBS', 'MS']",ORTHOPEDIC SURGEON,15,Ibn Sina Diagnostic & Consultation Center | Mirpur,Dhaka,,,,,,,,,,,,,,,,,,,,,
5064,Asst. Prof. Dr. Banita Mistry,"['MBBS', 'FCPS', 'FCPS']",PEDIATRIC NEUROLOGIST,20,Ibn Sina Diagnostic & Consultation Center | Mirpur,Dhaka,,,,,,,,,,,,,,,,,,,,,
5065,Prof. Dr. Md. Abbas Uddin Khan,"['MBBS', 'MD']",PEDIATRICIAN,25,Ibn Sina Diagnostic & Consultation Center | Mirpur,Dhaka,,,,,,,,,,,,,,,,,,,,,
5066,Asst. Prof. Dr. Kazi Iman,"['MBBS', 'FCPS', 'MPH']",PEDIATRICIAN,20,Ibn Sina Diagnostic & Consultation Center | Mirpur,Dhaka,,,,,,,,,,,,,,,,,,,,,
5067,Assoc. Prof. Farhana Rahat,"['MBBS', 'DCH', 'FCPS']",PEDIATRICIAN,22,Ibn Sina Diagnostic & Consultation Center | Mirpur,Dhaka,,,,,,,,,,,,,,,,,,,,,
5068,LT. Col. Dr. Md. Shahnewaz Hossain Khan,"['MBBS', 'MS', 'A O TRAUMA']",ORTHOPEDIC SURGEON,27,Ibn Sina Diagnostic & Consultation Center | Mirpur,Dhaka,,,,,,,,,,,,,,,,,,,,,
5069,Prof. Dr. Md. Maidul Islam,"['MBBS', 'MS', 'FCPS']",ORTHOPEDIC SURGEON,25,Ibn Sina Diagnostic & Consultation Center | Mirpur,Dhaka,,,,,,,,,,,,,,,,,,,,,
5070,Asst. Prof. Dr. Abdullah Al-Maruf,"['MBBS', 'D-ORTHO', 'AO BASIC TRAUMA']",ORTHOPEDIC SURGEON,20,Ibn Sina Diagnostic & Consultation Center | Mirpur,Dhaka,,,,,,,,,,,,,,,,,,,,,
5071,Prof. Brig. Gen. Dr. Md. Abdul Alim (Rtd),"['MBBS', 'FCPS', 'FACP', 'FRCP']",MEDICINE SPECIALIST,30,Ibn Sina Diagnostic & Consultation Center | Mirpur,Dhaka,,,,,,,,,,,,,,,,,,,,,
5072,Dr. Md. Abul Hossain,"['MBBS', 'FCPS']",OTOLARYNGOLOGISTS (ENT),15,Ibn Sina Diagnostic & Consultation Centre | Uttara,Dhaka,,,,,,,,,,,,,,,,,,,,,
5072,Dr. Md. Abul Hossain,"['MBBS', 'FCPS']",ONCOLOGIST,15,Ibn Sina Diagnostic & Consultation Centre | Uttara,Dhaka,,,,,,,,,,,,,,,,,,,,,
5073,Dr. Ashim Dhar,"['MBBS', 'BCS', 'MD']",ENDOCRINOLOGIST,15,Popular Diagnostic Centre Ltd. | Shyamoli,Dhaka,,,,,,,,,,,,,,,,,,,,,
5074,Asst. Prof. Dr. Md. Kamrul Hasan Mollik,"['MBBS', 'BCS', 'MS']",OTOLARYNGOLOGISTS (ENT),15,Ibn Sina Diagnostic & Consultation Center | Mirpur,Dhaka,,,,,,,,,,,,,,,,,,,,,
5075,Dr. Syeda Sharmin Zamal,"['MBBS', 'DLO', 'SPECIAL TRAINING IN FESS (SINGAPORE)', 'HEAD', 'NECK & EAR SURGERY (USA', ' UK)']",OTOLARYNGOLOGISTS (ENT),15,Bangladesh Specialized Hospital,Dhaka,,,,,,,,,,,,,,,,,,,,,
5076,Dr. Md. Rashedul Islam Rashed,"['MBBS', 'BCS', 'FCPS', 'MS']",OTOLARYNGOLOGISTS (ENT),16,Ibn Sina Diagnostic & Consultation Center | Mirpur,Dhaka,,,,,,,,,,,,,,,,,,,,,
5077,Dr. Mohammad Idris Ali,"['MBBS', 'MS', 'FRCS']",OTOLARYNGOLOGISTS (ENT),14,Ibn Sina Diagnostic & Consultation Center | Mirpur,Dhaka,,,,,,,,,,,,,,,,,,,,,
5078,Prof. Dr. Md. Shahjahan Kabir,"['MBBS', 'BCS', 'FCPS', 'MS']",OTOLARYNGOLOGISTS (ENT),25,Popular Diagnostic Centre Ltd. | Shyamoli,Dhaka,,,,,,,,,,,,,,,,,,,,,
5079,Dr. Seirina Parvin,"['BDS', 'PGT', 'PGT']",DENTIST,12,Ibn Sina Diagnostic & Consultation Center | Mirpur,Dhaka,,,,,,,,,,,,,,,,,,,,,
5080,Dr. Sadia Mahnuma Islam,"['BDS', 'MPH', 'DDS (D-PROSTHODONTICS)']",DENTIST,12,Ibn Sina Diagnostic & Consultation Center | Mirpur,Dhaka,,,,,,,,,,,,,,,,,,,,,
5081,Asst. Prof. Dr. Anjumanara Muna,"['BDS', 'BCS', 'DDS (BSMMU)', 'FCPS']",DENTIST,10,Ibn Sina Diagnostic & Consultation Center | Mirpur,Dhaka,,,,,,,,,,,,,,,,,,,,,
5082,Dr. Umme Shara Razia Morzia,"['BDS', 'PGT']",DENTIST,15,Ibn Sina Diagnostic & Consultation Center | Mirpur,Dhaka,,,,,,,,,,,,,,,,,,,,,
5083,Dr. Monoara Khatun Nupur,"['BDS', 'PGT']",DENTIST,15,Ibn Sina Diagnostic & Consultation Center | Mirpur,Dhaka,,,,,,,,,,,,,,,,,,,,,
5084,Dr. Md. Noman Mahmud,"['BDS', 'MPH', 'PGT']",DENTIST,15,Ibn Sina Diagnostic & Consultation Center | Mirpur,Dhaka,,,,,,,,,,,,,,,,,,,,,
5085,Asst. Prof. Md. Abubakar Shah,"['BDS', 'FCPS']",DENTIST,20,Ibn Sina Diagnostic & Consultation Center | Mirpur,Dhaka,,,,,,,,,,,,,,,,,,,,,
5086,Asst. Prof. Dr. Md. Shaheen Ferdous,"['MBBS', 'BCS', 'MD']",ONCOLOGIST,15,Ibn Sina Diagnostic & Consultation Center | Mirpur,Dhaka,,,,,,,,,,,,,,,,,,,,,
5087,Dr. Md. Masudzzaman,"['MBBS', 'BCS', 'DTCD', 'MD']",PULMONOLOGIST,15,Ibn Sina Diagnostic & Consultation Center | Mirpur,Dhaka,,,,,,,,,,,,,,,,,,,,,
5088,Assoc. Prof. Dr. Osman Goni Shamim,"['MBBS', 'D-CARD', 'CCD']",CARDIOLOGIST,22,Ibn Sina Diagnostic & Consultation Center | Mirpur,Dhaka,,,,,,,,,,,,,,,,,,,,,
5089,Dr. Md. Wahiduzzaman,"['MBBS', 'D-CARD', 'PHD', ' GERMANY)']",CARDIOLOGIST,15,Ibn Sina Diagnostic & Consultation Center | Mirpur,Dhaka,,,,,,,,,,,,,,,,,,,,,
5089,Dr. Md. Wahiduzzaman,"['MBBS', 'D-CARD', 'PHD', ' GERMANY)']",DIABETOLOGIST,15,Ibn Sina Diagnostic & Consultation Center | Mirpur,Dhaka,,,,,,,,,,,,,,,,,,,,,
5090,Asst. Prof. Dr. Md. Hassanuzzaman,"['MBBS', 'BCS', 'FACS', 'MS']",PEDIATRIC SURGEON,20,Popular Diagnostic Centre Ltd. | Mirpur (Unit 1),Dhaka,,,,,,,,,,,,,,,,,,,,,
5091,Asst. Prof. Maj. Dr. Md. A. H. M. Imrul Tareq,"['MBBS', 'MS']",UROLOGIST,27,Ibn Sina Diagnostic & Consultation Center | Badda,Dhaka,,,,,,,,,,,,,,,,,,,,,
5092,Asst. Prof. Dr. Hamudur Rahman,"['MBBS', 'FCPS', 'MS']",UROLOGIST,15,Ibn Sina Diagnostic & Consultation Center | Badda,Dhaka,,,,,,,,,,,,,,,,,,,,,
5093,Asst. Prof. Dr. Md. Murad Choudhury,"['MBBS', 'MS']",UROLOGIST,15,Ibn Sina Diagnostic & Consultation Center | Badda,Dhaka,,,,,,,,,,,,,,,,,,,,,
5094,Assoc. Prof. Dr. Muhammad Nuruzzaman,"['MBBS', 'FCPS']",GENERAL SURGEON,25,Ibn Sina Diagnostic & Consultation Center | Badda,Dhaka,,,,,,,,,,,,,,,,,,,,,
5095,Asst. Prof. Md. Abu Sayem,"['MBBS', 'BCS', 'FCPS', 'FACS (AMERICA)']",GENERAL SURGEON,20,Ibn Sina Diagnostic & Consultation Center | Badda,Dhaka,,,,,,,,,,,,,,,,,,,,,
5095,Asst. Prof. Md. Abu Sayem,"['MBBS', 'BCS', 'FCPS', 'FACS (AMERICA)']",LAPAROSCOPIC SURGEON,20,Ibn Sina Diagnostic & Consultation Center | Badda,Dhaka,,,,,,,,,,,,,,,,,,,,,
5096,Prof. Dr. A. Z. M. Shakhawat Hossain Shaheen,"['MBBS', 'FCPS']",GENERAL SURGEON,25,Ibn Sina Diagnostic & Consultation Center | Badda,Dhaka,,,,,,,,,,,,,,,,,,,,,
5096,Prof. Dr. A. Z. M. Shakhawat Hossain Shaheen,"['MBBS', 'FCPS']",LAPAROSCOPIC SURGEON,25,Ibn Sina Diagnostic & Consultation Center | Badda,Dhaka,,,,,,,,,,,,,,,,,,,,,
5097,Dr. Sania Rifad Islam,"['MBBS', 'DDV']",DERMATOLOGIST,15,Ibn Sina Diagnostic & Consultation Center | Badda,Dhaka,,,,,,,,,,,,,,,,,,,,,
5098,Asst. Prof. Dr. M. A. Hamid,"['MBBS', 'BCS', 'MD']",DERMATOLOGIST,20,Ibn Sina Diagnostic & Consultation Center | Badda,Dhaka,,,,,,,,,,,,,,,,,,,,,
5099,Asst. Prof. Dr. SM. Emran Ali,"['MBBS', 'MPH', 'FRSH']",COSMETOLOGIST,20,Ibn Sina Diagnostic & Consultation Center | Badda,Dhaka,,,,,,,,,,,,,,,,,,,,,
5099,Asst. Prof. Dr. SM. Emran Ali,"['MBBS', 'MPH', 'FRSH']",DERMATOLOGIST,20,Ibn Sina Diagnostic & Consultation Center | Badda,Dhaka,,,,,,,,,,,,,,,,,,,,,
5100,LT. Col. Dr. Syeda Tania Begum,"['MBBS', 'DDV', 'FCPS']",DERMATOLOGIST,22,Ibn Sina Diagnostic & Consultation Center | Badda,Dhaka,,,,,,,,,,,,,,,,,,,,,
5101,Dr. Humayra Sufian,"['MBBS', 'MCPS', 'FCPS']",DERMATOLOGIST,15,Ibn Sina Diagnostic & Consultation Center | Badda,Dhaka,,,,,,,,,,,,,,,,,,,,,
5102,Asst. Prof. Dr. Abu Jafar Md. Shahidul Hoq Babu,"['MBBS', 'BCS', 'FCPS', 'MCPS', 'MD']",DERMATOLOGIST,20,Ibn Sina Diagnostic & Consultation Center | Badda,Dhaka,,,,,,,,,,,,,,,,,,,,,
5103,Dr. Mohammad Abul Kalam Azad,"['MBBS', 'FCPS', 'MD']",RHEUMATOLOGIST,15,Ibn Sina Diagnostic & Consultation Center | Badda,Dhaka,,,,,,,,,,,,,,,,,,,,,
5104,Brig. Gen. (Retd.) Dr. Md. Azizul Islam,"['MBBS', 'FCPS', 'FRCP']",PSYCHIATRIST,28,Ibn Sina Diagnostic & Consultation Center | Badda,Dhaka,,,,,,,,,,,,,,,,,,,,,
5105,Prof. Dr. Nilufer Akhter Jahan,"['MBBS', 'M.PHIL', 'MD']",PSYCHIATRIST,25,Ibn Sina Diagnostic & Consultation Center | Badda,Dhaka,,,,,,,,,,,,,,,,,,,,,
5106,Prof. Dr. Badrunnesa Ahmed,"['MBBS', 'FCPS']",PHYSICAL MEDICINE,25,Ibn Sina Diagnostic & Consultation Center | Badda,Dhaka,,,,,,,,,,,,,,,,,,,,,
5107,Asst. Prof. Dr. Md. Mahfuzul Alam,"['MBBS', 'FCPS', 'BCS']",PHYSICAL MEDICINE,20,Ibn Sina Diagnostic & Consultation Center | Badda,Dhaka,,,,,,,,,,,,,,,,,,,,,
5108,Asst. Prof. Dr. Muhammad Kamrul Hassan,"['MBBS', 'FCPS']",PHYSICAL MEDICINE,20,Ibn Sina Diagnostic & Consultation Center | Badda,Dhaka,,,,,,,,,,,,,,,,,,,,,
5109,Asst. Prof. Dr. Mohammad Lutfar Rahman Chowdhury,"['MBBS', 'D-ORTHO']",ORTHOPEDIST,20,Ibn Sina Diagnostic & Consultation Center | Badda,Dhaka,,,,,,,,,,,,,,,,,,,,,
5110,Prof. Dr. M. H. M. Alamgir,"['MBBS', 'MS']",ORTHOPEDIST,25,Ibn Sina Diagnostic & Consultation Center | Badda,Dhaka,,,,,,,,,,,,,,,,,,,,,
5111,Dr. Mohammad Sazzad Hossain,"['MBBS', 'BCS', 'MS']",ORTHOPEDIC SURGEON,15,Ibn Sina Diagnostic & Consultation Center | Badda,Dhaka,,,,,,,,,,,,,,,,,,,,,
5112,Dr. Md. Mamun Ur Rashid,"['MBBS', 'MS']",ORTHOPEDIC SURGEON,15,Ibn Sina Diagnostic & Consultation Center | Badda,Dhaka,,,,,,,,,,,,,,,,,,,,,
5113,Prof. Dr. Md. Golam Rahman Dulal,"['MBBS', 'D-ORTHO', 'MS']",ORTHOPEDIST,25,Ibn Sina Diagnostic & Consultation Center | Badda,Dhaka,,,,,,,,,,,,,,,,,,,,,
5114,Asst. Prof. Dr. Kazi Hannanur Rahman Jewel,"['MBBS', 'BCS', 'MS']",ORTHOPEDIST,20,Ibn Sina Diagnostic & Consultation Center | Badda,Dhaka,,,,,,,,,,,,,,,,,,,,,
5115,Asst. Prof. Dr. Mohammad Masum Ali,"['MBBS', 'BCS', 'MS']",NEUROSURGEON,16,Ibn Sina Diagnostic & Consultation Center | Badda,Dhaka,,,,,,,,,,,,,,,,,,,,,
5116,Assoc. Prof. Dr. Amir Mohammad Khan,"['MBBS', 'MS']",NEUROSURGEON,15,Ibn Sina Diagnostic & Consultation Center | Badda,Dhaka,,,,,,,,,,,,,,,,,,,,,
5117,Assoc. Prof. Dr. Ferdous Mian,"['MBBS', 'MD']",NEUROLOGIST,15,Popular Diagnostic Centre Ltd. | Shyamoli,Dhaka,,,,,,,,,,,,,,,,,,,,,
5118,Asst. Prof. Dr. Md. Mamnur Rashid,"['MBBS', 'FCPS', 'MD']",NEUROMEDICINE SPECIALIST,20,Ibn Sina Diagnostic & Consultation Center | Badda,Dhaka,,,,,,,,,,,,,,,,,,,,,
5119,Asst. Prof. Dr. Md. Abdul Alim Nadim,"['MBBS', 'MD']",NEUROLOGIST,20,Ibn Sina Diagnostic & Consultation Center | Badda,Dhaka,,,,,,,,,,,,,,,,,,,,,
5120,Prof. Brig. Gen. Dr. Md. Habibur Rahman,"['MBBS', 'FCPS', 'MACP', 'POST GEADUATE GRADING COURSE (MEDICINE)', 'AFMI']",MEDICINE SPECIALIST,28,Ibn Sina Diagnostic & Consultation Center | Badda,Dhaka,,,,,,,,,,,,,,,,,,,,,
5121,Dr. Md. Mahmudul Alam Simon,"['MBBS', 'BCS', 'MCPS', 'FCPS']",MEDICINE SPECIALIST,13,Ibn Sina Diagnostic & Consultation Center | Badda,Dhaka,,,,,,,,,,,,,,,,,,,,,
5122,Dr. Md. Biplob Hossain,"['MBBS', 'FCPS', 'BCS', 'MACP']",MEDICINE SPECIALIST,15,Ibn Sina Diagnostic & Consultation Center | Badda,Dhaka,,,,,,,,,,,,,,,,,,,,,
5123,Prof. Dr. Sayed Zakir Hossain,"['MBBS', 'FCPS', 'BCS']",MEDICINE SPECIALIST,25,Ibn Sina Diagnostic & Consultation Center | Badda,Dhaka,,,,,,,,,,,,,,,,,,,,,
5124,Asst. Prof. Dr. Zulfiquar Seraj,"['MBBS', 'MRCP', 'MD', ' BSMMU)']",NEPHROLOGIST,20,Popular Diagnostic Centre Ltd. | Badda,Dhaka,,,,,,,,,,,,,,,,,,,,,
5125,Asst. Prof. Dr. Shahabuddin Mahmud,"['MBBS', 'MD']",NEPHROLOGIST,20,Ibn Sina Diagnostic & Consultation Center | Badda,Dhaka,,,,,,,,,,,,,,,,,,,,,
5126,Prof. Dr. Col. Abdul Quddus Bhuiyan,"['MBBS', 'MCPS', 'FCPS', 'FCPS']",NEPHROLOGIST,25,Ibn Sina Diagnostic & Consultation Center | Badda,Dhaka,,,,,,,,,,,,,,,,,,,,,
5127,Prof. Dr. Kh. Md. Rayhan Hossain,"['MBBS', 'BCS', 'MS', 'FCPS']",PEDIATRIC SURGEON,25,Ibn Sina Diagnostic & Consultation Center | Badda,Dhaka,,,,,,,,,,,,,,,,,,,,,
5128,Dr. Md. Mahbubul Alam,"['MBBS', 'BCS', 'MCPS', 'FCPS', 'MD']",HEMATOLOGIST,15,Ibn Sina Diagnostic & Consultation Center | Badda,Dhaka,,,,,,,,,,,,,,,,,,,,,
5129,Assoc. Prof. Dr. A. K. M. Mynul Islam,"['MBBS', 'FCPS', 'BCS']",HEMATOLOGIST,22,Ibn Sina Diagnostic & Consultation Center | Badda,Dhaka,,,,,,,,,,,,,,,,,,,,,
5130,Dr. Sayda Shanjida Runa,"['MBBS', 'BCS', 'DGO', 'FCPS']",GYNECOLOGIST & OBSTETRICIAN,16,Ibn Sina Diagnostic & Consultation Center | Badda,Dhaka,,,,,,,,,,,,,,,,,,,,,
5131,Asst. Prof. Dr. Munmun Ferjana,"['MBBS', 'FCPS']",GYNECOLOGIST & OBSTETRICIAN,15,Ibn Sina Diagnostic & Consultation Center | Badda,Dhaka,,,,,,,,,,,,,,,,,,,,,
5132,Prof. Dr. Quorrata Eynul Forhad Rodia,"['MBBS', 'FCPS']",GYNECOLOGIST & OBSTETRICIAN,25,Ibn Sina Diagnostic & Consultation Center | Badda,Dhaka,,,,,,,,,,,,,,,,,,,,,
5133,Dr. Hasina Parveen,"['MBBS', 'DGO', 'FCPS']",GYNECOLOGIST & OBSTETRICIAN,15,Ibn Sina Diagnostic & Consultation Center | Badda,Dhaka,,,,,,,,,,,,,,,,,,,,,
5134,Assoc. Prof. Dr. Shabiha Sultana Sumi,"['MBBS', 'DGO', 'FCPS']",GYNECOLOGIST & OBSTETRICIAN,20,Ibn Sina Diagnostic & Consultation Center | Badda,Dhaka,,,,,,,,,,,,,,,,,,,,,
5135,Dr. Mehera Parveen,"['MBBS', 'MS']",GYNECOLOGIST & OBSTETRICIAN,15,Ibn Sina Diagnostic & Consultation Center | Badda,Dhaka,,,,,,,,,,,,,,,,,,,,,
5136,Assoc. Prof. Dr. Fatema Begum,"['MBBS', 'DGO', 'FCPS']",GYNECOLOGIST & OBSTETRICIAN,22,Ibn Sina Diagnostic & Consultation Center | Badda,Dhaka,,,,,,,,,,,,,,,,,,,,,
5137,Dr. Farhana Binte Rashid,"['MBBS', 'FCPS']",GYNECOLOGIST & OBSTETRICIAN,17,Ibn Sina Diagnostic & Consultation Center | Badda,Dhaka,,,,,,,,,,,,,,,,,,,,,
5138,Dr. Kazi Farhana Begum,"['MBBS', 'FCPS']",GYNECOLOGIST & OBSTETRICIAN,16,Ibn Sina Diagnostic & Consultation Center | Badda,Dhaka,,,,,,,,,,,,,,,,,,,,,
5139,Dr. Zebun Nessa,"['MBBS', 'BCS', 'MCPS', 'FCPS']",GYNECOLOGIST & OBSTETRICIAN,15,Ibn Sina Diagnostic & Consultation Center | Badda,Dhaka,,,,,,,,,,,,,,,,,,,,,
5140,Prof. Dr. Mushtaque Ahmad Rana,"['MBBS', 'FCPS', 'MD', 'FELLOW GASTRO. (JAPAN)']",GASTROENTEROLOGIST,25,Ibn Sina Diagnostic & Consultation Center | Badda,Dhaka,,,,,,,,,,,,,,,,,,,,,
5141,Dr. Md. Syedul Islam,"['MBBS', 'FCPS', 'CCD', 'MD']",GASTROENTEROLOGIST,13,Ibn Sina Diagnostic & Consultation Center | Badda,Dhaka,,,,,,,,,,,,,,,,,,,,,
5142,Asst. Prof. Dr. Ashfaque Ahmed Siddique,"['MBBS', 'BCS', 'MCPS', 'MD']",GASTROENTEROLOGIST,20,Ibn Sina Diagnostic & Consultation Center | Badda,Dhaka,,,,,,,,,,,,,,,,,,,,,
5143,Asst. Prof. Dr. Zahida Jabbar,"['MBBS', 'FCPS', 'DO (BSMMU)']",OPHTHALMOLOGIST,11,Ibn Sina Diagnostic & Consultation Center | Badda,Dhaka,,,,,,,,,,,,,,,,,,,,,
5144,Dr. Md. Asraful Islam,"['MBBS', 'DLO', 'MS']",OTOLARYNGOLOGISTS (ENT),10,Ibn Sina Diagnostic & Consultation Center | Badda,Dhaka,,,,,,,,,,,,,,,,,,,,,
5145,Asst. Prof. Dr. Ahmed Tariq,"['MBBS', 'BCS', 'FCPS', 'MS']",OTOLARYNGOLOGISTS (ENT),20,Ibn Sina Diagnostic & Consultation Center | Badda,Dhaka,,,,,,,,,,,,,,,,,,,,,
5146,Asst. Prof. Dr. Mohammad Rokan Uddin Bhuiyan,"['MBBS', 'BCS', 'FCPS', 'MS']",OTOLARYNGOLOGISTS (ENT),20,Ibn Sina Diagnostic & Consultation Center | Badda,Dhaka,,,,,,,,,,,,,,,,,,,,,
5147,Prof. Dr. Kazi Shah Alam,"['MBBS', 'DLO', 'FCPS']",OTOLARYNGOLOGISTS (ENT),25,Ibn Sina Diagnostic & Consultation Center | Badda,Dhaka,,,,,,,,,,,,,,,,,,,,,
5148,Dr. Nabila Mannan,"['MBBS', 'FCPS']",OTOLARYNGOLOGISTS (ENT),15,Ibn Sina Diagnostic & Consultation Center | Badda,Dhaka,,,,,,,,,,,,,,,,,,,,,
5149,Dr. Lt. Col. Amzad Hossain,"['MBBS', 'FCGP (BD)', 'CCD', 'MS']",DIABETES SPECIALIST,26,Ibn Sina Diagnostic & Consultation Center | Badda,Dhaka,,,,,,,,,,,,,,,,,,,,,
5150,Assoc. Prof. Dr. Mohona Zaman,"['MBBS', 'MD']",ENDOCRINOLOGIST,22,Ibn Sina Diagnostic & Consultation Center | Badda,Dhaka,,,,,,,,,,,,,,,,,,,,,
5151,Asst. Prof. Dr. Dahlia Sultana,"['MBBS', 'BCS', 'MD']",ENDOCRINOLOGIST,20,Ibn Sina Diagnostic & Consultation Center | Badda,Dhaka,,,,,,,,,,,,,,,,,,,,,
5152,Prof. Dr. A K M Aminul Islam,"['MBBS', 'MD']",ENDOCRINOLOGIST,22,Ibn Sina Diagnostic & Consultation Center | Badda,Dhaka,,,,,,,,,,,,,,,,,,,,,
5153,Dr. Israt Sarah,"['BDS', 'PGT', 'MPH']",DENTIST,15,Ibn Sina Diagnostic & Consultation Center | Badda,Dhaka,,,,,,,,,,,,,,,,,,,,,
5154,Dr. Afsana Iqbal,"['BDS', 'PGT']",DENTIST,15,Ibn Sina Diagnostic & Consultation Center | Badda,Dhaka,,,,,,,,,,,,,,,,,,,,,
5155,Dr. Md. Faridul Islam,"['BDS', 'PGT']",DENTIST,15,Ibn Sina Diagnostic & Consultation Center | Badda,Dhaka,,,,,,,,,,,,,,,,,,,,,
5156,Asst. Prof. Dr. Md. Mubashirul Haque,"['BDS', 'MS']",DENTIST,18,Ibn Sina Diagnostic & Consultation Center | Badda,Dhaka,,,,,,,,,,,,,,,,,,,,,
5156,Asst. Prof. Dr. Md. Mubashirul Haque,"['BDS', 'MS']",MAXILLOFACIAL SURGEON,18,Ibn Sina Diagnostic & Consultation Center | Badda,Dhaka,,,,,,,,,,,,,,,,,,,,,
5157,Asst. Prof. Dr. Sultana Parveen Lipa,"['BDS', 'FCPS']",DENTIST,20,Ibn Sina Diagnostic & Consultation Center | Badda,Dhaka,,,,,,,,,,,,,,,,,,,,,
5158,Dr. Ariful Rahman,"['BDS', 'PGT']",DENTIST,15,Ibn Sina Diagnostic & Consultation Center | Badda,Dhaka,,,,,,,,,,,,,,,,,,,,,
5159,Asst. Prof. Dr. Md. Jahangir Kabir,"['MBBS', 'BCS', 'MD', ' BSMMU)']",HEPATOLOGIST,20,Ibn Sina Diagnostic & Consultation Center | Badda,Dhaka,,,,,,,,,,,,,,,,,,,,,
5160,Dr. Nadira Afroz,"['MBBS', 'DCH', 'FCPS']",PEDIATRICIAN,15,Ibn Sina Diagnostic & Consultation Center | Badda,Dhaka,,,,,,,,,,,,,,,,,,,,,
5161,Asst. Prof. Dr Mohammad Monir Hossain,"['MBBS', 'FCPS', 'MD']",PEDIATRICIAN,20,Ibn Sina Diagnostic & Consultation Center | Badda,Dhaka,,,,,,,,,,,,,,,,,,,,,
5162,Assoc. Prof. Dr. Md. Shafiul Alam Koreshi,"['MBBS', 'FCPS']",PEDIATRICIAN,22,Ibn Sina Diagnostic & Consultation Center | Badda,Dhaka,,,,,,,,,,,,,,,,,,,,,
5163,Assoc. Prof. Dr. Shahidul Haque,"['MBBS', 'BCS', 'FCPS']",PEDIATRICIAN,22,Ibn Sina Diagnostic & Consultation Center | Badda,Dhaka,,,,,,,,,,,,,,,,,,,,,
5164,Dr. M S Alam Nizam,"['MBBS', 'BCS', 'DCH', 'FCPS']",PEDIATRICIAN,16,Ibn Sina Diagnostic & Consultation Center | Badda,Dhaka,,,,,,,,,,,,,,,,,,,,,
5165,Dr. Sultana Begum,"['MBBS', 'DCH', 'MD']",PEDIATRICIAN,15,Ibn Sina Diagnostic & Consultation Center | Badda,Dhaka,,,,,,,,,,,,,,,,,,,,,
5166,Prof. Dr. Sayeda Afroza,"['MBBS', 'FCPS', 'DM', 'MMED (UK)']",PEDIATRICIAN,24,Ibn Sina Diagnostic & Consultation Center | Badda,Dhaka,,,,,,,,,,,,,,,,,,,,,
5166,Prof. Dr. Sayeda Afroza,"['MBBS', 'FCPS', 'DM', 'MMED (UK)']",MEDICINE SPECIALIST,24,Ibn Sina Diagnostic & Consultation Center | Badda,Dhaka,,,,,,,,,,,,,,,,,,,,,
5167,Prof. Dr. A. M. Talukdar,"['MBBS', 'DCH', 'FCPS']",PEDIATRICIAN,25,Ibn Sina Diagnostic & Consultation Center | Badda,Dhaka,,,,,,,,,,,,,,,,,,,,,
5168,Asst. Prof. Dr. Mahmud Masum Attar,"['MBBS', 'DTCD (BSMMU)']",PULMONOLOGIST,18,Ibn Sina Diagnostic & Consultation Center | Badda,Dhaka,,,,,,,,,,,,,,,,,,,,,
5169,Asst. Prof. Dr. Md. Touhiduzzaman,"['MBBS', 'BCS', 'MD']",PULMONOLOGIST,20,Ibn Sina Diagnostic & Consultation Center | Badda,Dhaka,,,,,,,,,,,,,,,,,,,,,
5170,Assoc. Prof. Dr. Syed Aminul Islam Maruf,"['MBBS', 'BCS', 'MD']",CARDIOLOGIST,15,Ibn Sina Diagnostic & Consultation Center | Badda,Dhaka,,,,,,,,,,,,,,,,,,,,,
5171,Asst. Prof. Dr. Mohammad Azizul Karim,"['MBBS', 'FCPS', 'MD']",CARDIOLOGIST,20,Ibn Sina Diagnostic & Consultation Center | Badda,Dhaka,,,,,,,,,,,,,,,,,,,,,
5172,Asst. Prof. Dr. Md. Nurul Alam Siddiqi,"['MBBS', 'BCS', 'MS']",CARDIAC SURGEON,20,Ibn Sina Diagnostic & Consultation Center | Badda,Dhaka,,,,,,,,,,,,,,,,,,,,,
5173,Prof. Dr. Manzoor Mahmood,"['MBBS', 'D-CARD', 'MD', 'MS']",CARDIOLOGIST,25,Ibn Sina Diagnostic & Consultation Center | Badda,Dhaka,,,,,,,,,,,,,,,,,,,,,
5174,Prof. Dr. Shakil Gafur,"['MBBS', 'DTCD (CHEST)', 'MD']",CARDIOLOGIST,25,Popular Diagnostic Centre Ltd. | Dhanmondi,Dhaka,,,,,,,,,,,,,,,,,,,,,
5175,Dr. Tangina Afrin,"['MBBS', 'BCS', 'FCPS', 'MS']",GENERAL SURGEON,15,Ibn Sina Diagnostic & Consultation Center | Badda,Dhaka,,,,,,,,,,,,,,,,,,,,,
5175,Dr. Tangina Afrin,"['MBBS', 'BCS', 'FCPS', 'MS']",COLORECTAL SURGEON,15,Ibn Sina Diagnostic & Consultation Center | Badda,Dhaka,,,,,,,,,,,,,,,,,,,,,
5176,Prof. Dr. Nawazesh Farid,"['MBBS', 'D-CARD']",CARDIOLOGIST,25,Ibn Sina Diagnostic & Consultation Center | Badda,Dhaka,,,,,,,,,,,,,,,,,,,,,
5177,Dr. Mosfika Rahman,"['MBBS', 'MD']",ONCOLOGIST,15,Ibn Sina Diagnostic & Consultation Center | Badda,Dhaka,,,,,,,,,,,,,,,,,,,,,
5178,Asst. Prof. Dr. Md. Rafiqul Islam,"['MBBS', 'MD']",ONCOLOGIST,20,Ibn Sina Diagnostic & Consultation Center | Badda,Dhaka,,,,,,,,,,,,,,,,,,,,,
5179,Dr. Shahidul Hassan Shaheen,"['MBBS', 'MS', 'BCS']",CARDIOTHORACIC AND VASCULAR SURGEON,15,Ibn Sina Medical College Hospital | Kallyanpur,Dhaka,,,,,,,,,,,,,,,,,,,,,
5180,Dr. H. M. Ashfaq Nazmi,"['MBBS', 'BCS', 'MS']",CARDIOTHORACIC AND VASCULAR SURGEON,15,Ibn Sina Medical College Hospital | Kallyanpur,Dhaka,,,,,,,,,,,,,,,,,,,,,
5181,Asst. Prof. Dr. Md. Anisuzzaman,"['MBBS', 'MS', 'FACS (USA)', 'ADVANCE TRAINING IN CARDIAC SURGERY (SINGAPORE', ' PHILIPPINE', ' RUSSIA)']",CARDIAC SURGEON,20,Ibn Sina Medical College Hospital | Kallyanpur,Dhaka,,,,,,,,,,,,,,,,,,,,,
5182,Prof. Dr. Mohammad Enamul Hakim,"['MBBS', 'MS', 'USMLE (USA)']",CARDIOTHORACIC AND VASCULAR SURGEON,21,Ibn Sina Medical College Hospital | Kallyanpur,Dhaka,,,,,,,,,,,,,,,,,,,,,
5183,Asst. Prof. Dr. Md. Ohiduzzaman,"['MBBS', 'BCS', 'MS']",UROLOGIST,18,Ibn Sina Medical College Hospital | Kallyanpur,Dhaka,,,,,,,,,,,,,,,,,,,,,
5184,Assoc. Prof. Dr. Md. Monsur Hallaz,"['MBBS', 'MS', 'MRCS (EDIN', ' UK)']",UROLOGIST,22,Ibn Sina Medical College Hospital | Kallyanpur,Dhaka,,,,,,,,,,,,,,,,,,,,,
5185,Asst. Prof. Khondaker Arafuzzaman Lipton,"['MBBS', 'FCPS']",UROLOGIST,20,Ibn Sina Medical College Hospital | Kallyanpur,Dhaka,,,,,,,,,,,,,,,,,,,,,
5186,Asst. Prof. Dr. Furkan Ahmed,"['MBBS', 'MS']",UROLOGIST,20,Ibn Sina Medical College Hospital | Kallyanpur,Dhaka,,,,,,,,,,,,,,,,,,,,,
5187,Prof. Dr. Mohammad Kamrul Islam,"['MBBS', 'MS']",THORACIC SURGEON,25,Ibn Sina Medical College Hospital | Kallyanpur,Dhaka,,,,,,,,,,,,,,,,,,,,,
5188,Asso. Prof. Dr. Shahana Akter,"['MBBS', 'FCPS', 'CCD']",GENERAL SURGEON,22,Ibn Sina Medical College Hospital | Kallyanpur,Dhaka,,,,,,,,,,,,,,,,,,,,,
5188,Asso. Prof. Dr. Shahana Akter,"['MBBS', 'FCPS', 'CCD']",LAPAROSCOPIC SURGEON,22,Ibn Sina Medical College Hospital | Kallyanpur,Dhaka,,,,,,,,,,,,,,,,,,,,,
5189,Prof. Dr. A. B. M Abdul Matin,"['MBBS', 'FCPS']",GENERAL SURGEON,25,Ibn Sina Medical College Hospital | Kallyanpur,Dhaka,,,,,,,,,,,,,,,,,,,,,
5189,Prof. Dr. A. B. M Abdul Matin,"['MBBS', 'FCPS']",LAPAROSCOPIC SURGEON,25,Ibn Sina Medical College Hospital | Kallyanpur,Dhaka,,,,,,,,,,,,,,,,,,,,,
5190,Asst. Prof. Dr. Md. Abdul Jalil,"['MBBS', 'FCPS']",GENERAL SURGEON,20,Ibn Sina Medical College Hospital | Kallyanpur,Dhaka,,,,,,,,,,,,,,,,,,,,,
5190,Asst. Prof. Dr. Md. Abdul Jalil,"['MBBS', 'FCPS']",LAPAROSCOPIC SURGEON,20,Ibn Sina Medical College Hospital | Kallyanpur,Dhaka,,,,,,,,,,,,,,,,,,,,,
5191,Assoc. Prof. Dr. Mostafizul Rahman,"['MBBS', 'MS']",GENERAL SURGEON,22,Ibn Sina Medical College Hospital | Kallyanpur,Dhaka,,,,,,,,,,,,,,,,,,,,,
5191,Assoc. Prof. Dr. Mostafizul Rahman,"['MBBS', 'MS']",LAPAROSCOPIC SURGEON,22,Ibn Sina Medical College Hospital | Kallyanpur,Dhaka,,,,,,,,,,,,,,,,,,,,,
5192,Assoc. Prof. Dr. Hasan Ul Banna,"['MBBS', 'FCPS', 'MRCH (ENGLAND)', 'F.M']",GENERAL SURGEON,22,Ibn Sina Medical College Hospital | Kallyanpur,Dhaka,,,,,,,,,,,,,,,,,,,,,
5192,Assoc. Prof. Dr. Hasan Ul Banna,"['MBBS', 'FCPS', 'MRCH (ENGLAND)', 'F.M']",LAPAROSCOPIC SURGEON,22,Ibn Sina Medical College Hospital | Kallyanpur,Dhaka,,,,,,,,,,,,,,,,,,,,,
5193,Prof. Dr. Mohammad Ali,"['MBBS', 'MCPS', 'FCPS']",GENERAL SURGEON,25,Ibn Sina Medical College Hospital | Kallyanpur,Dhaka,,,,,,,,,,,,,,,,,,,,,
5193,Prof. Dr. Mohammad Ali,"['MBBS', 'MCPS', 'FCPS']",LAPAROSCOPIC SURGEON,25,Ibn Sina Medical College Hospital | Kallyanpur,Dhaka,,,,,,,,,,,,,,,,,,,,,
5194,Prof. Dr. Md. Jahangir Hossain Bhuiyan,"['MBBS', 'MS']",LAPAROSCOPIC SURGEON,26,Ibn Sina Medical College Hospital | Kallyanpur,Dhaka,,,,,,,,,,,,,,,,,,,,,
5194,Prof. Dr. Md. Jahangir Hossain Bhuiyan,"['MBBS', 'MS']",GENERAL SURGEON,26,Ibn Sina Medical College Hospital | Kallyanpur,Dhaka,,,,,,,,,,,,,,,,,,,,,
5195,Dr. Jesmen Nahar Runi,"['MBBS', 'MCPS', 'FCPS']",GENERAL SURGEON,15,Ibn Sina Medical College Hospital | Kallyanpur,Dhaka,,,,,,,,,,,,,,,,,,,,,
5196,Prof. Dr. Md. Azizul Bari,"['MBBS', 'FCPS', 'D-CARD', 'TRAINING (INDIA)']",CARDIOLOGIST,25,Ibn Sina Medical College Hospital | Kallyanpur,Dhaka,,,,,,,,,,,,,,,,,,,,,
5197,Asst. Prof. Dr. Mohsena Akter Nipun,"['MBBS', 'DDV', 'MCPS', 'FCPS']",DERMATOLOGIST,20,Ibn Sina Medical College Hospital | Kallyanpur,Dhaka,,,,,,,,,,,,,,,,,,,,,
5198,Assoc. Prof. Dr. Md. Nurul Alam,"['MBBS', 'FCPS', 'DDV', 'MCPS']",DERMATOLOGIST,15,Ibn Sina Medical College Hospital | Kallyanpur,Dhaka,,,,,,,,,,,,,,,,,,,,,
5199,Prof. Dr. Major (Retd) Md. Anwar Husain,"['MBBS', 'MCPS', 'DDV', 'PHD', 'FRCP']",DERMATOLOGIST,25,Ibn Sina Medical College Hospital | Kallyanpur,Dhaka,,,,,,,,,,,,,,,,,,,,,
5200,Dr. Jamal Uddin Ahmed,"['MBBS', 'FCPS', 'D-ORTHO', 'MRCS (UK)', 'FRCS', ' UK)']",ORTHOPEDIST,14,Ibn Sina Medical College Hospital | Kallyanpur,Dhaka,,,,,,,,,,,,,,,,,,,,,
5201,Prof. Dr. Nasir Uddin,"['MBBS', 'MS']",ORTHOPEDIST,25,Ibn Sina Medical College Hospital | Kallyanpur,Dhaka,,,,,,,,,,,,,,,,,,,,,
5202,Assoc. Prof. Dr. Abdullah Al Mahmud,"['MBBS', 'D-ORTHO']",ORTHOPEDIST,20,Ibn Sina Medical College Hospital | Kallyanpur,Dhaka,,,,,,,,,,,,,,,,,,,,,
5203,Asst. Prof. Dr. Hamidul Haque Rashed,"['MBBS', 'MS']",ORTHOPEDIST,20,Ibn Sina Medical College Hospital | Kallyanpur,Dhaka,,,,,,,,,,,,,,,,,,,,,
5204,Dr. Md. Sahidur Rahman Khan,"['MBBS', 'BCS', 'D-ORTHO', 'AO TRAUMA (SWITZERLAND)']",ORTHOPEDIC SURGEON,15,Ibn Sina Medical College Hospital | Kallyanpur,Dhaka,,,,,,,,,,,,,,,,,,,,,
5205,Prof. Dr. S. M Idris Ali,"['MBBS', 'MS', 'MMED']",ORTHOPEDIC SURGEON,26,Ibn Sina Medical College Hospital | Kallyanpur,Dhaka,,,,,,,,,,,,,,,,,,,,,
5206,Prof. Dr. Md. Safiul Alam,"['MBBS', 'DM']",ONCOLOGIST,25,Ibn Sina Medical College Hospital | Kallyanpur,Dhaka,,,,,,,,,,,,,,,,,,,,,
5207,Ayesha Mosrofa Bushra,"['BSC (HONS)', 'MS']",NUTRITIONIST,10,Ibn Sina Medical College Hospital | Kallyanpur,Dhaka,,,,,,,,,,,,,,,,,,,,,
5208,Jannatul Fardous Shimu,"['BSC (HONS)', 'MS', 'CND (BIRDEM)']",NUTRITIONIST,12,Ibn Sina Medical College Hospital | Kallyanpur,Dhaka,,,,,,,,,,,,,,,,,,,,,
5209,Shirajam Munira,"['BSC', 'MS']",NUTRITIONIST,15,Ibn Sina Medical College Hospital | Kallyanpur,Dhaka,,,,,,,,,,,,,,,,,,,,,
5210,Asst. Prof. Dr. Md. Masudur Rahman,"['MBBS', 'BCS', 'MD']",NEUROMEDICINE SPECIALIST,20,Ibn Sina Medical College Hospital | Kallyanpur,Dhaka,,,,,,,,,,,,,,,,,,,,,
5211,Asst. Prof. Dr. A. F. M Al Masum Khan,"['MBBS', 'BCS', 'MD']",NEUROMEDICINE SPECIALIST,20,Ibn Sina Medical College Hospital | Kallyanpur,Dhaka,,,,,,,,,,,,,,,,,,,,,
5212,Asst. Prof. Dr. Rashed Imam Zahid,"['MBBS', 'BCS', 'MD']",NEUROMEDICINE SPECIALIST,20,Ibn Sina Medical College Hospital | Kallyanpur,Dhaka,,,,,,,,,,,,,,,,,,,,,
5213,Dr. Md. Zakirul Islam Jewel,"['MBBBS', 'BCS', 'FCPS']",MEDICINE SPECIALIST,14,Ibn Sina Medical College Hospital | Kallyanpur,Dhaka,,,,,,,,,,,,,,,,,,,,,
5214,Dr. Golam Mostafa,"['MBBS', 'DTM & H (ENGLAND)', 'AMC', 'MCQ']",MEDICINE SPECIALIST,15,Ibn Sina Medical College Hospital | Kallyanpur,Dhaka,,,,,,,,,,,,,,,,,,,,,
5215,Prof. Dr. Md. Azizul Haque,"['MBBS', 'MCPS', 'MD', 'FRCP']",PULMONOLOGIST,25,Ibn Sina Medical College Hospital | Kallyanpur,Dhaka,,,,,,,,,,,,,,,,,,,,,
5215,Prof. Dr. Md. Azizul Haque,"['MBBS', 'MCPS', 'MD', 'FRCP']",MEDICINE SPECIALIST,25,Ibn Sina Medical College Hospital | Kallyanpur,Dhaka,,,,,,,,,,,,,,,,,,,,,
5216,Dr. Md. Shafiul Alam,"['MBBS', 'BCS', 'FCPS', 'MACP']",MEDICINE SPECIALIST,16,Ibn Sina Medical College Hospital | Kallyanpur,Dhaka,,,,,,,,,,,,,,,,,,,,,
5217,Prof. Dr. A. K. M. Mazharul Islam,"['MBBS', 'MD']",MEDICINE SPECIALIST,25,Ibn Sina Medical College Hospital | Kallyanpur,Dhaka,,,,,,,,,,,,,,,,,,,,,
5218,Asst. Prof. Dr. Md. Reazuddin Danish,"['MBBS', 'MRCP', ' UK)', 'MD']",GASTROENTEROLOGIST,15,Ibn Sina Medical College Hospital | Kallyanpur,Dhaka,,,,,,,,,,,,,,,,,,,,,
5219,Asst. Prof. Dr. A K M Sajedur Rahman,"['MBBS', 'BCS', 'MD']",MEDICINE SPECIALIST,18,Ibn Sina Medical College Hospital | Kallyanpur,Dhaka,,,,,,,,,,,,,,,,,,,,,
5220,Asst. Prof. Dr. Md. Abdur Rahman,"['MBBS', 'BCS', 'FCPS', 'MD']",MEDICINE SPECIALIST,20,Ibn Sina Medical College Hospital | Kallyanpur,Dhaka,,,,,,,,,,,,,,,,,,,,,
5221,Prof. Dr. G. K. M. Shahiduzzaman,"['MBBS', 'FCPS', 'FACP']",MEDICINE SPECIALIST,25,Ibn Sina Medical College Hospital | Kallyanpur,Dhaka,,,,,,,,,,,,,,,,,,,,,
5222,Dr. Md. Khairul Islam,"['MBBS', 'BCS', 'MCPS', 'FCPS']",INTERNAL MEDICINE SPECIALIST,15,Ibn Sina Medical College Hospital | Kallyanpur,Dhaka,,,,,,,,,,,,,,,,,,,,,
5223,Assoc. Prof. Dr. M. Kamruzzaman Mazumder,"['MBBS', 'MD']",MEDICINE SPECIALIST,15,Ibn Sina Medical College Hospital | Kallyanpur,Dhaka,,,,,,,,,,,,,,,,,,,,,
5224,Dr. Md. Samsul Arifin,"['MBBS', 'BCS', 'MS']",NEUROSURGEON,14,Popular Diagnostic Centre Ltd. | Shyamoli,Dhaka,,,,,,,,,,,,,,,,,,,,,
5225,Dr. Md. Ismail Hossen,"['MBBS', 'BCS', 'MS']",NEUROSURGEON,15,Ibn Sina Medical College Hospital | Kallyanpur,Dhaka,,,,,,,,,,,,,,,,,,,,,
5226,Prof. Dr. M. M. Ehsanul Haque,"['MBBS', 'MS', 'FRSH (UK)']",NEUROSURGEON,25,Ibn Sina Medical College Hospital | Kallyanpur,Dhaka,,,,,,,,,,,,,,,,,,,,,
5227,Asst. Prof. Dr. Shamsuzzaman,"['MBBS', 'BCS', 'MS']",NEUROSURGEON,20,Ibn Sina Medical College Hospital | Kallyanpur,Dhaka,,,,,,,,,,,,,,,,,,,,,
5228,Assoc. Prof. Dr. Md. Hafizur Rahman,"['MBBS', 'MS']",NEUROSURGEON,22,Ibn Sina Medical College Hospital | Kallyanpur,Dhaka,,,,,,,,,,,,,,,,,,,,,
5229,Prof. Dr. Md. Abdus Sobur,"['MBBS', 'FCPS']",MEDICINE SPECIALIST,25,Ibn Sina Medical College Hospital | Kallyanpur,Dhaka,,,,,,,,,,,,,,,,,,,,,
5230,Dr. Syed Imtiaz Ahmed,"['MBBS', 'BCS', 'MD']",NEPHROLOGIST,13,Ibn Sina Medical College Hospital | Kallyanpur,Dhaka,,,,,,,,,,,,,,,,,,,,,
5231,Dr. Ahsan Ullah,"['MBBS', 'FCPS', 'MCPS']",NEPHROLOGIST,15,Ibn Sina Medical College Hospital | Kallyanpur,Dhaka,,,,,,,,,,,,,,,,,,,,,
5231,Dr. Ahsan Ullah,"['MBBS', 'FCPS', 'MCPS']",MEDICINE SPECIALIST,15,Ibn Sina Medical College Hospital | Kallyanpur,Dhaka,,,,,,,,,,,,,,,,,,,,,
5232,Assoc. Prof. Dr. A. T. M. Sulaiman Kabir,"['MBBS', 'MD']",NEPHROLOGIST,22,Ibn Sina Medical College Hospital | Kallyanpur,Dhaka,,,,,,,,,,,,,,,,,,,,,
5233,Asst. Prof. Dr. Shahnewaz Dewan,"['MBBS', 'BCS', 'MD', 'FCGP (BD)']",NEPHROLOGIST,18,Ibn Sina Medical College Hospital | Kallyanpur,Dhaka,,,,,,,,,,,,,,,,,,,,,
5234,Assoc. Prof. Dr. Saif Bin Mizan,"['MBBS', 'CCD', 'MD']",NEPHROLOGIST,20,Ibn Sina Medical College Hospital | Kallyanpur,Dhaka,,,,,,,,,,,,,,,,,,,,,
5234,Assoc. Prof. Dr. Saif Bin Mizan,"['MBBS', 'CCD', 'MD']",DIABETOLOGIST,20,Ibn Sina Medical College Hospital | Kallyanpur,Dhaka,,,,,,,,,,,,,,,,,,,,,
5235,Assoc. Prof. Dr. Md. Manirul Islam,"['MBBS', 'FCPS']",HEMATOLOGIST,22,Ibn Sina Medical College Hospital | Kallyanpur,Dhaka,,,,,,,,,,,,,,,,,,,,,
5236,Dr. S M Mortoza Ahsan,"['MBBS', 'BCS', 'CCD', 'MS']",HEPATOLOGIST,15,Ibn Sina Medical College Hospital | Kallyanpur,Dhaka,,,,,,,,,,,,,,,,,,,,,
5237,Asst. Prof. Dr. Md. Asaduzzaman Nur Nahid,"['MBBS', 'MS', 'MRCS', 'HIGHER TRAINING IN LIVER TRANSPLANT SURGERY DELHI (INDIA)']",HEPATOLOGIST,20,Ibn Sina Medical College Hospital | Kallyanpur,Dhaka,,,,,,,,,,,,,,,,,,,,,
5238,Brig. Gen. Prof. Dr. Nasrin Ara Zaman,"['MBBS', 'DGO', 'FCPS']",GYNECOLOGIST & OBSTETRICIAN,30,Ibn Sina Medical College Hospital | Kallyanpur,Dhaka,,,,,,,,,,,,,,,,,,,,,
5239,Dr. Shahanara Begum,"['MBBS', 'FCPS']",GYNECOLOGIST & OBSTETRICIAN,15,Ibn Sina Medical College Hospital | Kallyanpur,Dhaka,,,,,,,,,,,,,,,,,,,,,
5240,Dr. Habiba Akter Neon,"['MBBS', 'FCPS']",GYNECOLOGIST & OBSTETRICIAN,15,Ibn Sina Medical College Hospital | Kallyanpur,Dhaka,,,,,,,,,,,,,,,,,,,,,
5241,Prof. Dr. Sufia Begum Shampy,"['MBBS', 'FCPS']",GYNECOLOGIST & OBSTETRICIAN,25,Ibn Sina Medical College Hospital | Kallyanpur,Dhaka,,,,,,,,,,,,,,,,,,,,,
5242,Asst. Prof. Dr. Afsana Haque Chowdhury,"['MBBS', 'DM', 'FCPS']",GYNECOLOGIST & OBSTETRICIAN,20,Ibn Sina Medical College Hospital | Kallyanpur,Dhaka,,,,,,,,,,,,,,,,,,,,,
5243,Asst. Prof. Dr. Nurunnaher Khanam Mishu,"['MBBS', 'FCPS']",GYNECOLOGIST & OBSTETRICIAN,22,Ibn Sina Medical College Hospital | Kallyanpur,Dhaka,,,,,,,,,,,,,,,,,,,,,
5244,Assoc. Prof. Dr. Khairun Nessa,"['MBBS', 'FCPS']",GYNECOLOGIST & OBSTETRICIAN,22,Ibn Sina Medical College Hospital | Kallyanpur,Dhaka,,,,,,,,,,,,,,,,,,,,,
5245,Dr. Syeda Rafiza Sultana,"['MBBS', 'BCS', 'FCPS']",GYNECOLOGIST & OBSTETRICIAN,17,Ibn Sina Medical College Hospital | Kallyanpur,Dhaka,,,,,,,,,,,,,,,,,,,,,
5246,Dr. Sultana Begum,"['MBBS', 'MCPS', 'DGO']",GYNECOLOGIST & OBSTETRICIAN,13,Ibn Sina Medical College Hospital | Kallyanpur,Dhaka,,,,,,,,,,,,,,,,,,,,,
5247,Dr. Jesika Rizvi Tamanna,"['MBBS', 'BCS', 'FCPS', 'CCD']",GYNECOLOGIST & OBSTETRICIAN,16,Ibn Sina Medical College Hospital | Kallyanpur,Dhaka,,,,,,,,,,,,,,,,,,,,,
5248,Dr. Anjuman Ara Bulu,"['MBBS', 'MCPS', 'DM']",GYNECOLOGIST & OBSTETRICIAN,14,Ibn Sina Medical College Hospital | Kallyanpur,Dhaka,,,,,,,,,,,,,,,,,,,,,
5249,Asst. Prof. Dr. Sultana Hasina Rashed Asha,"['MBBS', 'FCPS']",GYNECOLOGIST & OBSTETRICIAN,15,Ibn Sina Medical College Hospital | Kallyanpur,Dhaka,,,,,,,,,,,,,,,,,,,,,
5250,Assoc. Prof. Dr. Sharmeen Mahmood,"['MBBS', 'FCPS']",GYNECOLOGIST & OBSTETRICIAN,22,Popular Diagnostic Centre Ltd. | Shyamoli,Dhaka,,,,,,,,,,,,,,,,,,,,,
5251,Prof. Dr. Nasima Akter,"['MBBS', 'MS']",GYNECOLOGIST & OBSTETRICIAN,25,Ibn Sina Medical College Hospital | Kallyanpur,Dhaka,,,,,,,,,,,,,,,,,,,,,
5252,Assoc. Prof. Dr. Salma Lovereen,"['MBBS', 'DGO', 'MCPS', 'FCPS']",GYNECOLOGIST & OBSTETRICIAN,20,Ibn Sina Medical College Hospital | Kallyanpur,Dhaka,,,,,,,,,,,,,,,,,,,,,
5253,Dr. Sultana Nazneen,"['MBBS', 'BCS', 'DGO', 'FCPS']",GYNECOLOGIST & OBSTETRICIAN,16,Ibn Sina Medical College Hospital | Kallyanpur,Dhaka,,,,,,,,,,,,,,,,,,,,,
5254,Dr. Sumaiya Akter,"['MBBS', 'BCS', 'FCPS']",GYNECOLOGISTS,15,Ibn Sina Medical College Hospital | Kallyanpur,Dhaka,,,,,,,,,,,,,,,,,,,,,
5254,Dr. Sumaiya Akter,"['MBBS', 'BCS', 'FCPS']",INFERTILITY SPECIALIST,15,Ibn Sina Medical College Hospital | Kallyanpur,Dhaka,,,,,,,,,,,,,,,,,,,,,
5254,Dr. Sumaiya Akter,"['MBBS', 'BCS', 'FCPS']",SURGEON,15,Ibn Sina Medical College Hospital | Kallyanpur,Dhaka,,,,,,,,,,,,,,,,,,,,,
5255,Prof. Dr. Farhana Dewan,"['MBBS', 'FCPS', 'TRAINED ON EVIDENCE BASED OBSTETRICS (AUSTRALIA', ' INDONESIA)']",GYNECOLOGIST & OBSTETRICIAN,25,Ibn Sina Medical College Hospital | Kallyanpur,Dhaka,,,,,,,,,,,,,,,,,,,,,
5256,Dr. Sharmin Tahmina Khan Sunvee,"['MBBS', 'BCS', 'MD', 'MACA']",GASTROENTEROLOGIST,17,Ibn Sina Medical College Hospital | Kallyanpur,Dhaka,,,,,,,,,,,,,,,,,,,,,
5257,Asst. Prof. Dr. Dalil Uddin,"['MBBS', 'BCS', 'MD']",GASTROENTEROLOGIST,22,Ibn Sina Medical College Hospital | Kallyanpur,Dhaka,,,,,,,,,,,,,,,,,,,,,
5258,Dr. Nigar Sultana,"['MBBS', 'MPH', 'FCPS']",GASTROENTEROLOGIST,15,Ibn Sina Medical College Hospital | Kallyanpur,Dhaka,,,,,,,,,,,,,,,,,,,,,
5259,Dr. Md. Mawla Ali Sheikh,"['MBBS', 'MD']",GASTROENTEROLOGIST,15,Ibn Sina Medical College Hospital | Kallyanpur,Dhaka,,,,,,,,,,,,,,,,,,,,,
5260,Asst. Prof. Dr. Mahbubur Rahman Shahin,"['MBBS', 'DO (EYE)']",OPHTHALMOLOGIST,14,Ibn Sina Medical College Hospital | Kallyanpur,Dhaka,,,,,,,,,,,,,,,,,,,,,
5261,Dr. Abdus Samad Sheikh,"['MBBS', 'MS']",OPHTHALMOLOGIST,15,Ibn Sina Medical College Hospital | Kallyanpur,Dhaka,,,,,,,,,,,,,,,,,,,,,
5262,Assoc. Prof. Dr. Shamima Sultana,"['MBBS', 'DO (DU)', 'FCPS']",OPHTHALMOLOGIST,20,Ibn Sina Medical College Hospital | Kallyanpur,Dhaka,,,,,,,,,,,,,,,,,,,,,
5263,Dr. Zakia Farhana,"['MBBS', 'DO (EYE)']",OPHTHALMOLOGIST,15,Ibn Sina Medical College Hospital | Kallyanpur,Dhaka,,,,,,,,,,,,,,,,,,,,,
5264,Asst. Prof. Dr. Anis Uddin Ahmed,"['MBBS', 'BCS', 'MS']",OPHTHALMOLOGIST,20,Ibn Sina Medical College Hospital | Kallyanpur,Dhaka,,,,,,,,,,,,,,,,,,,,,
5265,Prof. Dr. Md. Abdus Salam Siddique,"['MBBS', 'DO (DU)', 'FCPS']",OPHTHALMOLOGIST,23,Ibn Sina Medical College Hospital | Kallyanpur,Dhaka,,,,,,,,,,,,,,,,,,,,,
5266,Prof. Dr. Sajed Abdul Khaleque,"['MBBS', 'FCPS']",OPHTHALMOLOGIST,25,Ibn Sina Medical College Hospital | Kallyanpur,Dhaka,,,,,,,,,,,,,,,,,,,,,
5267,Assoc. Prof. Dr. Abul Kalam Azad,"['MBBS', 'DLO']",OTOLARYNGOLOGISTS (ENT),22,Ibn Sina Medical College Hospital | Kallyanpur,Dhaka,,,,,,,,,,,,,,,,,,,,,
5268,Assoc. Prof. Dr. Abu Naser Md. Jamil,"['MBBS', 'FCPS']",OTOLARYNGOLOGISTS (ENT),22,Ibn Sina Medical College Hospital | Kallyanpur,Dhaka,,,,,,,,,,,,,,,,,,,,,
5269,Dr. Md. Abdullah Al-Mamun,"['MBBS', 'BCS', 'FCPS']",OTOLARYNGOLOGISTS (ENT),15,Ibn Sina Medical College Hospital | Kallyanpur,Dhaka,,,,,,,,,,,,,,,,,,,,,
5270,Lt. Col. (Retd) Prof. Dr. Md. Abdullah Hel Kafi,"['MBBS', 'FCPS']",OTOLARYNGOLOGISTS (ENT),25,Ibn Sina Medical College Hospital | Kallyanpur,Dhaka,,,,,,,,,,,,,,,,,,,,,
5271,Asst. Prof. Dr. Md. Mehedi Hasan,"['MBBS', 'FCPS']",OTOLARYNGOLOGISTS (ENT),22,Ibn Sina Medical College Hospital | Kallyanpur,Dhaka,,,,,,,,,,,,,,,,,,,,,
5272,Dr. Md. Abdul Quddus (Shohag),"['MBBS', 'BCS', 'MS']",OTOLARYNGOLOGISTS (ENT),17,Ibn Sina Medical College Hospital | Kallyanpur,Dhaka,,,,,,,,,,,,,,,,,,,,,
5273,Dr. Sumon Hossain,"['MBBS', 'MCPS', 'DLO']",OTOLARYNGOLOGISTS (ENT),15,Ibn Sina Medical College Hospital | Kallyanpur,Dhaka,,,,,,,,,,,,,,,,,,,,,
5274,Assoc. Prof. Dr. Md. Safi Ullah,"['MBBS', 'DLO', 'MCPS', 'FICS (USA)', 'MS', 'FS (JAPAN)', 'PHD']",OTOLARYNGOLOGISTS (ENT),20,Ibn Sina Medical College Hospital | Kallyanpur,Dhaka,,,,,,,,,,,,,,,,,,,,,
5275,Dr. Md. Shahriar Islam,"['MBBS', 'BCS', 'FCPS']",OTOLARYNGOLOGISTS (ENT),16,Ibn Sina Medical College Hospital | Kallyanpur,Dhaka,,,,,,,,,,,,,,,,,,,,,
5276,Asst. Prof. Dr. Afsar Ahammed,"['MBBS', 'MD', 'BCS', 'MD']",ENDOCRINOLOGIST,22,Popular Diagnostic Centre Ltd. | Shyamoli,Dhaka,,,,,,,,,,,,,,,,,,,,,
5277,Assoc. Prof. Dr. Sultana Marufa Shefin,"['MBBS', 'MD', 'FACE (USA)', 'MACP']",ENDOCRINOLOGIST,20,Ibn Sina Medical College Hospital | Kallyanpur,Dhaka,,,,,,,,,,,,,,,,,,,,,
5278,Dr. Sayeda Shahan Mithela,"['BDS', 'MPH', 'MS', 'PGT']",DENTIST,15,Ibn Sina Medical College Hospital | Kallyanpur,Dhaka,,,,,,,,,,,,,,,,,,,,,
5279,Dr. Barkat Ullah,"['BDS', 'BMDC']",DENTIST,12,Ibn Sina Medical College Hospital | Kallyanpur,Dhaka,,,,,,,,,,,,,,,,,,,,,
5280,Assoc. Prof. Dr. Md. Omar Faruk,"['MBBS', 'FCPS']",GENERAL SURGEON,22,Ibn Sina Medical College Hospital | Kallyanpur,Dhaka,,,,,,,,,,,,,,,,,,,,,
5280,Assoc. Prof. Dr. Md. Omar Faruk,"['MBBS', 'FCPS']",LAPAROSCOPIC SURGEON,22,Ibn Sina Medical College Hospital | Kallyanpur,Dhaka,,,,,,,,,,,,,,,,,,,,,
5280,Assoc. Prof. Dr. Md. Omar Faruk,"['MBBS', 'FCPS']",COLORECTAL SURGEON,22,Ibn Sina Medical College Hospital | Kallyanpur,Dhaka,,,,,,,,,,,,,,,,,,,,,
5281,Asst. Prof. Dr. Md. Touhidul Islam,"['MBBS', 'FCPS', 'MS']",GENERAL SURGEON,22,Ibn Sina Medical College Hospital | Kallyanpur,Dhaka,,,,,,,,,,,,,,,,,,,,,
5281,Asst. Prof. Dr. Md. Touhidul Islam,"['MBBS', 'FCPS', 'MS']",LAPAROSCOPIC SURGEON,22,Ibn Sina Medical College Hospital | Kallyanpur,Dhaka,,,,,,,,,,,,,,,,,,,,,
5281,Asst. Prof. Dr. Md. Touhidul Islam,"['MBBS', 'FCPS', 'MS']",COLORECTAL SURGEON,22,Ibn Sina Medical College Hospital | Kallyanpur,Dhaka,,,,,,,,,,,,,,,,,,,,,
5282,Asst. Prof. Dr. Asma Khatun,"['MBBS', 'MD']",PEDIATRICIAN,14,Ibn Sina Medical College Hospital | Kallyanpur,Dhaka,,,,,,,,,,,,,,,,,,,,,
5283,Prof. Dr. Md. Shah Alam,"['MBBS', 'DA', 'FCPS']",ANESTHESIOLOGIST,25,Ibn Sina Medical College Hospital | Kallyanpur,Dhaka,,,,,,,,,,,,,,,,,,,,,
5284,Asst. Prof. Dr. Md. Motiur Rahman Sarkar,"['MBBS', 'BCS', 'MS']",VASCULAR SURGEON,15,Ibn Sina Medical Imaging Center | Zigatola,Dhaka,,,,,,,,,,,,,,,,,,,,,
5285,Asst. Prof. Dr. Md. Abdus Salam,"['MBBS', 'BCS', 'FCPS', 'MRCS (EDIN', ' UK)', 'MS']",UROLOGIST,20,Ibn Sina Medical Imaging Center | Zigatola,Dhaka,,,,,,,,,,,,,,,,,,,,,
5286,Dr. Sardar Shahnabi Jafran,"['MBBS', 'FCPS']",GENERAL SURGEON,17,Ibn Sina Medical Imaging Center | Zigatola,Dhaka,,,,,,,,,,,,,,,,,,,,,
5287,Assoc. Prof. Dr. Mohammad. Niamat Alahi,"['MBBS', 'DDV', 'FCPS']",DERMATOLOGIST,22,Ibn Sina Medical Imaging Center | Zigatola,Dhaka,,,,,,,,,,,,,,,,,,,,,
5288,Assoc. Prof. Dr. M. Abu Hena Chowdhury,"['MBBS', 'DDV', 'FCPS']",DERMATOLOGIST,16,Ibn Sina Medical Imaging Center | Zigatola,Dhaka,,,,,,,,,,,,,,,,,,,,,
5289,Dr. Shahin Mahmud,"['MBBS', 'BCS', 'MD', 'ECRD (SWITZERLAND)']",RHEUMATOLOGIST,15,Ibn Sina Medical Imaging Center | Zigatola,Dhaka,,,,,,,,,,,,,,,,,,,,,
5290,PT. Foujia Afrose,['BPT (DU)'],PHYSIOTHERAPIST,10,Ibn Sina Medical Imaging Center | Zigatola,Dhaka,,,,,,,,,,,,,,,,,,,,,
5291,PT. Rahat Rafiq (Faim),"['BPT (DU)', 'DIP. IN ORTHOPADIC MEDICINE (BELGIUM)']",PHYSIOTHERAPIST,12,Ibn Sina Medical Imaging Center | Zigatola,Dhaka,,,,,,,,,,,,,,,,,,,,,
5292,Prof. Dr. Kazi Abdullah Al Mamun,"['MBBS', 'FCPS']",PHYSICAL MEDICINE,25,Ibn Sina Medical Imaging Center | Zigatola,Dhaka,,,,,,,,,,,,,,,,,,,,,
5293,Assoc. Prof. Dr. Mohammad Hasan,"['MBBS', 'MS', 'MRCS (UK)']",ORTHOPEDIC SURGEON,23,Ibn Sina Medical Imaging Center | Zigatola,Dhaka,,,,,,,,,,,,,,,,,,,,,
5294,Assoc. Prof. Dr. Abu Bakar Siddique,"['MBBS', 'MS', 'WIC-SICOT (UK)', 'FELLOW ORTHOPEDIC & TRAUMA SURGERY']",ORTHOPEDIC SURGEON,20,Times Multicare Hospital Ltd.,Dhaka,,,,,,,,,,,,,,,,,,,,,
5295,Dr. S. M. Habibur Rahman Habib,"['MBBS', 'BCS', 'FCPS', 'MCPS', 'MD']",NEUROMEDICINE SPECIALIST,17,Ibn Sina Medical Imaging Center | Zigatola,Dhaka,,,,,,,,,,,,,,,,,,,,,
5296,Assoc. Prof. Dr. Sayeda Shabnam Malik,"['MBBS', 'MD']",NEUROMEDICINE SPECIALIST,20,Ibn Sina Medical Imaging Center | Zigatola,Dhaka,,,,,,,,,,,,,,,,,,,,,
5297,Dr. A. F. M. Khalilur Rahman,"['MBBS', 'PGCM (ENGLAND)']",NEUROMEDICINE SPECIALIST,15,Ibn Sina Medical Imaging Center | Zigatola,Dhaka,,,,,,,,,,,,,,,,,,,,,
5298,Asst. Prof. Dr. Md. Shamiul Alam Siddique Shamim,"['MBBS', 'BCS', 'MS']",NEUROSURGEON,22,Ibn Sina Medical Imaging Center | Zigatola,Dhaka,,,,,,,,,,,,,,,,,,,,,
5299,Asst. Prof. Dr. Md. Idris Ali,"['MBBS', 'BCS', 'MCPS', 'DA', 'FCPS']",INTERNAL MEDICINE SPECIALIST,22,Ibn Sina Medical Imaging Center | Zigatola,Dhaka,,,,,,,,,,,,,,,,,,,,,
5300,Dr. Ujjal Ghosh,"['MBBS', 'FCPS', 'CCD']",MEDICINE SPECIALIST,15,Ibn Sina Medical Imaging Center | Zigatola,Dhaka,,,,,,,,,,,,,,,,,,,,,
5301,Dr. Md. Nadimul Islam,"['MBBS', 'BCS', 'MRCP', 'MD']",MEDICINE SPECIALIST,16,Ibn Sina Medical Imaging Center | Zigatola,Dhaka,,,,,,,,,,,,,,,,,,,,,
5301,Dr. Md. Nadimul Islam,"['MBBS', 'BCS', 'MRCP', 'MD']",HEMATOLOGIST,16,Ibn Sina Medical Imaging Center | Zigatola,Dhaka,,,,,,,,,,,,,,,,,,,,,
5302,Asst. Prof. Dr. M. R. Karim,"['MBBS', 'CCD', 'MRCP', 'MS', 'MACP', 'MRCP']",MEDICINE SPECIALIST,22,Ibn Sina Medical Imaging Center | Zigatola,Dhaka,,,,,,,,,,,,,,,,,,,,,
5303,Prof. Dr. Md. Abdur Rahim,"['MBBS', 'FCPS', 'MD']",MEDICINE SPECIALIST,26,Ibn Sina Medical Imaging Center | Zigatola,Dhaka,,,,,,,,,,,,,,,,,,,,,
5304,Prof. Dr. Ataur Rahman Choudhury,"['MBBS', 'DTM&H (ENG)', 'MRCP', 'MRCP', 'FRCP', 'FRCP']",MEDICINE SPECIALIST,24,Ibn Sina Medical Imaging Center | Zigatola,Dhaka,,,,,,,,,,,,,,,,,,,,,
5305,Prof. Dr. Md. Ziaul Hoque,"['MBBS', 'MRCP', 'FRCP']",MEDICINE SPECIALIST,26,Ibn Sina Medical Imaging Center | Zigatola,Dhaka,,,,,,,,,,,,,,,,,,,,,
5306,Prof. Dr. Muhammad Nazrul Islam,"['MBBS', 'FCPS', 'MD']",NEPHROLOGIST,25,Ibn Sina Medical Imaging Center | Zigatola,Dhaka,,,,,,,,,,,,,,,,,,,,,
5307,Asst. Prof. Dr. Shabeen Afreen Kajol,"['MBBS', 'BCS', 'FCPS']",GYNECOLOGIST & OBSTETRICIAN,20,Ibn Sina Medical Imaging Center | Zigatola,Dhaka,,,,,,,,,,,,,,,,,,,,,
5308,Asst. Prof. Dr. Noor Jahan,"['MBBS', 'DGO']",GYNECOLOGIST & OBSTETRICIAN,22,Ibn Sina Medical Imaging Center | Zigatola,Dhaka,,,,,,,,,,,,,,,,,,,,,
5309,Asst. Prof. Dr. Farjana Islam Shampa,"['MBBS', 'MCPS', 'FCPS', 'BCS']",GYNECOLOGIST & OBSTETRICIAN,14,Ibn Sina Medical Imaging Center | Zigatola,Dhaka,,,,,,,,,,,,,,,,,,,,,
5310,Prof. Dr. Dilruba Akter,"['MBBS', 'BCS', 'MCPS', 'FCPS']",GYNECOLOGIST & OBSTETRICIAN,17,Ibn Sina Medical Imaging Center | Zigatola,Dhaka,,,,,,,,,,,,,,,,,,,,,
5311,Prof. Dr. Nahreen Akhtar,"['MBBS', 'DGO', 'FCPS']",GYNECOLOGIST & OBSTETRICIAN,15,Ibn Sina Medical Imaging Center | Zigatola,Dhaka,,,,,,,,,,,,,,,,,,,,,
5312,Assoc. Prof. Dr. Syed Masud Reza,"['MBBS', 'FCPS']",GENERAL SURGEON,20,Ibn Sina Medical Imaging Center | Zigatola,Dhaka,,,,,,,,,,,,,,,,,,,,,
5312,Assoc. Prof. Dr. Syed Masud Reza,"['MBBS', 'FCPS']",LAPAROSCOPIC SURGEON,20,Ibn Sina Medical Imaging Center | Zigatola,Dhaka,,,,,,,,,,,,,,,,,,,,,
5313,Assoc. Prof. Nabila Khanduker,"['MBBS', 'FCPS']",GENERAL SURGEON,22,Ibn Sina Medical Imaging Center | Zigatola,Dhaka,,,,,,,,,,,,,,,,,,,,,
5313,Assoc. Prof. Nabila Khanduker,"['MBBS', 'FCPS']",LAPAROSCOPIC SURGEON,22,Ibn Sina Medical Imaging Center | Zigatola,Dhaka,,,,,,,,,,,,,,,,,,,,,
5314,Dr. Shireen Ahmed,"['MBBS', 'FCPS', 'MD']",GASTROENTEROLOGIST,14,Ibn Sina Medical Imaging Center | Zigatola,Dhaka,,,,,,,,,,,,,,,,,,,,,
5315,Major Shah Md. Rajibul Islam (Retd),"['MBBS', 'FCPS', 'FICS', 'FACS', 'FELLOW UITREO- RETINA EYE/ OPHTHALMOLOGY']",OPHTHALMOLOGIST,28,Ibn Sina Medical Imaging Center | Zigatola,Dhaka,,,,,,,,,,,,,,,,,,,,,
5316,Prof. Dr. Shah Md. Bulbul Islam,"['MBBS', 'FCPS']",OPHTHALMOLOGIST,25,Ibn Sina Medical Imaging Center | Zigatola,Dhaka,,,,,,,,,,,,,,,,,,,,,
5317,Dr. Tawfiqur Rahman,"['MBBS', 'MS']",OTOLARYNGOLOGISTS (ENT),18,Ibn Sina Medical Imaging Center | Zigatola,Dhaka,,,,,,,,,,,,,,,,,,,,,
5318,Dr. Shahana Parveen,"['MBBS', 'DEM']",ENDOCRINOLOGIST,15,Ibn Sina Medical Imaging Center | Zigatola,Dhaka,,,,,,,,,,,,,,,,,,,,,
5319,Dr. Hurjahan Banu Urmi,"['MBBS', 'FCPS']",ENDOCRINOLOGIST,17,Ibn Sina Medical Imaging Center | Zigatola,Dhaka,,,,,,,,,,,,,,,,,,,,,
5320,Assoc. Prof. Dr. Selina Daisy,"['MBBS', 'FAAP (USA)', 'MD']",PEDIATRIC NEUROLOGIST,15,Ibn Sina Medical Imaging Center | Zigatola,Dhaka,,,,,,,,,,,,,,,,,,,,,
5321,Prof. Dr. Mizanur Rahman,"['MBBS', 'MD']",PEDIATRICIAN,25,Ibn Sina Medical Imaging Center | Zigatola,Dhaka,,,,,,,,,,,,,,,,,,,,,
5322,Asst. Prof. Dr. K. M. Sarwar Mahmud,"['MBBS', 'BCS', 'MD', ' DU)']",PEDIATRICIAN,17,Ibn Sina Medical Imaging Center | Zigatola,Dhaka,,,,,,,,,,,,,,,,,,,,,
5323,Asst. Prof. Dr. Masuma Akhter,"['MBBS', 'BCS', 'FCPS']",PEDIATRICIAN,20,Ibn Sina Medical Imaging Center | Zigatola,Dhaka,,,,,,,,,,,,,,,,,,,,,
5324,Dr. Urmi Rahman,"['MBBS', 'FCPS']",PEDIATRICIAN,15,Ibn Sina Medical Imaging Center | Zigatola,Dhaka,,,,,,,,,,,,,,,,,,,,,
5325,Prof. Dr. M A Kashem Sarkar,"['MBBS', 'DCH', 'MRCP', 'FRCP']",PEDIATRICIAN,25,Ibn Sina Medical Imaging Center | Zigatola,Dhaka,,,,,,,,,,,,,,,,,,,,,
5326,Dr. Nusrat Sharmin,['BDS'],DENTIST,14,Ibn Sina Medical Imaging Center | Zigatola,Dhaka,,,,,,,,,,,,,,,,,,,,,
5327,Dr. Jesinta Islam,"['BDS', 'MPH', 'PGT']",DENTIST,17,Ibn Sina Medical Imaging Center | Zigatola,Dhaka,,,,,,,,,,,,,,,,,,,,,
5328,Asst. Prof. Mohammad Ali,"['MBBS', 'FCPS']",COLORECTAL SURGEON,20,Ibn Sina Medical Imaging Center | Zigatola,Dhaka,,,,,,,,,,,,,,,,,,,,,
5329,Dr. Abdullah Al Hasan,"['MBBS', 'DTCD', 'CCD', 'FCCP']",PULMONOLOGIST,15,Ibn Sina Medical Imaging Center | Zigatola,Dhaka,,,,,,,,,,,,,,,,,,,,,
5330,Assoc. Prof. Dr. A K M Rafiqul Bari,"['MBBS', 'BCS', 'MD', 'FCCP']",PULMONOLOGIST,20,Popular Diagnostic Centre Ltd. | Dhanmondi,Dhaka,,,,,,,,,,,,,,,,,,,,,
5331,Dr. Mohammad Abu Kauser,"['MBBS', 'D-CARD', 'MD']",CARDIOLOGIST,15,Ibn Sina Medical Imaging Center | Zigatola,Dhaka,,,,,,,,,,,,,,,,,,,,,
5332,Assoc. Prof. Dr. S M E Al Baker,"['MBBS', 'MD']",CARDIOLOGIST,18,Ibn Sina Medical Imaging Center | Zigatola,Dhaka,,,,,,,,,,,,,,,,,,,,,
5333,Prof. Dr. S. M. Ahsan Habib,"['MBBS', 'MD']",CARDIOLOGIST,20,Ibn Sina Medical Imaging Center | Zigatola,Dhaka,,,,,,,,,,,,,,,,,,,,,
5334,Asst. Prof. Dr. Mohammad Sarwar Alam,"['MBBS', 'MD']",CARDIOLOGIST,22,Ibn Sina Medical Imaging Center | Zigatola,Dhaka,,,,,,,,,,,,,,,,,,,,,
5335,Dr. A. B. M. Mukib,"['MBBS', 'BCS', 'MD']",PEDIATRICIAN,15,Ibn Sina Specialized Hospital | Dhanmondi,Dhaka,,,,,,,,,,,,,,,,,,,,,
5336,Prof. Dr. Mohammad Nurul Huq,"['MBBS', 'DTCH', 'FCPS']",PEDIATRICIAN,25,Ibn Sina Specialized Hospital | Dhanmondi,Dhaka,,,,,,,,,,,,,,,,,,,,,
5337,Farhana K. Ema,"['MS', 'MS']",NUTRITIONIST,15,Ibn Sina Specialized Hospital | Dhanmondi,Dhaka,,,,,,,,,,,,,,,,,,,,,
5338,Jannatun Nessa,"['BSC', 'MS']",NUTRITIONIST,13,Ibn Sina Specialized Hospital | Dhanmondi,Dhaka,,,,,,,,,,,,,,,,,,,,,
5339,Asst. Prof. Dr. Sonia Mahjabin,"['MBBS', 'FCPS', 'MD']",NEPHROLOGIST,20,Ibn Sina Specialized Hospital | Dhanmondi,Dhaka,,,,,,,,,,,,,,,,,,,,,
5340,Dr. A. H. M. Tanvir Ahmed Liton,"['MBBS', 'FCPS']",GENERAL SURGEON,15,Ibn Sina Specialized Hospital | Dhanmondi,Dhaka,,,,,,,,,,,,,,,,,,,,,
5340,Dr. A. H. M. Tanvir Ahmed Liton,"['MBBS', 'FCPS']",HEPATOLOGIST,15,Ibn Sina Specialized Hospital | Dhanmondi,Dhaka,,,,,,,,,,,,,,,,,,,,,
5341,Prof. Dr. Md. Mamunur Rashid,"['MBBS', 'FCPS']",GENERAL SURGEON,25,Ibn Sina Specialized Hospital | Dhanmondi,Dhaka,,,,,,,,,,,,,,,,,,,,,
5341,Prof. Dr. Md. Mamunur Rashid,"['MBBS', 'FCPS']",LAPAROSCOPIC SURGEON,25,Ibn Sina Specialized Hospital | Dhanmondi,Dhaka,,,,,,,,,,,,,,,,,,,,,
5342,Dr. Md. Mahtabur Rahman,"['MBBS', 'BCS', 'FCPS', 'MD']",GASTROENTEROLOGIST,15,Ibn Sina Specialized Hospital | Dhanmondi,Dhaka,,,,,,,,,,,,,,,,,,,,,
5343,Asst. Prof. Dr. Mafuza Akhter,"['MBBS', 'FCPS', 'FCPS']",GASTROENTEROLOGIST,19,Ibn Sina Specialized Hospital | Dhanmondi,Dhaka,,,,,,,,,,,,,,,,,,,,,
5344,Prof. Brig. Gen. Dr. Md. Anwarul Kabir,"['MBBS', 'FCPS', 'DEM', 'MACE']",ENDOCRINOLOGIST,28,Ibn Sina Specialized Hospital | Dhanmondi,Dhaka,,,,,,,,,,,,,,,,,,,,,
5345,Asst. Prof. Dr. Yasmin Akter,"['MBBS', 'MD']",ENDOCRINOLOGIST,20,Ibn Sina Specialized Hospital | Dhanmondi,Dhaka,,,,,,,,,,,,,,,,,,,,,
5346,Prof. Dr. M. M. Moniruzzaman,"['MBBS', 'DLO', 'HIGER TRAINING TATA MEMORIAL HOSPITAL', 'MUMBAI']",OTOLARYNGOLOGISTS (ENT),25,Ibn Sina Specialized Hospital | Dhanmondi,Dhaka,,,,,,,,,,,,,,,,,,,,,
5346,Prof. Dr. M. M. Moniruzzaman,"['MBBS', 'DLO', 'HIGER TRAINING TATA MEMORIAL HOSPITAL', 'MUMBAI']",SURGEON,25,Ibn Sina Specialized Hospital | Dhanmondi,Dhaka,,,,,,,,,,,,,,,,,,,,,
5347,Dr. Jannatul Sharmin Joarder,"['MBBS', 'BCS', 'DDV']",DERMATOLOGIST,15,Ibn Sina Specialized Hospital | Dhanmondi,Dhaka,,,,,,,,,,,,,,,,,,,,,
5348,Asst. Prof. Dr. Md. Ruhul Amin,"['MBBS', 'BCS', 'MS']",UROLOGIST,22,Ibn Sina Specialized Hospital | Dhanmondi,Dhaka,,,,,,,,,,,,,,,,,,,,,
5349,Dr. Muntasir Habib,"['MBBS', 'BCS', 'MS', 'FELLOW UROLOGY (AUSTRALIA)']",UROLOGIST,15,Ibn Sina Specialized Hospital | Dhanmondi,Dhaka,,,,,,,,,,,,,,,,,,,,,
5350,Asst. Prof. Dr. Swadesh Ranjan Sarker,"['MBBS', 'MS']",VASCULAR SURGEON,22,Ibn Sina Specialized Hospital | Dhanmondi,Dhaka,,,,,,,,,,,,,,,,,,,,,
5351,Prof. Dr. Nirmal Kanti Dey,"['MBBS', 'MS']",VASCULAR SURGEON,25,Ibn Sina Specialized Hospital | Dhanmondi,Dhaka,,,,,,,,,,,,,,,,,,,,,
5351,Prof. Dr. Nirmal Kanti Dey,"['MBBS', 'MS']",GENERAL SURGEON,25,Ibn Sina Specialized Hospital | Dhanmondi,Dhaka,,,,,,,,,,,,,,,,,,,,,
5352,Dr. Md. Mushfiqur Rahman,"['MBBS', 'BCS', 'MS']",CARDIOTHORACIC AND VASCULAR SURGEON,18,Popular Diagnostic Centre Ltd. | Shyamoli,Dhaka,,,,,,,,,,,,,,,,,,,,,
5353,Dr. A K M Ziaul Huque,"['MBBS', 'BCS', 'MS']",CARDIOTHORACIC AND VASCULAR SURGEON,17,Ibn Sina Specialized Hospital | Dhanmondi,Dhaka,,,,,,,,,,,,,,,,,,,,,
5354,Asst. Prof. Dr. Farhana Ahmad,"['MBBS', 'FCPS', 'FCPS', 'FSCA (USA)']",CARDIOLOGIST,20,Ibn Sina Specialized Hospital | Dhanmondi,Dhaka,,,,,,,,,,,,,,,,,,,,,
5355,Dr. Md. Aslam Uddin Sardar,"['MBBS', 'FCPS', 'DM', 'CCD']",GENERAL SURGEON,15,Ibn Sina Specialized Hospital | Dhanmondi,Dhaka,,,,,,,,,,,,,,,,,,,,,
5356,Prof. Dr. Mukhleslur Rahman Bhuiya,"['MBBS', 'PHD', 'MS', 'FACS (GENERAL', ' CLORECTAL', ' LAPAROSCOPIC', ' BARIATRIC SERGEON AND SERGICAL ONCOLOGIST)']",GENERAL SURGEON,25,Ibn Sina Specialized Hospital | Dhanmondi,Dhaka,,,,,,,,,,,,,,,,,,,,,
5356,Prof. Dr. Mukhleslur Rahman Bhuiya,"['MBBS', 'PHD', 'MS', 'FACS (GENERAL', ' CLORECTAL', ' LAPAROSCOPIC', ' BARIATRIC SERGEON AND SERGICAL ONCOLOGIST)']",LAPAROSCOPIC SURGEON,25,Ibn Sina Specialized Hospital | Dhanmondi,Dhaka,,,,,,,,,,,,,,,,,,,,,
5356,Prof. Dr. Mukhleslur Rahman Bhuiya,"['MBBS', 'PHD', 'MS', 'FACS (GENERAL', ' CLORECTAL', ' LAPAROSCOPIC', ' BARIATRIC SERGEON AND SERGICAL ONCOLOGIST)']",COLORECTAL SURGEON,25,Ibn Sina Specialized Hospital | Dhanmondi,Dhaka,,,,,,,,,,,,,,,,,,,,,
5357,Prof. Dr. A N M Ziaur Rahman,"['MBBS', 'FCPS', 'FICS (GENERAL AND GASTROENTEROLOGY SERGERY)']",GENERAL SURGEON,25,Ibn Sina Specialized Hospital | Dhanmondi,Dhaka,,,,,,,,,,,,,,,,,,,,,
5357,Prof. Dr. A N M Ziaur Rahman,"['MBBS', 'FCPS', 'FICS (GENERAL AND GASTROENTEROLOGY SERGERY)']",LAPAROSCOPIST,25,Ibn Sina Specialized Hospital | Dhanmondi,Dhaka,,,,,,,,,,,,,,,,,,,,,
5358,Asst. Prof. Dr. Shayda Ali,"['MBBS', 'FCPS']",GENERAL SURGEON,15,Ibn Sina Specialized Hospital | Dhanmondi,Dhaka,,,,,,,,,,,,,,,,,,,,,
5359,Lt. Gen. Dr. Zafarullah Siddiq,"['MBBS', 'FRCS']",GENERAL SURGEON,25,Ibn Sina Specialized Hospital | Dhanmondi,Dhaka,,,,,,,,,,,,,,,,,,,,,
5360,Assoc. Prof. Dr. Amreen Faruq,"['MBBS', 'MS']",GENERAL SURGEON,14,Ibn Sina Specialized Hospital | Dhanmondi,Dhaka,,,,,,,,,,,,,,,,,,,,,
5361,Assoc. Prof. Dr. Md. Mamunur Rashid,"['MBBS', 'FCPS']",GENERAL SURGEON,16,Ibn Sina Specialized Hospital | Dhanmondi,Dhaka,,,,,,,,,,,,,,,,,,,,,
5362,Dr. Azizul Haque,"['MBBS', 'MS']",ORTHOPEDIST,13,Ibn Sina Specialized Hospital | Dhanmondi,Dhaka,,,,,,,,,,,,,,,,,,,,,
5363,Dr. Mohammad Sujan Sharif,"['MBBS', 'BCS', 'MS']",NEUROSURGEON,15,Ibn Sina Specialized Hospital | Dhanmondi,Dhaka,,,,,,,,,,,,,,,,,,,,,
5364,Brig. Gen. Prof. Dr. Md. Nuruzzaman,"['MBBS', 'MS']",NEUROSURGEON,29,Ibn Sina Specialized Hospital | Dhanmondi,Dhaka,,,,,,,,,,,,,,,,,,,,,
5365,Asst. Prof. Dr. Chowdhury Shamima Sultana,"['MBBS', 'FCPS', 'FCPS']",GYNECOLOGIST & OBSTETRICIAN,22,Ibn Sina Specialized Hospital | Dhanmondi,Dhaka,,,,,,,,,,,,,,,,,,,,,
5366,Asst. Prof. Dr. Sadia Jabeen Khan Sumi,"['MBBS', 'DGO', 'FCPS', 'MMED']",GYNECOLOGIST & OBSTETRICIAN,20,Ibn Sina Specialized Hospital | Dhanmondi,Dhaka,,,,,,,,,,,,,,,,,,,,,
5367,Asst. Prof. Dr. Jesmin Iqbal Jui,"['MBBS', 'MCPS', 'FCPS', 'MRCOG']",GYNECOLOGIST & OBSTETRICIAN,22,Ibn Sina Specialized Hospital | Dhanmondi,Dhaka,,,,,,,,,,,,,,,,,,,,,
5368,Dr. Jasmine Akhter,"['MBBS', 'DGO', 'MCPS']",GYNECOLOGIST & OBSTETRICIAN,15,Ibn Sina Specialized Hospital | Dhanmondi,Dhaka,,,,,,,,,,,,,,,,,,,,,
5369,Prof. Dr. Khaleda Akhter,"['MBBS', 'MCPS', 'FCPS', 'MS']",GYNECOLOGIST & OBSTETRICIAN,25,Ibn Sina Specialized Hospital | Dhanmondi,Dhaka,,,,,,,,,,,,,,,,,,,,,
5370,Dr. Syed A M Anowarul Abedin,"['MBBS', 'DCH']",PEDIATRICIAN,15,Ibn Sina Specialized Hospital | Dhanmondi,Dhaka,,,,,,,,,,,,,,,,,,,,,
5371,Dr. Rumana Choudhury,"['MBBS', 'MRCP']",PEDIATRICIAN,16,Ibn Sina Specialized Hospital | Dhanmondi,Dhaka,,,,,,,,,,,,,,,,,,,,,
5372,Assoc. Prof. Dr. Tahmina Karim,"['MBBS', 'FCPS', 'FELLOW PEDIATRIC CARDIOLOGY (AIMS)']",PEDIATRICIAN,15,Ibn Sina Specialized Hospital | Dhanmondi,Dhaka,,,,,,,,,,,,,,,,,,,,,
5373,Prof. Dr. Abu Bakkar Shah,"['BDS', 'FCPS']",MAXILLOFACIAL SURGEON,25,Ibn Sina Specialized Hospital | Dhanmondi,Dhaka,,,,,,,,,,,,,,,,,,,,,
5373,Prof. Dr. Abu Bakkar Shah,"['BDS', 'FCPS']",DENTIST,25,Ibn Sina Specialized Hospital | Dhanmondi,Dhaka,,,,,,,,,,,,,,,,,,,,,
5374,Asst. Prof. Dr. Mahmuda Akter,"['BDS', 'BCS', 'MS']",DENTIST,22,Ibn Sina Specialized Hospital | Dhanmondi,Dhaka,,,,,,,,,,,,,,,,,,,,,
5375,Dr. Nayeema Siddika,"['BDS', 'BCS']",DENTIST,14,Ibn Sina Specialized Hospital | Dhanmondi,Dhaka,,,,,,,,,,,,,,,,,,,,,
5376,Assoc. Prof. Dr. Mohammad Aminul Islam,"['BDS', 'MS']",DENTIST,22,Ibn Sina Specialized Hospital | Dhanmondi,Dhaka,,,,,,,,,,,,,,,,,,,,,
5377,Dr. Mahzabin Ali Shaown,"['BDS', 'PGT', 'M.PHIL']",DENTIST,15,Ibn Sina Specialized Hospital | Dhanmondi,Dhaka,,,,,,,,,,,,,,,,,,,,,
5378,Prof. Dr. Mohammad Shafi Ullah,"['BDS', 'PGT', 'MCPS', 'MADA', 'MS', 'DDS']",DENTIST,25,Ibn Sina Specialized Hospital | Dhanmondi,Dhaka,,,,,,,,,,,,,,,,,,,,,
5379,Asst. Prof. Dr. Ziaul Hoque Zia,"['MBBS', 'DTCD']",PULMONOLOGIST,22,Ibn Sina Specialized Hospital | Dhanmondi,Dhaka,,,,,,,,,,,,,,,,,,,,,
5380,Dr. Md. Ferdous Khan,"['MBBS', 'D-CARD', 'MRCP']",CARDIOLOGIST,13,Ibn Sina Specialized Hospital | Dhanmondi,Dhaka,,,,,,,,,,,,,,,,,,,,,
5381,Assoc. Prof. Dr. A K M Mohiuddin Bhuiyan Masum,"['MBBS', 'MD']",CARDIOLOGIST,15,Popular Diagnostic Centre Ltd. | Dhanmondi,Dhaka,,,,,,,,,,,,,,,,,,,,,
5382,Dr. Md. Abul Kashem,"['MBBS', 'MS', 'FCPS']",GENERAL SURGEON,15,Ibn Sina Specialized Hospital | Dhanmondi,Dhaka,,,,,,,,,,,,,,,,,,,,,
5383,Prof. Dr. Kazi Abul Hasan,"['MBBS', 'MS', 'PDCC (INDIA)']",CARDIAC SURGEON,25,Ibn Sina Specialized Hospital | Dhanmondi,Dhaka,,,,,,,,,,,,,,,,,,,,,
5383,Prof. Dr. Kazi Abul Hasan,"['MBBS', 'MS', 'PDCC (INDIA)']",PEDIATRIC CARDIOLOGIST,25,Ibn Sina Specialized Hospital | Dhanmondi,Dhaka,,,,,,,,,,,,,,,,,,,,,
5384,Prof. Dr. Mohshin Ahmed,"['MBBS', 'MCPS', 'MD', 'FIC (INDIA)', 'FACC (USA)', 'FASC (EUROPE)']",CARDIOLOGIST,22,Ibn Sina Specialized Hospital | Dhanmondi,Dhaka,,,,,,,,,,,,,,,,,,,,,
5384,Prof. Dr. Mohshin Ahmed,"['MBBS', 'MCPS', 'MD', 'FIC (INDIA)', 'FACC (USA)', 'FASC (EUROPE)']",MEDICINE SPECIALIST,22,Ibn Sina Specialized Hospital | Dhanmondi,Dhaka,,,,,,,,,,,,,,,,,,,,,
5385,Dr. Md. Zakir Hossain,"['MBBS', 'FCPS', 'MS']",CARDIOTHORACIC SURGEON,14,Ibn Sina Specialized Hospital | Dhanmondi,Dhaka,,,,,,,,,,,,,,,,,,,,,
5386,Prof. Dr. Col. (Retd) Zehad Khan,"['MBBS', 'MD', 'MS', 'FCPS', 'FACC']",CARDIOLOGIST,28,Ibn Sina Specialized Hospital | Dhanmondi,Dhaka,,,,,,,,,,,,,,,,,,,,,
5387,Asst. Prof. Rabab Sultana,"['MBBS', 'MD']",ONCOLOGIST,22,Ibn Sina Specialized Hospital | Dhanmondi,Dhaka,,,,,,,,,,,,,,,,,,,,,
5388,Prof. Dr. Mohammad Shafiqur Rahman,"['MBBS', 'FCPS', 'FRCS', 'MS', ' DU)']",ONCOLOGIST,25,Ibn Sina Diagnostic & Imaging Center | Dhanmondi,Dhaka,,,,,,,,,,,,,,,,,,,,,
5388,Prof. Dr. Mohammad Shafiqur Rahman,"['MBBS', 'FCPS', 'FRCS', 'MS', ' DU)']",UROLOGIST,25,Ibn Sina Diagnostic & Imaging Center | Dhanmondi,Dhaka,,,,,,,,,,,,,,,,,,,,,
5388,Prof. Dr. Mohammad Shafiqur Rahman,"['MBBS', 'FCPS', 'FRCS', 'MS', ' DU)']",LAPAROSCOPIC SURGEON,25,Ibn Sina Diagnostic & Imaging Center | Dhanmondi,Dhaka,,,,,,,,,,,,,,,,,,,,,
5389,Asst. Prof. Dr. Farhana Yesmin,"['MBBS', 'BCS', 'FCPS']",COLORECTAL SURGEON,15,Ibn Sina Diagnostic & Imaging Center | Dhanmondi,Dhaka,,,,,,,,,,,,,,,,,,,,,
5389,Asst. Prof. Dr. Farhana Yesmin,"['MBBS', 'BCS', 'FCPS']",GENERAL SURGEON,15,Ibn Sina Diagnostic & Imaging Center | Dhanmondi,Dhaka,,,,,,,,,,,,,,,,,,,,,
5389,Asst. Prof. Dr. Farhana Yesmin,"['MBBS', 'BCS', 'FCPS']",LAPAROSCOPIC SURGEON,15,Ibn Sina Diagnostic & Imaging Center | Dhanmondi,Dhaka,,,,,,,,,,,,,,,,,,,,,
5390,Brig. Gen. Prof. Dr. Md. Saidur Rahman,"['MBBS', 'FCPS']",GENERAL SURGEON,28,Ibn Sina Diagnostic & Imaging Center | Dhanmondi,Dhaka,,,,,,,,,,,,,,,,,,,,,
5390,Brig. Gen. Prof. Dr. Md. Saidur Rahman,"['MBBS', 'FCPS']",LAPAROSCOPIC SURGEON,28,Ibn Sina Diagnostic & Imaging Center | Dhanmondi,Dhaka,,,,,,,,,,,,,,,,,,,,,
5391,Prof. Dr. Mohmmad Mohibul Aziz,"['MBBS', 'FCPS', 'FRCS', 'FRCS']",GENERAL SURGEON,24,Ibn Sina Diagnostic & Imaging Center | Dhanmondi,Dhaka,,,,,,,,,,,,,,,,,,,,,
5391,Prof. Dr. Mohmmad Mohibul Aziz,"['MBBS', 'FCPS', 'FRCS', 'FRCS']",LAPAROSCOPIC SURGEON,24,Ibn Sina Diagnostic & Imaging Center | Dhanmondi,Dhaka,,,,,,,,,,,,,,,,,,,,,
5391,Prof. Dr. Mohmmad Mohibul Aziz,"['MBBS', 'FCPS', 'FRCS', 'FRCS']",COLORECTAL SURGEON,24,Ibn Sina Diagnostic & Imaging Center | Dhanmondi,Dhaka,,,,,,,,,,,,,,,,,,,,,
5392,Prof. Dr. M Ferdous,"['MBBS', 'DDV']",DERMATOLOGIST,26,Ibn Sina Diagnostic & Imaging Center | Dhanmondi,Dhaka,,,,,,,,,,,,,,,,,,,,,
5393,Assoc. Prof. Dr. Yasmin Joardar,"['MBBS', 'DDV']",DERMATOLOGIST,20,Ibn Sina Diagnostic & Imaging Center | Dhanmondi,Dhaka,,,,,,,,,,,,,,,,,,,,,
5394,Dr. Nadia Sultana,"['MBBS', 'MD']",RHEUMATOLOGIST,15,Ibn Sina Diagnostic & Imaging Center | Dhanmondi,Dhaka,,,,,,,,,,,,,,,,,,,,,
5395,Prof. Dr. A. K. Ahmedullah,"['MBBS', 'MD', 'MD']",RHEUMATOLOGIST,22,Ibn Sina Diagnostic & Imaging Center | Dhanmondi,Dhaka,,,,,,,,,,,,,,,,,,,,,
5396,Prof. Dr. A H M Mustafizur Rahman,"['MBBS', 'FCPS']",PSYCHIATRIST,27,Ibn Sina Diagnostic & Imaging Center | Dhanmondi,Dhaka,,,,,,,,,,,,,,,,,,,,,
5397,Prof. Dr. M. A. Shakoor,"['MBBS', 'FCPS', 'PHD']",PHYSICAL MEDICINE,25,Ibn Sina Diagnostic & Imaging Center | Dhanmondi,Dhaka,,,,,,,,,,,,,,,,,,,,,
5398,Dr. Subarna Islam,"['MBBS', 'FCPS', 'PGT']",PLASTIC SURGEON,18,Ibn Sina Diagnostic & Consultation Centre | Uttara,Dhaka,,,,,,,,,,,,,,,,,,,,,
5399,Assoc. Prof. Dr. Md. Sajedul Haque,"['MBBS', 'BCS', 'MS', 'MMED', 'FACS (USA)']",PEDIATRIC SURGEON,15,Ibn Sina Diagnostic & Imaging Center | Dhanmondi,Dhaka,,,,,,,,,,,,,,,,,,,,,
5400,Prof. Dr. Mohammed Shadrul Alam,"['MBBS', 'MS', 'EMHE (DU)', 'FSPU', 'FCPS', 'FRCS', 'FACS (USA)', 'FELLOW PEDIATRIC UROLOGY (USA)', 'WHO FELLOW ON PEDIATRIC UROLOGY (INDIA)']",PEDIATRIC SURGEON,25,Ibn Sina Diagnostic & Imaging Center | Dhanmondi,Dhaka,,,,,,,,,,,,,,,,,,,,,
5401,Prof. Dr. Parvez Ahsan,"['MBBS', 'D-ORTHO', 'MS', 'AO TRAUMA (INDIA)', 'FELLOW REPLACEMENT SURGERY (JAPAN)']",ORTHOPEDIC SURGEON,24,Ibn Sina Diagnostic & Imaging Center | Dhanmondi,Dhaka,,,,,,,,,,,,,,,,,,,,,
5402,Prof. Dr. Shahidul Islam,"['MBBS', 'MCPS', 'MS']",ORTHOPEDIC SURGEON,25,Ibn Sina Diagnostic & Imaging Center | Dhanmondi,Dhaka,,,,,,,,,,,,,,,,,,,,,
5403,Prof. Dr. Rafiqul Islam,"['MBBS', 'MS']",ORTHOPEDIC SURGEON,27,Ibn Sina Diagnostic & Imaging Center | Dhanmondi,Dhaka,,,,,,,,,,,,,,,,,,,,,
5404,Prof. Dr. Muhammad Sirajul Islam,"['MBBS', 'MS']",ORTHOPEDIST,25,Ibn Sina Diagnostic & Imaging Center | Dhanmondi,Dhaka,,,,,,,,,,,,,,,,,,,,,
5405,Dr. Md. Omar Faruk,"['MBBS', 'BCS', 'MS']",NEUROSURGEON,15,Ibn Sina Diagnostic & Imaging Center | Dhanmondi,Dhaka,,,,,,,,,,,,,,,,,,,,,
5406,Dr. Shikder Md. Ruhul Quddus Biplob,"['MBBS', 'MS']",NEUROSURGEON,18,Ibn Sina Diagnostic & Imaging Center | Dhanmondi,Dhaka,,,,,,,,,,,,,,,,,,,,,
5407,Dr. Md. Rakan Uz Zaman,"['MBBS', 'BCS', 'FCPS', 'MD']",NEUROMEDICINE SPECIALIST,15,Ibn Sina Diagnostic & Imaging Center | Dhanmondi,Dhaka,,,,,,,,,,,,,,,,,,,,,
5408,Asst. Prof. Dr. Md. Nahidul Islam,"['MBBS', 'BCS', 'MD']",NEUROLOGIST,22,Ibn Sina Diagnostic & Imaging Center | Dhanmondi,Dhaka,,,,,,,,,,,,,,,,,,,,,
5409,Dr. Nusaiba Jasmin,"['MBBS', 'FCPS']",MEDICINE SPECIALIST,15,Ibn Sina Diagnostic & Imaging Center | Dhanmondi,Dhaka,,,,,,,,,,,,,,,,,,,,,
5410,Dr. Md. Fida Hassan Lohani,"['BUMS (DU)', 'BHS (UPPER)']",MEDICINE SPECIALIST,17,Ibn Sina Diagnostic & Imaging Center | Dhanmondi,Dhaka,,,,,,,,,,,,,,,,,,,,,
5411,Prof. Dr. Hanif Mohammad,"['MBBS', 'FCPS']",MEDICINE SPECIALIST,25,Ibn Sina Diagnostic & Imaging Center | Dhanmondi,Dhaka,,,,,,,,,,,,,,,,,,,,,
5412,Dr. Sakina Anwar,"['MBBS', 'MD']",INTERNAL MEDICINE SPECIALIST,14,Ibn Sina Diagnostic & Imaging Center | Dhanmondi,Dhaka,,,,,,,,,,,,,,,,,,,,,
5413,Dr. Maimuna Sultana,"['MBBS', 'BCS', 'FCPS', 'MD', 'CCD']",MEDICINE SPECIALIST,15,Ibn Sina Diagnostic & Imaging Center | Dhanmondi,Dhaka,,,,,,,,,,,,,,,,,,,,,
5413,Dr. Maimuna Sultana,"['MBBS', 'BCS', 'FCPS', 'MD', 'CCD']",CARDIOLOGIST,15,Ibn Sina Diagnostic & Imaging Center | Dhanmondi,Dhaka,,,,,,,,,,,,,,,,,,,,,
5414,Assoc. Prof. Dr. Ahmed Manadir Hossain,"['MBBS', 'BCS', 'FCPS', 'D-CARD']",MEDICINE SPECIALIST,22,Ibn Sina Diagnostic & Imaging Center | Dhanmondi,Dhaka,,,,,,,,,,,,,,,,,,,,,
5415,Dr. Hasinatul Zannat,"['MBBS', 'FCPS', 'MD']",NEPHROLOGIST,15,Ibn Sina Diagnostic & Imaging Center | Dhanmondi,Dhaka,,,,,,,,,,,,,,,,,,,,,
5416,Prof. Dr. Ayub Ali Chowdhury,"['MBBS', 'FCPS', 'MD']",NEPHROLOGIST,25,Ibn Sina Diagnostic & Imaging Center | Dhanmondi,Dhaka,,,,,,,,,,,,,,,,,,,,,
5417,Prof. Dr. Md. Abdul Muqueet,"['MBBS', 'MD']",NEPHROLOGIST,15,Ibn Sina Diagnostic & Imaging Center | Dhanmondi,Dhaka,,,,,,,,,,,,,,,,,,,,,
5418,Assoc. Prof. Dr. Farzana Rahman,"['MBBS', 'FCPS']",HEMATOLOGIST,14,Ibn Sina Diagnostic & Imaging Center | Dhanmondi,Dhaka,,,,,,,,,,,,,,,,,,,,,
5419,Prof. Dr. Tasnim Ara,"['MBBS', 'MPH', 'FCPS', 'TRAINING ON ADVANCE HEMATOLOGY & BONE MARROW TRANSPLANT (BANGKOK & USA)']",HEMATOLOGIST,24,Ibn Sina Diagnostic & Imaging Center | Dhanmondi,Dhaka,,,,,,,,,,,,,,,,,,,,,
5420,Dr. Shamima Afroje,"['MBBS', 'BCS', 'MCPS', 'MS']",GYNECOLOGIST & OBSTETRICIAN,15,Ibn Sina Diagnostic & Imaging Center | Dhanmondi,Dhaka,,,,,,,,,,,,,,,,,,,,,
5421,Assoc. Prof. Dr. Kamrun Sattar Dalia,"['MBBS', 'FCPS', 'DGO', 'MCPS']",GYNECOLOGIST & OBSTETRICIAN,15,Ibn Sina Diagnostic & Imaging Center | Dhanmondi,Dhaka,,,,,,,,,,,,,,,,,,,,,
5422,Asst. Prof. Dr. Musarrat Sultana Sumi,"['MBBS', 'FCPS', 'MS']",GYNECOLOGIST & OBSTETRICIAN,17,Ibn Sina Diagnostic & Imaging Center | Dhanmondi,Dhaka,,,,,,,,,,,,,,,,,,,,,
5423,Prof. Dr. Nazlima Nargis,"['MBBS', 'MCPS', 'FCPS']",GYNECOLOGIST & OBSTETRICIAN,23,Ibn Sina Diagnostic & Imaging Center | Dhanmondi,Dhaka,,,,,,,,,,,,,,,,,,,,,
5424,Assoc. Prof. Dr. Farzana Sharmin Shuvra,"['MBBS', 'FCPS', 'ADVANCE TRAINING IN LAPAROSCOPY & INFERTILITY (INDIA)']",GYNECOLOGIST & OBSTETRICIAN,15,Ibn Sina Diagnostic & Imaging Center | Dhanmondi,Dhaka,,,,,,,,,,,,,,,,,,,,,
5424,Assoc. Prof. Dr. Farzana Sharmin Shuvra,"['MBBS', 'FCPS', 'ADVANCE TRAINING IN LAPAROSCOPY & INFERTILITY (INDIA)']",INFERTILITY SPECIALIST,15,Ibn Sina Diagnostic & Imaging Center | Dhanmondi,Dhaka,,,,,,,,,,,,,,,,,,,,,
5425,Prof. Dr. Suraiya Begum,"['MBBS', 'FCPS']",GYNECOLOGIST & OBSTETRICIAN,24,Ibn Sina Diagnostic & Imaging Center | Dhanmondi,Dhaka,,,,,,,,,,,,,,,,,,,,,
5426,Prof. Dr. Masuda Khatun,"['MBBS', 'MD', 'CCD', 'DLP']",DERMATOLOGIST,20,Ibn Sina Diagnostic & Imaging Center | Dhanmondi,Dhaka,,,,,,,,,,,,,,,,,,,,,
5427,Prof. Dr. Masuda Begum Ranu,"['MBBS', 'FCPS', 'D-MED (UK)']",GYNECOLOGIST & OBSTETRICIAN,25,Ibn Sina Diagnostic & Imaging Center | Dhanmondi,Dhaka,,,,,,,,,,,,,,,,,,,,,
5428,Prof. Dr. Nur Sayeeda,"['MBBS', 'FCPS']",GYNECOLOGIST & OBSTETRICIAN,20,Ibn Sina Diagnostic & Imaging Center | Dhanmondi,Dhaka,,,,,,,,,,,,,,,,,,,,,
5429,Prof. Dr. Rashida Khanam Ritu,"['MBBS', 'DGO', 'MCPS', 'FCPS']",GYNECOLOGIST & OBSTETRICIAN,22,Ibn Sina Diagnostic & Imaging Center | Dhanmondi,Dhaka,,,,,,,,,,,,,,,,,,,,,
5430,Prof. Dr. Syed Mohammad Arif,"['MBBS', 'FCPS', 'MD']",GASTROENTEROLOGIST,25,Ibn Sina Diagnostic & Imaging Center | Dhanmondi,Dhaka,,,,,,,,,,,,,,,,,,,,,
5431,Asst. Prof. Dr. Md. Zahidur Rahman,"['MBBS', 'MD']",GASTROENTEROLOGIST,15,Ibn Sina Diagnostic & Imaging Center | Dhanmondi,Dhaka,,,,,,,,,,,,,,,,,,,,,
5432,Dr. A K M Nazmus Saquib,"['MBBS', 'PHD', 'D-OPHTH (DU)', 'FRSH (LONDON)', 'MAMS (VIENNA)']",OPHTHALMOLOGIST,18,Deen Mohd. Eye Hospital & Research Center,Dhaka,,,,,,,,,,,,,,,,,,,,,
5433,Prof. Brig. Gen. M S Khurshid Alam,"['MBBS', 'DLO', 'FCPS', 'MAMS (VIENNA)']",OTOLARYNGOLOGISTS (ENT),30,Ibn Sina Diagnostic & Imaging Center | Dhanmondi,Dhaka,,,,,,,,,,,,,,,,,,,,,
5434,Lt. Col. Prof. Dr. Md. Abdullah Hel Kafi,"['MBBS', 'MCPS', 'FCPS']",OTOLARYNGOLOGISTS (ENT),28,Ibn Sina Diagnostic & Imaging Center | Dhanmondi,Dhaka,,,,,,,,,,,,,,,,,,,,,
5435,Assoc. Prof. Dr. Md. Wahiduzzaman,"['MBBS', 'FCPS', 'MS']",OTOLARYNGOLOGISTS (ENT),15,Ibn Sina Diagnostic & Imaging Center | Dhanmondi,Dhaka,,,,,,,,,,,,,,,,,,,,,
5436,Assoc. Prof. Dr. Md. Sahbub Alam,"['MBBS', 'FCPS', 'MS', 'TRAINING ON VIMS & KKR INSTITUTE', 'INDIA']",OTOLARYNGOLOGISTS (ENT),20,Ibn Sina Diagnostic & Imaging Center | Dhanmondi,Dhaka,,,,,,,,,,,,,,,,,,,,,
5437,Asst. Prof. Dr. Md. Firoj Hossain,"['MBBS', 'FCPS', 'MD', 'DEM', 'MACE']",ENDOCRINOLOGIST,22,Ibn Sina Diagnostic & Imaging Center | Dhanmondi,Dhaka,,,,,,,,,,,,,,,,,,,,,
5438,Asst. Prof. Dr. Jobaida Nazneen,"['MBBS', 'MD']",ENDOCRINOLOGIST,14,Ibn Sina Diagnostic & Imaging Center | Dhanmondi,Dhaka,,,,,,,,,,,,,,,,,,,,,
5439,Dr. Priyanka Debnath,"['BDS', 'PGT']",DENTIST,15,Ibn Sina Diagnostic & Imaging Center | Dhanmondi,Dhaka,,,,,,,,,,,,,,,,,,,,,
5440,Assoc. Prof. Dr. Fouad Al Hasanat,"['BDS', 'DDC', 'MS']",DENTIST,22,Ibn Sina Diagnostic & Imaging Center | Dhanmondi,Dhaka,,,,,,,,,,,,,,,,,,,,,
5441,Asst. Prof. Dr. Towhid Tofail,"['BDS', 'MCPS', 'FCPS']",DENTIST,12,Ibn Sina Diagnostic & Imaging Center | Dhanmondi,Dhaka,,,,,,,,,,,,,,,,,,,,,
5442,Asst. Prof. Dr. Md. Wazed Ali,"['BDS', 'DDS (BSMMU)', 'FCPS']",DENTIST,15,Ibn Sina Diagnostic & Imaging Center | Dhanmondi,Dhaka,,,,,,,,,,,,,,,,,,,,,
5443,Dr. Roksana Begum,"['BDS', 'PGT']",DENTIST,16,Ibn Sina Diagnostic & Imaging Center | Dhanmondi,Dhaka,,,,,,,,,,,,,,,,,,,,,
5444,Dr. Mosharof Hossain,"['BDS', 'MPH', 'PGT']",DENTIST,15,Ibn Sina Diagnostic & Imaging Center | Dhanmondi,Dhaka,,,,,,,,,,,,,,,,,,,,,
5445,Prof. Dr. Nurul Amin,"['BDS', 'PHD']",MAXILLOFACIAL SURGEON,24,Ibn Sina Diagnostic & Imaging Center | Dhanmondi,Dhaka,,,,,,,,,,,,,,,,,,,,,
5446,Asst. Prof. Dr. F. H. Chowdhury Forhad,"['MBBS', 'FCPS', 'MS']",NEUROSURGEON,22,Ibn Sina Diagnostic & Imaging Center | Dhanmondi,Dhaka,,,,,,,,,,,,,,,,,,,,,
5447,Assoc. Prof. Dr. M. S. Khaled,"['MBBS', 'DCH', 'MD', 'FCCP']",PEDIATRIC PULMONOLOGIST,20,Ibn Sina Diagnostic & Imaging Center | Dhanmondi,Dhaka,,,,,,,,,,,,,,,,,,,,,
5448,Prof. Dr. M A Matin,"['MBBS', 'MD']",PEDIATRICIAN,25,Ibn Sina Diagnostic & Imaging Center | Dhanmondi,Dhaka,,,,,,,,,,,,,,,,,,,,,
5449,Prof. Dr. Md. Ismail Hossain,"['MBBS', 'FCPS']",MEDICINE SPECIALIST,25,Popular Diagnostic Centre Ltd. | Gazipur,Gazipur,,,,,,,,,,,,,,,,,,,,,
5450,Prof. Dr. Md. Delwer Hossain,"['MBBS', 'FCPS']",PEDIATRICIAN,25,Ibn Sina Diagnostic & Imaging Center | Dhanmondi,Dhaka,,,,,,,,,,,,,,,,,,,,,
5451,Prof. Dr. Md. Saifur Rahman,"['MBBS', 'DCH', 'DR SC IN PED (USA)', 'FRCP', ' UK).']",PEDIATRICIAN,27,Ibn Sina Diagnostic & Imaging Center | Dhanmondi,Dhaka,,,,,,,,,,,,,,,,,,,,,
5452,Prof. Dr. Md. Sarwar Ferdous,"['MBBS', 'MRCP', 'DCH', 'FRCP']",PEDIATRICIAN,25,Ibn Sina Diagnostic & Imaging Center | Dhanmondi,Dhaka,,,,,,,,,,,,,,,,,,,,,
5453,Asst. Prof. Dr. M. Delowar Hossain,"['MBBS', 'DTCD', 'MD']",PULMONOLOGIST,22,Ibn Sina Diagnostic & Imaging Center | Dhanmondi,Dhaka,,,,,,,,,,,,,,,,,,,,,
5454,Prof. Dr. Mohammad Rafiqul Islam,"['MBBS', 'MD']",PULMONOLOGIST,27,Ibn Sina Diagnostic & Imaging Center | Dhanmondi,Dhaka,,,,,,,,,,,,,,,,,,,,,
5455,Prof. Dr. Khondker Shaheed Hussain,"['MBBS', 'MD']",CARDIOLOGIST,25,Ibn Sina Diagnostic & Imaging Center | Dhanmondi,Dhaka,,,,,,,,,,,,,,,,,,,,,
5456,Dr. Sufia Jannat,"['MBBS', 'FCPS', 'MD', 'CCD', 'MACP']",CARDIOLOGIST,15,Ibn Sina Diagnostic & Imaging Center | Dhanmondi,Dhaka,,,,,,,,,,,,,,,,,,,,,
5457,Prof. Dr. Mohsin Ahmed,"['MBBS', 'MCPS', 'MD', 'FIC', 'FACC', 'FESC']",CARDIOLOGIST,22,Ibn Sina Diagnostic & Imaging Center | Dhanmondi,Dhaka,,,,,,,,,,,,,,,,,,,,,
5458,Asst. Prof. Dr. Nazmul Hasan Chouwdhury,"['MBBS', 'MRCP', ' IRELAND)', 'MD']",CARDIOLOGIST,15,Ibn Sina Diagnostic & Imaging Center | Dhanmondi,Dhaka,,,,,,,,,,,,,,,,,,,,,
5459,Assoc. Prof. Dr. Habib Uddin Ahmad,"['MBBS', 'BCS', 'DTCD (BSMMU)', 'MD']",PULMONOLOGIST,20,Ibn Sina Diagnostic & Imaging Center | Dhanmondi,Dhaka,,,,,,,,,,,,,,,,,,,,,
5460,Asst. Prof. Dr. Md. Mesbahul Islam,"['MBBS', 'D-CARD', 'MD']",CARDIOLOGIST,23,Ibn Sina Diagnostic & Imaging Center | Dhanmondi,Dhaka,,,,,,,,,,,,,,,,,,,,,
5461,Asst. Prof. Dr. A. T. M Nurannabi Shah,"['MBBS', 'D-CARD', 'FRSH (LONDON)', 'FELLOW-WHO (INDIA)']",CARDIOLOGIST,20,Ibn Sina Diagnostic & Imaging Center | Dhanmondi,Dhaka,,,,,,,,,,,,,,,,,,,,,
5462,Assoc. Prof. Dr. Md. Monsurul Haque,"['MBBS', 'MD', 'USMLE (USA)']",CARDIOLOGIST,22,Ibn Sina Diagnostic & Imaging Center | Dhanmondi,Dhaka,,,,,,,,,,,,,,,,,,,,,
5463,Prof. Dr. M Touhidul Haque,"['MBBS', 'MD', 'FACC (USA)', 'FELLOW (WHO)']",CARDIOLOGIST,25,Ibn Sina Diagnostic & Imaging Center | Dhanmondi,Dhaka,,,,,,,,,,,,,,,,,,,,,
5464,Brig. Gen. Prof. Dr. M H M Delwar Hossain,"['MBBS', 'DA', 'MCPS', 'FCPS']",ANESTHESIOLOGIST,30,Ibn Sina Diagnostic & Imaging Center | Dhanmondi,Dhaka,,,,,,,,,,,,,,,,,,,,,
5465,Asst. Prof. Dr. Abdullah Al Mamun Khan,"['MBBS', 'BCS', 'MD']",ONCOLOGIST,20,Popular Diagnostic Centre Ltd. | Gazipur,Gazipur,,,,,,,,,,,,,,,,,,,,,
5466,Asst. Prof. Dr. Naseeb Muhammad Irshadullah,"['MBBS', 'MD']",HEMATOLOGIST,22,Popular Diagnostic Centre Ltd. | Gazipur,Gazipur,,,,,,,,,,,,,,,,,,,,,
5467,Prof. Dr. Mohammad Khairuzzaman,"['MBBS', 'BCS', 'FCPS', 'MS']",UROLOGIST,24,Popular Diagnostic Centre Ltd. | Gazipur,Gazipur,,,,,,,,,,,,,,,,,,,,,
5468,Dr. Mohammad Imtiaz Sultan,"['MBBS', 'BCS', 'MD']",RHEUMATOLOGIST,15,Popular Diagnostic Centre Ltd. | Gazipur,Gazipur,,,,,,,,,,,,,,,,,,,,,
5469,Asst. Prof. Dr. A. B. B. Baral,"['MBBS', 'BCS', 'FCPS']",PHYSICAL MEDICINE,22,Popular Diagnostic Centre Ltd. | Gazipur,Gazipur,,,,,,,,,,,,,,,,,,,,,
5470,Asst. Prof. Dr. Mohammad Saiful Islam,"['MBBS', 'BCS', 'FCPS', 'MD']",PEDIATRICIAN,15,Popular Diagnostic Centre Ltd. | Gazipur,Gazipur,,,,,,,,,,,,,,,,,,,,,
5471,Asst. Prof. Dr. Mst. Aleya Khatun,"['MBBS', 'FCPS']",GYNECOLOGISTS,20,Popular Diagnostic Centre Ltd. | Gazipur,Gazipur,,,,,,,,,,,,,,,,,,,,,
5472,Assoc. Prof. Dr. Md. Mostafizur Rahman,"['MBBS', 'FCPS', 'BCS', 'CCD']",MEDICINE SPECIALIST,22,Popular Diagnostic Centre Ltd. | Gazipur,Gazipur,,,,,,,,,,,,,,,,,,,,,
5473,Dr. Mamunoor Rashid,"['MBBS', 'BCS', 'FCPS']",MEDICINE SPECIALIST,17,Popular Diagnostic Centre Ltd. | Gazipur,Gazipur,,,,,,,,,,,,,,,,,,,,,
5474,Dr. Md. Mohiuddin Rozaik,"['MBBS', 'MRCP', 'FCPS']",MEDICINE SPECIALIST,15,Popular Diagnostic Centre Ltd. | Gazipur,Gazipur,,,,,,,,,,,,,,,,,,,,,
5475,Dr. Pranab Kumar Mallik,"['MBBS', 'BCS', 'MCPS', 'FCPS']",MEDICINE SPECIALIST,14,Popular Diagnostic Centre Ltd. | Gazipur,Gazipur,,,,,,,,,,,,,,,,,,,,,
5476,Dr. Saad Ahmed Tanmoy,"['MBBS', 'BCS', 'FCPS']",MEDICINE SPECIALIST,15,Islami Bank Central Hospital | Kakrail,Dhaka,,,,,,,,,,,,,,,,,,,,,
5477,Dr. Eliza Sultana,"['MBBS', 'BCS', 'FCPS']",GENERAL SURGEON,14,Popular Diagnostic Centre Ltd. | Gazipur,Gazipur,,,,,,,,,,,,,,,,,,,,,
5478,Dr. Krishna Kumar Das,"['MBBS', 'BCS', 'MCPS']",GENERAL SURGEON,15,Popular Diagnostic Centre Ltd. | Gazipur,Gazipur,,,,,,,,,,,,,,,,,,,,,
5479,Prof. Dr. Md. Ashraf Uddin,"['MBBS', 'FCPS']",GENERAL SURGEON,25,Popular Diagnostic Centre Ltd. | Gazipur,Gazipur,,,,,,,,,,,,,,,,,,,,,
5480,Asst. Prof. Dr. A. B. M. Safiullah,"['MBBS', 'MD']",GASTROENTEROLOGIST,24,Popular Diagnostic Centre Ltd. | Gazipur,Gazipur,,,,,,,,,,,,,,,,,,,,,
5481,Asst. Prof. Dr. Birendra Nath Saha,"['MBBS', 'BCS', 'MD', ' BSMMU)']",GASTROENTEROLOGIST,22,Popular Diagnostic Centre Ltd. | Gazipur,Gazipur,,,,,,,,,,,,,,,,,,,,,
5482,Dr. Mustara Laboni,"['MBBS', 'DCH', 'DM', 'CCD']",NUTRITIONIST,15,Popular Diagnostic Centre Ltd. | Gazipur,Gazipur,,,,,,,,,,,,,,,,,,,,,
5483,Dr. Nripati Ballov Roy Tamal,"['MBBS', 'CCD']",DIABETOLOGIST,15,Popular Diagnostic Centre Ltd. | Gazipur,Gazipur,,,,,,,,,,,,,,,,,,,,,
5484,Assoc. Prof. Dr. Md. Abul Kalam,"['MBBS', 'FCPS', 'MCPS', 'DDV']",DERMATOLOGIST,18,Popular Diagnostic Centre Ltd. | Gazipur,Gazipur,,,,,,,,,,,,,,,,,,,,,
5485,Assoc. Prof. Dr. Syeda Fateha Noor,"['MBBS', 'DDV']",DERMATOLOGIST,20,Popular Diagnostic Centre Ltd. | Gazipur,Gazipur,,,,,,,,,,,,,,,,,,,,,
5486,Asst. Prof. Dr. Haroon Ur Rashid,"['MBBS', 'DDV', 'MACP']",DERMATOLOGIST,15,Popular Diagnostic Centre Ltd. | Gazipur,Gazipur,,,,,,,,,,,,,,,,,,,,,
5487,Asst. Prof. Dr. Maftahul Jannat Swarna,"['MBBS', 'MD', ' BSMMU)']",NEUROLOGIST,22,Popular Diagnostic Centre Ltd. | Gazipur,Gazipur,,,,,,,,,,,,,,,,,,,,,
5488,Assoc. Prof. Dr. Md. Moshfequre Rahman Khan,"['MBBS', 'BCS', 'MD']",CARDIOLOGIST,24,Popular Diagnostic Centre Ltd. | Gazipur,Gazipur,,,,,,,,,,,,,,,,,,,,,
5489,Asst. Prof. Dr. Ashek Mahmud Manju,"['MBBS', 'D-CARD', 'CCD']",CARDIOLOGIST,15,Popular Diagnostic Centre Ltd. | Gazipur,Gazipur,,,,,,,,,,,,,,,,,,,,,
5490,Dr. Muhammad Abdullah Al Mamun,"['MBBS', 'BCS', 'CCD', 'D-CARD']",CARDIOLOGIST,20,Popular Diagnostic Centre Ltd. | Gazipur,Gazipur,,,,,,,,,,,,,,,,,,,,,
5491,Prof. Dr. Chandan Kumar Saha,"['MBBS', 'MCPS', 'D-CARD', 'MD', ' NICVD)']",CARDIOLOGIST,26,Popular Diagnostic Centre Ltd. | Gazipur,Gazipur,,,,,,,,,,,,,,,,,,,,,
5492,Prof. F. Rahman,"['MBBS', 'MCPS', 'D-CARD', 'MD', 'FRCP', 'FACC (USA)']",CARDIOLOGIST,25,Popular Diagnostic Centre Ltd. | Gazipur,Gazipur,,,,,,,,,,,,,,,,,,,,,
5493,Assoc Prof. Dr. Mahfuza Akter,"['MBBS', 'DDV']",DERMATOLOGIST,15,Popular Diagnostic Centre Ltd. | Savar,Dhaka,,,,,,,,,,,,,,,,,,,,,
5494,Prof. Dr. Md. Asifuzzaman,"['MBBS', 'FCPS']",DERMATOLOGIST,25,Popular Diagnostic Centre Ltd. | Savar,Dhaka,,,,,,,,,,,,,,,,,,,,,
5495,Dr. Manos Chandra Sarkar,"['MBBS', 'MS']",ORTHOPEDIC SURGEON,14,Alliance Hospital Ltd.,Dhaka,,,,,,,,,,,,,,,,,,,,,
5496,Prof. Dr. Md. Atikur Rahman,"['MBBS', 'MS']",NEUROSURGEON,23,Comfort Diagnostic Center (Pvt.) Ltd | Dhanmondi,Dhaka,,,,,,,,,,,,,,,,,,,,,
5497,Dr. Kazi Abdullah-Al-Mamun,"['MBBS', 'FCPS', 'MD']",NEUROMEDICINE SPECIALIST,15,Popular Diagnostic Centre Ltd. | Savar,Dhaka,,,,,,,,,,,,,,,,,,,,,
5498,Prof. Dr. Md. Towhidul Islam Chowdhury,"['MBBS', 'MD', 'DTCD']",NEUROLOGIST,24,Popular Diagnostic Centre Ltd. | Savar,Dhaka,,,,,,,,,,,,,,,,,,,,,
5498,Prof. Dr. Md. Towhidul Islam Chowdhury,"['MBBS', 'MD', 'DTCD']",PULMONOLOGIST,24,Popular Diagnostic Centre Ltd. | Savar,Dhaka,,,,,,,,,,,,,,,,,,,,,
5499,Prof. Dr. A H M Shahidul Islam,"['MBBS', 'MD']",NUCLEOLOGISTS,25,Popular Diagnostic Centre Ltd. | Savar,Dhaka,,,,,,,,,,,,,,,,,,,,,
5499,Prof. Dr. A H M Shahidul Islam,"['MBBS', 'MD']",MEDICINE SPECIALIST,25,Popular Diagnostic Centre Ltd. | Savar,Dhaka,,,,,,,,,,,,,,,,,,,,,
5500,Dr. Md. Abdur Razzak,"['MBBS', 'MD', 'FASN (USA)']",NEPHROLOGIST,15,Popular Diagnostic Centre Ltd. | Savar,Dhaka,,,,,,,,,,,,,,,,,,,,,
5501,Asst. Prof. Dr. Syed Mahbub Morshed,"['MBBS', 'FCPS', 'MD']",NEPHROLOGIST,14,Popular Diagnostic Centre Ltd. | Shyamoli,Dhaka,,,,,,,,,,,,,,,,,,,,,
5502,Dr. Monjuman Ara Sarker,"['MBBS', 'BCS', 'FCPS', 'TRAINING (IVF', ' IUI)']",GYNECOLOGIST & OBSTETRICIAN,18,Popular Diagnostic Centre Ltd. | Shyamoli,Dhaka,,,,,,,,,,,,,,,,,,,,,
5502,Dr. Monjuman Ara Sarker,"['MBBS', 'BCS', 'FCPS', 'TRAINING (IVF', ' IUI)']",INFERTILITY SPECIALIST,18,Popular Diagnostic Centre Ltd. | Shyamoli,Dhaka,,,,,,,,,,,,,,,,,,,,,
5503,Dr. Dilruba Yeasmin Dina,"['MBBS', 'FCPS', 'FCPS']",GYNECOLOGIC ONCOLOGIST,15,Popular Diagnostic Centre Ltd. | Savar,Dhaka,,,,,,,,,,,,,,,,,,,,,
5504,Dr. Neher Banu,"['MBBS', 'BCS', 'FCPS']",GYNECOLOGIST & OBSTETRICIAN,20,Popular Diagnostic Centre Ltd. | Savar,Dhaka,,,,,,,,,,,,,,,,,,,,,
5505,Prof. Dr. Nasima Begum,"['MBBS', 'FCPS', 'DM', 'FICS (USA)']",GYNECOLOGIST & OBSTETRICIAN,22,Popular Diagnostic Centre Ltd. | Savar,Dhaka,,,,,,,,,,,,,,,,,,,,,
5506,Prof. Dr. Md. Momenul Haque,"['MBBS', 'DLO', 'MS']",OTOLARYNGOLOGISTS (ENT),25,Popular Diagnostic Centre Ltd. | Savar,Dhaka,,,,,,,,,,,,,,,,,,,,,
5507,Dr. Monira Zaman Tanvee,"['MBBS', 'ECGP', 'CDMU', 'MCGP']",GENERAL PHYSICIAN,5,Dr. Monira Zaman Tanvee,Dhaka,,,,,,,,,,,,,,,,,,,,,
5508,Prof. Dr. Bilkis Parvin,"['MBBS', 'DGO', 'FCPS']",GYNECOLOGIST & OBSTETRICIAN,25,York Hospital Ltd.,Dhaka,,,,,,,,,,,,,,,,,,,,,
5509,Prof. Dr Fatima Begum,"['MBBS', 'DNM', 'M.PHIL']",MEDICINE SPECIALIST,24,York Hospital Ltd.,Dhaka,,,,,,,,,,,,,,,,,,,,,
5510,Asst. Prof. Dr. Rownak Jahan Tamanna,"['MBBS', 'MD', 'FICM(INDIA)']",CARDIOLOGIST,17,York Hospital Ltd.,Dhaka,,,,,,,,,,,,,,,,,,,,,
5511,Asst. Prof. Dr. Nabil Zunayed Sidny,"['MBBS', 'D.ORTHO (BSMMU)']",ORTHOPEDIST,15,York Hospital Ltd.,Dhaka,,,,,,,,,,,,,,,,,,,,,
5512,Dr. A K M Obaydul Haque Sabbir,"['MBBS', 'BCS', 'D-ORTHO', 'MS']",ORTHOPEDIC SURGEON,20,York Hospital Ltd.,Dhaka,,,,,,,,,,,,,,,,,,,,,
5513,Prof. Dr. Md. Mahbub Hossain Mahedi,"['MBBS', 'D.ORTHO( DU)', 'MS', 'PHD']",ORTHOPEDIC SURGEON,26,York Hospital Ltd.,Dhaka,,,,,,,,,,,,,,,,,,,,,
5514,Asst. Prof. Dr. Md. Kazi Hannanur Rahman Jewel,"['MBBS', 'FCPS', 'MS', 'MPH', 'FACS (USA)', 'BCS']",ORTHOPEDIC SURGEON,18,York Hospital Ltd.,Dhaka,,,,,,,,,,,,,,,,,,,,,
5515,Asst. Prof. Dr. Mita Joarder,"['MBBS', 'MS', 'BCS']",GYNECOLOGIST & OBSTETRICIAN,15,York Hospital Ltd.,Dhaka,,,,,,,,,,,,,,,,,,,,,
5516,Dr. Saleha Alam Khan,"['MBBS', 'BCS', 'FCPS', 'MCPS']",GYNECOLOGIST & OBSTETRICIAN,16,York Hospital Ltd.,Dhaka,,,,,,,,,,,,,,,,,,,,,
5517,Dr. Shahida Khandakar Chitra,"['MBBS', 'MD', ' INDIA)', 'FTMOH (LONDON)', 'FRDH (LONDON)', 'WCH (LONDON)']",GYNECOLOGIST & OBSTETRICIAN,25,York Hospital Ltd.,Dhaka,,,,,,,,,,,,,,,,,,,,,
5518,Dr. Shoikot Chowdhury,"['MBBS', 'BCS', 'MRCP', ' UK)', 'MD']",CARDIOLOGIST,15,York Hospital Ltd.,Dhaka,,,,,,,,,,,,,,,,,,,,,
5519,Dr. Sharmina Huq,"['MBBS', 'DIPLOMA IN DERMATOLOGY (UK)', 'TRAINED IN COSMO-DERMATOLOGY (INDIA)', 'INVASIVE COSMO-DERMATOLOGY (QATAR)']",DERMATOLOGIST,15,York Hospital Ltd.,Dhaka,,,,,,,,,,,,,,,,,,,,,
5520,Dr. Debashis Roy,"['MBBS', 'BCS', 'FCPS', 'MRCP', 'MACP']",MEDICINE SPECIALIST,18,York Hospital Ltd.,Dhaka,,,,,,,,,,,,,,,,,,,,,
5521,Dr. Abdullah Al Quayyum,"['MBBS', 'MD']",HEPATOLOGIST,20,Popular Diagnostic Centre Ltd. | Badda,Dhaka,,,,,,,,,,,,,,,,,,,,,
5522,Prof. Dr. Firoz Khan,"['MBBS', 'MD', 'FRCP']",NEPHROLOGIST,41,Anwer Khan Modern Medical College Hospital,Dhaka,,,,,,,,,,,,,,,,,,,,,
5523,Dr. Md. Abu Talha,"['MBBS', 'FCPS']",PEDIATRICIAN,20,Aurora Specialized Hospital Ltd.,Dhaka,,,,,,,,,,,,,,,,,,,,,
5524,Dr. Fatema Syed,"['MBBS', 'MRCS (EDINBURGH', ' ENGLAND)', 'MS']",PEDIATRIC SURGEON,15,Aurora Specialized Hospital Ltd.,Dhaka,,,,,,,,,,,,,,,,,,,,,
5525,Dr. Talibul Islam Rusho,"['MBBS', 'BCS', 'MD']",CHEST SPECIALIST,18,Aurora Specialized Hospital Ltd.,Dhaka,,,,,,,,,,,,,,,,,,,,,
5525,Dr. Talibul Islam Rusho,"['MBBS', 'BCS', 'MD']",PULMONOLOGIST,18,Aurora Specialized Hospital Ltd.,Dhaka,,,,,,,,,,,,,,,,,,,,,
5526,Dr. Sajid Hasan,"['MBBS', 'BCS', 'FCPS']",MAXILLOFACIAL SURGEON,20,Aurora Specialized Hospital Ltd.,Dhaka,,,,,,,,,,,,,,,,,,,,,
5527,Dr. Sanzida Tanzin Khan,"['MBBS', 'FCPS']",PSYCHIATRIST,15,Aurora Specialized Hospital Ltd.,Dhaka,,,,,,,,,,,,,,,,,,,,,
5528,Dr. Mohammad Ashikur Rahman Khan,"['MBBS', 'FCPS', 'MD', 'CCD']",NEPHROLOGIST,18,Aurora Specialized Hospital Ltd.,Dhaka,,,,,,,,,,,,,,,,,,,,,
5529,Prof. Dr. Md. Abdus Salam,"['MBBS', 'MS']",GENERAL SURGEON,25,Aurora Specialized Hospital Ltd.,Dhaka,,,,,,,,,,,,,,,,,,,,,
5530,Dr. Md. Mehedi Hasan,"['MBBS', 'BCS', 'MD']",MEDICINE SPECIALIST,15,Aurora Specialized Hospital Ltd.,Dhaka,,,,,,,,,,,,,,,,,,,,,
5531,Dr. Md. Sadequr Rahman Emon,"['MBBS', 'CCD', 'DLO']",OTOLARYNGOLOGISTS (ENT),20,Aurora Specialized Hospital Ltd.,Dhaka,,,,,,,,,,,,,,,,,,,,,
5532,Dr. Wazeda Begum,"['MBBS', 'DDV', 'MCPS', 'FCPS']",DERMATOLOGIST,15,Aurora Specialized Hospital Ltd.,Dhaka,,,,,,,,,,,,,,,,,,,,,
5533,Dr. Kazi Narul Islam,"['MBBS', 'D-CARD', 'MD', 'FACC (AMERICA)', 'FESC (EUROPE)']",CARDIOLOGIST,16,Aurora Specialized Hospital Ltd.,Dhaka,,,,,,,,,,,,,,,,,,,,,
5534,Dr. Md. Asaduzzaman Nur Nahid,"['MBBS', 'MRCS (EDINBURGH', ' ENGLAND)', 'MS']",HEPATOLOGIST,18,Aurora Specialized Hospital Ltd.,Dhaka,,,,,,,,,,,,,,,,,,,,,
5534,Dr. Md. Asaduzzaman Nur Nahid,"['MBBS', 'MRCS (EDINBURGH', ' ENGLAND)', 'MS']",SURGEON,18,Aurora Specialized Hospital Ltd.,Dhaka,,,,,,,,,,,,,,,,,,,,,
5535,Dr. Md. Sujan Sharif,"['MBBS', 'BCS', 'MS']",NEUROSURGEON,15,Aurora Specialized Hospital Ltd.,Dhaka,,,,,,,,,,,,,,,,,,,,,
5536,Dr. Chowdhury Muhammed Fuad Galib,"['MBBS', 'MD', 'BCS']",PEDIATRICIAN,15,Aurora Specialized Hospital Ltd.,Dhaka,,,,,,,,,,,,,,,,,,,,,
5537,Assoc. Prof. Dr. Md. Mizanur Rahman,"['MBBS', 'MS', 'FACS (UNITED STATES)', 'AO SPINE BASIC (INDIA)', 'ADVANCE AO SPINE COURSE (SG', ' MY)', 'ARTHROPLASTY BASIC (INDIA)']",ORTHOPEDIC SURGEON,25,Aurora Specialized Hospital Ltd.,Dhaka,,,,,,,,,,,,,,,,,,,,,
5538,Prof. Dr. Sabina Husein,"['MBBS', 'MS']",GYNECOLOGIST & OBSTETRICIAN,25,Popular Diagnostic Centre Ltd. | Mirpur (Unit 1),Dhaka,,,,,,,,,,,,,,,,,,,,,
5539,Assoc. Prof. Dr. Masuda Islam Khan,"['MBBS', 'FCPS']",GYNECOLOGIST & OBSTETRICIAN,22,Popular Diagnostic Centre Ltd. | Mirpur (Unit 1),Dhaka,,,,,,,,,,,,,,,,,,,,,
5540,Dr. T H Johura Munmun,"['MBBS', 'FCPS', 'MS']",GYNECOLOGIST & OBSTETRICIAN,15,Popular Diagnostic Centre Ltd. | Mirpur (Unit 1),Dhaka,,,,,,,,,,,,,,,,,,,,,
5541,Dr. Khadija Mannan,"['MBBS', 'BCS', 'FCPS']",GYNECOLOGIST & OBSTETRICIAN,14,Popular Diagnostic Centre Ltd. | Mirpur (Unit 1),Dhaka,,,,,,,,,,,,,,,,,,,,,
5542,Dr. Shohela Parveen,"['MBBS', 'FCPS', 'TRAINED IN INFERTILITY (INDIA)', 'TRAINED IN ADVANCED LAPAROSCOPIC SURGERY & HYSTEROSCOPY (INDIA)']",GYNECOLOGIST & OBSTETRICIAN,15,Popular Diagnostic Centre Ltd. | Mirpur (Unit 1),Dhaka,,,,,,,,,,,,,,,,,,,,,
5543,Dr. Afroza Sultana,"['MBBS', 'FCPS', 'MCPS', 'DGO', 'MRCOG (PART-1) LONDON']",GYNECOLOGIST & OBSTETRICIAN,13,Popular Diagnostic Centre Ltd. | Mirpur (Unit 1),Dhaka,,,,,,,,,,,,,,,,,,,,,
5544,Dr. Kazi Salma Rezina Shobi,"['MBBS', 'FCPS']",GYNECOLOGIST & OBSTETRICIAN,16,Popular Diagnostic Centre Ltd. | Mirpur (Unit 1),Dhaka,,,,,,,,,,,,,,,,,,,,,
5545,Assoc. Prof. Dr. Mahfuz Ara Begum,"['MBBS', 'FCPS', 'MS', 'DGO', 'MCPS']",GYNECOLOGIST & OBSTETRICIAN,26,Popular Diagnostic Centre Ltd. | Mirpur (Unit 1),Dhaka,,,,,,,,,,,,,,,,,,,,,
5546,Prof. Dr. Habiba Khatun,"['MBBS', 'FCPS']",GYNECOLOGIST & OBSTETRICIAN,25,Central Hospital Limited,Dhaka,,,,,,,,,,,,,,,,,,,,,
5546,Prof. Dr. Habiba Khatun,"['MBBS', 'FCPS']",LAPAROSCOPIC SURGEON,25,Central Hospital Limited,Dhaka,,,,,,,,,,,,,,,,,,,,,
5547,Asst. Prof. Dr. Khodeza Khatun Moni,"['MBBS', 'FCPS']",GYNECOLOGIST & OBSTETRICIAN,22,Popular Diagnostic Centre Ltd. | Mirpur (Unit 1),Dhaka,,,,,,,,,,,,,,,,,,,,,
5548,Dr. Monowara Begum,"['MBBS', 'DGO', 'FCPS', 'MRCOG-2 (UK)']",GYNECOLOGIST & OBSTETRICIAN,15,Popular Diagnostic Centre Ltd. | Mirpur (Unit 1),Dhaka,,,,,,,,,,,,,,,,,,,,,
5549,Prof. Dr. Munnujan Begum,"['MBBS', 'FCPS']",GYNECOLOGIST & OBSTETRICIAN,24,Popular Diagnostic Centre Ltd. | Mirpur (Unit 1),Dhaka,,,,,,,,,,,,,,,,,,,,,
5550,Prof. Dr. Neaz T. Parveen,"['MBBS', 'FCPS', 'DOWH (IRELAND)', 'MRCOG (LONDON)', 'MD']",GYNECOLOGIST & OBSTETRICIAN,26,Popular Diagnostic Centre Ltd. | Mirpur (Unit 1),Dhaka,,,,,,,,,,,,,,,,,,,,,
5550,Prof. Dr. Neaz T. Parveen,"['MBBS', 'FCPS', 'DOWH (IRELAND)', 'MRCOG (LONDON)', 'MD']",INFERTILITY SPECIALIST,26,Popular Diagnostic Centre Ltd. | Mirpur (Unit 1),Dhaka,,,,,,,,,,,,,,,,,,,,,
5550,Prof. Dr. Neaz T. Parveen,"['MBBS', 'FCPS', 'DOWH (IRELAND)', 'MRCOG (LONDON)', 'MD']",LAPAROSCOPIC SURGEON,26,Popular Diagnostic Centre Ltd. | Mirpur (Unit 1),Dhaka,,,,,,,,,,,,,,,,,,,,,
5551,Assoc. Prof. Dr. Jannat Ara Ferdous,"['MBBS', 'BCS', 'MCPS', 'FCPS']",GYNECOLOGIST & OBSTETRICIAN,22,Popular Diagnostic Centre Ltd. | Mirpur (Unit 1),Dhaka,,,,,,,,,,,,,,,,,,,,,
5551,Assoc. Prof. Dr. Jannat Ara Ferdous,"['MBBS', 'BCS', 'MCPS', 'FCPS']",INFERTILITY SPECIALIST,22,Popular Diagnostic Centre Ltd. | Mirpur (Unit 1),Dhaka,,,,,,,,,,,,,,,,,,,,,
5552,Prof. Dr. Parveen Akhter Samsun Nahar Surovi,"['MBBS', 'FCPS', 'MRCOG2 (UK)']",GYNECOLOGIST & OBSTETRICIAN,23,Popular Diagnostic Centre Ltd. | Mirpur (Unit 1),Dhaka,,,,,,,,,,,,,,,,,,,,,
5552,Prof. Dr. Parveen Akhter Samsun Nahar Surovi,"['MBBS', 'FCPS', 'MRCOG2 (UK)']",INFERTILITY SPECIALIST,23,Popular Diagnostic Centre Ltd. | Mirpur (Unit 1),Dhaka,,,,,,,,,,,,,,,,,,,,,
5553,Asst. Prof. Dr. Dalia Rahman,"['MBBS', 'DGO', 'FCPS', 'MCPS', 'FCPS', 'MRCOG2 (UK)']",GYNECOLOGIST & OBSTETRICIAN,20,Popular Diagnostic Centre Ltd. | Mirpur (Unit 1),Dhaka,,,,,,,,,,,,,,,,,,,,,
5553,Asst. Prof. Dr. Dalia Rahman,"['MBBS', 'DGO', 'FCPS', 'MCPS', 'FCPS', 'MRCOG2 (UK)']",LAPAROSCOPIC SURGEON,20,Popular Diagnostic Centre Ltd. | Mirpur (Unit 1),Dhaka,,,,,,,,,,,,,,,,,,,,,
5554,Dr. Al Mahmood Appolo,"['MBBS', 'BCS', 'MD']",GASTROENTEROLOGIST,15,Popular Diagnostic Centre Ltd. | Mirpur (Unit 1),Dhaka,,,,,,,,,,,,,,,,,,,,,
5555,Asst. Prof. Dr. S M Shahadat Hossain,"['MBBS', 'BCS', 'MD', 'MRCP', ' UK)', 'APASL', 'AASLD (CHINA) JOINT AWARD']",GASTROENTEROLOGIST,22,Popular Diagnostic Centre Ltd. | Mirpur (Unit 1),Dhaka,,,,,,,,,,,,,,,,,,,,,
5555,Asst. Prof. Dr. S M Shahadat Hossain,"['MBBS', 'BCS', 'MD', 'MRCP', ' UK)', 'APASL', 'AASLD (CHINA) JOINT AWARD']",HEPATOLOGIST,22,Popular Diagnostic Centre Ltd. | Mirpur (Unit 1),Dhaka,,,,,,,,,,,,,,,,,,,,,
5556,Dr. Kazi Zakir Hossain,"['MBBS', 'BCS', 'MD']",GASTROENTEROLOGIST,15,Popular Diagnostic Centre Ltd. | Mirpur (Unit 1),Dhaka,,,,,,,,,,,,,,,,,,,,,
5556,Dr. Kazi Zakir Hossain,"['MBBS', 'BCS', 'MD']",HEPATOLOGIST,15,Popular Diagnostic Centre Ltd. | Mirpur (Unit 1),Dhaka,,,,,,,,,,,,,,,,,,,,,
5557,Dr. Brig. Gn. Md. Sayedur Rahman,"['MBBS', 'FCPS', 'OJT (GASTROENTEROLOGY)', 'FACP', 'FRCP']",GASTROENTEROLOGIST,17,Popular Diagnostic Centre Ltd. | Mirpur (Unit 1),Dhaka,,,,,,,,,,,,,,,,,,,,,
5558,Prof. Dr. Brig. Gen. S M Mizanur Rahman,"['MBBS', 'FCPS', 'FCPS']",GASTROENTEROLOGIST,26,Popular Diagnostic Centre Ltd. | Mirpur (Unit 1),Dhaka,,,,,,,,,,,,,,,,,,,,,
5559,Prof. Dr. Brig. Gen. Md. Mokhlesur Rahman,"['MBBS', 'FCPS', 'FELLOWSHIP GASTROENTEROLOGY & HEPATOLOGY (PAK)']",GASTROENTEROLOGIST,27,Popular Diagnostic Centre Ltd. | Mirpur (Unit 1),Dhaka,,,,,,,,,,,,,,,,,,,,,
5560,Prof. Dr. Aftab U Ahmed,"['MBBS', 'MCPS', 'DLO', 'FICS']",OTOLARYNGOLOGISTS (ENT),25,Popular Diagnostic Centre Ltd. | Mirpur (Unit 1),Dhaka,,,,,,,,,,,,,,,,,,,,,
5561,Prof. Dr. Swapan Kumar Bhowmik Roy,"['MBBS', 'DO (DU)', 'MS']",OPHTHALMOLOGIST,27,Popular Diagnostic Centre Ltd. | Mirpur (Unit 1),Dhaka,,,,,,,,,,,,,,,,,,,,,
5562,Dr. Shorfuddin Mahmud,"['MBBS', 'BCS', 'FCPS', 'MCPS']",OTOLARYNGOLOGISTS (ENT),16,Popular Diagnostic Centre Ltd. | Mirpur (Unit 1),Dhaka,,,,,,,,,,,,,,,,,,,,,
5563,Dr. Md. Shahadat Hossain,"['MBBS', 'DLO']",OTOLARYNGOLOGISTS (ENT),15,Popular Diagnostic Centre Ltd. | Mirpur (Unit 1),Dhaka,,,,,,,,,,,,,,,,,,,,,
5564,Prof. Dr. Brig. Gen. Md. Abdul Mannan,"['MBBS', 'FCPS']",OTOLARYNGOLOGISTS (ENT),30,Popular Diagnostic Centre Ltd. | Mirpur (Unit 1),Dhaka,,,,,,,,,,,,,,,,,,,,,
5565,Prof. Dr. Md. Mosleh Uddin,"['MBBS', 'MCPS', 'MS', 'HIGHER TRAINING (INDIA', ' PHILIPPINES & USA)']",OTOLARYNGOLOGISTS (ENT),28,Popular Diagnostic Centre Ltd. | Mirpur (Unit 1),Dhaka,,,,,,,,,,,,,,,,,,,,,
5566,Dr. Faysal Ahmed,"['MBBS', 'MPH', 'CCD']",ENDOCRINOLOGIST,15,Popular Diagnostic Centre Ltd. | Mirpur (Unit 1),Dhaka,,,,,,,,,,,,,,,,,,,,,
5566,Dr. Faysal Ahmed,"['MBBS', 'MPH', 'CCD']",DIABETOLOGIST,15,Popular Diagnostic Centre Ltd. | Mirpur (Unit 1),Dhaka,,,,,,,,,,,,,,,,,,,,,
5567,Prof. Dr. Ruhul Amin,"['MBBS', 'MD', 'MACE']",ENDOCRINOLOGIST,28,Popular Diagnostic Centre Ltd. | Mirpur (Unit 1),Dhaka,,,,,,,,,,,,,,,,,,,,,
5567,Prof. Dr. Ruhul Amin,"['MBBS', 'MD', 'MACE']",DIABETOLOGIST,28,Popular Diagnostic Centre Ltd. | Mirpur (Unit 1),Dhaka,,,,,,,,,,,,,,,,,,,,,
5568,Prof. Dr. Naseem Akhter Chowdhury,"['MBBS', 'FCPS', 'FACP']",DIABETOLOGIST,26,Popular Diagnostic Centre Ltd. | Mirpur (Unit 1),Dhaka,,,,,,,,,,,,,,,,,,,,,
5568,Prof. Dr. Naseem Akhter Chowdhury,"['MBBS', 'FCPS', 'FACP']",MEDICINE SPECIALIST,26,Popular Diagnostic Centre Ltd. | Mirpur (Unit 1),Dhaka,,,,,,,,,,,,,,,,,,,,,
5569,Dr. Benzir Ahmed,"['MBBS', 'MBA (HEALTH CARE MANAGEMENT)', 'CCD', 'MS']",DIABETOLOGIST,14,Popular Diagnostic Centre Ltd. | Mirpur (Unit 1),Dhaka,,,,,,,,,,,,,,,,,,,,,
5570,Asst. Prof. Dr. Kazi Nasid Naznin,"['MBBS', 'FCPS', 'MS']",GENERAL SURGEON,15,Popular Diagnostic Centre Ltd. | Mirpur (Unit 1),Dhaka,,,,,,,,,,,,,,,,,,,,,
5570,Asst. Prof. Dr. Kazi Nasid Naznin,"['MBBS', 'FCPS', 'MS']",COLORECTAL SURGEON,15,Popular Diagnostic Centre Ltd. | Mirpur (Unit 1),Dhaka,,,,,,,,,,,,,,,,,,,,,
5571,Asst. Prof. Dr. Khalilur Rahman,"['MBBS', 'DCH', 'PGPN', ' USA)']",PEDIATRICIAN,15,Popular Diagnostic Centre Ltd. | Mirpur (Unit 1),Dhaka,,,,,,,,,,,,,,,,,,,,,
5572,Asst. Prof. Dr. Md. Ibrahim Khalil,"['MBBS', 'FCPS']",PEDIATRICIAN,23,Popular Diagnostic Centre Ltd. | Mirpur (Unit 1),Dhaka,,,,,,,,,,,,,,,,,,,,,
5573,Prof. Dr. Md. Fazlul Haque,"['MBBS', 'FCPS']",PEDIATRICIAN,25,Popular Diagnostic Centre Ltd. | Mirpur (Unit 1),Dhaka,,,,,,,,,,,,,,,,,,,,,
5574,Prof. Dr. Kamrul Hassan Shabuj,"['MBBS', 'FCPS', 'MD']",NEONATOLOGIST,28,Popular Diagnostic Centre Ltd. | Mirpur (Unit 1),Dhaka,,,,,,,,,,,,,,,,,,,,,
5574,Prof. Dr. Kamrul Hassan Shabuj,"['MBBS', 'FCPS', 'MD']",PEDIATRICIAN,28,Popular Diagnostic Centre Ltd. | Mirpur (Unit 1),Dhaka,,,,,,,,,,,,,,,,,,,,,
5575,Prof. Dr. Md. Rafiqul Islam,"['MBBS', 'FCPS', 'MD']",PULMONOLOGIST,28,Popular Diagnostic Centre Ltd. | Mirpur (Unit 1),Dhaka,,,,,,,,,,,,,,,,,,,,,
5576,Prof. Dr. Sheikh Shahinur Hossain,"['MBBS', 'DTCD', 'MD', 'FCCP']",PULMONOLOGIST,23,Popular Diagnostic Centre Ltd. | Mirpur (Unit 1),Dhaka,,,,,,,,,,,,,,,,,,,,,
5577,Dr. Mahmood Hasan Khan,"['MBBS', 'MD', 'ECHO (INDIA)']",CARDIOLOGIST,14,Popular Diagnostic Centre Ltd. | Mirpur (Unit 1),Dhaka,,,,,,,,,,,,,,,,,,,,,
5578,Dr. Md. Asaduzzaman,"['MBBS', 'MD']",CARDIOLOGIST,15,Popular Diagnostic Centre Ltd. | Mirpur (Unit 1),Dhaka,,,,,,,,,,,,,,,,,,,,,
5579,Asst. Prof. Dr. Amanullah Bin Siddiq,"['MBBS', 'MD']",CARDIOLOGIST,22,Popular Diagnostic Centre Ltd. | Mirpur (Unit 1),Dhaka,,,,,,,,,,,,,,,,,,,,,
5580,Assoc. Prof. Dr. Nur Alam,"['MBBS', 'MD', 'MS']",CARDIOLOGIST,22,Popular Diagnostic Centre Ltd. | Mirpur (Unit 1),Dhaka,,,,,,,,,,,,,,,,,,,,,
5581,Assoc. Prof. Dr. Mohammadullah Firoz,"['MBBS', 'MD', 'FCPS']",CARDIOLOGIST,20,Popular Diagnostic Centre Ltd. | Mirpur (Unit 1),Dhaka,,,,,,,,,,,,,,,,,,,,,
5582,Asst. Prof. Dr. Muhammad Rafiqul Islam,"['MBBS', 'MD']",ONCOLOGIST,18,Popular Diagnostic Centre Ltd. | Mirpur (Unit 1),Dhaka,,,,,,,,,,,,,,,,,,,,,
5583,Dr. S. Chakrabarty Chanchol,"['MBBS', 'FCGP', 'PGT', 'CCD']",MEDICINE SPECIALIST,15,Popular Diagnostic Centre Ltd.| English Road,Dhaka,,,,,,,,,,,,,,,,,,,,,
5584,Asst. Prof. Dr. Ripon Kumar Saha,"['MBBS', 'BCS', 'FCPS']",PHYSICAL MEDICINE,20,Popular Diagnostic Centre Ltd.| English Road,Dhaka,,,,,,,,,,,,,,,,,,,,,
5585,Dr. Md. Kamrul Ahsan Shamin,"['MBBS', 'BCS', 'FCPS']",COLORECTAL SURGEON,15,Popular Diagnostic Centre Ltd.| English Road,Dhaka,,,,,,,,,,,,,,,,,,,,,
5585,Dr. Md. Kamrul Ahsan Shamin,"['MBBS', 'BCS', 'FCPS']",GENERAL SURGEON,15,Popular Diagnostic Centre Ltd.| English Road,Dhaka,,,,,,,,,,,,,,,,,,,,,
5585,Dr. Md. Kamrul Ahsan Shamin,"['MBBS', 'BCS', 'FCPS']",LAPAROSCOPIC SURGEON,15,Popular Diagnostic Centre Ltd.| English Road,Dhaka,,,,,,,,,,,,,,,,,,,,,
5586,Asst. Prof. Dr. Rana Jahangir Alam,"['MBBS', 'FCPS', 'MRCS (EDIN', ' UK)']",GENERAL SURGEON,23,Popular Diagnostic Centre Ltd.| English Road,Dhaka,,,,,,,,,,,,,,,,,,,,,
5587,Prof. Dr. Gobindro Chandra Saha,"['MBBS', 'FCPS', 'MRCS', 'MS']",GENERAL SURGEON,26,Popular Diagnostic Centre Ltd.| English Road,Dhaka,,,,,,,,,,,,,,,,,,,,,
5588,Dr. Abu Naser Al Amin,"['MBBS', 'MD']",PEDIATRICIAN,16,Popular Diagnostic Centre Ltd.| English Road,Dhaka,,,,,,,,,,,,,,,,,,,,,
5589,Prof. Dr. MD. Salim,"['MBBS', 'BCS', 'MPH', 'MD']",PEDIATRICIAN,26,Popular Diagnostic Centre Ltd.| English Road,Dhaka,,,,,,,,,,,,,,,,,,,,,
5590,Prof. Dr. Nihar Ranjan Sarker,"['MBBS', 'FRCP', 'DCH']",PEDIATRICIAN,27,Popular Diagnostic Centre Ltd.| English Road,Dhaka,,,,,,,,,,,,,,,,,,,,,
5591,Prof. Dr. Reaz Mobarak,"['MBBS', 'FRCP', 'MS', 'DCH', 'DTM&H (LONDON)']",PEDIATRICIAN,25,Popular Diagnostic Centre Ltd.| English Road,Dhaka,,,,,,,,,,,,,,,,,,,,,
5592,Asst. Prof. Dr. Pradip Kumar Mondol,"['MBBS', 'MS']",GENERAL SURGEON,20,Popular Diagnostic Centre Ltd.| English Road,Dhaka,,,,,,,,,,,,,,,,,,,,,
5592,Asst. Prof. Dr. Pradip Kumar Mondol,"['MBBS', 'MS']",LAPAROSCOPIC SURGEON,20,Popular Diagnostic Centre Ltd.| English Road,Dhaka,,,,,,,,,,,,,,,,,,,,,
5592,Asst. Prof. Dr. Pradip Kumar Mondol,"['MBBS', 'MS']",COLORECTAL SURGEON,20,Popular Diagnostic Centre Ltd.| English Road,Dhaka,,,,,,,,,,,,,,,,,,,,,
5593,Dr. Sanjana Sharmin Shosi,"['MBBS', 'FCPS']",LAPAROSCOPIC SURGEON,15,Popular Diagnostic Centre Ltd.| English Road,Dhaka,,,,,,,,,,,,,,,,,,,,,
5593,Dr. Sanjana Sharmin Shosi,"['MBBS', 'FCPS']",COLORECTAL SURGEON,15,Popular Diagnostic Centre Ltd.| English Road,Dhaka,,,,,,,,,,,,,,,,,,,,,
5594,Assoc. Prof. Dr. Bimol Kumar Agarwala,"['MBBS', 'DEM']",DIABETOLOGIST,25,Popular Diagnostic Centre Ltd.| English Road,Dhaka,,,,,,,,,,,,,,,,,,,,,
5595,Dr. Yusuf Ali,"['MBBS', 'MCPS', 'FCPS', 'MRCP']",DIABETOLOGIST,14,Popular Diagnostic Centre Ltd.| English Road,Dhaka,,,,,,,,,,,,,,,,,,,,,
5596,Dr. Kazi Ali Aftab Shawon,"['MBBS', 'BCS', 'FCPS', 'MRCP', ' ENGLAND)', 'MACP', 'CCD']",DIABETOLOGIST,15,Popular Diagnostic Centre Ltd.| English Road,Dhaka,,,,,,,,,,,,,,,,,,,,,
5597,Dr. M. A. Sayem,"['MBBS', 'DLP', 'CCD']",DIABETOLOGIST,17,Popular Diagnostic Centre Ltd.| English Road,Dhaka,,,,,,,,,,,,,,,,,,,,,
5598,Dr. S. Saha Manosh,"['MBBS', 'CCD', 'DLP (UK)']",DIABETOLOGIST,15,Popular Diagnostic Centre Ltd.| English Road,Dhaka,,,,,,,,,,,,,,,,,,,,,
5599,Assoc. Prof. Dr. Yakub Ali,"['MBBS', 'D-ORTHO', 'MS']",ORTHOPEDIST,22,Popular Diagnostic Centre Ltd.| English Road,Dhaka,,,,,,,,,,,,,,,,,,,,,
5600,Assoc. Prof. Dr. Mizanur Rahaman Kallol,"['MBBS', 'D-ORTHO', 'PHD']",ORTHOPEDIST,23,Popular Diagnostic Centre Ltd.| English Road,Dhaka,,,,,,,,,,,,,,,,,,,,,
5601,Dr. Md. Moinul Hasan Chishti,"['MBBS', 'BCS', 'D-ORTHO', 'FICS (USA)']",ORTHOPEDIST,20,Popular Diagnostic Centre Ltd.| English Road,Dhaka,,,,,,,,,,,,,,,,,,,,,
5602,Dr. Shawon Datta,"['MBBS', 'BCS', 'MS']",ORTHOPEDIST,15,Popular Diagnostic Centre Ltd.| English Road,Dhaka,,,,,,,,,,,,,,,,,,,,,
5603,Asst. Prof. Dr. A. B. M. Zakir Uddin,"['MBBS', 'D-ORTHO', 'MS']",ORTHOPEDIST,25,Popular Diagnostic Centre Ltd.| English Road,Dhaka,,,,,,,,,,,,,,,,,,,,,
5604,Assoc. Prof. Dr. Ashraful Islam,"['MBBS', 'MS']",ORTHOPEDIST,24,Popular Diagnostic Centre Ltd.| English Road,Dhaka,,,,,,,,,,,,,,,,,,,,,
5605,Assoc. Prof. Dr. Abdullah Al Mamun,"['MBBS', 'MD', 'CCD']",HEPATOLOGIST,23,Popular Diagnostic Centre Ltd.| English Road,Dhaka,,,,,,,,,,,,,,,,,,,,,
5606,Prof. Dr. Prodip Kumar Biswas,"['MBBS', 'FCPS', 'BCS', 'MD']",GASTROENTEROLOGIST,20,Popular Diagnostic Centre Ltd.| English Road,Dhaka,,,,,,,,,,,,,,,,,,,,,
5607,Dr. B. M. Sahin,"['MBBS', 'MD']",HEPATOLOGIST,15,Popular Diagnostic Centre Ltd.| English Road,Dhaka,,,,,,,,,,,,,,,,,,,,,
5608,Dr. S. Biswas Sojol,"['MBBS', 'MD']",GASTROENTEROLOGIST,18,Alliance Hospital Ltd.,Dhaka,,,,,,,,,,,,,,,,,,,,,
5609,Dr. Mehnaz Afroz,"['MBBS', 'MCPS', 'DGO', 'M.PHIL', 'FCPS']",GYNECOLOGISTS,15,Ibn Sina Diagnostic Center | Lalbagh,Dhaka,,,,,,,,,,,,,,,,,,,,,
5610,Assoc. Prof. Dr. Jhumur Ghosh,"['MBBS', 'MD']",GASTROENTEROLOGIST,26,Popular Diagnostic Centre Ltd.| English Road,Dhaka,,,,,,,,,,,,,,,,,,,,,
5610,Assoc. Prof. Dr. Jhumur Ghosh,"['MBBS', 'MD']",HEPATOLOGIST,26,Popular Diagnostic Centre Ltd.| English Road,Dhaka,,,,,,,,,,,,,,,,,,,,,
5611,Assoc. Prof. Dr. Md. Afzal Hosen,"['MBBS', 'MD']",ENDOCRINOLOGIST,24,Popular Diagnostic Centre Ltd.| English Road,Dhaka,,,,,,,,,,,,,,,,,,,,,
5611,Assoc. Prof. Dr. Md. Afzal Hosen,"['MBBS', 'MD']",MEDICINE SPECIALIST,24,Popular Diagnostic Centre Ltd.| English Road,Dhaka,,,,,,,,,,,,,,,,,,,,,
5612,Prof. Dr. Sudip Das Gupta,"['MBBS', 'MS', 'FCS (USA)']",UROLOGIST,27,Popular Diagnostic Centre Ltd.| English Road,Dhaka,,,,,,,,,,,,,,,,,,,,,
5613,Assoc. Prof. Dr. Md. Kabiruzzaman,"['MBBS', 'MCPS', 'FCGP', 'CCD', 'MACG (GAESTROENTEROLOGY)']",GASTROENTEROLOGIST,20,Popular Diagnostic Centre Ltd.| English Road,Dhaka,,,,,,,,,,,,,,,,,,,,,
5614,Asst. Prof. Dr. Uthpol Kumar Datta,"['MBBS', 'BCS', 'MS']",OTOLARYNGOLOGISTS (ENT),25,Popular Diagnostic Centre Ltd.| English Road,Dhaka,,,,,,,,,,,,,,,,,,,,,
5615,Asst. Prof. Dr. Golam Mostofa,"['MBBS', 'DLO', 'MS', 'BCS']",OTOLARYNGOLOGISTS (ENT),22,Popular Diagnostic Centre Ltd.| English Road,Dhaka,,,,,,,,,,,,,,,,,,,,,
5616,Dr. Rasel Bari,"['MBBS', 'DLO', 'MS']",OTOLARYNGOLOGISTS (ENT),15,Popular Diagnostic Centre Ltd.| English Road,Dhaka,,,,,,,,,,,,,,,,,,,,,
5617,Assoc. Prof. Dr. Towhidul Islam,"['MBBS', 'MCPS', 'DLO', 'FCPS']",OTOLARYNGOLOGISTS (ENT),20,Popular Diagnostic Centre Ltd.| English Road,Dhaka,,,,,,,,,,,,,,,,,,,,,
5618,Prof. Dr. Sirajul Islam Mahfuj,"['MBBS', 'DLO', 'MS']",OTOLARYNGOLOGISTS (ENT),27,Popular Diagnostic Centre Ltd.| English Road,Dhaka,,,,,,,,,,,,,,,,,,,,,
5619,Dr. Md. Tariqul Islam,"['MBBS', 'CEU', 'CCD', 'PGT']",ENDOCRINOLOGIST,15,Popular Diagnostic Centre Ltd.| English Road,Dhaka,,,,,,,,,,,,,,,,,,,,,
5619,Dr. Md. Tariqul Islam,"['MBBS', 'CEU', 'CCD', 'PGT']",MEDICINE SPECIALIST,15,Popular Diagnostic Centre Ltd.| English Road,Dhaka,,,,,,,,,,,,,,,,,,,,,
5620,Dr. Mohammad Faruk Hossain,"['MBBS', 'FCPS', 'MS', 'BCS']",ENDOCRINOLOGIST,18,Popular Diagnostic Centre Ltd.| English Road,Dhaka,,,,,,,,,,,,,,,,,,,,,
5621,Assoc. Prof . Dr. Rashidul Islam,"['MBBS', 'FCPS', 'MS']",COLORECTAL SURGEON,22,Popular Diagnostic Centre Ltd.| English Road,Dhaka,,,,,,,,,,,,,,,,,,,,,
5622,Asst. Prof. Dr. M. Asaduzzaman Khan Galif,"['MBBS', 'DTCD', 'FCCP', 'CCD']",PULMONOLOGIST,22,Popular Diagnostic Centre Ltd.| English Road,Dhaka,,,,,,,,,,,,,,,,,,,,,
5623,Assoc. Prof. Dr. Kazi Mahbub E Khuda,"['MBBS', 'MCPS', 'MD', 'FCCP']",PULMONOLOGIST,24,Popular Diagnostic Centre Ltd.| English Road,Dhaka,,,,,,,,,,,,,,,,,,,,,
5624,Assoc. Prof. Dr. Khairul Anam,"['MBBS', 'MD', 'FCCP']",PULMONOLOGIST,20,Popular Diagnostic Centre Ltd.| English Road,Dhaka,,,,,,,,,,,,,,,,,,,,,
5625,Assoc. Prof. Dr. A S.M Abdur Razzak,"['MBBS', 'DTCD', 'FCCP']",PULMONOLOGIST,23,Popular Diagnostic Centre Ltd.| English Road,Dhaka,,,,,,,,,,,,,,,,,,,,,
5626,Prof. Dr. Md. Nurul Huda Lanin,"['MBBS', 'FCPS', 'MS']",UROLOGIST,25,Khidmah Hospital Private Limited,Dhaka,,,,,,,,,,,,,,,,,,,,,
5627,Assoc. Prof. Dr. Nasir Ahamed,"['MBBS', 'MCPS', 'MD']",NEPHROLOGIST,23,Popular Diagnostic Centre Ltd.| English Road,Dhaka,,,,,,,,,,,,,,,,,,,,,
5628,Asst. Prof. Dr. Ismail Hossain,"['MBBS', 'FCPS', 'MD']",NEPHROLOGIST,20,Popular Diagnostic Centre Ltd.| English Road,Dhaka,,,,,,,,,,,,,,,,,,,,,
5629,Assoc. Prof. Dr. L. C. Ghosh,"['MBBS', 'FCPS', 'MD']",NEPHROLOGIST,24,Popular Diagnostic Centre Ltd.| English Road,Dhaka,,,,,,,,,,,,,,,,,,,,,
5630,Dr. Madhusudan Mondal,"['MBBS', 'BCS', 'MS']",UROLOGIST,15,Popular Diagnostic Centre Ltd. | Shyamoli,Dhaka,,,,,,,,,,,,,,,,,,,,,
5631,Asst. Prof. Dr. H. M Afzalul Haque Rana,"['MBBS', 'BCS', 'MS']",UROLOGIST,22,Popular Diagnostic Centre Ltd.| English Road,Dhaka,,,,,,,,,,,,,,,,,,,,,
5632,Asst. Prof. Dr. Sharif Md. Wasim Uddin Collins,"['MBBS', 'MS']",UROLOGIST,24,Popular Diagnostic Centre Ltd.| English Road,Dhaka,,,,,,,,,,,,,,,,,,,,,
5633,Dr. Milton Sarkar,['MBBS'],DERMATOLOGIST,15,Popular Diagnostic Centre Ltd.| English Road,Dhaka,,,,,,,,,,,,,,,,,,,,,
5634,Asst. Prof. Dr. Md. Sohel Haider,"['MBBS', 'DDV']",DERMATOLOGIST,14,Popular Diagnostic Centre Ltd.| English Road,Dhaka,,,,,,,,,,,,,,,,,,,,,
5635,Dr. Toioba Akter,"['MBBS', 'FCPS']",DERMATOLOGIST,15,Popular Diagnostic Centre Ltd.| English Road,Dhaka,,,,,,,,,,,,,,,,,,,,,
5636,Asst. Prof. Dr. Md. Saiful Islam,"['MBBS', 'FCPS', 'MD']",DERMATOLOGIST,20,Popular Diagnostic Centre Ltd.| English Road,Dhaka,,,,,,,,,,,,,,,,,,,,,
5637,Assoc. Prof. Dr. Sheikh Zahid Boksh,"['MBBS', 'MCPS', 'MS', 'FACS (USA)']",PEDIATRIC SURGEON,22,Popular Diagnostic Centre Ltd.| English Road,Dhaka,,,,,,,,,,,,,,,,,,,,,
5638,Prof. Dr. Ayub Ansari,"['MBBS', 'MS']",NEUROSURGEON,25,Popular Diagnostic Centre Ltd. | Mirpur (Unit 1),Dhaka,,,,,,,,,,,,,,,,,,,,,
5639,Assoc. Prof. Dr. Pijush Kanti Mitra,"['MBBS', 'MS', 'FCPS', 'FP']",NEUROSURGEON,16,Popular Diagnostic Centre Ltd.| English Road,Dhaka,,,,,,,,,,,,,,,,,,,,,
5640,Dr. Saiful Haque,"['MBBS', 'BCS', 'MS']",NEUROSURGEON,15,Popular Diagnostic Centre Ltd.| English Road,Dhaka,,,,,,,,,,,,,,,,,,,,,
5641,Asst. Prof. Dr. R. k Chakrabarty,"['MBBS', 'MS']",NEUROSURGEON,20,Popular Diagnostic Centre Ltd.| English Road,Dhaka,,,,,,,,,,,,,,,,,,,,,
5642,Dr. T. M. Shahanawaz Islam,"['MBBS', 'FCPS']",MEDICINE SPECIALIST,14,Popular Diagnostic Centre Ltd.| English Road,Dhaka,,,,,,,,,,,,,,,,,,,,,
5643,Dr. Abdullah Al Noman,"['MBBS', 'BCS', 'FCPS']",MEDICINE SPECIALIST,15,Popular Diagnostic Centre Ltd.| English Road,Dhaka,,,,,,,,,,,,,,,,,,,,,
5644,Dr. Bhavananda Barai Shuvo,"['MBBS', 'BCS', 'FCPS']",MEDICINE SPECIALIST,16,Popular Diagnostic Centre Ltd.| English Road,Dhaka,,,,,,,,,,,,,,,,,,,,,
5645,Prof. Dr. Shymol Sarker,"['MBBS', 'FCPS']",MEDICINE SPECIALIST,25,Popular Diagnostic Centre Ltd.| English Road,Dhaka,,,,,,,,,,,,,,,,,,,,,
5646,Asst. Prof. Dr. Zahidul Hasan,['MBBS'],MEDICINE SPECIALIST,20,Popular Diagnostic Centre Ltd.| English Road,Dhaka,,,,,,,,,,,,,,,,,,,,,
5647,Dr. Mustafizur Rahman,"['MBBS', 'MD']",MEDICINE SPECIALIST,15,Popular Diagnostic Centre Ltd.| English Road,Dhaka,,,,,,,,,,,,,,,,,,,,,
5648,N A Konka,"['BSC (HONS)', 'MS']",DIETICIAN,10,Salauddin Specialized Hospital Ltd.,Dhaka,,,,,,,,,,,,,,,,,,,,,
5649,Prof. Dr. Khawja Sajed Anwar,"['MBBS', 'MPH', 'FRSH', 'P.G.P.N (CARDIOLOGIST)']",CARDIOLOGIST,28,Popular Diagnostic Centre Ltd.| English Road,Dhaka,,,,,,,,,,,,,,,,,,,,,
5650,Asst. Prof. Dr. Gopal Chandra Majumdar,"['MBBS', 'FCPS']",MEDICINE SPECIALIST,22,Popular Diagnostic Centre Ltd.| English Road,Dhaka,,,,,,,,,,,,,,,,,,,,,
5651,Dr. Tomiz Chowdhury,"['MBBS', 'FRSH (GENERAL PHYSICIAN)']",GENERAL PHYSICIAN,16,Popular Diagnostic Centre Ltd.| English Road,Dhaka,,,,,,,,,,,,,,,,,,,,,
5652,Assoc. Prof. Dr. S. A. Khan Noman,"['MBBS', 'BCS', 'FCPS']",MEDICINE SPECIALIST,20,Popular Diagnostic Centre Ltd.| English Road,Dhaka,,,,,,,,,,,,,,,,,,,,,
5653,Prof. Dr. Shyamal Sarker,"['MBBS', 'FCPS']",MEDICINE SPECIALIST,25,Popular Diagnostic Centre Ltd.| English Road,Dhaka,,,,,,,,,,,,,,,,,,,,,
5654,Assoc. Prof. Dr. Durba Halder,"['MBBS', 'D-CARD', 'MCPS', 'MACP', 'MD']",MEDICINE SPECIALIST,16,Popular Diagnostic Centre Ltd.| English Road,Dhaka,,,,,,,,,,,,,,,,,,,,,
5655,Assoc. Prof. Dr. Jhumur Ghosh,"['MBBS', 'MD']",HEPATOLOGIST,20,Popular Diagnostic Centre Ltd.| English Road,Dhaka,,,,,,,,,,,,,,,,,,,,,
5656,Dr. Afreen Kabir Kheya,"['MBBS', 'BCS', 'FCPS']",GYNECOLOGIST & OBSTETRICIAN,14,Popular Diagnostic Centre Ltd.| English Road,Dhaka,,,,,,,,,,,,,,,,,,,,,
5657,Dr. Farzana Akter,"['MBBS', 'BCS', 'FCPS']",GYNECOLOGIST & OBSTETRICIAN,15,Popular Diagnostic Centre Ltd.| English Road,Dhaka,,,,,,,,,,,,,,,,,,,,,
5658,Asst. Prof. Dr. M. K. Shelly,"['MBBS', 'DGO', 'FCPS', 'MCPS']",GYNECOLOGIST & OBSTETRICIAN,14,Popular Diagnostic Centre Ltd.| English Road,Dhaka,,,,,,,,,,,,,,,,,,,,,
5659,Dr. Sathi Khanom,"['MBBS', 'MS']",GYNECOLOGISTS,13,Popular Diagnostic Centre Ltd.| English Road,Dhaka,,,,,,,,,,,,,,,,,,,,,
5660,Prof. Dr. Ismat Ara,"['MBBS', 'FCPS']",GYNECOLOGIST & OBSTETRICIAN,15,Popular Diagnostic Centre Ltd.| English Road,Dhaka,,,,,,,,,,,,,,,,,,,,,
5661,Assoc. Prof. Dr. Mala Banik,"['MBBS', 'FCPS', 'MS']",GYNECOLOGISTS,22,Comfort Diagnostic Center (Pvt.) Ltd | Dhanmondi,Dhaka,,,,,,,,,,,,,,,,,,,,,
5662,Assoc. Prof. Dr. Sabiha Yeasmin Shanta,"['MBBS', 'DGO', 'FCPS', 'INFERTILITY SPECIALIST (CHENNAI)', 'FELLOW COSMETIC GYNAECOLOGY (DUBAI)']",GYNECOLOGIST & OBSTETRICIAN,14,Popular Diagnostic Centre Ltd.| English Road,Dhaka,,,,,,,,,,,,,,,,,,,,,
5663,Dr. Saria Sarmin,"['MBBS', 'BCS', 'DGO', 'FCPS']",GYNECOLOGISTS,15,Popular Diagnostic Centre Ltd.| English Road,Dhaka,,,,,,,,,,,,,,,,,,,,,
5664,Asst. Prof. Dr. Papiya Sultana,"['MBBS', 'BCS', 'FCPS']",GYNECOLOGISTS,25,Popular Diagnostic Centre Ltd.| English Road,Dhaka,,,,,,,,,,,,,,,,,,,,,
5665,Asst. Prof. Dr. Moushumi Saha,"['MBBS', 'BCS', 'FCPS', 'MRCS (LP)', 'FCPS']",GYNECOLOGISTS,24,Popular Diagnostic Centre Ltd.| English Road,Dhaka,,,,,,,,,,,,,,,,,,,,,
5666,Dr. Rifat Ara Mahfuz,"['MBBS', 'DGO']",GYNECOLOGIST & OBSTETRICIAN,16,Popular Diagnostic Centre Ltd.| English Road,Dhaka,,,,,,,,,,,,,,,,,,,,,
5667,Prof. Dr. Nilufar Nasreen Ava,"['MBBS', 'MCPS', 'DGO', 'FCPS']",GYNECOLOGIST & OBSTETRICIAN,25,Popular Diagnostic Centre Ltd.| English Road,Dhaka,,,,,,,,,,,,,,,,,,,,,
5668,Prof. Dr. Zulfi Ara Haider,"['MBBS', 'DGO', 'FAMS (VIENA)', 'FCGP']",GYNECOLOGIST & OBSTETRICIAN,28,Popular Diagnostic Centre Ltd.| English Road,Dhaka,,,,,,,,,,,,,,,,,,,,,
5669,Asst. Prof. Dr. Khondoker Asaduzzaman,"['MBBS', 'DTCD (CHEST)', 'MD', 'AFACC (USA)', 'FASIC & FSCAI (USA)']",CARDIOLOGIST,15,Popular Diagnostic Centre Ltd.| English Road,Dhaka,,,,,,,,,,,,,,,,,,,,,
5669,Asst. Prof. Dr. Khondoker Asaduzzaman,"['MBBS', 'DTCD (CHEST)', 'MD', 'AFACC (USA)', 'FASIC & FSCAI (USA)']",PULMONOLOGIST,15,Popular Diagnostic Centre Ltd.| English Road,Dhaka,,,,,,,,,,,,,,,,,,,,,
5670,Asst. Prof. Dr. Mohammad Saiful Islam,"['MBBS', 'BCS', 'MD']",CARDIOLOGIST,24,Popular Diagnostic Centre Ltd.| English Road,Dhaka,,,,,,,,,,,,,,,,,,,,,
5671,Asst. Prof. Dr. Kazi Bashir Ahmed,"['MBBS', 'CCD', 'D-CARD', 'MACP', 'FCPS', 'FP(MEDICINE)']",CARDIOLOGIST,15,Popular Diagnostic Centre Ltd.| English Road,Dhaka,,,,,,,,,,,,,,,,,,,,,
5672,Prof. Dr. Mohammed Jahurul Haque,"['MBBS', 'MD']",CARDIOLOGIST,26,Popular Diagnostic Centre Ltd.| English Road,Dhaka,,,,,,,,,,,,,,,,,,,,,
5673,Assoc. Prof. Dr. Samir Kumar Kundu,"['MBBS', 'MS']",CARDIOLOGIST,20,Popular Diagnostic Centre Ltd.| English Road,Dhaka,,,,,,,,,,,,,,,,,,,,,
5674,Dr. Asish Chowdhury,"['MBBS', 'MD']",ONCOLOGIST,19,Popular Diagnostic Centre Ltd.| English Road,Dhaka,,,,,,,,,,,,,,,,,,,,,
5675,Prof. Dr. S.M. Anisur Rahman,"['MBBS', 'DIH', 'DM', 'WHO FELLOW (RADIATION ONCOLOGY)']",ONCOLOGIST,28,Popular Diagnostic Centre Ltd.| English Road,Dhaka,,,,,,,,,,,,,,,,,,,,,
5676,Prof. Dr. Fozle Rabbi Siraj Uddin,"['MBBS', 'MS']",UROLOGIST,26,Popular Diagnostic Centre Ltd. | Badda,Dhaka,,,,,,,,,,,,,,,,,,,,,
5677,Prof. Dr. Anwarul Haque Farazi,"['MBBS', 'MD']",NEPHROLOGIST,20,Popular Diagnostic Centre Ltd. | Badda,Dhaka,,,,,,,,,,,,,,,,,,,,,
5678,Dr. Md. Aminul Islam,"['MBBS', 'BCS', 'MD']",NEPHROLOGIST,20,Popular Diagnostic Centre Ltd. | Badda,Dhaka,,,,,,,,,,,,,,,,,,,,,
5679,Dr. Gulzar Hossain Ujjal,"['MBBS', 'MD']",HEMATOLOGIST,19,Popular Diagnostic Centre Ltd. | Badda,Dhaka,,,,,,,,,,,,,,,,,,,,,
5680,Dr. Fahima Akhter,"['MBBS', 'BCS', 'MCPS', 'FCPS']",GYNECOLOGIST & OBSTETRICIAN,14,Popular Diagnostic Centre Ltd. | Badda,Dhaka,,,,,,,,,,,,,,,,,,,,,
5681,Dr. Fazilatunnesa Kusum,"['MBBS', 'MS', ' DMU)']",GYNECOLOGIST & OBSTETRICIAN,16,Popular Diagnostic Centre Ltd. | Badda,Dhaka,,,,,,,,,,,,,,,,,,,,,
5682,Dr. Nasima Sultana,"['MBBS', 'DGO']",GYNECOLOGIST & OBSTETRICIAN,12,Popular Diagnostic Centre Ltd. | Badda,Dhaka,,,,,,,,,,,,,,,,,,,,,
5683,Dr. Tahera Sultana Rumpa,"['MBBS', 'BCS', 'FCPS']",GYNECOLOGIST & OBSTETRICIAN,15,Popular Diagnostic Centre Ltd. | Badda,Dhaka,,,,,,,,,,,,,,,,,,,,,
5684,Assoc. Prof. Dr. Mahjabin Naj,"['MBBS', 'FCPS']",GYNECOLOGIST & OBSTETRICIAN,22,Popular Diagnostic Centre Ltd. | Badda,Dhaka,,,,,,,,,,,,,,,,,,,,,
5685,Asst. Prof. Dr. Sumona Rahman,"['MBBS', 'FCPS', 'MS']",GYNECOLOGIST & OBSTETRICIAN,25,Popular Diagnostic Centre Ltd. | Badda,Dhaka,,,,,,,,,,,,,,,,,,,,,
5686,Prof. Dr. Najnin Ahmed,"['FCPS', 'DGO', 'MCPS', 'MBBS', 'HIGHLY TRAINED IN OBS. (INDIA', ' MUMBAI)']",GYNECOLOGIST & OBSTETRICIAN,22,Popular Diagnostic Centre Ltd. | Badda,Dhaka,,,,,,,,,,,,,,,,,,,,,
5687,Prof. Dr. Mahbuba Akhter,"['MBBS', 'FCPS']",GYNECOLOGIST & OBSTETRICIAN,24,Popular Diagnostic Centre Ltd. | Badda,Dhaka,,,,,,,,,,,,,,,,,,,,,
5688,Prof. Dr. Md. Golam Shorowar,"['MBBS', 'MCPS', 'DLO', 'FRSH (LNDON)']",OTOLARYNGOLOGISTS (ENT),25,Popular Diagnostic Centre Ltd. | Badda,Dhaka,,,,,,,,,,,,,,,,,,,,,
5689,Dr. Md. Shahjahan Sarkar,"['MBBS', 'MS', 'FCPS', 'MS']",OTOLARYNGOLOGISTS (ENT),18,Popular Diagnostic Centre Ltd. | Badda,Dhaka,,,,,,,,,,,,,,,,,,,,,
5690,Left. Col. Dr. Md. Iftekharul Alam,"['MBBS', 'DLO', 'MCPS', 'FCPS']",OTOLARYNGOLOGISTS (ENT),25,Popular Diagnostic Centre Ltd. | Badda,Dhaka,,,,,,,,,,,,,,,,,,,,,
5691,Asst. Prof. Dr. Samira Mahjabin,"['MBBS', 'MD']",ENDOCRINOLOGIST,15,Popular Diagnostic Centre Ltd. | Badda,Dhaka,,,,,,,,,,,,,,,,,,,,,
5692,Asst. Prof. Dr. Mashfiqul Hasan,"['MBBS', 'BCS', 'MD', 'MCPS']",ENDOCRINOLOGIST,20,Popular Diagnostic Centre Ltd. | Badda,Dhaka,,,,,,,,,,,,,,,,,,,,,
5693,Asst. Prof. Dr. Rushda Sharmin Binte Rouf,"['MBBS', 'FCPS', 'GOLD MEDALIST', 'MD']",ENDOCRINOLOGIST,18,Popular Diagnostic Centre Ltd. | Badda,Dhaka,,,,,,,,,,,,,,,,,,,,,
5694,Dr. Fahmida Sultana,"['MBBS', 'DCH', 'MD']",PEDIATRIC GASTROENTEROLOGIST,15,Popular Diagnostic Centre Ltd. | Badda,Dhaka,,,,,,,,,,,,,,,,,,,,,
5695,Dr. A. K. M. Ahsan Ahmed,"['MBBS', 'FCPS', 'FCPS']",NEUROMEDICINE SPECIALIST,16,Popular Diagnostic Centre Ltd. | Badda,Dhaka,,,,,,,,,,,,,,,,,,,,,
5696,Asst. Prof. Dr. Rajesh Saha,"['MBBS', 'BCS', 'MD']",NEUROLOGIST,20,Popular Diagnostic Centre Ltd. | Badda,Dhaka,,,,,,,,,,,,,,,,,,,,,
5697,Prof. Dr. M A Rauf,"['MBBS', 'BCS', 'FCPS', 'MD']",PEDIATRICIAN,20,Popular Diagnostic Centre Ltd. | Badda,Dhaka,,,,,,,,,,,,,,,,,,,,,
5698,Asst. Prof. Dr. Nazmul Hoque,"['MBBS', 'FCPS', 'FCPS', 'MD', 'BCS']",PEDIATRIC NEUROLOGIST,20,Popular Diagnostic Centre Ltd. | Badda,Dhaka,,,,,,,,,,,,,,,,,,,,,
5699,Prof. Dr. Lutfor Rahman,['MBBS'],CARDIOLOGIST,25,Popular Diagnostic Centre Ltd. | Badda,Dhaka,,,,,,,,,,,,,,,,,,,,,
5700,Prof. Dr. Monoronjon Roy,"['MBBS', 'BCS', 'MS']",CHEST SPECIALIST,22,Popular Diagnostic Centre Ltd. | Badda,Dhaka,,,,,,,,,,,,,,,,,,,,,
5701,Dr. Md. Moshiur Rahman Shujon,"['MBBS', 'BCS', 'DTCD (CHEST)', 'CCD', 'FCPS']",PULMONOLOGIST,13,Popular Diagnostic Centre Ltd. | Badda,Dhaka,,,,,,,,,,,,,,,,,,,,,
5702,Asst. Prof. Dr. Khurshid Alom,"['MBBS', 'BCS', 'MD', 'FCPS', 'MD']",CARDIOLOGIST,16,Popular Diagnostic Centre Ltd. | Badda,Dhaka,,,,,,,,,,,,,,,,,,,,,
5703,Asst. Prof. Dr. Nafisa Akter,"['MBBS', 'MRCP', 'MACP', ' USA)']",INTERNAL MEDICINE SPECIALIST,15,Popular Diagnostic Centre Ltd. | Badda,Dhaka,,,,,,,,,,,,,,,,,,,,,
5704,Dr. Swadesh Barman,"['MBBS', 'BCS', 'FCPS', 'MS', 'UK RESIDENT PHYSICIAN (R.P)']",ONCOLOGIST,13,Popular Diagnostic Centre Ltd. | Badda,Dhaka,,,,,,,,,,,,,,,,,,,,,
5705,Dr. Farhana Rahman,"['MBBS', 'BCS', 'FCPS', 'CCD']",MEDICINE SPECIALIST,14,Popular Diagnostic Centre Ltd. | Badda,Dhaka,,,,,,,,,,,,,,,,,,,,,
5706,Assoc. Prof. Dr. Ahsanul Haque Kawsar,"['MBBS', 'FCPS']",MEDICINE SPECIALIST,20,Popular Diagnostic Centre Ltd. | Badda,Dhaka,,,,,,,,,,,,,,,,,,,,,
5707,Prof. Dr. Md. Faqrul Islam Khaled,"['MBBS', 'CCD', 'MD']",CARDIOLOGIST,22,Popular Diagnostic Centre Ltd. | Badda,Dhaka,,,,,,,,,,,,,,,,,,,,,
5708,Dr. Md. Al Mamun,"['MBBS', 'MD', 'D-CARD', 'FCPS']",CARDIOLOGIST,12,Popular Diagnostic Centre Ltd. | Badda,Dhaka,,,,,,,,,,,,,,,,,,,,,
5709,Dr. Ashraf Ur Rahman Tomal,"['MBBS', 'BCS', 'FCPS', 'MCPS', 'MD']",CARDIOLOGIST,15,Popular Diagnostic Centre Ltd. | Badda,Dhaka,,,,,,,,,,,,,,,,,,,,,
5710,Dr. A. T. M. Kamrul Hasan,"['MBBS', 'BCS', 'MD']",ONCOLOGIST,18,Popular Diagnostic Centre Ltd. | Badda,Dhaka,,,,,,,,,,,,,,,,,,,,,
5711,Prof. Brig. Gen. Habibur Rahman,"['MBBS', 'FCPS', 'FICS']",GENERAL SURGEON,25,Popular Diagnostic Centre Ltd. | Uttara (Unit 1),Dhaka,,,,,,,,,,,,,,,,,,,,,
5712,Prof Dr. Md Atiar Rahman,"['MBBS', 'FCPS']",GENERAL SURGEON,17,Popular Diagnostic Centre Ltd. | Uttara (Unit 1),Dhaka,,,,,,,,,,,,,,,,,,,,,
5713,Dr. Sadia Sajmin Siddiqua,"['MBBS', 'FCPS']",GENERAL SURGEON,13,Popular Diagnostic Centre Ltd. | Uttara (Unit 1),Dhaka,,,,,,,,,,,,,,,,,,,,,
5713,Dr. Sadia Sajmin Siddiqua,"['MBBS', 'FCPS']",LAPAROSCOPIC SURGEON,13,Popular Diagnostic Centre Ltd. | Uttara (Unit 1),Dhaka,,,,,,,,,,,,,,,,,,,,,
5714,Assoc. Prof. Dr. Leea Amin,"['MBBS', 'FCPS']",LAPAROSCOPIC SURGEON,18,Popular Diagnostic Centre Ltd. | Uttara (Garib-E-Newaz Branch),Dhaka,,,,,,,,,,,,,,,,,,,,,
5714,Assoc. Prof. Dr. Leea Amin,"['MBBS', 'FCPS']",COLORECTAL SURGEON,18,Popular Diagnostic Centre Ltd. | Uttara (Garib-E-Newaz Branch),Dhaka,,,,,,,,,,,,,,,,,,,,,
5715,Prof. Dr. Brig. Gen. Moyassaque Ahmed,"['MBBS', 'DDV', 'FCPS', 'FELLOWSHIP IN DERMATOLOGY LASER SURGERY (SKIN ALLERGY & SEX DISEASE (CMH))']",DERMATOLOGIST,30,Popular Diagnostic Centre Ltd. | Uttara (Unit 1),Dhaka,,,,,,,,,,,,,,,,,,,,,
5716,Asst. Prof. Dr. Sharmin Kabir,"['MBBS', 'MCPS', 'FCPS']",DERMATOLOGIST,24,Popular Diagnostic Centre Ltd. | Uttara (Unit 1),Dhaka,,,,,,,,,,,,,,,,,,,,,
5717,Assoc. Prof. Dr. A.R. Chowdhury,"['MBBS', 'DDV', 'MAMS (VIENNA)']",DERMATOLOGIST,20,Popular Diagnostic Centre Ltd. | Uttara (Unit 1),Dhaka,,,,,,,,,,,,,,,,,,,,,
5718,Asst. Prof. Dr. Md. Nazmul Haque Sarker,"['MBBS', 'DDV', 'MCPS']",DERMATOLOGIST,16,Popular Diagnostic Centre Ltd. | Uttara (Unit 1),Dhaka,,,,,,,,,,,,,,,,,,,,,
5719,Prof. Dr. Md. Nazrul Islam Bhuiyan,"['MBBS', 'DDV', 'AND FRSH (UK)']",DERMATOLOGIST,15,Popular Diagnostic Centre Ltd. | Uttara (Unit 1),Dhaka,,,,,,,,,,,,,,,,,,,,,
5720,Prof. Dr. A. K. Moyeenuddin Ahmed,"['MBBS', 'MCPS']",PSYCHIATRIST,20,Popular Diagnostic Centre Ltd. | Uttara (Unit 1),Dhaka,,,,,,,,,,,,,,,,,,,,,
5721,Asst. Prof. Dr. Nabil Zunayed Sidny,"['MBBS', 'D-ORTHO']",ORTHOPEDIC SURGEON,20,Popular Diagnostic Centre Ltd. | Uttara (Unit 1),Dhaka,,,,,,,,,,,,,,,,,,,,,
5722,Prof. Dr. Mohammad Zohirul Islam,"['MBBS', 'BCS', 'D-ORTHO', 'FCPS']",ORTHOPEDIC SURGEON,15,Popular Diagnostic Centre Ltd. | Uttara (Unit 1),Dhaka,,,,,,,,,,,,,,,,,,,,,
5723,Asst. Prof. Dr. Md. Najibul Islam,"['MBBS', 'D-ORTHO', 'MRCS (UK', ' EDIN)']",ORTHOPEDIC SURGEON,16,Popular Diagnostic Centre Ltd. | Uttara (Unit 1),Dhaka,,,,,,,,,,,,,,,,,,,,,
5724,Prof. Dr. Samarjit Barua,"['MBBS', 'MS', 'FACS (USA)']",ORTHOPEDIST,20,Popular Diagnostic Centre Ltd. | Uttara (Unit 1),Dhaka,,,,,,,,,,,,,,,,,,,,,
5725,Asst. Prof. Dr. Md. Insanul Alam,"['MBBS', 'CCD', 'MS']",ORTHOPEDIC SURGEON,20,Popular Diagnostic Centre Ltd. | Uttara (Unit 1),Dhaka,,,,,,,,,,,,,,,,,,,,,
5726,Prof. Brig. Gen. Abdur Rahman Mollah,"['MBBS', 'MS']",ORTHOPEDIC SURGEON,30,Popular Diagnostic Centre Ltd. | Uttara (Garib-E-Newaz Branch),Dhaka,,,,,,,,,,,,,,,,,,,,,
5727,Dr. Ananta Kumar Bhakta,"['MBBS', 'BCS', 'MS']",ORTHOPEDIST,20,Popular Diagnostic Centre Ltd. | Uttara (Unit 1),Dhaka,,,,,,,,,,,,,,,,,,,,,
5728,Prof. Dr. Md. Abdur Rob,"['MBBS', 'MS', 'FELLOW', 'SPINE SURGERY (USA)']",ORTHOPEDIST,25,Popular Diagnostic Centre Ltd. | Uttara (Unit 1),Dhaka,,,,,,,,,,,,,,,,,,,,,
5729,Prof. Dr. Debashis Biswas,"['MBBS', 'MS']",ORTHOPEDIC SURGEON,20,Popular Diagnostic Centre Ltd. | Uttara (Unit 1),Dhaka,,,,,,,,,,,,,,,,,,,,,
5730,Assoc. Prof. Dr. Kingshuk Abir,"['MBBS', 'MD']",NEUROLOGIST,16,Shin-Shin Japan Hospital,Dhaka,,,,,,,,,,,,,,,,,,,,,
5731,Brig. Gen. Prof. Dr. R U Chowdhury,"['MBBS', 'FCPS', 'MS', 'MRCS (UK)']",NEUROSURGEON,28,Popular Diagnostic Centre Ltd. | Uttara (Unit 1),Dhaka,,,,,,,,,,,,,,,,,,,,,
5732,Prof. Dr. Md. Momenuzzaman Khan,"['MBBS', 'MD', 'MACP']",NEUROLOGIST,18,Popular Diagnostic Centre Ltd. | Uttara (Unit 1),Dhaka,,,,,,,,,,,,,,,,,,,,,
5733,Assoc Prof. Dr. Anis Ahmed,"['MBBS', 'MD', ' BSMMU)', 'FELLOW IN INTERVENTIONAL NEUROLOGY & STOKE (SWITZERLAND)']",NEUROLOGIST,15,Popular Diagnostic Centre Ltd. | Uttara (Unit 1),Dhaka,,,,,,,,,,,,,,,,,,,,,
5734,Asst. Prof. Dr. Hasan Hafizur Rahman,"['MBBS', 'BCS', 'FCPS', 'MACP', 'TRAINING (NEPHROLOGY)']",MEDICINE SPECIALIST,20,Popular Diagnostic Centre Ltd. | Uttara (Unit 1),Dhaka,,,,,,,,,,,,,,,,,,,,,
5735,Maj. Gen. Prof. Dr. S. M. Motahar Hossain,"['MBBS', 'MCPS', 'FCPS', 'FELLOW IN GASTROENTEROLOGY (TURKEY)']",MEDICINE SPECIALIST,18,Popular Diagnostic Centre Ltd. | Uttara (Unit 1),Dhaka,,,,,,,,,,,,,,,,,,,,,
5736,Assoc. Prof. Dr. Hasan Imam,"['MBBS', 'MD', 'CCD']",INTERNAL MEDICINE SPECIALIST,15,Popular Diagnostic Centre Ltd. | Uttara (Unit 1),Dhaka,,,,,,,,,,,,,,,,,,,,,
5737,Assoc. Prof. DR. A. K. M. Tariqul Hassan,"['MBBS', 'CCD', 'MD', ' DMC)', 'MACP']",NEPHROLOGIST,16,Popular Diagnostic Centre Ltd. | Uttara (Unit 1),Dhaka,,,,,,,,,,,,,,,,,,,,,
5738,Assoc. Prof Dr. Shahriar Wahid,"['MBBS', 'MCPS', 'MD']",NEPHROLOGIST,16,Popular Diagnostic Centre Ltd. | Uttara (Unit 1),Dhaka,,,,,,,,,,,,,,,,,,,,,
5739,Assoc. Prof. Dr. Rashed Anwar,"['MBBS', 'MD']",NEPHROLOGIST,20,Popular Diagnostic Centre Ltd. | Uttara (Unit 1),Dhaka,,,,,,,,,,,,,,,,,,,,,
5740,Prof. Dr. Md. Rafiquzzaman Khan,"['MBBS', 'DCP', 'FCPS']",HEMATOLOGIST,18,Popular Diagnostic Centre Ltd. | Uttara (Unit 1),Dhaka,,,,,,,,,,,,,,,,,,,,,
5741,Dr. Taslima Akter,"['MBBS', 'BCS', 'CCD', 'DM', 'MS', ' GYNAE AND OBS)', 'FCPS']",GYNECOLOGIST & OBSTETRICIAN,16,Popular Diagnostic Centre Ltd. | Uttara (Unit 1),Dhaka,,,,,,,,,,,,,,,,,,,,,
5742,Dr. Romena Afroj,"['MBBS', 'DGO', 'FCPS']",GYNECOLOGIST & OBSTETRICIAN,13,Popular Diagnostic Centre Ltd. | Uttara (Unit 1),Dhaka,,,,,,,,,,,,,,,,,,,,,
5743,Dr. Mahmuda Begum,"['MBBS', 'MCPS', 'MPH']",GYNECOLOGIST & OBSTETRICIAN,16,Popular Diagnostic Centre Ltd. | Uttara (Unit 1),Dhaka,,,,,,,,,,,,,,,,,,,,,
5744,Asst. Prof. Dr. Salma Nahar,"['MBBS', 'BCS', 'FCPS']",GYNECOLOGIST & OBSTETRICIAN,19,Popular Diagnostic Centre Ltd. | Uttara (Unit 1),Dhaka,,,,,,,,,,,,,,,,,,,,,
5745,Prof. Dr. Akhtarunnesa Parveen,"['MBBS', 'FCPS']",GYNECOLOGIST & OBSTETRICIAN,22,Popular Diagnostic Centre Ltd. | Uttara (Unit 1),Dhaka,,,,,,,,,,,,,,,,,,,,,
5746,Asst. Prof. Dr. Farhana Kalam Ovi,"['MBBS', 'BCS', 'FCPS']",GYNECOLOGIST & OBSTETRICIAN,14,Popular Diagnostic Centre Ltd. | Uttara (Unit 1),Dhaka,,,,,,,,,,,,,,,,,,,,,
5747,Asst. Prof. Dr. Sabrin Farhad,"['MBBS', 'FCPS']",GYNECOLOGIST & OBSTETRICIAN,12,Popular Diagnostic Centre Ltd. | Uttara (Unit 1),Dhaka,,,,,,,,,,,,,,,,,,,,,
5748,Asst. Prof. Dr. Nafisa Amin Khan,"['MBBS', 'MCPS', 'FRSH (UK)', 'DFFP (UK)']",GYNECOLOGIST & OBSTETRICIAN,15,Popular Diagnostic Centre Ltd. | Uttara (Unit 1),Dhaka,,,,,,,,,,,,,,,,,,,,,
5749,Prof. Dr. Jesmin Akter,"['MBBS', 'MCPS', 'DGO', 'FCPS']",GYNECOLOGIST & OBSTETRICIAN,24,Popular Diagnostic Centre Ltd. | Uttara (Unit 1),Dhaka,,,,,,,,,,,,,,,,,,,,,
5750,Asso. Prof. Dr. Shilpi Saha,"['MBBS', 'FCPS']",GYNECOLOGIST & OBSTETRICIAN,16,Popular Diagnostic Centre Ltd. | Uttara (Unit 1),Dhaka,,,,,,,,,,,,,,,,,,,,,
5751,Dr. Parveen Sultana,"['MBBS', 'DGO', 'FCPS']",GYNECOLOGIST & OBSTETRICIAN,12,Popular Diagnostic Centre Ltd. | Uttara (Unit 1),Dhaka,,,,,,,,,,,,,,,,,,,,,
5752,Prof. Dr. Shamima Haque Chowdhury Annie,"['MBBS', 'MCPS', 'DGO', 'MS']",GYNECOLOGIST & OBSTETRICIAN,26,Popular Diagnostic Centre Ltd. | Uttara (Unit 1),Dhaka,,,,,,,,,,,,,,,,,,,,,
5753,Asst. Prof. Dr. Toufiq Aziz,"['MBBS', 'MRCP', ' UK)', 'MS', ' LONDON', ' UK)']",GASTROENTEROLOGIST,18,Popular Diagnostic Centre Ltd. | Uttara (Unit 1),Dhaka,,,,,,,,,,,,,,,,,,,,,
5754,Prof. Dr. Md. Jahangir Alam,"['MBBS', 'MD']",HEPATOLOGIST,20,Popular Diagnostic Centre Ltd. | Uttara (Unit 1),Dhaka,,,,,,,,,,,,,,,,,,,,,
5755,Asst. Prof. Dr. Dulal Chandra Das,"['MBBS', 'MD']",HEPATOLOGIST,16,Popular Diagnostic Centre Ltd. | Uttara (Unit 1),Dhaka,,,,,,,,,,,,,,,,,,,,,
5755,Asst. Prof. Dr. Dulal Chandra Das,"['MBBS', 'MD']",GASTROENTEROLOGIST,16,Popular Diagnostic Centre Ltd. | Uttara (Unit 1),Dhaka,,,,,,,,,,,,,,,,,,,,,
5756,Prof. Dr. Md. Anwarul Kabir,"['MBBS', 'MD']",GASTROENTEROLOGIST,22,Popular Diagnostic Centre Ltd. | Uttara (Garib-E-Newaz Branch),Dhaka,,,,,,,,,,,,,,,,,,,,,
5757,Prof. Brig. Gen. Dr. Md. Rafiquzzaman,"['MBBS', 'FCPS']",OTOLARYNGOLOGISTS (ENT),28,Popular Diagnostic Centre Ltd. | Uttara (Unit 1),Dhaka,,,,,,,,,,,,,,,,,,,,,
5758,Prof. Dr. Kabir Ahmed,"['MBBS', 'DLO', 'FCPS']",OTOLARYNGOLOGISTS (ENT),20,Popular Diagnostic Centre Ltd. | Uttara (Unit 1),Dhaka,,,,,,,,,,,,,,,,,,,,,
5759,Prof. Dr. Naseem Yasmeen,"['MBBS', 'DLO', 'FCPS']",OTOLARYNGOLOGISTS (ENT),22,Popular Diagnostic Centre Ltd. | Uttara (Unit 1),Dhaka,,,,,,,,,,,,,,,,,,,,,
5760,Dr. Lt. Col. Md. Delowar Hossen,"['MBBS', 'FCPS', 'DLO', 'MCPS']",OTOLARYNGOLOGISTS (ENT),25,Popular Diagnostic Centre Ltd. | Uttara (Unit 1),Dhaka,,,,,,,,,,,,,,,,,,,,,
5761,Dr. Ahmed Ifrad Bin Raunak,"['MBBS', 'BCS', 'CCD', 'PGDIP-DIABETES (UK)', 'MD']",ENDOCRINOLOGIST,16,Popular Diagnostic Centre Ltd. | Uttara (Unit 1),Dhaka,,,,,,,,,,,,,,,,,,,,,
5762,Prof. Dr. Md. Shahjamal Khan,"['MBBS', 'MD', 'FACE (USA)']",ENDOCRINOLOGIST,20,Popular Diagnostic Centre Ltd. | Uttara (Unit 1),Dhaka,,,,,,,,,,,,,,,,,,,,,
5763,Dr. Khadiza Rahman Happy,"['MBBS', 'DCH', 'MD']",NEONATOLOGIST,12,Popular Diagnostic Centre Ltd. | Uttara (Unit 1),Dhaka,,,,,,,,,,,,,,,,,,,,,
5764,Dr. M.A. Quyyum Fuad,"['MBBS', 'DCH']",PEDIATRICIAN,15,Popular Diagnostic Centre Ltd. | Uttara (Unit 1),Dhaka,,,,,,,,,,,,,,,,,,,,,
5765,Dr. Md. Tofazzal Hossain,"['MBBS', 'MD']",PEDIATRICIAN,15,Popular Diagnostic Centre Ltd. | Uttara (Unit 1),Dhaka,,,,,,,,,,,,,,,,,,,,,
5766,Asst. Prof. Dr. Nayeema Sadia,"['MBBS', 'DCH', 'FCPS']",PEDIATRICIAN,12,Popular Diagnostic Centre Ltd. | Uttara (Unit 1),Dhaka,,,,,,,,,,,,,,,,,,,,,
5767,Assoc. Prof. Dr. Belayet Hossain,"['MBBS', 'FCPS']",HEMATOLOGIST,23,Popular Diagnostic Centre Ltd. | Shyamoli,Dhaka,,,,,,,,,,,,,,,,,,,,,
5768,Dr. Mirza Golam Sarwar Moon,"['MBBS', 'FCPS', 'MD']",HEMATOLOGIST,20,Alliance Hospital Ltd.,Dhaka,,,,,,,,,,,,,,,,,,,,,
5769,Dr. Farjana Afrose Remu,"['MBBS', 'DGO', 'FCPS']",GYNECOLOGIST & OBSTETRICIAN,13,Popular Diagnostic Centre Ltd. | Shyamoli,Dhaka,,,,,,,,,,,,,,,,,,,,,
5770,Dr. Shafia Afrin,"['MBBS', 'BCS', 'FCPS']",GYNECOLOGIST & OBSTETRICIAN,15,Popular Diagnostic Centre Ltd. | Shyamoli,Dhaka,,,,,,,,,,,,,,,,,,,,,
5771,Prof. Dr. Farzana Sohael,"['MBBS', 'FCPS']",GYNECOLOGIST & OBSTETRICIAN,23,Popular Diagnostic Centre Ltd. | Shyamoli,Dhaka,,,,,,,,,,,,,,,,,,,,,
5772,Dr. Merina Jahan,"['MBBS', 'FCPS', 'BCS']",GYNECOLOGIST & OBSTETRICIAN,15,Popular Diagnostic Centre Ltd. | Shyamoli,Dhaka,,,,,,,,,,,,,,,,,,,,,
5773,Dr. Shusmita Bordhon,"['MBBS', 'FCPS', 'FCPS', 'DM']",GYNECOLOGIST & OBSTETRICIAN,16,Popular Diagnostic Centre Ltd. | Shyamoli,Dhaka,,,,,,,,,,,,,,,,,,,,,
5774,Dr. Rowshon Jahan Rozy,"['MBBS', 'DGO']",GYNECOLOGISTS,20,Popular Diagnostic Centre Ltd. | Shyamoli,Dhaka,,,,,,,,,,,,,,,,,,,,,
5775,Dr. Nazia Sultana,"['MBBS', 'BCS', 'FCPS']",GYNECOLOGIST & OBSTETRICIAN,16,Popular Diagnostic Centre Ltd. | Shyamoli,Dhaka,,,,,,,,,,,,,,,,,,,,,
5776,Dr. Nighat Sultana Ania,"['MBBS', 'BCS', 'FCPS']",GYNECOLOGIST & OBSTETRICIAN,25,Popular Diagnostic Centre Ltd. | Shyamoli,Dhaka,,,,,,,,,,,,,,,,,,,,,
5777,Dr. Khandokar Sehnela Tasmin Sumi,"['MBBS', 'BCS', 'FCPS']",GYNECOLOGIST & OBSTETRICIAN,22,Popular Diagnostic Centre Ltd. | Shyamoli,Dhaka,,,,,,,,,,,,,,,,,,,,,
5778,Prof. Dr. Menoka Ferdous,"['MBBS', 'BCS', 'MCPS', 'MS', 'DM', 'FACS (USA)', 'FMAS (INDIA)']",GYNECOLOGIST & OBSTETRICIAN,23,Popular Diagnostic Centre Ltd. | Shyamoli,Dhaka,,,,,,,,,,,,,,,,,,,,,
5779,Prof. Dr. Khairun Nahar,"['MBBS', 'FCPS']",GYNECOLOGISTS,24,Popular Diagnostic Centre Ltd. | Shyamoli,Dhaka,,,,,,,,,,,,,,,,,,,,,
5780,Prof. Dr. Ferdousi Begum Flora,"['MBBS', 'FCPS', 'FELLOW (WHO)']",GYNECOLOGIST & OBSTETRICIAN,22,Popular Diagnostic Centre Ltd. | Shyamoli,Dhaka,,,,,,,,,,,,,,,,,,,,,
5781,Prof. Dr. Rehan Habib,"['MBBS', 'FCPS', 'MD']",GASTROENTEROLOGIST,23,Popular Diagnostic Centre Ltd. | Shyamoli,Dhaka,,,,,,,,,,,,,,,,,,,,,
5782,Dr. Shishir Sikto Sarker,"['MBBS', 'BCS', 'MD', 'MRCP']",GASTROENTEROLOGIST,18,Popular Diagnostic Centre Ltd. | Shyamoli,Dhaka,,,,,,,,,,,,,,,,,,,,,
5783,Asst. Prof. Dr. A B M Shakil Gani,"['MBBS', 'MD']",GASTROENTEROLOGIST,20,Popular Diagnostic Centre Ltd. | Shyamoli,Dhaka,,,,,,,,,,,,,,,,,,,,,
5784,Prof. Dr. Md. Alauddin Sheikh,"['MBBS', 'DLO', 'FAMS', 'FRCS', 'FICS (USA)']",OTOLARYNGOLOGISTS (ENT),25,Popular Diagnostic Centre Ltd. | Shyamoli,Dhaka,,,,,,,,,,,,,,,,,,,,,
5785,Prof. Dr. S. M. A. Erfan,"['MBBS', 'FCPS', 'ADVANCED TRAINING (COLORECTAL', ' ENDOSCOPIC & LASER SURGERY)']",COLORECTAL SURGEON,26,Dhanmondi General and Kidney Hospital Limited,Dhaka,,,,,,,,,,,,,,,,,,,,,
5785,Prof. Dr. S. M. A. Erfan,"['MBBS', 'FCPS', 'ADVANCED TRAINING (COLORECTAL', ' ENDOSCOPIC & LASER SURGERY)']",GENERAL SURGEON,26,Dhanmondi General and Kidney Hospital Limited,Dhaka,,,,,,,,,,,,,,,,,,,,,
5786,Prof. Dr. Abdul Matin,"['MBBS', 'BCS', 'MD']",PEDIATRICIAN,22,Popular Diagnostic Centre Ltd. | Shyamoli,Dhaka,,,,,,,,,,,,,,,,,,,,,
5787,Assoc. Prof. Dr. Sheikh Shahinur Hosen,"['MBBS', 'DTCD', 'MD', 'FCCP']",PULMONOLOGIST,20,Popular Diagnostic Centre Ltd. | Shyamoli,Dhaka,,,,,,,,,,,,,,,,,,,,,
5788,Asst. Prof. Dr. Ruhul Alom Tarek,"['MBBS', 'BCS', 'MD']",PULMONOLOGIST,18,Popular Diagnostic Centre Ltd. | Shyamoli,Dhaka,,,,,,,,,,,,,,,,,,,,,
5789,Prof. Dr. Uttam Kumar Barua,"['MBBS', 'DTCD (CHEST)', 'FCCP']",PULMONOLOGIST,22,Popular Diagnostic Centre Ltd. | Shyamoli,Dhaka,,,,,,,,,,,,,,,,,,,,,
5790,Dr. Md. Abul Kalam Azad,"['MBBS', 'BCS', 'D-CARD', 'PHD', 'CCD', 'MACP', 'MACC (AMERICA)', 'TRAINED IN ECHO (CARDIOGRAPHY)']",CARDIOLOGIST,15,Popular Diagnostic Centre Ltd. | Shyamoli,Dhaka,,,,,,,,,,,,,,,,,,,,,
5791,Assoc. Prof. Dr. Kajol Kumar Kormokar,"['MBBS', 'D-CARD', 'FSCAI (USA)']",CARDIOLOGIST,18,Popular Diagnostic Centre Ltd. | Shyamoli,Dhaka,,,,,,,,,,,,,,,,,,,,,
5792,Prof. Dr. Md. Mobashir Khalil,"['MBBS', 'MD']",CARDIOLOGIST,20,Popular Diagnostic Centre Ltd. | Shyamoli,Dhaka,,,,,,,,,,,,,,,,,,,,,
5793,Assoc. Prof. Dr. Iftekhar Ahmed Swapan,"['MBBS', 'BCS', 'MD']",DERMATOLOGIST,18,Popular Diagnostic Centre Ltd. | Uttara (Garib-E-Newaz Branch),Dhaka,,,,,,,,,,,,,,,,,,,,,
5794,Prof. Dr. Amol Kumar Choudhury,"['MBBS', 'PH.D. (VASCULAR SURGERY)', 'FICA (USA)']",CARDIOLOGIST,24,Popular Diagnostic Centre Ltd. | Shyamoli,Dhaka,,,,,,,,,,,,,,,,,,,,,
5795,Assoc. Prof. Dr. Md. Saiful Islam,"['MBBS', 'FCPS', 'MD', 'FACC & FSCAI (USA)']",CARDIOLOGIST,18,Popular Diagnostic Centre Ltd. | Shyamoli,Dhaka,,,,,,,,,,,,,,,,,,,,,
5796,Assoc. Prof. Dr. S. E. Kabir,"['MBBS', 'MCPS']",GENERAL SURGEON,20,Popular Diagnostic Centre Ltd. | Shantinagar (Unit 1),Dhaka,,,,,,,,,,,,,,,,,,,,,
5797,Prof. Dr. M. A. Rahman,"['MBBS', 'MS', 'DIH', 'DD (JAPAN', ' THAILAND)']",DERMATOLOGIST,20,Popular Diagnostic Centre Ltd. | Shantinagar (Unit 1),Dhaka,,,,,,,,,,,,,,,,,,,,,
5798,Assoc. Prof. Dr. Md. Saiful Islam Bhuiyan,"['MBBS', 'MD']",DERMATOLOGIST,13,Popular Diagnostic Centre Ltd. | Shantinagar (Unit 1),Dhaka,,,,,,,,,,,,,,,,,,,,,
5799,Asst. Prof. Dr. Taiyeb Ibna Zahangir,"['MBBS', 'BCS', 'MD', 'MACP']",PSYCHIATRIST,14,Popular Diagnostic Centre Ltd. | Dhanmondi,Dhaka,,,,,,,,,,,,,,,,,,,,,
5800,Prof. Dr. Md. Mohsin Ali Shah,"['MBBS', 'M.PHIL', 'MD']",PSYCHIATRIST,16,Popular Diagnostic Centre Ltd. | Shantinagar (Unit 1),Dhaka,,,,,,,,,,,,,,,,,,,,,
5801,Asst. Prof. Dr. Sharmin Akter Sumi,"['MBBS', 'FCPS', 'MS']",PLASTIC SURGEON,15,Popular Diagnostic Centre Ltd. | Shantinagar (Unit 1),Dhaka,,,,,,,,,,,,,,,,,,,,,
5802,Prof. Dr. Md. Wahidur Rahman,"['MBBS', 'MS']",ORTHOPEDIST,23,Popular Diagnostic Centre Ltd. | Shantinagar (Unit 1),Dhaka,,,,,,,,,,,,,,,,,,,,,
5803,Prof. Dr. Md. Nazrul Islam,"['MBBS', 'D-ORTHO']",ORTHOPEDIST,25,Popular Diagnostic Centre Ltd. | Shantinagar (Unit 1),Dhaka,,,,,,,,,,,,,,,,,,,,,
5804,Prof. Dr. Md. Zahed Hossain,"['MBBS', 'FCPS', 'MS']",NEUROSURGEON,21,Popular Diagnostic Centre Ltd. | Shantinagar (Unit 1),Dhaka,,,,,,,,,,,,,,,,,,,,,
5805,Asst. Prof. Dr. Md. Mahfuzur Rahman,"['MBBS', 'BCS', 'FCPS']",NEUROSURGEON,15,Popular Diagnostic Centre Ltd. | Shantinagar (Unit 1),Dhaka,,,,,,,,,,,,,,,,,,,,,
5806,Prof. Dr. Quamruddin Ahmad,"['MBBS', 'FCPS']",NEUROMEDICINE SPECIALIST,26,Popular Diagnostic Centre Ltd. | Shantinagar (Unit 1),Dhaka,,,,,,,,,,,,,,,,,,,,,
5807,Assoc. Prof. Dr. Mohammad Ibrahim Khalil,"['MBBS', 'FCPS', 'MD']",NEUROLOGIST,16,Popular Diagnostic Centre Ltd. | Shantinagar (Unit 1),Dhaka,,,,,,,,,,,,,,,,,,,,,
5808,Dr. Sabbir Ahmed Dhali,"['MBBS', 'BCS', 'MD']",NEUROLOGIST,12,Popular Diagnostic Centre Ltd. | Shantinagar (Unit 1),Dhaka,,,,,,,,,,,,,,,,,,,,,
5809,Prof. Dr. Paritosh Kumar Sarkar,"['MBBS', 'BCS', 'MD']",NEUROLOGIST,23,Popular Diagnostic Centre Ltd. | Shantinagar (Unit 1),Dhaka,,,,,,,,,,,,,,,,,,,,,
5810,Assoc. Prof. Dr. Mohammad Tanvir Islam,"['MBBS', 'FCPS']",MEDICINE SPECIALIST,18,Popular Diagnostic Centre Ltd. | Shantinagar (Unit 1),Dhaka,,,,,,,,,,,,,,,,,,,,,
5811,Assoc. Prof. Dr. A. K. M. Humayun Kabir,"['MBBS', 'MCPS', 'FCPS']",MEDICINE SPECIALIST,18,Popular Diagnostic Centre Ltd. | Shantinagar (Unit 1),Dhaka,,,,,,,,,,,,,,,,,,,,,
5812,Prof. Dr. M. A. Kashem,"['MBBS', 'MD', 'MCPS', 'FACP']",MEDICINE SPECIALIST,26,Popular Diagnostic Centre Ltd. | Shantinagar (Unit 1),Dhaka,,,,,,,,,,,,,,,,,,,,,
5813,Prof. Dr. Abu Hena Mostafa Kamal,"['MBBS', 'FCPS']",MEDICINE SPECIALIST,24,Popular Diagnostic Centre Ltd. | Shantinagar (Unit 1),Dhaka,,,,,,,,,,,,,,,,,,,,,
5814,Dr. Mohammad Murad Hossain,"['MBBS', 'FCPS']",MEDICINE SPECIALIST,20,Popular Diagnostic Centre Ltd. | Dhanmondi,Dhaka,,,,,,,,,,,,,,,,,,,,,
5815,Assoc. Prof. Dr. Md. Omar Faroque,"['MBBS', 'MD']",NEPHROLOGIST,16,Popular Diagnostic Centre Ltd. | Shantinagar (Unit 1),Dhaka,,,,,,,,,,,,,,,,,,,,,
5816,Assoc. Prof. Dr. Faiz Ahmad Khondaker,"['MBBS', 'FCPS', 'MD']",HEPATOLOGIST,17,Popular Diagnostic Centre Ltd. | Shantinagar (Unit 1),Dhaka,,,,,,,,,,,,,,,,,,,,,
5817,Asst. Prof. Dr. Salma Akter Walida,"['MBBS', 'BCS', 'FCPS']",GYNECOLOGIST & OBSTETRICIAN,14,Popular Diagnostic Centre Ltd. | Shantinagar (Unit 1),Dhaka,,,,,,,,,,,,,,,,,,,,,
5818,Assoc. Prof. Dr. Nasima Begum,"['MBBS', 'FCPS']",GYNECOLOGIST & OBSTETRICIAN,15,Popular Diagnostic Centre Ltd. | Shantinagar (Unit 1),Dhaka,,,,,,,,,,,,,,,,,,,,,
5819,Asst. Prof. Dr. Runa Akter Dola,"['MBBS', 'BCS', 'FCPS']",GYNECOLOGIST & OBSTETRICIAN,16,Medinova Medical Services Ltd. | Malibagh,Dhaka,,,,,,,,,,,,,,,,,,,,,
5820,Prof. Dr. Nazneen Ahmed,"['MBBS', 'MCPS', 'DGO', 'FCPS', 'MS']",GYNECOLOGIST & OBSTETRICIAN,22,Popular Diagnostic Centre Ltd. | Badda,Dhaka,,,,,,,,,,,,,,,,,,,,,
5821,Prof. Dr. Shaheen Ara Anwary,"['MBBS', 'FCPS', 'MS']",GYNECOLOGIST & OBSTETRICIAN,20,Popular Diagnostic Centre Ltd. | Shantinagar (Unit 1),Dhaka,,,,,,,,,,,,,,,,,,,,,
5822,Prof. Dr. Shahin Rahman Chowdhury,"['MBBS', 'MRCOG (UK)', 'FCOG (UK)']",GYNECOLOGISTS,24,Popular Diagnostic Centre Ltd. | Shantinagar (Unit 1),Dhaka,,,,,,,,,,,,,,,,,,,,,
5823,Prof. Dr. Md. Fakhrul Alam,"['MBBS', 'FCPS', 'MD']",GASTROENTEROLOGIST,22,Popular Diagnostic Centre Ltd. | Shantinagar (Unit 1),Dhaka,,,,,,,,,,,,,,,,,,,,,
5824,Dr. Tapas Chakraborty,"['MBBS', 'DLO', 'MCPS', 'FCPS']",OTOLARYNGOLOGISTS (ENT),18,Popular Diagnostic Centre Ltd. | Shantinagar (Unit 1),Dhaka,,,,,,,,,,,,,,,,,,,,,
5825,Dr. Anisur Rahman,"['MBBS', 'DIH', 'DEM', 'FACE']",ENDOCRINOLOGIST,15,Popular Diagnostic Centre Ltd. | Shantinagar (Unit 1),Dhaka,,,,,,,,,,,,,,,,,,,,,
5826,Prof. Dr. A.K.M Aminul Hoque,"['MBBS', 'MRCP', 'MRCP', 'FRCP']",MEDICINE SPECIALIST,22,Popular Diagnostic Centre Ltd. | Shantinagar (Unit 1),Dhaka,,,,,,,,,,,,,,,,,,,,,
5827,Prof. Dr. Md. Zakirul Islam,"['MBBS', 'MPH', 'DCH', 'FCPS']",PEDIATRICIAN,26,Popular Diagnostic Centre Ltd. | Shantinagar (Unit 1),Dhaka,,,,,,,,,,,,,,,,,,,,,
5828,Prof. Dr. Jahangir Alam,"['MBBS', 'DCH', 'MCPS', 'FCPS']",PEDIATRICIAN,23,Popular Diagnostic Centre Ltd. | Shantinagar (Unit 1),Dhaka,,,,,,,,,,,,,,,,,,,,,
5829,Dr Mohammod Shahjahan Chowdhury Abdullah,"['MBBS', 'BCS', 'FCPS', 'MD']",PEDIATRIC NEUROLOGIST,15,Popular Diagnostic Centre Ltd. | Shantinagar (Unit 1),Dhaka,,,,,,,,,,,,,,,,,,,,,
5830,Prof. Dr. Md. Tariqul Islam,"['MBBS', 'DCH', 'MD']",PEDIATRIC CARDIOLOGIST,24,Popular Diagnostic Centre Ltd. | Shantinagar (Unit 1),Dhaka,,,,,,,,,,,,,,,,,,,,,
5831,Asst. Prof. Dr. Hena Khatun,"['MBBS', 'BCS', 'DTCD', 'MD']",PULMONOLOGIST,15,Popular Diagnostic Centre Ltd. | Shantinagar (Unit 1),Dhaka,,,,,,,,,,,,,,,,,,,,,
5832,Prof. Dr. B.K. Biswas,"['MBBS', 'DTCD', 'DTCE', 'FCCP', 'MPH']",PULMONOLOGIST,18,Popular Diagnostic Centre Ltd. | Shantinagar (Unit 1),Dhaka,,,,,,,,,,,,,,,,,,,,,
5833,Prof. Dr. Biswas Akhtar Hossain,"['MBBS', 'DTCD', 'FCCP']",PULMONOLOGIST,25,Popular Diagnostic Centre Ltd. | Shantinagar (Unit 1),Dhaka,,,,,,,,,,,,,,,,,,,,,
5834,Assoc. Prof. Dr. Md. Mukhlesur Rahman,"['MBBS', 'MCPS', 'FCPS', 'MD', 'FACC (USA)']",CARDIOLOGIST,18,Popular Diagnostic Centre Ltd. | Dhanmondi,Dhaka,,,,,,,,,,,,,,,,,,,,,
5835,Prof. Dr. Chowdhury Meshkat Ahmed,"['MBBS', 'DIM', 'MD']",CARDIOLOGIST,25,Popular Diagnostic Centre Ltd. | Shantinagar (Unit 1),Dhaka,,,,,,,,,,,,,,,,,,,,,
5836,Dr. Md. Nahid Hossen,"['MBBS', 'BCS', 'MD']",ONCOLOGIST,15,Popular Diagnostic Centre Ltd. | Shantinagar (Unit 1),Dhaka,,,,,,,,,,,,,,,,,,,,,
5837,Prof. Dr. Md. Rezaul Hoque (PK),"['MBBS', 'DA', 'MD', 'FCPS']",ANESTHESIOLOGIST,25,Popular Diagnostic Centre Ltd. | Shantinagar (Unit 1),Dhaka,,,,,,,,,,,,,,,,,,,,,
5838,Prof. Dr. S A Khan,"['MBBS', 'FCPS', 'MS']",UROLOGIST,24,Bangladesh Specialized Hospital,Dhaka,,,,,,,,,,,,,,,,,,,,,
5839,Assoc. Prof. Dr. Ajoy Kumar Sarker,"['MBBS', 'BCS', 'FCPS', 'FELLOWSHIP IN LAPAROSCOPIC SURGERY (INDIA)']",LAPAROSCOPIC SURGEON,12,Popular Diagnostic Centre Ltd. | Dhanmondi,Dhaka,,,,,,,,,,,,,,,,,,,,,
5840,Prof. Dr. Syed Serajul Karim,"['MBBS', 'FCPS', 'FICS (USA)']",LAPAROSCOPIC SURGEON,22,Popular Diagnostic Centre Ltd. | Dhanmondi,Dhaka,,,,,,,,,,,,,,,,,,,,,
5840,Prof. Dr. Syed Serajul Karim,"['MBBS', 'FCPS', 'FICS (USA)']",GENERAL SURGEON,22,Popular Diagnostic Centre Ltd. | Dhanmondi,Dhaka,,,,,,,,,,,,,,,,,,,,,
5841,Dr. Muntasir Faisel,"['MBBS', 'MRCS (UK)', 'FCPS', 'FELLOW IN LAPAROSCOPIC SURGERY (INDIA)']",LAPAROSCOPIC SURGEON,16,Popular Diagnostic Centre Ltd. | Dhanmondi,Dhaka,,,,,,,,,,,,,,,,,,,,,
5841,Dr. Muntasir Faisel,"['MBBS', 'MRCS (UK)', 'FCPS', 'FELLOW IN LAPAROSCOPIC SURGERY (INDIA)']",GENERAL SURGEON,16,Popular Diagnostic Centre Ltd. | Dhanmondi,Dhaka,,,,,,,,,,,,,,,,,,,,,
5842,Prof. Dr. A.M.S.M. Sharfuzzaman Rubel,"['MBBS', 'FCPS', 'MRCS (UK)']",GENERAL SURGEON,25,Popular Diagnostic Centre Ltd. | Dhanmondi,Dhaka,,,,,,,,,,,,,,,,,,,,,
5843,Prof. Dr. Md. Mazibar Rahman,"['MBBS', 'FCPS', 'FICS (USA)', 'FACS (USA)', 'FRCS', 'FWHO (UROLOGY)']",GENERAL SURGEON,22,Popular Diagnostic Centre Ltd. | Dhanmondi,Dhaka,,,,,,,,,,,,,,,,,,,,,
5844,Assoc. Prof. Dr. Nelema Jahan,"['MBBS', 'FCPS']",GENERAL SURGEON,17,Popular Diagnostic Centre Ltd. | Dhanmondi,Dhaka,,,,,,,,,,,,,,,,,,,,,
5845,Assoc. Prof. Dr. Md. Nazmul Hoque Masum,"['MBBS', 'FCPS', 'FACS', 'FICS (USA)', 'MEMBER (ASCRS)', 'FELLOW (ISUCRS)']",GENERAL SURGEON,16,Popular Diagnostic Centre Ltd. | Dhanmondi,Dhaka,,,,,,,,,,,,,,,,,,,,,
5846,Assoc. Prof. Dr. Sadia Armin Khan,"['MBBS', 'FCPS', 'FMAS (INDIA)']",GENERAL SURGEON,12,Popular Diagnostic Centre Ltd. | Dhanmondi,Dhaka,,,,,,,,,,,,,,,,,,,,,
5847,Assoc. Prof. Dr. Mahfuza Akter,"['MBBS', 'DDV', 'FCPS']",DERMATOLOGIST,16,Popular Diagnostic Centre Ltd. | Dhanmondi,Dhaka,,,,,,,,,,,,,,,,,,,,,
5848,Prof. Dr. Anzirun Nahar Asma,"['MBBS', 'DDV', 'FCPS']",DERMATOLOGIST,16,Popular Diagnostic Centre Ltd. | Dhanmondi,Dhaka,,,,,,,,,,,,,,,,,,,,,
5849,Prof. Dr. A K M Motiur Rahman Bhuiyan,"['MBBS', 'MPH', 'MD']",RHEUMATOLOGIST,28,Popular Diagnostic Centre Ltd. | Dhanmondi,Dhaka,,,,,,,,,,,,,,,,,,,,,
5850,Prof. Dr. Tarek Mahmood,"['MBBS', 'FCPS', 'MD']",RHEUMATOLOGIST,25,Popular Diagnostic Centre Ltd. | Dhanmondi,Dhaka,,,,,,,,,,,,,,,,,,,,,
5851,Prof. Dr. Md. Golam Kibria Khan,"['MBBS', 'FCPS', 'MACP', 'FACP', 'FELLOW RHEUMATOLOGY (USA)']",RHEUMATOLOGIST,25,Popular Diagnostic Centre Ltd. | Dhanmondi,Dhaka,,,,,,,,,,,,,,,,,,,,,
5852,Prof. Dr. Md. Shah Alam,"['MBBS', 'FCPS']",PSYCHIATRIST,23,Popular Diagnostic Centre Ltd. | Dhanmondi,Dhaka,,,,,,,,,,,,,,,,,,,,,
5853,Prof. Dr. M. A. Mohit Kamal,"['MBBS', 'MPH', 'PHD', 'FWPA (USA)', 'CME-WCP']",PSYCHIATRIST,22,Popular Diagnostic Centre Ltd. | Dhanmondi,Dhaka,,,,,,,,,,,,,,,,,,,,,
5854,Prof. Dr. Md. Taslim Uddin,"['MBBS', 'FCPS']",PHYSICAL MEDICINE,26,Popular Diagnostic Centre Ltd. | Dhanmondi,Dhaka,,,,,,,,,,,,,,,,,,,,,
5855,Assoc. Prof. Dr. Zahid Boksh,"['MBBS', 'MCPS', 'MS', 'FACS (USA)']",PEDIATRIC SURGEON,18,Popular Diagnostic Centre Ltd. | Dhanmondi,Dhaka,,,,,,,,,,,,,,,,,,,,,
5856,Prof. Dr. Md. Abu Jafor,"['MBBS', 'MCPS', 'FCPS', 'MS']",PEDIATRIC SURGEON,20,Popular Diagnostic Centre Ltd. | Dhanmondi,Dhaka,,,,,,,,,,,,,,,,,,,,,
5857,Dr. Md. Alamgir Hossain Jony,"['MBBS', 'BCS', 'MS']",ORTHOPEDIST,16,Popular Diagnostic Centre Ltd. | Dhanmondi,Dhaka,,,,,,,,,,,,,,,,,,,,,
5858,Dr. Nripen Kumar Kundu,"['MBBS', 'FCPS', 'D-ORTHO', 'AO TRAUMA (BASIC)']",ORTHOPEDIST,15,Popular Diagnostic Centre Ltd. | Dhanmondi,Dhaka,,,,,,,,,,,,,,,,,,,,,
5859,Assoc. Prof. Dr. G. M. Reza,"['MBBS', 'MCPS', 'D-ORTHO', 'MS', 'AAOS (USA)']",ORTHOPEDIST,18,Popular Diagnostic Centre Ltd. | Dhanmondi,Dhaka,,,,,,,,,,,,,,,,,,,,,
5860,Dr. O. Z. M. Dastagir,"['MBBS', 'D-ORTHO', 'MS', 'WHO FELLOW ARTHROPLASTY', 'ARTHROSCOPY (INDIA)']",ORTHOPEDIST,15,Popular Diagnostic Centre Ltd. | Dhanmondi,Dhaka,,,,,,,,,,,,,,,,,,,,,
5861,Assoc. Prof. Dr. Md. Ali Faisal Liton,"['MBBS', 'MS', 'FELLOWSHIP IN ARTHROSCOPY & ARTHROPLASTY (KOREA & INDIA)']",ORTHOPEDIST,15,Popular Diagnostic Centre Ltd. | Dhanmondi,Dhaka,,,,,,,,,,,,,,,,,,,,,
5862,Prof. Dr. SK Nurul Alam,"['MBBS', 'D-ORTHO', 'MS']",ORTHOPEDIST,25,Popular Diagnostic Centre Ltd. | Dhanmondi,Dhaka,,,,,,,,,,,,,,,,,,,,,
5863,Prof. Dr. Md. Anowarul Islam Chowdhury,"['MBBS', 'MS', 'FICS (USA)', 'FACS (USA)', 'FRCS', 'FELLOW (SPINE SURGERY)']",ORTHOPEDIC SURGEON,28,Popular Diagnostic Centre Ltd. | Dhanmondi,Dhaka,,,,,,,,,,,,,,,,,,,,,
5864,Asst. Prof. Dr. Sharif Ahmed Jonayed,"['MBBS', 'FCPS', 'MS']",ORTHOPEDIC SURGEON,16,Popular Diagnostic Centre Ltd. | Dhanmondi,Dhaka,,,,,,,,,,,,,,,,,,,,,
5865,Prof. Dr. Muhammad Shahiduzzaman,"['MBBS', 'MS']",ORTHOPEDIST,22,Popular Diagnostic Centre Ltd. | Dhanmondi,Dhaka,,,,,,,,,,,,,,,,,,,,,
5866,Prof. Dr. Moinuddin Ahmed Chowdhury,"['MBBS', 'MS', 'RCO (USA)']",ORTHOPEDIST,26,Popular Diagnostic Centre Ltd. | Dhanmondi,Dhaka,,,,,,,,,,,,,,,,,,,,,
5867,Assoc. Prof. Dr. Md. Motasimul Hasan Shiplu,"['MBBS', 'MS']",NEUROSURGEON,19,Popular Diagnostic Centre Ltd. | Dhanmondi,Dhaka,,,,,,,,,,,,,,,,,,,,,
5868,Prof. Dr. Md. Shafiqul Islam,"['MBBS', 'MS', 'PHD', ' INDIA & GERMANY)']",NEUROSURGEON,30,Popular Diagnostic Centre Ltd. | Dhanmondi,Dhaka,,,,,,,,,,,,,,,,,,,,,
5869,Asst. Prof. Dr. Md. Rokibul Islam Rokib,"['MBBS', 'MS', 'TRAINING IN MODERN NEUROSURGERY (JAPAN & TURKEY)']",NEUROSURGEON,15,Popular Diagnostic Centre Ltd. | Dhanmondi,Dhaka,,,,,,,,,,,,,,,,,,,,,
5870,Prof. Dr. Saumitra Sarker,"['MBBS', 'MRCS (GLASGOW)', 'MRCS (ENGLAND)', 'MS', 'FRCS']",NEUROSURGEON,30,Popular Diagnostic Centre Ltd. | Dhanmondi,Dhaka,,,,,,,,,,,,,,,,,,,,,
5871,Prof. Dr. Md. Rafiqul Islam,"['MBBS', 'FCPS', 'WHO (THAILAND)', 'TRAINED IN NEUROSONOLOGY (SINGAPORE)']",NEUROMEDICINE SPECIALIST,30,Popular Diagnostic Centre Ltd. | Dhanmondi,Dhaka,,,,,,,,,,,,,,,,,,,,,
5872,Assoc. Prof. Dr. Md. Mahbubul Alam,"['MBBS', 'MCPS', 'MD']",NEUROMEDICINE SPECIALIST,20,Popular Diagnostic Centre Ltd. | Dhanmondi,Dhaka,,,,,,,,,,,,,,,,,,,,,
5873,Prof. Dr. Ahsan Habib Helal,"['MBBS', 'MD']",NEUROMEDICINE SPECIALIST,28,Popular Diagnostic Centre Ltd. | Dhanmondi,Dhaka,,,,,,,,,,,,,,,,,,,,,
5874,Asst. Dr. Nazmul Hoque Munna,"['MBBS', 'BCS', 'MCPS', 'MD', 'MAAN (USA)']",NEUROMEDICINE SPECIALIST,20,Popular Diagnostic Centre Ltd. | Dhanmondi,Dhaka,,,,,,,,,,,,,,,,,,,,,
5875,Assoc. Prof. Dr. Abed Hussain Khan,"['MBBS', 'FCPS']",MEDICINE SPECIALIST,18,Popular Diagnostic Centre Ltd. | Dhanmondi,Dhaka,,,,,,,,,,,,,,,,,,,,,
5876,Asst. Prof. Dr. Ishrat Binte Reza,"['MBBS', 'FCPS', 'MACP']",MEDICINE SPECIALIST,18,Popular Diagnostic Centre Ltd. | Dhanmondi,Dhaka,,,,,,,,,,,,,,,,,,,,,
5877,Asso. prof. Dr. Homayra Tahseen Hossain,"['MBBS', 'FCPS', 'MRCP']",MEDICINE SPECIALIST,15,Popular Diagnostic Centre Ltd. | Dhanmondi,Dhaka,,,,,,,,,,,,,,,,,,,,,
5878,Dr. Shapur Ikhtaire,"['MBBS', 'MRCP', 'HIGHER TRAINING (RHEUMATOLOGY)']",MEDICINE SPECIALIST,18,Popular Diagnostic Centre Ltd. | Dhanmondi,Dhaka,,,,,,,,,,,,,,,,,,,,,
5879,Prof. Dr. Md. Enamul Karim,"['MBBS', 'FCPS', 'FACP', 'WHO FELLOW (DIABETICS)']",MEDICINE SPECIALIST,23,Popular Diagnostic Centre Ltd. | Dhanmondi,Dhaka,,,,,,,,,,,,,,,,,,,,,
5880,Prof. Dr. H. A. M. Nazmul Ahsan,"['MBBS', 'FCPS', 'FRCP', 'FRCP', 'FACP', 'MACP']",MEDICINE SPECIALIST,28,Popular Diagnostic Centre Ltd. | Dhanmondi,Dhaka,,,,,,,,,,,,,,,,,,,,,
5881,Prof. Dr. Mohammad Zahiruddin,"['MBBS', 'FCPS', 'MD', 'FACP', 'FRCP']",MEDICINE SPECIALIST,25,Popular Diagnostic Centre Ltd. | Dhanmondi,Dhaka,,,,,,,,,,,,,,,,,,,,,
5882,Prof. Dr. Md. Faizul Islam Chowdhury,"['MBBS', 'FCPS', 'PHD', 'POST FELLOWSHIP TRAINING (CARDIOLOGY)', 'TRAINING (KIDNEY DISEASES)']",MEDICINE SPECIALIST,30,Popular Diagnostic Centre Ltd. | Dhanmondi,Dhaka,,,,,,,,,,,,,,,,,,,,,
5883,Prof. Dr. Md. Mujibur Rahman,"['MBBS', 'FCPS', 'MD', 'FACP']",INTERNAL MEDICINE SPECIALIST,28,Popular Diagnostic Centre Ltd. | Dhanmondi,Dhaka,,,,,,,,,,,,,,,,,,,,,
5884,Prof. Dr. M. A. Azhar,"['MBBS', 'FCPS', 'FACP', 'FRCP']",MEDICINE SPECIALIST,27,Popular Diagnostic Centre Ltd. | Dhanmondi,Dhaka,,,,,,,,,,,,,,,,,,,,,
5885,Prof. Dr. Md. Titu Miah,"['MBBS', 'FCPS', 'FWHO (RHEUMATOLOGY)']",MEDICINE SPECIALIST,28,Popular Diagnostic Centre Ltd. | Dhanmondi,Dhaka,,,,,,,,,,,,,,,,,,,,,
5886,Prof. Dr. Md. Azizul Haque,"['MBBS', 'FCPS', 'MACP']",MEDICINE SPECIALIST,30,Popular Diagnostic Centre Ltd. | Dhanmondi,Dhaka,,,,,,,,,,,,,,,,,,,,,
5887,Dr. Shudhanshu Kumar Saha,"['MBBS', 'MD', 'CCD']",NEPHROLOGIST,18,Popular Diagnostic Centre Ltd. | Dhanmondi,Dhaka,,,,,,,,,,,,,,,,,,,,,
5888,Asst. Prof. Dr. A. S. M. Tanim Anwar,"['MBBS', 'MD', 'MPH', 'CCD']",NEPHROLOGIST,20,Popular Diagnostic Centre Ltd. | Dhanmondi,Dhaka,,,,,,,,,,,,,,,,,,,,,
5889,Prof. Dr. Md. Babrul Alam,"['MBBS', 'MD', 'FRCS', ' UK)']",NEPHROLOGIST,30,Popular Diagnostic Centre Ltd. | Dhanmondi,Dhaka,,,,,,,,,,,,,,,,,,,,,
5890,Assoc. Prof. Dr. Rezwanur Rahman,"['MBBS', 'MD']",NEPHROLOGIST,19,Popular Diagnostic Centre Ltd. | Dhanmondi,Dhaka,,,,,,,,,,,,,,,,,,,,,
5891,Prof. Dr. Md. Habibur Rahman,"['MBBS', 'FCPS', 'MS', 'FRCP']",NEPHROLOGIST,28,Popular Diagnostic Centre Ltd. | Dhanmondi,Dhaka,,,,,,,,,,,,,,,,,,,,,
5892,Prof. Dr. M. Muhibur Rahman,"['MBBS', 'FCPS', 'MRCP', 'PHD', 'FISN (UK)']",NEPHROLOGIST,30,Popular Diagnostic Centre Ltd. | Dhanmondi,Dhaka,,,,,,,,,,,,,,,,,,,,,
5893,Assoc. Prof. Dr. Mafruha Akter,"['MBBS', 'FCPS', 'FASH (USA)']",HEMATOLOGIST,15,Popular Diagnostic Centre Ltd. | Dhanmondi,Dhaka,,,,,,,,,,,,,,,,,,,,,
5894,Dr. Md. Kamruzzaman,"['MBBS', 'BCS', 'FCPS']",HEMATOLOGIST,22,Popular Diagnostic Centre Ltd. | Dhanmondi,Dhaka,,,,,,,,,,,,,,,,,,,,,
5895,Assoc. Prof. Dr. Parveen Akhter Surovi,"['MBBS', 'FCPS', 'MRCOG']",GYNECOLOGIST & OBSTETRICIAN,20,Popular Diagnostic Centre Ltd. | Dhanmondi,Dhaka,,,,,,,,,,,,,,,,,,,,,
5896,Dr. Sumaya Akter,"['MBBS', 'FCPS']",GYNECOLOGIST & OBSTETRICIAN,15,Popular Diagnostic Centre Ltd. | Dhanmondi,Dhaka,,,,,,,,,,,,,,,,,,,,,
5897,Assoc. Prof. Dr. Kamil Ara Khanam,"['MBBS', 'DGO', 'FCPS']",GYNECOLOGIST & OBSTETRICIAN,15,Popular Diagnostic Centre Ltd. | Dhanmondi,Dhaka,,,,,,,,,,,,,,,,,,,,,
5898,Prof. Dr. Merina Khanom,"['MBBS', 'FCPS']",GYNECOLOGIST & OBSTETRICIAN,25,Popular Diagnostic Centre Ltd. | Dhanmondi,Dhaka,,,,,,,,,,,,,,,,,,,,,
5899,Prof. Dr. S. F. Nargis,"['MBBS', 'FCPS', 'MS']",GYNECOLOGIST & OBSTETRICIAN,28,Popular Diagnostic Centre Ltd. | Dhanmondi,Dhaka,,,,,,,,,,,,,,,,,,,,,
5900,Dr. Ferdousi Begum,"['MBBS', 'DGO', 'FCPS']",GYNECOLOGIST & OBSTETRICIAN,20,Popular Diagnostic Centre Ltd. | Dhanmondi,Dhaka,,,,,,,,,,,,,,,,,,,,,
5901,Prof. Dr. Shiuly Chowdhury,"['MBBS', 'FCPS', 'MS']",GYNECOLOGIST & OBSTETRICIAN,23,Popular Diagnostic Centre Ltd. | Dhanmondi,Dhaka,,,,,,,,,,,,,,,,,,,,,
5902,Dr. Chhanda Majumder,"['MBBS', 'FCPS', 'CCD']",GYNECOLOGIST & OBSTETRICIAN,20,Popular Diagnostic Centre Ltd. | Dhanmondi,Dhaka,,,,,,,,,,,,,,,,,,,,,
5903,Prof. Dr. Utpala Mazumder,"['MBBS', 'FCPS', 'MS']",GYNECOLOGIST & OBSTETRICIAN,20,Popular Diagnostic Centre Ltd. | Dhanmondi,Dhaka,,,,,,,,,,,,,,,,,,,,,
5904,Prof. Dr. Ferdousi Islam Lipi,"['MBBS', 'FCPS', 'MMED (UK)']",GYNECOLOGIST & OBSTETRICIAN,25,Popular Diagnostic Centre Ltd. | Dhanmondi,Dhaka,,,,,,,,,,,,,,,,,,,,,
5905,Dr. Benozir Haque Panna,"['MBBS', 'DGO', 'FCPS']",GYNECOLOGIST & OBSTETRICIAN,20,Popular Diagnostic Centre Ltd. | Dhanmondi,Dhaka,,,,,,,,,,,,,,,,,,,,,
5906,Dr. Susmita Islam,"['MBBS', 'FCPS', 'MD']",GASTROENTEROLOGIST,15,Popular Diagnostic Centre Ltd. | Dhanmondi,Dhaka,,,,,,,,,,,,,,,,,,,,,
5907,Dr. Dilip Kumar Ghosh,"['MBBS', 'BCS', 'FCPS', 'MD']",GASTROENTEROLOGIST,20,Popular Diagnostic Centre Ltd. | Dhanmondi,Dhaka,,,,,,,,,,,,,,,,,,,,,
5908,Prof. Dr. M. T. Rahman,"['MBBS', 'FCPS', 'TRAINING (FRANCE & JAPAN)']",GASTROENTEROLOGIST,25,Popular Diagnostic Centre Ltd. | Dhanmondi,Dhaka,,,,,,,,,,,,,,,,,,,,,
5909,Prof. Dr. Muhammad Abdullahel Kafi,"['MBBS', 'MCPS', 'FCPS']",GASTROENTEROLOGIST,25,Popular Diagnostic Centre Ltd. | Dhanmondi,Dhaka,,,,,,,,,,,,,,,,,,,,,
5910,Prof. Dr. Md. Shamsul Haque,"['MBBS', 'FCPS']",OPHTHALMOLOGIST,28,Popular Diagnostic Centre Ltd. | Dhanmondi,Dhaka,,,,,,,,,,,,,,,,,,,,,
5911,Dr. Ahamed Raquib,"['MBBS', 'DLO', 'MS']",OTOLARYNGOLOGISTS (ENT),20,Popular Diagnostic Centre Ltd. | Dhanmondi,Dhaka,,,,,,,,,,,,,,,,,,,,,
5912,Dr. Mostafa Kamal Arefin,"['MBBS', 'BCS', 'MCPS', 'FCPS', 'FICS (USA)', 'DLSB (IND)']",OTOLARYNGOLOGISTS (ENT),20,Popular Diagnostic Centre Ltd. | Dhanmondi,Dhaka,,,,,,,,,,,,,,,,,,,,,
5913,Prof. Dr. Debesh Chandra Talukder,"['MBBS', 'FCPS', 'DLO', 'FACS (USA)']",OTOLARYNGOLOGISTS (ENT),28,Popular Diagnostic Centre Ltd. | Dhanmondi,Dhaka,,,,,,,,,,,,,,,,,,,,,
5914,Prof. Dr. Zahurul Huq,"['MBBS', 'DLO', 'FCPS', 'FRCS', 'FACS (USA)']",OTOLARYNGOLOGISTS (ENT),30,Popular Diagnostic Centre Ltd. | Dhanmondi,Dhaka,,,,,,,,,,,,,,,,,,,,,
5915,Dr. Md. Mahbubul Alam,"['MBBS', 'BCS', 'DLO', 'MCPS']",OTOLARYNGOLOGISTS (ENT),20,Popular Diagnostic Centre Ltd. | Dhanmondi,Dhaka,,,,,,,,,,,,,,,,,,,,,
5916,Prof. Dr. Md. Ashraful Islam,"['MBBS', 'FCPS', 'FICS (USA) ENT (EAR', ' NOSE', ' THROAT)']",OTOLARYNGOLOGISTS (ENT),25,Popular Diagnostic Centre Ltd. | Dhanmondi,Dhaka,,,,,,,,,,,,,,,,,,,,,
5917,Dr. Tahniyah Haq,"['MBBS', 'MD', 'MRCP', 'MS']",ENDOCRINOLOGIST,15,Popular Diagnostic Centre Ltd. | Dhanmondi,Dhaka,,,,,,,,,,,,,,,,,,,,,
5918,Dr. Mirza Sharifuzzaman,"['MBBS', 'BCS', 'MD']",ENDOCRINOLOGIST,20,Popular Diagnostic Centre Ltd. | Dhanmondi,Dhaka,,,,,,,,,,,,,,,,,,,,,
5919,Prof. Dr. Mir Mosarraf Hossain,"['MBBS', 'DEM', 'MD']",ENDOCRINOLOGIST,25,Popular Diagnostic Centre Ltd. | Dhanmondi,Dhaka,,,,,,,,,,,,,,,,,,,,,
5920,Dr. Nazmul Haque,"['MBBS', 'BCS', 'FCPS', 'FCPS', 'MD']",PEDIATRIC NEUROLOGIST,20,United Hospital Limited,Dhaka,,,,,,,,,,,,,,,,,,,,,
5921,Assoc. Prof. Dr. Md. Ibrahim Khalil Shahin,"['MBBS', 'FCPS', 'FACS (USA)', 'FRCS', 'FELLOW- COLORECTAL SURGERY (JAPAN)']",COLORECTAL & LAPAROSCOPIC SURGEON,20,Popular Diagnostic Centre Ltd. | Dhanmondi,Dhaka,,,,,,,,,,,,,,,,,,,,,
5921,Assoc. Prof. Dr. Md. Ibrahim Khalil Shahin,"['MBBS', 'FCPS', 'FACS (USA)', 'FRCS', 'FELLOW- COLORECTAL SURGERY (JAPAN)']",SURGEON,20,Popular Diagnostic Centre Ltd. | Dhanmondi,Dhaka,,,,,,,,,,,,,,,,,,,,,
5922,Dr. Sadeka Choudhury Moni,"['MBBS', 'FCPS', 'MD']",PEDIATRICIAN,20,Popular Diagnostic Centre Ltd. | Dhanmondi,Dhaka,,,,,,,,,,,,,,,,,,,,,
5923,Prof. Dr. Md. Monimul Hoque,"['MBBS', 'FCPS']",PEDIATRICIAN,25,Popular Diagnostic Centre Ltd. | Dhanmondi,Dhaka,,,,,,,,,,,,,,,,,,,,,
5924,Dr. Ahmed Sayeed,"['MBBS', 'DCH', 'FCPS']",PEDIATRICIAN,20,Square Hospitals Ltd,Dhaka,,,,,,,,,,,,,,,,,,,,,
5924,Dr. Ahmed Sayeed,"['MBBS', 'DCH', 'FCPS']",NEONATOLOGIST,20,Square Hospitals Ltd,Dhaka,,,,,,,,,,,,,,,,,,,,,
5925,Assoc. Prof. Dr. Soma Halder,"['MBBS', 'FCPS']",NEONATOLOGIST,18,Anwer Khan Modern Medical College Hospital,Dhaka,,,,,,,,,,,,,,,,,,,,,
5925,Assoc. Prof. Dr. Soma Halder,"['MBBS', 'FCPS']",PEDIATRICIAN,18,Anwer Khan Modern Medical College Hospital,Dhaka,,,,,,,,,,,,,,,,,,,,,
5926,Dr. Ismat Jahan,"['MBBS', 'DCH', 'FCPS']",NEONATOLOGIST,15,Popular Diagnostic Centre Ltd. | Dhanmondi,Dhaka,,,,,,,,,,,,,,,,,,,,,
5927,Dr. J. I. M. A. Harun,"['MBBS', 'DCH']",PEDIATRICIAN,18,Popular Diagnostic Centre Ltd. | Dhanmondi,Dhaka,,,,,,,,,,,,,,,,,,,,,
5928,Dr. Md. Masudur Rahman,"['MBBS', 'FCPS', 'MRCP']",PEDIATRICIAN,20,Square Hospitals Ltd,Dhaka,,,,,,,,,,,,,,,,,,,,,
5929,Prof. Dr. Md. Selimuzzaman,"['MBBS', 'DCH', 'MD', 'FRCP']",PEDIATRICIAN,30,Popular Diagnostic Centre Ltd. | Dhanmondi,Dhaka,,,,,,,,,,,,,,,,,,,,,
5930,Dr. Mahbubul Islam,"['MBBS', 'DTCD (DU)', 'MS', 'FCCP']",PULMONOLOGIST,20,Popular Diagnostic Centre Ltd. | Dhanmondi,Dhaka,,,,,,,,,,,,,,,,,,,,,
5931,Dr. Samprity Islam,"['MBBS', 'MCPS', 'MD']",PULMONOLOGIST,15,Popular Diagnostic Centre Ltd. | Dhanmondi,Dhaka,,,,,,,,,,,,,,,,,,,,,
5932,Prof. Dr. Khandaker Quamrul Islam,"['MBBS', 'D-CARD', 'MD', 'FACC (USA)']",CARDIOLOGIST,28,Popular Diagnostic Centre Ltd. | Dhanmondi,Dhaka,,,,,,,,,,,,,,,,,,,,,
5933,Dr. Ziaul Huq,"['MBBS', 'MRCP', 'FCCP']",PULMONOLOGIST,15,Evercare Hospital Dhaka,Dhaka,,,,,,,,,,,,,,,,,,,,,
5934,Assoc. Prof. Dr. SM Abdur Razzaque,"['MBBS', 'BCS', 'DTCD (DU)', 'FCCP']",PULMONOLOGIST,20,Popular Diagnostic Centre Ltd. | Dhanmondi,Dhaka,,,,,,,,,,,,,,,,,,,,,
5934,Assoc. Prof. Dr. SM Abdur Razzaque,"['MBBS', 'BCS', 'DTCD (DU)', 'FCCP']",MEDICINE SPECIALIST,20,Popular Diagnostic Centre Ltd. | Dhanmondi,Dhaka,,,,,,,,,,,,,,,,,,,,,
5935,Dr. DMM Faruque Osmani,"['MBBS', 'MD', 'FELLOW CMRI (SWITZERLAND)']",CARDIOLOGIST,25,Popular Diagnostic Centre Ltd. | Dhanmondi,Dhaka,,,,,,,,,,,,,,,,,,,,,
5936,Dr. Md. Mukhlesur Rahman,"['MBBS', 'MCPS', 'FCPS', 'MD', 'FACC (USA)']",CARDIOLOGIST,20,Popular Diagnostic Centre Ltd. | Dhanmondi,Dhaka,,,,,,,,,,,,,,,,,,,,,
5936,Dr. Md. Mukhlesur Rahman,"['MBBS', 'MCPS', 'FCPS', 'MD', 'FACC (USA)']",MEDICINE SPECIALIST,20,Popular Diagnostic Centre Ltd. | Dhanmondi,Dhaka,,,,,,,,,,,,,,,,,,,,,
5937,Dr. Sanjib Chowdhury,"['MBBS', 'MD']",CARDIOLOGIST,18,Popular Diagnostic Centre Ltd. | Dhanmondi,Dhaka,,,,,,,,,,,,,,,,,,,,,
5938,Prof. Dr. M Abdullah Al Safi Majumder,"['MBBS', 'D-CARD', 'MD', 'FACC', 'FSGC', 'FRCP']",CARDIOLOGIST,28,Popular Diagnostic Centre Ltd. | Dhanmondi,Dhaka,,,,,,,,,,,,,,,,,,,,,
5939,Prof. Dr. Nupur Kar,"['MBBS', 'MD']",CARDIOLOGIST,20,Popular Diagnostic Centre Ltd. | Dhanmondi,Dhaka,,,,,,,,,,,,,,,,,,,,,
5940,Prof. Dr. Mohammad Safiuddin,"['MBBS', 'MD', 'FRCP', 'FCCP', 'FESC', 'FRCP']",CARDIOLOGIST,25,Popular Diagnostic Centre Ltd. | Dhanmondi,Dhaka,,,,,,,,,,,,,,,,,,,,,
5941,Dr. Syed Mohammad Ali Romel,"['MBBS', 'BCS', 'MCPS', 'FCPS', 'MD']",CARDIOLOGIST,20,Popular Diagnostic Centre Ltd. | Dhanmondi,Dhaka,,,,,,,,,,,,,,,,,,,,,
5942,Prof. Dr. Solaiman Hossain,"['MBBS', 'MD', 'FAPSIC', 'FSCAI']",INTERVENTIONAL CARDIOLOGIST,25,Popular Diagnostic Centre Ltd. | Shantinagar (Unit 1),Dhaka,,,,,,,,,,,,,,,,,,,,,
5943,Asso. Prof. Dr. Khandker Md. Nurus Sabah,"['MBBS', 'BCS', 'MCPS', 'D-CARD', 'MD']",CARDIOLOGIST,20,Popular Diagnostic Centre Ltd. | Shantinagar (Unit 1),Dhaka,,,,,,,,,,,,,,,,,,,,,
5944,Prof. Dr. Zillur Rahman,"['MBBS', 'MD', 'FACC (USA)']",CARDIOLOGIST,18,Popular Diagnostic Centre Ltd. | Shantinagar (Unit 1),Dhaka,,,,,,,,,,,,,,,,,,,,,
5945,Prof. Dr. Tanzima Parvin,"['MBBS', 'D-CARD', 'FCPS']",CARDIOLOGIST,20,Popular Diagnostic Centre Ltd. | Shantinagar (Unit 1),Dhaka,,,,,,,,,,,,,,,,,,,,,
5946,Prof. Dr. Happy Haque Hossain,"['MBBS', 'MPH']",ONCOLOGIST,25,Popular Diagnostic Centre Ltd. | Dhanmondi,Dhaka,,,,,,,,,,,,,,,,,,,,,
5947,Prof. Dr. Md. Hafizur Rahman Ansary,"['MBBS', 'DIH', 'DM', 'FELLOW (WHO)']",ONCOLOGIST,25,Popular Diagnostic Centre Ltd. | Dhanmondi,Dhaka,,,,,,,,,,,,,,,,,,,,,
5948,Prof. Dr. Zillur Rahman Bhuiyan,"['MBBS', 'DIH (DU)', 'M.PHIL', ' BSMMU)']",RADIOLOGIST,25,Popular Diagnostic Centre Ltd. | Dhanmondi,Dhaka,,,,,,,,,,,,,,,,,,,,,
5948,Prof. Dr. Zillur Rahman Bhuiyan,"['MBBS', 'DIH (DU)', 'M.PHIL', ' BSMMU)']",ONCOLOGIST,25,Popular Diagnostic Centre Ltd. | Dhanmondi,Dhaka,,,,,,,,,,,,,,,,,,,,,
5949,Prof. Dr. Rehana Begum,"['MBBS', 'LM', 'DGO']",ONCOLOGIST,25,Popular Diagnostic Centre Ltd. | Dhanmondi,Dhaka,,,,,,,,,,,,,,,,,,,,,
5950,Dr. Asma Siddiqua,"['MBBS', 'MPH', 'MCPS', 'FCPS']",RADIOLOGIST,18,Labaid Cancer Hospital And Super Speciality Centre,Dhaka,,,,,,,,,,,,,,,,,,,,,
5951,Dr. Sarowat Sultana,"['MBBS', 'BCS', 'MCPS', 'FCPS', 'CCD']",ONCOLOGIST,15,Delta Hospital Ltd.,Dhaka,,,,,,,,,,,,,,,,,,,,,
5952,Dr. Tannima Adhikary,"['MBBS', 'FCPS']",RADIOLOGIST,15,Delta Hospital Ltd.,Dhaka,,,,,,,,,,,,,,,,,,,,,
5953,Dr. Muhammad Abdullah-Al-Noman,"['MBBS', 'BCS', 'MD']",ONCOLOGIST,20,Delta Hospital Ltd.,Dhaka,,,,,,,,,,,,,,,,,,,,,
5953,Dr. Muhammad Abdullah-Al-Noman,"['MBBS', 'BCS', 'MD']",RADIOLOGIST,20,Delta Hospital Ltd.,Dhaka,,,,,,,,,,,,,,,,,,,,,
5954,Dr. Fariah Sharmeen,"['MBBS', 'FCPS', 'POST GRADUATION TRAINING (MEDICAL ONCOLOGY)']",ONCOLOGIST,12,Square Hospitals Ltd,Dhaka,,,,,,,,,,,,,,,,,,,,,
5955,Dr. Samia Ahmed,"['MBBS', 'MPH']",ONCOLOGIST,15,Delta Hospital Ltd.,Dhaka,,,,,,,,,,,,,,,,,,,,,
5956,Dr. Md. Abdul Mannan,"['MBBS', 'MD']",ONCOLOGIST,15,Labaid Cancer Hospital And Super Speciality Centre,Dhaka,,,,,,,,,,,,,,,,,,,,,
5957,Prof. Dr. Kazi Manzur Kader,"['MBBS', 'DM', 'MS', 'FACP', 'FRCP', 'FELLOWSHIP TRAINING IN RADIATION ONCOLOGY (INDIA)', 'WHO FELLOW ONCOLOGY (BANGKOK)']",RADIOLOGIST,25,Popular Diagnostic Centre Ltd. | Dhanmondi,Dhaka,,,,,,,,,,,,,,,,,,,,,
5957,Prof. Dr. Kazi Manzur Kader,"['MBBS', 'DM', 'MS', 'FACP', 'FRCP', 'FELLOWSHIP TRAINING IN RADIATION ONCOLOGY (INDIA)', 'WHO FELLOW ONCOLOGY (BANGKOK)']",ONCOLOGIST,25,Popular Diagnostic Centre Ltd. | Dhanmondi,Dhaka,,,,,,,,,,,,,,,,,,,,,
5958,Prof. Dr. Sanjoy Kumar Dey,"['MBBS', 'DCH', 'FCPS', 'MD', 'FELLOW NEWBORN MEDICINE (SINGAPORE)']",NEONATOLOGIST,25,BRB Hospitals Limited,Dhaka,,,,,,,,,,,,,,,,,,,,,
5958,Prof. Dr. Sanjoy Kumar Dey,"['MBBS', 'DCH', 'FCPS', 'MD', 'FELLOW NEWBORN MEDICINE (SINGAPORE)']",PEDIATRICIAN,25,BRB Hospitals Limited,Dhaka,,,,,,,,,,,,,,,,,,,,,
5959,Dr. Md. Nesar Uddin Shaker,"['BPT', 'MPT (BHPI-CRP) MSS (GERIATRIC-DU)', 'DIP IN OM (CYRIAX-ONCOURSE)', 'CERTIFIED DRY NEEDLING PARCTITIONER']",PHYSIOTHERAPIST,10,Physio Zone Physiotherapy Center,Dhaka,,,,,,,,,,,,,,,,,,,,,
5959,Dr. Md. Nesar Uddin Shaker,"['BPT', 'MPT (BHPI-CRP) MSS (GERIATRIC-DU)', 'DIP IN OM (CYRIAX-ONCOURSE)', 'CERTIFIED DRY NEEDLING PARCTITIONER']",REHABILITATION SPECIALIST,10,Physio Zone Physiotherapy Center,Dhaka,,,,,,,,,,,,,,,,,,,,,
5960,Dr. Aditi Paul Chowdhury,"['MBBS', 'MD']",ONCOLOGIST,8,Ahsania Mission Cancer And General Hospital (Mirpur),Dhaka,,,,,,,,,,,,,,,,,,,,,
5961,Dr. Riyad Habib,"['MBBS', 'MS']",NEUROSURGEON,12,Enam Medical College & Hospital,Dhaka,,,,,,,,,,,,,,,,,,,,,
5962,Dr. Md. Masud Rana,"['MS', ' BSMMU)', 'FACS (USA)', 'FIPM (AESCULAP ACADEMY)']",ORTHOPEDIC SURGEON,13,Labaid Cancer Hospital And Super Speciality Centre,Dhaka,,,,,,,,,,,,,,,,,,,,,
5962,Dr. Md. Masud Rana,"['MS', ' BSMMU)', 'FACS (USA)', 'FIPM (AESCULAP ACADEMY)']",TRAUMA SURGEON,13,Labaid Cancer Hospital And Super Speciality Centre,Dhaka,,,,,,,,,,,,,,,,,,,,,
5962,Dr. Md. Masud Rana,"['MS', ' BSMMU)', 'FACS (USA)', 'FIPM (AESCULAP ACADEMY)']",SPINE SURGEON,13,Labaid Cancer Hospital And Super Speciality Centre,Dhaka,,,,,,,,,,,,,,,,,,,,,
5963,Dr. Mahfujul Ahmed Riad,"['MBBS', 'FCPS']",ONCOLOGIST,11,Enam Medical College & Hospital,Dhaka,,,,,,,,,,,,,,,,,,,,,
5964,Prof. Dr. A K M Zahir Uddin,"['MBBS', 'MS', 'ROS (JAPAN)', 'WHO FELLOW (THAILAND)']",TRAUMA SURGEON,25,LABAID Diagnostic Malibag,Dhaka,,,,,,,,,,,,,,,,,,,,,
5964,Prof. Dr. A K M Zahir Uddin,"['MBBS', 'MS', 'ROS (JAPAN)', 'WHO FELLOW (THAILAND)']",ORTHOPEDIST,25,LABAID Diagnostic Malibag,Dhaka,,,,,,,,,,,,,,,,,,,,,
5965,Prof. Brig. Gen. Dr. M Kamrul Hasan,"['MBBS', 'MCPS', 'MMED', 'M.PHIL', 'FELLOW – CHILD PSYCHIATRY (PAKISTAN)', 'FRCP']",PSYCHIATRIST,30,Bangladesh Specialized Hospital,Dhaka,,,,,,,,,,,,,,,,,,,,,
5966,Dr. Sharmin Chowdhury,"['MBBS', 'BCS', 'MACE', 'MD']",ENDOCRINOLOGIST,10,Bangladesh Specialized Hospital,Dhaka,,,,,,,,,,,,,,,,,,,,,
5967,Dr. Ariful Basher,"['MBBS', 'FCPS', 'FCPS', 'MPH', 'MD']",EPIDEMIOLOGIST,21,Bangladesh Specialized Hospital,Dhaka,,,,,,,,,,,,,,,,,,,,,
5967,Dr. Ariful Basher,"['MBBS', 'FCPS', 'FCPS', 'MPH', 'MD']",INTERNAL MEDICINE SPECIALIST,21,Bangladesh Specialized Hospital,Dhaka,,,,,,,,,,,,,,,,,,,,,
5968,Prof. Dr. Mir Mahfuzul Hoque Chowdhury,"['MBBS', 'MD']",INTERNAL MEDICINE SPECIALIST,30,Bangladesh Specialized Hospital,Dhaka,,,,,,,,,,,,,,,,,,,,,
5968,Prof. Dr. Mir Mahfuzul Hoque Chowdhury,"['MBBS', 'MD']",RHEUMATOLOGIST,30,Bangladesh Specialized Hospital,Dhaka,,,,,,,,,,,,,,,,,,,,,
5969,Dr. M Muinul Hafiz,"['MBBS', 'DAND', 'DLO', 'MS', 'FACS (USA)', 'FICS']",OTOLARYNGOLOGISTS (ENT),41,Bangladesh Specialized Hospital,Dhaka,,,,,,,,,,,,,,,,,,,,,
5969,Dr. M Muinul Hafiz,"['MBBS', 'DAND', 'DLO', 'MS', 'FACS (USA)', 'FICS']",SURGEON,41,Bangladesh Specialized Hospital,Dhaka,,,,,,,,,,,,,,,,,,,,,
5970,Nazmul Hasan,"['DPT (STATE MEDICAL FACULTY)', 'BPT (DU MEDICINE FACULTY) ST', 'TRAINED IN SPORTS PHYSIO (BISS)']",PHYSIOTHERAPIST,15,Monowara Hospital Private Limited,Dhaka,,,,,,,,,,,,,,,,,,,,,
5971,Ms. Humayra Nabi,"['BSC', 'MS', 'MPH']",CLINICAL NUTRITIONIST,15,Monowara Hospital Private Limited,Dhaka,,,,,,,,,,,,,,,,,,,,,
5972,Dr. Abu Saleh Ahmed,"['MBBS', 'FCPS', 'MD']",NEPHROLOGIST,15,Bangladesh Specialized Hospital,Dhaka,,,,,,,,,,,,,,,,,,,,,
5973,Prof. Dr. Golam Faruque,"['MBBS', 'MS']",ORTHOPEDIST,20,Bangladesh Specialized Hospital,Dhaka,,,,,,,,,,,,,,,,,,,,,
5974,Dr. Raju Ibrahim,"['MBBS', 'CCD', 'PHARMACOLOGY (DAMEK)']",DERMATOLOGIST,10,Faith Point Diagnostic & Consultation Center,Dhaka,,,,,,,,,,,,,,,,,,,,,
5975,Prof Dr. Md. Rokon Uddin,"['MBBS', 'DDV']",ALLERGY SKIN-VD,20,Bangladesh Specialized Hospital,Dhaka,,,,,,,,,,,,,,,,,,,,,
5975,Prof Dr. Md. Rokon Uddin,"['MBBS', 'DDV']",LASER DERMATOSURGEON,20,Bangladesh Specialized Hospital,Dhaka,,,,,,,,,,,,,,,,,,,,,
5976,Dr. Nandita Paul,"['MBBS', 'FCPS', 'D CARD (CARDIOLOGY)']",MEDICINE SPECIALIST,15,Bangladesh Specialized Hospital,Dhaka,,,,,,,,,,,,,,,,,,,,,
5976,Dr. Nandita Paul,"['MBBS', 'FCPS', 'D CARD (CARDIOLOGY)']",CARDIOLOGIST,15,Bangladesh Specialized Hospital,Dhaka,,,,,,,,,,,,,,,,,,,,,
5977,Dr. Mohammed Osman Goni,"['MBBS', 'FCPS', 'MS']",OTOLARYNGOLOGISTS (ENT),10,Faith Point Diagnostic & Consultation Center,Dhaka,,,,,,,,,,,,,,,,,,,,,
5978,Dr. Mohammad Shahriai Faisal,"['MBBS', 'FCPS', 'FACS (USA)']",LAPAROSCOPIC SURGEON,15,Bangladesh Specialized Hospital,Dhaka,,,,,,,,,,,,,,,,,,,,,
5978,Dr. Mohammad Shahriai Faisal,"['MBBS', 'FCPS', 'FACS (USA)']",COLORECTAL SURGEON,15,Bangladesh Specialized Hospital,Dhaka,,,,,,,,,,,,,,,,,,,,,
5979,Dr. Fatema Ruhani,"['MBBS', 'PGT', 'DM', 'CCD']",GYNECOLOGIST & OBSTETRICIAN,10,Faith Point Diagnostic & Consultation Center,Dhaka,,,,,,,,,,,,,,,,,,,,,
5980,Dr. Kazi Naushad Un Nabi,"['MBBS', 'DCH', 'MRCP', 'MRCP', 'FRCP']",PEDIATRICIAN,15,Bangladesh Specialized Hospital,Dhaka,,,,,,,,,,,,,,,,,,,,,
5980,Dr. Kazi Naushad Un Nabi,"['MBBS', 'DCH', 'MRCP', 'MRCP', 'FRCP']",NEONATOLOGIST,15,Bangladesh Specialized Hospital,Dhaka,,,,,,,,,,,,,,,,,,,,,
5981,Prof. Dr. Farhat Hussain,"['MBBS', 'FCPS', 'TRAINED IN GYNE ONCOLOGY (INDIA)']",GYNECOLOGIST & OBSTETRICIAN,15,Bangladesh Specialized Hospital,Dhaka,,,,,,,,,,,,,,,,,,,,,
5982,Dr. Tarek Jamil Rashed,"['MBBS', 'BCS', 'MD']",CARDIOLOGIST,10,Faith Point Diagnostic & Consultation Center,Dhaka,,,,,,,,,,,,,,,,,,,,,
5982,Dr. Tarek Jamil Rashed,"['MBBS', 'BCS', 'MD']",MEDICINE SPECIALIST,10,Faith Point Diagnostic & Consultation Center,Dhaka,,,,,,,,,,,,,,,,,,,,,
5983,Dr. S. M. Rezaunul Hasan,"['MBBS', 'CCD', 'PGT', 'MPH']",MEDICINE SPECIALIST,10,Faith Point Diagnostic & Consultation Center,Dhaka,,,,,,,,,,,,,,,,,,,,,
5983,Dr. S. M. Rezaunul Hasan,"['MBBS', 'CCD', 'PGT', 'MPH']",DIABETOLOGIST,10,Faith Point Diagnostic & Consultation Center,Dhaka,,,,,,,,,,,,,,,,,,,,,
5984,Dr. Md. Rafel Anwar-Ul-Kabir,"['MBBS', 'MD', 'PGT']",MEDICINE SPECIALIST,10,Faith Point Diagnostic & Consultation Center,Dhaka,,,,,,,,,,,,,,,,,,,,,
5984,Dr. Md. Rafel Anwar-Ul-Kabir,"['MBBS', 'MD', 'PGT']",NEUROLOGIST,10,Faith Point Diagnostic & Consultation Center,Dhaka,,,,,,,,,,,,,,,,,,,,,
5985,Dr. A H M Aslam Ul Haque,"['MBBS', 'BCS', 'MD']",MEDICINE SPECIALIST,12,Faith Point Diagnostic & Consultation Center,Dhaka,,,,,,,,,,,,,,,,,,,,,
5985,Dr. A H M Aslam Ul Haque,"['MBBS', 'BCS', 'MD']",PEDIATRIC NEPHROLOGIST,12,Faith Point Diagnostic & Consultation Center,Dhaka,,,,,,,,,,,,,,,,,,,,,
5986,Prof. Dr. Abdul Hanif (Tablu),"['MBBS', 'MS', 'MMED (DU)']",NEONATOLOGIST,34,Bangladesh Specialized Hospital,Dhaka,,,,,,,,,,,,,,,,,,,,,
5986,Prof. Dr. Abdul Hanif (Tablu),"['MBBS', 'MS', 'MMED (DU)']",PEDIATRIC SURGEON,34,Bangladesh Specialized Hospital,Dhaka,,,,,,,,,,,,,,,,,,,,,
5987,DR. SHAMIMA NARGIS,"['MBBS', 'MCPS', 'FCPS']",OBSTETRICIAN,25,Bangladesh Specialized Hospital,Dhaka,,,,,,,,,,,,,,,,,,,,,
5987,DR. SHAMIMA NARGIS,"['MBBS', 'MCPS', 'FCPS']",GYNECOLOGISTS,25,Bangladesh Specialized Hospital,Dhaka,,,,,,,,,,,,,,,,,,,,,
5988,Prof. Dr. Shaheen Akhter,"['MBBS', 'MD']",PEDIATRICIAN,25,Bangladesh Specialized Hospital,Dhaka,,,,,,,,,,,,,,,,,,,,,
5989,Asst. Prof. Dr. Md. Mohiuddin,"['MBBS', 'MD']",NEPHROLOGIST,10,Peoples Hospital Ltd.,Dhaka,,,,,,,,,,,,,,,,,,,,,
5990,Dr. Muhammad Tawfique,"['MBBS', 'MD', 'MD']",PEDIATRICIAN,30,Bangladesh Specialized Hospital,Dhaka,,,,,,,,,,,,,,,,,,,,,
5991,Dr. Md Atiar Rahman,"['MBBS', 'MD', 'FCPS']",PEDIATRICIAN,30,United Hospital Limited,Dhaka,,,,,,,,,,,,,,,,,,,,,
5992,Dr. Mohammad Abdur Rahman,"['MBBS', 'DCH', 'MCPS', 'FCPS']",NEONATOLOGIST,21,United Hospital Limited,Dhaka,,,,,,,,,,,,,,,,,,,,,
5993,Dr. Md. Mozammel Haque (Nahid),"['MBBS', 'CMU', 'HMO', 'FCGP (FAMILY MEDICINE)', 'DOC (SKIN & SEX)']",MEDICINE SPECIALIST,10,Peoples Hospital Ltd.,Dhaka,,,,,,,,,,,,,,,,,,,,,
5993,Dr. Md. Mozammel Haque (Nahid),"['MBBS', 'CMU', 'HMO', 'FCGP (FAMILY MEDICINE)', 'DOC (SKIN & SEX)']",FAMILY MEDICINE SPECIALIST,10,Peoples Hospital Ltd.,Dhaka,,,,,,,,,,,,,,,,,,,,,
5994,Dr. Md. Ferdous Hasan,"['MBBS', 'MPH', 'CCD', 'DIPLOMA (FAMILY MEDICINE)', 'CTM (DU)', 'FRSH (LONDON)']",MEDICINE SPECIALIST,10,Peoples Hospital Ltd.,Dhaka,,,,,,,,,,,,,,,,,,,,,
5994,Dr. Md. Ferdous Hasan,"['MBBS', 'MPH', 'CCD', 'DIPLOMA (FAMILY MEDICINE)', 'CTM (DU)', 'FRSH (LONDON)']",ENDOCRINOLOGIST,10,Peoples Hospital Ltd.,Dhaka,,,,,,,,,,,,,,,,,,,,,
5995,Dr. S M Moinul Hossain,"['MBBS', 'CCD', 'MPH', 'PGT', 'C-CARD (NATIONAL HEART FOUNDATION)']",MEDICINE SPECIALIST,10,Peoples Hospital Ltd.,Dhaka,,,,,,,,,,,,,,,,,,,,,
5995,Dr. S M Moinul Hossain,"['MBBS', 'CCD', 'MPH', 'PGT', 'C-CARD (NATIONAL HEART FOUNDATION)']",CARDIOLOGIST,10,Peoples Hospital Ltd.,Dhaka,,,,,,,,,,,,,,,,,,,,,
5996,Asst. Prof. Dr. Md. Arafat Hossain,"['MBBS', 'BCS', 'MD']",MEDICINE SPECIALIST,12,Peoples Hospital Ltd.,Dhaka,,,,,,,,,,,,,,,,,,,,,
5996,Asst. Prof. Dr. Md. Arafat Hossain,"['MBBS', 'BCS', 'MD']",UROLOGIST,12,Peoples Hospital Ltd.,Dhaka,,,,,,,,,,,,,,,,,,,,,
5996,Asst. Prof. Dr. Md. Arafat Hossain,"['MBBS', 'BCS', 'MD']",RHEUMATOLOGIST,12,Peoples Hospital Ltd.,Dhaka,,,,,,,,,,,,,,,,,,,,,
5997,Dr. Abdullah Al Mamun Hossain,"['MBBS', 'MD']",MEDICINE SPECIALIST,10,Peoples Hospital Ltd.,Dhaka,,,,,,,,,,,,,,,,,,,,,
5997,Dr. Abdullah Al Mamun Hossain,"['MBBS', 'MD']",INTERNAL MEDICINE,10,Peoples Hospital Ltd.,Dhaka,,,,,,,,,,,,,,,,,,,,,
5998,Dr. Md. Raisul Tasneem,"['MBBS', 'D-ORTHO', 'MS']",ORTHOPEDIC SURGEON,20,BRB Hospitals Limited,Dhaka,,,,,,,,,,,,,,,,,,,,,
5999,Sayeda Shirina (Smrity),"['BSC', 'MS', 'MPH']",NUTRITIONIST,13,BRB Hospitals Limited,Dhaka,,,,,,,,,,,,,,,,,,,,,
6000,Assoc. Prof. Dr. Sumia Bari,"['MBBS', 'FCPS']",GYNECOLOGISTS,20,BRB Hospitals Limited,Dhaka,,,,,,,,,,,,,,,,,,,,,
6001,Prof. Dr. Shahrukh Ahmed,"['MBBS', 'FCPS', 'MD']",NEUROLOGIST,41,United Hospital Limited,Dhaka,,,,,,,,,,,,,,,,,,,,,
6001,Prof. Dr. Shahrukh Ahmed,"['MBBS', 'FCPS', 'MD']",INTERNAL MEDICINE SPECIALIST,41,United Hospital Limited,Dhaka,,,,,,,,,,,,,,,,,,,,,
6002,Dr. Spina Luna Biswas,"['BDS', 'FCPS']",DENTIST,20,United Hospital Limited,Dhaka,,,,,,,,,,,,,,,,,,,,,
6003,Assoc. Prof. Dr. Tanny Tarafder,"['MBBS', 'FCPS', 'MRCS (UK)']",SURGEON,20,Square Hospitals Ltd,Dhaka,,,,,,,,,,,,,,,,,,,,,
6004,Dr. Khaleda Yeasmin Mirza,"['MBBS', 'DGO', 'ARAB BOARD', 'KSA']",GYNECOLOGIST & OBSTETRICIAN,36,Square Hospitals Ltd,Dhaka,,,,,,,,,,,,,,,,,,,,,
6005,Assoc. Prof. Dr. Mahmuda Zaman,"['MBBS', 'FCPS']",PEDIATRICIAN,24,Square Hospitals Ltd,Dhaka,,,,,,,,,,,,,,,,,,,,,
6005,Assoc. Prof. Dr. Mahmuda Zaman,"['MBBS', 'FCPS']",HEMATOLOGIST,24,Square Hospitals Ltd,Dhaka,,,,,,,,,,,,,,,,,,,,,
6006,Prof. Dr. Muhammad Hafizur Rahman,"['MBBS', 'DEM', 'MD', 'MACE']",ENDOCRINOLOGIST,30,Popular Diagnostic Centre Ltd. | Uttara (Unit 1),Dhaka,,,,,,,,,,,,,,,,,,,,,
6007,Asst. Prof. Dr. S.M Dastegir Khan,"['MBBS', 'BCS', 'MD']",NEUROLOGIST,20,Popular Diagnostic Centre Ltd. | Shantinagar (Unit 1),Dhaka,,,,,,,,,,,,,,,,,,,,,
6008,Prof. Dr. A. K. M. Shahadat Hossain,"['MBBS', 'FCPS', 'MS']",UROLOGIST,25,Popular Diagnostic Centre Ltd. | Shantinagar (Unit 1),Dhaka,,,,,,,,,,,,,,,,,,,,,
6009,Asst. Prof. Dr. Nazmun Ara,"['MBBS', 'BCS', 'FCPS']",GYNECOLOGIST & OBSTETRICIAN,20,Popular Diagnostic Centre Ltd. | Shantinagar (Unit 1),Dhaka,,,,,,,,,,,,,,,,,,,,,
6009,Asst. Prof. Dr. Nazmun Ara,"['MBBS', 'BCS', 'FCPS']",SURGEON,20,Popular Diagnostic Centre Ltd. | Shantinagar (Unit 1),Dhaka,,,,,,,,,,,,,,,,,,,,,
6010,Prof. Dr. Shopna Rani Dhar,"['MBBS', 'DGO', 'FCPS']",GYNECOLOGIST & OBSTETRICIAN,20,Popular Diagnostic Centre Ltd. | Shantinagar (Unit 1),Dhaka,,,,,,,,,,,,,,,,,,,,,
6010,Prof. Dr. Shopna Rani Dhar,"['MBBS', 'DGO', 'FCPS']",SURGEON,20,Popular Diagnostic Centre Ltd. | Shantinagar (Unit 1),Dhaka,,,,,,,,,,,,,,,,,,,,,
6011,Dr. Kazi Md. Hedayet Ullah,"['MBBS', 'BCS', 'D.ORTHO']",ORTHOPEDIST,15,Popular Diagnostic Centre Ltd. | Shantinagar (Unit 1),Dhaka,,,,,,,,,,,,,,,,,,,,,
6012,Assoc. Prof. Dr. Md. Ibrahim Khalil,"['MBBS', 'FCPS', 'MD']",NEUROLOGIST,20,Popular Diagnostic Centre Ltd. | Shantinagar (Unit 1),Dhaka,,,,,,,,,,,,,,,,,,,,,
6013,Dr. Kamal Uddin Ahmed,"['MBBS', 'MS', 'FICS (USA)']",ORTHOPEDIST,25,Popular Diagnostic Centre Ltd. | Shantinagar (Unit 1),Dhaka,,,,,,,,,,,,,,,,,,,,,
6013,Dr. Kamal Uddin Ahmed,"['MBBS', 'MS', 'FICS (USA)']",SURGEON,25,Popular Diagnostic Centre Ltd. | Shantinagar (Unit 1),Dhaka,,,,,,,,,,,,,,,,,,,,,
6014,Prof. Dr. Mohammad Tanvir Islam,"['MBBS', 'FCPS']",MEDICINE SPECIALIST,20,Popular Diagnostic Centre Ltd. | Shantinagar (Unit 1),Dhaka,,,,,,,,,,,,,,,,,,,,,
6015,Prof. Dr. A T M Aman Ullah,"['MBBS', 'MS']",UROLOGIST,20,Popular Diagnostic Centre Ltd. | Shantinagar (Unit 1),Dhaka,,,,,,,,,,,,,,,,,,,,,
6015,Prof. Dr. A T M Aman Ullah,"['MBBS', 'MS']",SURGEON,20,Popular Diagnostic Centre Ltd. | Shantinagar (Unit 1),Dhaka,,,,,,,,,,,,,,,,,,,,,
6016,Prof. Dr. Md. Razibul Alam,"['MBBS', 'MD']",GASTROENTEROLOGIST,21,Popular Diagnostic Centre Ltd. | Shantinagar (Unit 1),Dhaka,,,,,,,,,,,,,,,,,,,,,
6017,Dr. Nargis Sultana Sumi,"['MBBS', 'MCPS', 'SPECIAL TRAINING ON INFERTILITY (INDIA)']",GYNECOLOGIST & OBSTETRICIAN,20,Popular Diagnostic Centre Ltd. | Shantinagar (Unit 1),Dhaka,,,,,,,,,,,,,,,,,,,,,
6018,Prof. Dr. A. S. M. Bazlul Karim,"['MBBS', 'FCPS', 'FELLOW (PEDIATRIC GASTROENTEROLOGY & NUTRITION)']",PEDIATRICIAN,22,Popular Diagnostic Centre Ltd. | Dhanmondi,Dhaka,,,,,,,,,,,,,,,,,,,,,
6018,Prof. Dr. A. S. M. Bazlul Karim,"['MBBS', 'FCPS', 'FELLOW (PEDIATRIC GASTROENTEROLOGY & NUTRITION)']",PEDIATRIC GASTROENTEROLOGIST,22,Popular Diagnostic Centre Ltd. | Dhanmondi,Dhaka,,,,,,,,,,,,,,,,,,,,,
6019,Assoc. Prof. Dr. Hasina Sadia Khan,"['MBBS', 'MRCS (ENGLAND)', 'FCPS']",UROLOGIST,15,Popular Diagnostic Centre Ltd. | Dhanmondi,Dhaka,,,,,,,,,,,,,,,,,,,,,
6020,Prof. Dr. Faruque Ahmed,"['MBBS', 'FCPS', 'MD']",GASTROENTEROLOGIST,20,Popular Diagnostic Centre Ltd. | Uttara (Unit 1),Dhaka,,,,,,,,,,,,,,,,,,,,,
6021,Assoc. Prof. Dr. Md. Yousuf Ali,"['MBBS', 'MS', ' NITOR)', 'FELLOW SPINE SURGERY (WASHINGTON UNIVERSITY', ' USA) N SPINE COURSE (NOTTINGHAM UNIVERSITY', ' UK) APSS SPINE FELLOW (AUSTRALIA) FELLOW SPINE SURGERY (JAPAN', ' TAIWAN) APOLLO SPINE FELLOW (MADRAS', ' INDIA) HIGHER COURSE MISS (FRANCE) SRS SCHOLAR (USA) AO SPINE', 'BASIC', 'ADVANCE AND MASTERS (MALAYSIA)']",ORTHOPEDIC SURGEON,30,Islami Bank Central Hospital | Kakrail,Dhaka,,,,,,,,,,,,,,,,,,,,,
6022,Dr. Rowshan Hosne Jahan,"['MBBS', 'DGO', 'FCPS']",GYNECOLOGIST & OBSTETRICIAN,25,Ibn Sina Diagnostic Center | Lalbagh,Dhaka,,,,,,,,,,,,,,,,,,,,,
6023,Prof. Dr. Md. Mahbubur Rahman Major (Retd.),"['MBBS', 'FCPS', 'MD']",NEUROMEDICINE SPECIALIST,30,Ibn Sina Diagnostic & Imaging Center | Dhanmondi,Dhaka,,,,,,,,,,,,,,,,,,,,,
6024,Assoc. Prof. Dr. Sultana Marufa Shefin,"['MBBS', 'MD']",ENDOCRINOLOGIST,18,Ibn Sina Diagnostic & Imaging Center | Dhanmondi,Dhaka,,,,,,,,,,,,,,,,,,,,,
6025,Asst. Prof. Dr. Md. Jamil Reza Chowdhury,"['MBBS', 'BCS', 'MD']",CHEST SPECIALIST,25,Ibn Sina Diagnostic & Consultation Center | Mirpur,Dhaka,,,,,,,,,,,,,,,,,,,,,
6025,Asst. Prof. Dr. Md. Jamil Reza Chowdhury,"['MBBS', 'BCS', 'MD']",MEDICINE SPECIALIST,25,Ibn Sina Diagnostic & Consultation Center | Mirpur,Dhaka,,,,,,,,,,,,,,,,,,,,,
6026,Prof. Dr. M. A. Wahab,"['MBBS', 'DNM (DU)', 'FNM (UK)']",MEDICINE SPECIALIST,40,United Hospital Limited,Dhaka,,,,,,,,,,,,,,,,,,,,,
6027,Prof. Dr. Mirza M. H. Faisal,"['MBBS', 'FCPS', 'FRCS']",UROLOGIST,30,BIRDEM General Hospital,Dhaka,,,,,,,,,,,,,,,,,,,,,
6028,Prof. Dr. Mahmudul Haque,"['MBBS', 'MD']",ENDOCRINOLOGIST,30,Bangladesh Specialized Hospital,Dhaka,,,,,,,,,,,,,,,,,,,,,
6029,Prof. Dr. Md. Amirul Haque,"['MBBS', 'FCPS', 'FRCP', 'FACP', 'DCN (LONDON)']",NEUROMEDICINE SPECIALIST,30,Bangladesh Specialized Hospital,Dhaka,,,,,,,,,,,,,,,,,,,,,
6030,Dr. Jalal Uddin Muhammad Rumi,"['MBBS', 'MS', 'MS']",NEUROSURGEON,25,Bangladesh Specialized Hospital,Dhaka,,,,,,,,,,,,,,,,,,,,,
6031,Prof. Dr. Md. Raziul Haque,"['MBBS', 'FCPS', 'MS', 'FELLOWSHIP IN NEUROSURGERY (SWEDEN)']",NEUROSURGEON,20,Bangladesh Specialized Hospital,Dhaka,,,,,,,,,,,,,,,,,,,,,
6032,Dr. Md. Gaousul Azam,"['MBBS', 'BCS', 'MS']",NEUROLOGIST,12,Bangladesh Centre For Rehabilitation,Dhaka,,,,,,,,,,,,,,,,,,,,,
6032,Dr. Md. Gaousul Azam,"['MBBS', 'BCS', 'MS']",NEUROSURGEON,12,Bangladesh Centre For Rehabilitation,Dhaka,,,,,,,,,,,,,,,,,,,,,
6033,Dr. Mohammed Arifur Rahman,"['MBBS', 'DCO', 'MCPS', 'FRCS']",OPHTHALMOLOGIST,40,Asgar Ali Hospital,Dhaka,,,,,,,,,,,,,,,,,,,,,
6034,Dr. Ferdous Kamal Bhuiyan,"['MBBS', 'MD']",NEPHROLOGIST,36,Asgar Ali Hospital,Dhaka,,,,,,,,,,,,,,,,,,,,,
6035,Prof. Dr. Golam Muin Uddin,"['MBBS', 'FCPS', 'FRCP', ' UK)']",PEDIATRICIAN,40,Prescription Point Ltd. | Banani,Dhaka,,,,,,,,,,,,,,,,,,,,,
6035,Prof. Dr. Golam Muin Uddin,"['MBBS', 'FCPS', 'FRCP', ' UK)']",PEDIATRIC NEPHROLOGIST,40,Prescription Point Ltd. | Banani,Dhaka,,,,,,,,,,,,,,,,,,,,,
6036,Assoc. Prof. Dr. Mohammad Saief Uddin,"['MBBS', 'FCPS', 'MRCS (EDIN)', 'MRCP', 'LIVER TRANSPLANT FELLOW (MEDANTA-DELHI NCR)']",SURGEON,28,Al-Manar Hospital Ltd.,Dhaka,,,,,,,,,,,,,,,,,,,,,
6036,Assoc. Prof. Dr. Mohammad Saief Uddin,"['MBBS', 'FCPS', 'MRCS (EDIN)', 'MRCP', 'LIVER TRANSPLANT FELLOW (MEDANTA-DELHI NCR)']",LAPAROSCOPIC SURGEON,28,Al-Manar Hospital Ltd.,Dhaka,,,,,,,,,,,,,,,,,,,,,
6037,Asst. Prof. Dr. Shaon Shahriar,"['MBBS', 'FCPS', 'MS', 'FACS (USA)']",SURGEON,19,Aalok Healthcare Ltd. | Mirpur 10,Dhaka,,,,,,,,,,,,,,,,,,,,,
6037,Asst. Prof. Dr. Shaon Shahriar,"['MBBS', 'FCPS', 'MS', 'FACS (USA)']",HEPATOBILIARY SURGEON,19,Aalok Healthcare Ltd. | Mirpur 10,Dhaka,,,,,,,,,,,,,,,,,,,,,
6037,Asst. Prof. Dr. Shaon Shahriar,"['MBBS', 'FCPS', 'MS', 'FACS (USA)']",COLORECTAL & LAPAROSCOPIC SURGEON,19,Aalok Healthcare Ltd. | Mirpur 10,Dhaka,,,,,,,,,,,,,,,,,,,,,
6038,Prof. Dr. Suraiya Begum,"['MBBS', 'FCPS', 'BCPS']",GYNECOLOGIST & OBSTETRICIAN,35,Ibn Sina Diagnostic & Imaging Center | Dhanmondi,Dhaka,,,,,,,,,,,,,,,,,,,,,
6039,Prof. Dr. Hasan Zahidur Rahman,"['MBBS', 'MD']",NEUROLOGIST,28,Popular Diagnostic Centre Ltd. | Dhanmondi,Dhaka,,,,,,,,,,,,,,,,,,,,,
6040,Prof. Dr. Md. Shafiqul Alam Chowdhury Shamim,"['MBBS', 'MS']",UROLOGIST,25,Popular Diagnostic Centre Ltd. | Dhanmondi,Dhaka,,,,,,,,,,,,,,,,,,,,,
6041,Dr. Masooma Jalil,"['MBBS', 'FCPS', 'CCD']",GYNECOLOGIST & OBSTETRICIAN,20,Bangladesh Specialized Hospital,Dhaka,,,,,,,,,,,,,,,,,,,,,
6042,Dr. Sadia Saber,"['MBBS', 'FCPS', 'MRCP', 'MRCP', 'MRCP', 'MACP']",MEDICINE SPECIALIST,25,Dhanmondi Diagnostic & Consultation Center,Dhaka,,,,,,,,,,,,,,,,,,,,,
6043,Dr. Ashraful Alam Shuvo,"['MBBS', 'BCS', 'FCPS', ' FP)', 'CCD']",MEDICINE SPECIALIST,18,Prime Asia Hospital and Diagnostic Center,Dhaka,,,,,,,,,,,,,,,,,,,,,
6044,Asst. Prof. Dr. Mahboob Morshed,"['MBBS', 'MD']",CARDIOLOGIST,18,Islami Bank Central Hospital | Mirpur,Dhaka,,,,,,,,,,,,,,,,,,,,,
6045,Dr. Mahmudul Hossain,"['MBBS', 'BCS', 'MD']",ENDOCRINOLOGIST,15,Islami Bank Central Hospital | Mirpur,Dhaka,,,,,,,,,,,,,,,,,,,,,
6046,Dr. Abdullah Mohammad Shibly,"['BDS', 'PGT']",DENTIST,16,Islami Bank Central Hospital | Mirpur,Dhaka,,,,,,,,,,,,,,,,,,,,,
6047,Dr. Tufayel Ahmed Chowdhury,"['MBBS', 'MCPS', 'FCPS']",MEDICINE SPECIALIST,13,Islami Bank Central Hospital | Mirpur,Dhaka,,,,,,,,,,,,,,,,,,,,,